Sample_Name,Ps,Pn,Pd,Pop,Pop_Index,Sample_Species,fastq,GVCF,index,MaternalLine,FlowerHead,Country,State,County,Latitude,Longitude,Google_latitude,Google_longitude,Locality,Location_Details,PlantingDate,FirstLeafDate,Collection_Date,Collector,Adapted_Longitude,Adapted_Latitude,Pop_Name,Load_type
Boltonia_001,0.19332677094273923,0.1493905849989141,0.08063549779972316,Fairmont City (1997),Pop_01,B. decurrens,TRUE,TRUE,1,2011-2599-1,2,United States,Illinois,Saint Clair,38.6494444,-90.1161111,38.6515072789885,-90.10298738781108,NA,"Fairmont City, Maternal lines = 28, Seedheads = 28; 2 packets",2/29/24,3/7/24,1997-12-05T00:00:00Z,Smith,-90.1161111,38.6494444,1 - Fairmont City (1997),Total Load
Boltonia_002,0.19382601501186097,0.14983069977426636,0.08142745973045748,Fairmont City (1997),Pop_01,B. decurrens,TRUE,TRUE,2,2011-2599-1,2,United States,Illinois,Saint Clair,38.6494444,-90.1161111,38.6515072789885,-90.10298738781108,NA,"Fairmont City, Maternal lines = 28, Seedheads = 28; 2 packets",2/29/24,3/6/24,1997-12-05T00:00:00Z,Smith,-90.1161111,38.6494444,1 - Fairmont City (1997),Total Load
Boltonia_004,0.18209927421215988,0.14078572415744756,0.07619706767486864,Frederick Landing (2011),Pop_09,B. decurrens,TRUE,TRUE,4,2011-2659-1,12B,United States,Illinois,Frederick,NA,NA,40.07116308939078,-90.429571958886,NA,"Frederick Landing, Maternal lines = 15, Seedheads = 44; 2 packets",2/29/24,3/6/24,2011-12-01T00:00:00Z,Smith,-90.429571958886,40.07116308939078,9 - Frederick Landing (2011),Total Load
Boltonia_005,0.17983697640208302,0.13886484939025595,0.0743755552341797,Anderson Lake (2000),Pop_11,B. decurrens,TRUE,TRUE,5,2011-2613-1,8A,United States,Illinois,Fulton,40.2047222,-90.1994444,40.20813714639404,-90.18724497777134,NA,"Anderson Lake, Maternal lines = 30, Seedheads = 61; 2 packets",2/29/24,3/7/24,2000-10-01T00:00:00Z,Smith,-90.1994444,40.2047222,11 - Anderson Lake (2000),Total Load
Boltonia_006,0.1783306094702518,0.13780857392941054,0.07328058178212095,Anderson Lake (1997),Pop_10,B. decurrens,TRUE,TRUE,6,2011-2664-1,14,United States,Illinois,Fulton,40.2047222,-90.1994444,40.20744447961278,-90.1871999885973,NA,"Anderson Lake, Maternal lines = 31, Seedheads = 31",2/29/24,3/12/24,1997-11-21T00:00:00Z,Smith,-90.1994444,40.2047222,10 - Anderson Lake (1997),Total Load
Boltonia_007,0.18074362247100695,0.1399005587401036,0.07444786480176849,Cooper Park (2000),Pop_13,B. decurrens,TRUE,TRUE,7,2011-2661-1,7B,United States,Illinois,Tazewell,NA,NA,40.69584983597212,-89.54394792156027,NA,"Cooper park South, Maternal lines = 43, Seedheads = 73; 4 packets",2/29/24,3/9/24,2000-10-01T00:00:00Z,Smith,-89.54394792156027,40.69584983597212,13 - Cooper Park (2000),Total Load
Boltonia_008,0.1902104203854855,0.14737839669889238,0.07952330778395278,West Alton (1999),Pop_03,B. decurrens,TRUE,TRUE,8,2011-2635-1,28,United States,Illinois,Alton,NA,NA,38.86501904919102,-90.22302347588696,NA,"West Alton, Maternal lines = 32, Seedheads = 32; 2 packets",2/29/24,3/6/24,1999-11-07T00:00:00Z,Smith,-90.22302347588696,38.86501904919102,3 - West Alton (1999),Total Load
Boltonia_009,0.16512654581192315,0.12887218737865994,0.06913483324036389,Gilbert Lake (1997),Pop_04,B. decurrens,TRUE,TRUE,9,2011-2598-1,L1B,United States,Illinois,Jersey,NA,NA,38.96139842380207,-90.51481032460988,NA,"Gilbert Lake, Maternal lines = 32, Seedheads = 98; 6 packets",2/29/24,3/7/24,1997-11-08T00:00:00Z,Smith,-90.51481032460988,38.96139842380207,4 - Gilbert Lake (1997),Total Load
Boltonia_012,0.15612523804365402,0.12191261541701492,0.0662631104132664,Gilbert Lake (1997),Pop_04,B. decurrens,TRUE,TRUE,12,2011-2598-1,L13B,United States,Illinois,Jersey,NA,NA,38.96139842380207,-90.51481032460988,NA,"Gilbert Lake, Maternal lines = 32, Seedheads = 98; 6 packets",2/29/24,3/10/24,1997-11-08T00:00:00Z,Smith,-90.51481032460988,38.96139842380207,4 - Gilbert Lake (1997),Total Load
Boltonia_013,0.17948216772402792,0.13828488506011885,0.07406910040011294,Sparland (1999),Pop_16,B. decurrens,TRUE,TRUE,13,2011-2629-1,28C,United States,Illinois,Marshal,41.045,-89.4311111,41.02868892611459,-89.43846248262098,NA,"Sparland, Maternal lines = 30, Seedheads = 90; 3 packets",2/29/24,3/7/24,1999-11-11T00:00:00Z,Smith,-89.4311111,41.045,16 - Sparland (1999),Total Load
Boltonia_014,0.17926001981276776,0.13875132445754826,0.07344930410649478,Anderson Lake (2000),Pop_11,B. decurrens,TRUE,TRUE,14,2011-2613-1,14B,United States,Illinois,Fulton,40.2047222,-90.1994444,40.20813714639404,-90.18724497777134,NA,"Anderson Lake, Maternal lines = 30, Seedheads = 61; 2 packets",3/1/24,3/10/24,2000-10-01T00:00:00Z,Smith,-90.1994444,40.2047222,11 - Anderson Lake (2000),Total Load
Boltonia_015,0.18123580176556567,0.14049615331459897,0.07606966510340268,Hennepin Bridge (1999),Pop_17,B. decurrens,TRUE,TRUE,15,2011-2623-1,30C,United States,Illinois,Hennepin,NA,NA,41.34414603458205,-89.55849691836283,NA,"Hennepin Bridge, Maternal lines = 30, Seedheads = 90; 6 packets",2/28/24,3/8/24,1999-11-11T00:00:00Z,Smith,-89.55849691836283,41.34414603458205,17 - Hennepin Bridge (1999),Total Load
Boltonia_016,0.1907088794796558,0.14822983369420004,0.0795405243476644,West Alton (1999),Pop_03,B. decurrens,TRUE,TRUE,16,2011-2635-1,17,United States,Illinois,Alton,NA,NA,38.86501904919102,-90.22302347588696,NA,"West Alton, Maternal lines = 32, Seedheads = 32; 2 packets",3/1/24,3/12/24,1999-11-07T00:00:00Z,Smith,-90.22302347588696,38.86501904919102,3 - West Alton (1999),Total Load
Boltonia_017,0.17859907090364746,0.1378529967291657,0.07400023414526648,Anderson Lake (1997),Pop_10,B. decurrens,TRUE,TRUE,17,2011-2664-1,7,United States,Illinois,Fulton,40.2047222,-90.1994444,40.20744447961278,-90.1871999885973,NA,"Anderson Lake, Maternal lines = 31, Seedheads = 31",2/29/24,3/7/24,1997-11-21T00:00:00Z,Smith,-90.1994444,40.2047222,10 - Anderson Lake (1997),Total Load
Boltonia_019,0.18051283983528085,0.1401843710718728,0.07527425985992604,Frederick Borrow Pit (1999),Pop_08,B. decurrens,TRUE,TRUE,19,2011-2675-1,2A,United States,Illinois,Schuyler,40.0672223,-90.4275,40.07010712467176,-90.42899627731744,NA,"Frederick Borrow Pit, Maternal lines = 30, Seedheads = 90; 3 packets",2/29/24,3/8/24,1999-10-07T00:00:00Z,Smith,-90.4275,40.0672223,8 - Frederick Borrow Pit (1999),Total Load
Boltonia_020,0.17800013501569165,0.13859008614732574,0.07564269432335462,Woodford County (1999),Pop_15,B. decurrens,TRUE,TRUE,20,2011-2650-1,18A,United States,Illinois,Woodford,40.8852777,-89.4583333,40.84668797480775,-89.0297386240063,NA,"Woodford County, Maternal lines = 30, Seedheads = 90; 6 packets",2/29/24,3/6/24,1999-11-11T00:00:00Z,Smith,-89.4583333,40.8852777,15 - Woodford County (1999),Total Load
Boltonia_021,0.181632999090999,0.140726493757774,0.07638644987569641,Rice Lake (1999),Pop_12,B. decurrens,TRUE,TRUE,21,2011-2666-1,18A,United States,Illinois,Fulton,40.4925,-89.9022222,40.46699902833787,-89.9485498557629,NA,"Rice Lake, Maternal lines = 30, Seedheads = 90; 3 packets",2/29/24,3/10/24,1999-10-14T00:00:00Z,Smith,-89.9022222,40.4925,12 - Rice Lake (1999),Total Load
Boltonia_022,0.17890442615976124,0.13688721215671049,0.07304987982838529,Beardstown (1997),Pop_07,B. decurrens,TRUE,TRUE,22,2011-2636-1,23,United States,Illinois,Cass,40.010555600000004,-90.4458333,40.0178975293398,-90.42445029519196,NA,"Beardstown, Maternal lines = 52, Seedheads = 53; 3 packets",3/1/24,3/18/24,1997-11-21T00:00:00Z,Smith,-90.4458333,40.010555600000004,7 - Beardstown (1997),Total Load
Boltonia_023,0.17932988258344676,0.1385102896366544,0.07389349145025446,Anderson Lake (1997),Pop_10,B. decurrens,TRUE,TRUE,23,2011-2664-1,29,United States,Illinois,Fulton,40.2047222,-90.1994444,40.20744447961278,-90.1871999885973,NA,"Anderson Lake, Maternal lines = 31, Seedheads = 31",2/29/24,3/7/24,1997-11-21T00:00:00Z,Smith,-90.1994444,40.2047222,10 - Anderson Lake (1997),Total Load
Boltonia_024,0.1828065366434157,0.14213568368334112,0.07720940162111165,Hennepin Bridge (1999),Pop_17,B. decurrens,TRUE,TRUE,24,2011-2623-1,25C,United States,Illinois,Hennepin,NA,NA,41.34414603458205,-89.55849691836283,NA,"Hennepin Bridge, Maternal lines = 30, Seedheads = 90; 6 packets",2/29/24,3/7/24,1999-11-11T00:00:00Z,Smith,-89.55849691836283,41.34414603458205,17 - Hennepin Bridge (1999),Total Load
Boltonia_025,0.19345236693497112,0.14982000539654752,0.08075601374570447,Frederick Borrow Pit (1999),Pop_08,B. decurrens,TRUE,TRUE,25,2011-2675-1,25A,United States,Illinois,Schuyler,40.0672223,-90.4275,40.07010712467176,-90.42899627731744,NA,"Frederick Borrow Pit, Maternal lines = 30, Seedheads = 90; 3 packets",2/29/24,3/6/24,1999-10-07T00:00:00Z,Smith,-90.4275,40.0672223,8 - Frederick Borrow Pit (1999),Total Load
Boltonia_026,0.18150269324905843,0.1405965159362681,0.07628315049342671,McClugage Bridge (1999),Pop_14,B. decurrens,TRUE,TRUE,26,2011-2618-1,7B,United States,Illinois,Peoria,40.7222223,-89.5519444,40.69352232924267,-89.59142458669179,NA,"McClugage Bridge, Maternal lines = 30, Seedheads = 90; 4 packets",2/29/24,3/6/24,1999-11-11T00:00:00Z,Smith,-89.5519444,40.7222223,14 - McClugage Bridge (1999),Total Load
Boltonia_027,0.15250179366776406,0.11782489519509835,0.06334318120777638,Gilbert Lake (1997),Pop_04,B. decurrens,TRUE,TRUE,27,2011-2598-1,L3B,United States,Illinois,Jersey,NA,NA,38.96139842380207,-90.51481032460988,NA,"Gilbert Lake, Maternal lines = 32, Seedheads = 98; 6 packets",2/29/24,3/8/24,1997-11-08T00:00:00Z,Smith,-90.51481032460988,38.96139842380207,4 - Gilbert Lake (1997),Total Load
Boltonia_028,0.18354127319797225,0.14298465274532904,0.07750208320420911,McClugage Bridge (1999),Pop_14,B. decurrens,TRUE,TRUE,28,2011-2618-1,20C,United States,Illinois,Peoria,40.7222223,-89.5519444,40.69352232924267,-89.59142458669179,NA,"McClugage Bridge, Maternal lines = 30, Seedheads = 90; 4 packets",2/29/24,3/8/24,1999-11-11T00:00:00Z,Smith,-89.5519444,40.7222223,14 - McClugage Bridge (1999),Total Load
Boltonia_029,0.18060232697974607,0.14061790469170576,0.07560826119593138,Woodford County (1999),Pop_15,B. decurrens,TRUE,TRUE,29,2011-2650-1,20C,United States,Illinois,Woodford,40.8852777,-89.4583333,40.84668797480775,-89.0297386240063,NA,"Woodford County, Maternal lines = 30, Seedheads = 90; 6 packets",3/1/24,3/20/24,1999-11-11T00:00:00Z,Smith,-89.4583333,40.8852777,15 - Woodford County (1999),Total Load
Boltonia_030,0.18026321780071997,0.1392662998769324,0.07532246623831856,Cooper Park (2000),Pop_13,B. decurrens,TRUE,TRUE,30,2011-2661-1,20B,United States,Illinois,Tazewell,NA,NA,40.69584983597212,-89.54394792156027,NA,"Cooper park South, Maternal lines = 43, Seedheads = 73; 4 packets",3/1/24,3/10/24,2000-10-01T00:00:00Z,Smith,-89.54394792156027,40.69584983597212,13 - Cooper Park (2000),Total Load
Boltonia_031,0.18154272697158233,0.14001984218389066,0.0752088369178219,Meredosia Lake (1999),Pop_06,B. decurrens,TRUE,TRUE,31,2011-2620-1,14C,United States,Illinois,Morgan,39.8672223,-90.5533333,39.87546015928839,-90.55308508241012,NA,"Meredosia Lake, Maternal lines = 30, Seedheads = 90; 5 packets",3/1/24,3/7/24,1999-10-07T00:00:00Z,Smith,-90.5533333,39.8672223,6 - Meredosia Lake (1999),Total Load
Boltonia_032,0.18054737873314464,0.1403225753377778,0.075060774469902,Smith Lake (1998),Pop_05,B. decurrens,TRUE,TRUE,32,2011-2638-1,15C,United States,Illinois,Scott,39.7852777,-90.5902777,39.78656976625663,-90.58910563509704,Smith Lake,NA,2/29/24,3/7/24,1998-11-11T00:00:00Z,Smith,-90.5902777,39.7852777,5 - Smith Lake (1998),Total Load
Boltonia_033,0.17984561112654895,0.1394028588539576,0.07496091840037464,Sparland (1999),Pop_16,B. decurrens,TRUE,TRUE,33,2011-2629-1,17B,United States,Illinois,Marshal,41.045,-89.4311111,41.02868892611459,-89.43846248262098,NA,"Sparland, Maternal lines = 30, Seedheads = 90; 3 packets",2/29/24,3/7/24,1999-11-11T00:00:00Z,Smith,-89.4311111,41.045,16 - Sparland (1999),Total Load
Boltonia_034,0.194498738545253,0.15090836399054947,0.08119331446397951,Horseshoe Lake (2000),Pop_02,B. decurrens,TRUE,TRUE,34,2011-2609-1,18C,United States,Illinois,Madison,38.6891666,-90.0972222,38.69652811427051,-90.085926104309,NA,"Horseshoe Lake, Maternal lines = 30, Seedheads = 90; 3 packets",2/29/24,3/7/24,2000-11-01T00:00:00Z,Smith,-90.0972222,38.6891666,2 - Horseshoe Lake (2000),Total Load
Boltonia_035,0.1931148277058479,0.150636068680939,0.08073535386925053,Fairmont City (1997),Pop_01,B. decurrens,TRUE,TRUE,35,2011-2599-1,24,United States,Illinois,Saint Clair,38.6494444,-90.1161111,38.6515072789885,-90.10298738781108,NA,"Fairmont City, Maternal lines = 28, Seedheads = 28; 2 packets",2/29/24,3/9/24,1997-12-05T00:00:00Z,Smith,-90.1161111,38.6494444,1 - Fairmont City (1997),Total Load
Boltonia_036,0.19382209013710372,0.15111484774496706,0.08214022546811836,Fairmont City (1997),Pop_01,B. decurrens,TRUE,TRUE,36,2011-2599-1,9,United States,Illinois,Saint Clair,38.6494444,-90.1161111,38.6515072789885,-90.10298738781108,NA,"Fairmont City, Maternal lines = 28, Seedheads = 28; 2 packets",2/29/24,3/9/24,1997-12-05T00:00:00Z,Smith,-90.1161111,38.6494444,1 - Fairmont City (1997),Total Load
Boltonia_037,0.18228374332575048,0.14069112004685783,0.07566335419980855,Cooper Park (2000),Pop_13,B. decurrens,TRUE,TRUE,37,2011-2661-1,12A,United States,Illinois,Tazewell,NA,NA,40.69584983597212,-89.54394792156027,NA,"Cooper park South, Maternal lines = 43, Seedheads = 73; 4 packets",3/1/24,3/10/24,2000-10-01T00:00:00Z,Smith,-89.54394792156027,40.69584983597212,13 - Cooper Park (2000),Total Load
Boltonia_038,0.18099716938032506,0.14032751120441728,0.07487483558181655,Smith Lake (1998),Pop_05,B. decurrens,TRUE,TRUE,38,2011-2638-1,22A,United States,Illinois,Scott,39.7852777,-90.5902777,39.78656976625663,-90.58910563509704,Smith Lake,NA,3/1/24,3/10/24,1998-11-11T00:00:00Z,Smith,-90.5902777,39.7852777,5 - Smith Lake (1998),Total Load
Boltonia_039,0.18170050693682366,0.14089020000131622,0.07551184843914634,Meredosia Lake (1999),Pop_06,B. decurrens,TRUE,TRUE,39,2011-2620-1,30B,United States,Illinois,Morgan,39.8672223,-90.5533333,39.87546015928839,-90.55308508241012,NA,"Meredosia Lake, Maternal lines = 30, Seedheads = 90; 5 packets",2/29/24,3/19/24,1999-10-07T00:00:00Z,Smith,-90.5533333,39.8672223,6 - Meredosia Lake (1999),Total Load
Boltonia_040,0.17893190028306197,0.13861476548052307,0.07428602910287929,McClugage Bridge (1999),Pop_14,B. decurrens,TRUE,TRUE,40,2011-2618-1,3C,United States,Illinois,Peoria,40.7222223,-89.5519444,40.69352232924267,-89.59142458669179,NA,"McClugage Bridge, Maternal lines = 30, Seedheads = 90; 4 packets",2/29/24,3/9/24,1999-11-11T00:00:00Z,Smith,-89.5519444,40.7222223,14 - McClugage Bridge (1999),Total Load
Boltonia_042,0.19444693019845738,0.15103011536765626,0.08121053102769112,Horseshoe Lake (2000),Pop_02,B. decurrens,TRUE,TRUE,42,2011-2609-1,18C,United States,Illinois,Madison,38.6891666,-90.0972222,38.69652811427051,-90.085926104309,NA,"Horseshoe Lake, Maternal lines = 30, Seedheads = 90; 3 packets",2/29/24,3/7/24,2000-11-01T00:00:00Z,Smith,-90.0972222,38.6891666,2 - Horseshoe Lake (2000),Total Load
Boltonia_043,0.1811580892453722,0.140422115315007,0.0749127120219821,Anderson Lake (2000),Pop_11,B. decurrens,TRUE,TRUE,43,2011-2613-1,1A,United States,Illinois,Fulton,40.2047222,-90.1994444,40.20813714639404,-90.18724497777134,NA,"Anderson Lake, Maternal lines = 30, Seedheads = 61; 2 packets",2/29/24,3/7/24,2000-10-01T00:00:00Z,Smith,-90.1994444,40.2047222,11 - Anderson Lake (2000),Total Load
Boltonia_044,0.17957322481839605,0.13964060309709178,0.07520195029233726,Beardstown (1997),Pop_07,B. decurrens,TRUE,TRUE,44,2011-2636-1,18,United States,Illinois,Cass,40.010555600000004,-90.4458333,40.0178975293398,-90.42445029519196,NA,"Beardstown, Maternal lines = 52, Seedheads = 53; 3 packets",2/29/24,3/7/24,1997-11-21T00:00:00Z,Smith,-90.4458333,40.010555600000004,7 - Beardstown (1997),Total Load
Boltonia_045,0.17961953834053154,0.1385867955695661,0.07329435503309023,Anderson Lake (1997),Pop_10,B. decurrens,TRUE,TRUE,45,2011-2664-1,12,United States,Illinois,Fulton,40.2047222,-90.1994444,40.20744447961278,-90.1871999885973,NA,"Anderson Lake, Maternal lines = 31, Seedheads = 31",2/29/24,3/7/24,1997-11-21T00:00:00Z,Smith,-90.1994444,40.2047222,10 - Anderson Lake (1997),Total Load
Boltonia_046,0.1789782138051975,0.13793855175091643,0.07414140996770173,Frederick Borrow Pit (1999),Pop_08,B. decurrens,TRUE,TRUE,46,2011-2675-1,19B,United States,Illinois,Schuyler,40.0672223,-90.4275,40.07010712467176,-90.42899627731744,NA,"Frederick Borrow Pit, Maternal lines = 30, Seedheads = 90; 3 packets",2/29/24,3/7/24,1999-10-07T00:00:00Z,Smith,-90.4275,40.0672223,8 - Frederick Borrow Pit (1999),Total Load
Boltonia_047,0.18190931027390916,0.13935679076532256,0.07400023414526648,Smith Lake (1998),Pop_05,B. decurrens,TRUE,TRUE,47,2011-2638-1,6A,United States,Illinois,Scott,39.7852777,-90.5902777,39.78656976625663,-90.58910563509704,Smith Lake,NA,2/29/24,3/7/24,1998-11-11T00:00:00Z,Smith,-90.5902777,39.7852777,5 - Smith Lake (1998),Total Load
Boltonia_048,0.18067611462518232,0.14042458324832674,0.07582518989869774,Frederick Borrow Pit (1999),Pop_08,B. decurrens,TRUE,TRUE,48,2011-2675-1,9B,United States,Illinois,Schuyler,40.0672223,-90.4275,40.07010712467176,-90.42899627731744,NA,"Frederick Borrow Pit, Maternal lines = 30, Seedheads = 90; 3 packets",2/29/24,3/7/24,1999-10-07T00:00:00Z,Smith,-90.4275,40.0672223,8 - Frederick Borrow Pit (1999),Total Load
Boltonia_050,0.18243759841623453,0.14157546281976188,0.07674111108815569,Meredosia Lake (1999),Pop_06,B. decurrens,TRUE,TRUE,50,2011-2620-1,12B,United States,Illinois,Morgan,39.8672223,-90.5533333,39.87546015928839,-90.55308508241012,NA,"Meredosia Lake, Maternal lines = 30, Seedheads = 90; 5 packets",2/29/24,3/6/24,1999-10-07T00:00:00Z,Smith,-90.5533333,39.8672223,6 - Meredosia Lake (1999),Total Load
Boltonia_051,0.19300885608740226,0.14900970062323543,0.07984697918173116,West Alton (1999),Pop_03,B. decurrens,TRUE,TRUE,51,2011-2635-1,2,United States,Illinois,Alton,NA,NA,38.86501904919102,-90.22302347588696,NA,"West Alton, Maternal lines = 32, Seedheads = 32; 2 packets",2/29/24,3/7/24,1999-11-07T00:00:00Z,Smith,-90.22302347588696,38.86501904919102,3 - West Alton (1999),Total Load
Boltonia_052,0.18915227415093183,0.1471784940999941,0.07841456108092473,West Alton (1999),Pop_03,B. decurrens,TRUE,TRUE,52,2011-2635-1,21,United States,Illinois,Alton,NA,NA,38.86501904919102,-90.22302347588696,NA,"West Alton, Maternal lines = 32, Seedheads = 32; 2 packets",2/29/24,3/8/24,1999-11-07T00:00:00Z,Smith,-90.22302347588696,38.86501904919102,3 - West Alton (1999),Total Load
Boltonia_053,0.18220053598089686,0.14115262357764777,0.0759525924701637,Hennepin Bridge (1999),Pop_17,B. decurrens,TRUE,TRUE,53,2011-2623-1,19A,United States,Illinois,Hennepin,NA,NA,41.34414603458205,-89.55849691836283,NA,"Hennepin Bridge, Maternal lines = 30, Seedheads = 90; 6 packets",2/29/24,3/6/24,1999-11-11T00:00:00Z,Smith,-89.55849691836283,41.34414603458205,17 - Hennepin Bridge (1999),Total Load
Boltonia_054,0.1787827550422866,0.1393888738984791,0.07553939494108491,McClugage Bridge (1999),Pop_14,B. decurrens,TRUE,TRUE,54,2011-2618-1,2C,United States,Illinois,Peoria,40.7222223,-89.5519444,40.69352232924267,-89.59142458669179,NA,"McClugage Bridge, Maternal lines = 30, Seedheads = 90; 4 packets",2/29/24,3/6/24,1999-11-11T00:00:00Z,Smith,-89.5519444,40.7222223,14 - McClugage Bridge (1999),Total Load
Boltonia_055,0.17961168859101706,0.13898989134512238,0.07370410924942669,Anderson Lake (1997),Pop_10,B. decurrens,TRUE,TRUE,55,2011-2664-1,10,United States,Illinois,Fulton,40.2047222,-90.1994444,40.20744447961278,-90.1871999885973,NA,"Anderson Lake, Maternal lines = 31, Seedheads = 31",3/1/24,Unknown,1997-11-21T00:00:00Z,Smith,-90.1994444,40.2047222,10 - Anderson Lake (1997),Total Load
Boltonia_056,0.1809084672108113,0.1399392230287794,0.07482318589068171,Hennepin Bridge (1999),Pop_17,B. decurrens,TRUE,TRUE,56,2011-2623-1,27B,United States,Illinois,Hennepin,NA,NA,41.34414603458205,-89.55849691836283,NA,"Hennepin Bridge, Maternal lines = 30, Seedheads = 90; 6 packets",2/29/24,3/5/24,1999-11-11T00:00:00Z,Smith,-89.55849691836283,41.34414603458205,17 - Hennepin Bridge (1999),Total Load
Boltonia_057,0.17997591696848952,0.1397483695187201,0.0754464254970422,Hennepin Bridge (1999),Pop_17,B. decurrens,TRUE,TRUE,57,2011-2623-1,25C,United States,Illinois,Hennepin,NA,NA,41.34414603458205,-89.55849691836283,NA,"Hennepin Bridge, Maternal lines = 30, Seedheads = 90; 6 packets",2/29/24,3/7/24,1999-11-11T00:00:00Z,Smith,-89.55849691836283,41.34414603458205,17 - Hennepin Bridge (1999),Total Load
Boltonia_058,0.15793146540693886,0.12182130188418483,0.06499252801134917,Gilbert Lake (1997),Pop_04,B. decurrens,TRUE,TRUE,58,2011-2598-1,L7B,United States,Illinois,Jersey,NA,NA,38.96139842380207,-90.51481032460988,NA,"Gilbert Lake, Maternal lines = 32, Seedheads = 98; 6 packets",2/29/24,3/7/24,1997-11-08T00:00:00Z,Smith,-90.51481032460988,38.96139842380207,4 - Gilbert Lake (1997),Total Load
Boltonia_059,0.18409939038845272,0.14325365747717983,0.0776949087177792,Meredosia Lake (1999),Pop_06,B. decurrens,TRUE,TRUE,59,2011-2620-1,7B,United States,Illinois,Morgan,39.8672223,-90.5533333,39.87546015928839,-90.55308508241012,NA,"Meredosia Lake, Maternal lines = 30, Seedheads = 90; 5 packets",3/1/24,3/10/24,1999-10-07T00:00:00Z,Smith,-90.5533333,39.8672223,6 - Meredosia Lake (1999),Total Load
Boltonia_060,0.1823206371484686,0.14164291966383458,0.07704412260948013,Hennepin Bridge (1999),Pop_17,B. decurrens,TRUE,TRUE,60,2011-2623-1,28C,United States,Illinois,Hennepin,NA,NA,41.34414603458205,-89.55849691836283,NA,"Hennepin Bridge, Maternal lines = 30, Seedheads = 90; 6 packets",3/1/24,3/8/24,1999-11-11T00:00:00Z,Smith,-89.55849691836283,41.34414603458205,17 - Hennepin Bridge (1999),Total Load
Boltonia_061,0.18154115702167944,0.14128342404359356,0.07652073907264702,Anderson Lake (2000),Pop_11,B. decurrens,TRUE,TRUE,61,2011-2613-1,17A,United States,Illinois,Fulton,40.2047222,-90.1994444,40.20813714639404,-90.18724497777134,NA,"Anderson Lake, Maternal lines = 30, Seedheads = 61; 2 packets",3/2/24,3/13/24,2000-10-01T00:00:00Z,Smith,-90.1994444,40.2047222,11 - Anderson Lake (2000),Total Load
Boltonia_062,0.18052853933430985,0.14006344233920592,0.07432390554304485,Anderson Lake (1997),Pop_10,B. decurrens,TRUE,TRUE,62,2011-2664-1,12,United States,Illinois,Fulton,40.2047222,-90.1994444,40.20744447961278,-90.1871999885973,NA,"Anderson Lake, Maternal lines = 31, Seedheads = 31",2/29/24,3/6/24,1997-11-21T00:00:00Z,Smith,-90.1994444,40.2047222,10 - Anderson Lake (1997),Total Load
Boltonia_063,0.18082604484090914,0.14035712640425405,0.0761764077984147,Woodford County (1999),Pop_15,B. decurrens,TRUE,TRUE,63,2011-2650-1,10C,United States,Illinois,Woodford,40.8852777,-89.4583333,40.84668797480775,-89.0297386240063,NA,"Woodford County, Maternal lines = 30, Seedheads = 90; 6 packets",3/1/24,3/13/24,1999-11-11T00:00:00Z,Smith,-89.4583333,40.8852777,15 - Woodford County (1999),Total Load
Boltonia_064,0.19225214023420512,0.1490302667342332,0.0807319105565082,Fairmont City (1997),Pop_01,B. decurrens,TRUE,TRUE,64,2011-2599-1,7,United States,Illinois,Saint Clair,38.6494444,-90.1161111,38.6515072789885,-90.10298738781108,NA,"Fairmont City, Maternal lines = 28, Seedheads = 28; 2 packets",3/1/24,3/8/24,1997-12-05T00:00:00Z,Smith,-90.1161111,38.6494444,1 - Fairmont City (1997),Total Load
Boltonia_065,0.18113532497178014,0.14004123093932833,0.07629003711891136,Hennepin Bridge (1999),Pop_17,B. decurrens,TRUE,TRUE,65,2011-2623-1,21A,United States,Illinois,Hennepin,NA,NA,41.34414603458205,-89.55849691836283,NA,"Hennepin Bridge, Maternal lines = 30, Seedheads = 90; 6 packets",2/29/24,3/8/24,1999-11-11T00:00:00Z,Smith,-89.55849691836283,41.34414603458205,17 - Hennepin Bridge (1999),Total Load
Boltonia_066,0.18173190593488162,0.14018930693851225,0.07522605348153351,Sparland (1999),Pop_16,B. decurrens,TRUE,TRUE,66,2011-2629-1,14A,United States,Illinois,Marshal,41.045,-89.4311111,41.02868892611459,-89.43846248262098,NA,"Sparland, Maternal lines = 30, Seedheads = 90; 3 packets",2/29/24,3/8/24,1999-11-11T00:00:00Z,Smith,-89.4311111,41.045,16 - Sparland (1999),Total Load
Boltonia_067,0.1675081598146203,0.13040312868133386,0.0703572092638886,Gilbert Lake (1997),Pop_04,B. decurrens,TRUE,TRUE,67,2011-2598-1,L4B,United States,Illinois,Jersey,NA,NA,38.96139842380207,-90.51481032460988,NA,"Gilbert Lake, Maternal lines = 32, Seedheads = 98; 6 packets",2/29/24,3/5/24,1997-11-08T00:00:00Z,Smith,-90.51481032460988,38.96139842380207,4 - Gilbert Lake (1997),Total Load
Boltonia_070,0.1816549783896396,0.1406886521135381,0.07650007919619307,Cooper Park (2000),Pop_13,B. decurrens,TRUE,TRUE,70,2011-2661-1,4A,United States,Illinois,Tazewell,NA,NA,40.69584983597212,-89.54394792156027,NA,"Cooper park South, Maternal lines = 43, Seedheads = 73; 4 packets",2/29/24,3/7/24,2000-10-01T00:00:00Z,Smith,-89.54394792156027,40.69584983597212,13 - Cooper Park (2000),Total Load
Boltonia_071,0.1827665029208918,0.14112383102225087,0.07556005481753886,Meredosia Lake (1999),Pop_06,B. decurrens,TRUE,TRUE,71,2011-2620-1,19A,United States,Illinois,Morgan,39.8672223,-90.5533333,39.87546015928839,-90.55308508241012,NA,"Meredosia Lake, Maternal lines = 30, Seedheads = 90; 5 packets",3/1/24,3/9/24,1999-10-07T00:00:00Z,Smith,-90.5533333,39.8672223,6 - Meredosia Lake (1999),Total Load
Boltonia_072,0.19153467312858047,0.148386958782223,0.07902747074905825,Horseshoe Lake (2000),Pop_02,B. decurrens,TRUE,TRUE,72,2011-2609-1,X1,United States,Illinois,Madison,38.6891666,-90.0972222,38.69652811427051,-90.085926104309,NA,"Horseshoe Lake, Maternal lines = 30, Seedheads = 90; 3 packets",2/29/24,3/8/24,2000-11-01T00:00:00Z,Smith,-90.0972222,38.6891666,2 - Horseshoe Lake (2000),Total Load
Boltonia_073,0.181059967376441,0.140588289491869,0.0752535999834721,Sparland (1999),Pop_16,B. decurrens,TRUE,TRUE,73,2011-2629-1,3B,United States,Illinois,Marshal,41.045,-89.4311111,41.02868892611459,-89.43846248262098,NA,"Sparland, Maternal lines = 30, Seedheads = 90; 3 packets",2/29/24,3/8/24,1999-11-11T00:00:00Z,Smith,-89.4311111,41.045,16 - Sparland (1999),Total Load
Boltonia_074,0.18232299207332295,0.14000585722841216,0.0751193107865215,Rice Lake (1999),Pop_12,B. decurrens,TRUE,TRUE,74,2011-2666-1,19C,United States,Illinois,Fulton,40.4925,-89.9022222,40.46699902833787,-89.9485498557629,NA,"Rice Lake, Maternal lines = 30, Seedheads = 90; 3 packets",2/29/24,3/8/24,1999-10-14T00:00:00Z,Smith,-89.9022222,40.4925,12 - Rice Lake (1999),Total Load
Boltonia_075,0.1818221780542983,0.14128671462135323,0.07679276077929054,Smith Lake (1998),Pop_05,B. decurrens,TRUE,TRUE,75,2011-2638-1,24B,United States,Illinois,Scott,39.7852777,-90.5902777,39.78656976625663,-90.58910563509704,Smith Lake,NA,2/29/24,3/7/24,1998-11-11T00:00:00Z,Smith,-90.5902777,39.7852777,5 - Smith Lake (1998),Total Load
Boltonia_076,0.18346277570282732,0.1417597351743019,0.07644154287957358,Meredosia Lake (1999),Pop_06,B. decurrens,TRUE,TRUE,76,2011-2620-1,20A,United States,Illinois,Morgan,39.8672223,-90.5533333,39.87546015928839,-90.55308508241012,NA,"Meredosia Lake, Maternal lines = 30, Seedheads = 90; 5 packets",2/29/24,3/7/24,1999-10-07T00:00:00Z,Smith,-90.5533333,39.8672223,6 - Meredosia Lake (1999),Total Load
Boltonia_077,0.18013683683353665,0.13936090398752213,0.07630725368262298,Woodford County (1999),Pop_15,B. decurrens,TRUE,TRUE,77,2011-2650-1,19C,United States,Illinois,Woodford,40.8852777,-89.4583333,40.84668797480775,-89.0297386240063,NA,"Woodford County, Maternal lines = 30, Seedheads = 90; 6 packets",2/29/24,3/8/24,1999-11-11T00:00:00Z,Smith,-89.4583333,40.8852777,15 - Woodford County (1999),Total Load
Boltonia_078,0.18167931261313452,0.14113699333328947,0.07641055306489267,Frederick Landing (2011),Pop_09,B. decurrens,TRUE,TRUE,78,2011-2659-1,11A,United States,Illinois,Frederick,NA,NA,40.07116308939078,-90.429571958886,NA,"Frederick Landing, Maternal lines = 15, Seedheads = 44; 2 packets",2/29/24,3/7/24,2011-12-01T00:00:00Z,Smith,-90.429571958886,40.07116308939078,9 - Frederick Landing (2011),Total Load
Boltonia_079,0.17838241781704745,0.13905652554475514,0.07437211192143738,Frederick Borrow Pit (1999),Pop_08,B. decurrens,TRUE,TRUE,79,2011-2675-1,29B,United States,Illinois,Schuyler,40.0672223,-90.4275,40.07010712467176,-90.42899627731744,NA,"Frederick Borrow Pit, Maternal lines = 30, Seedheads = 90; 3 packets",2/29/24,3/8/24,1999-10-07T00:00:00Z,Smith,-90.4275,40.0672223,8 - Frederick Borrow Pit (1999),Total Load
Boltonia_080,0.18178371428167728,0.1400009213617727,0.07552562169011563,Woodford County (1999),Pop_15,B. decurrens,TRUE,TRUE,80,2011-2650-1,27B,United States,Illinois,Woodford,40.8852777,-89.4583333,40.84668797480775,-89.0297386240063,NA,"Woodford County, Maternal lines = 30, Seedheads = 90; 6 packets",2/29/24,3/12/24,1999-11-11T00:00:00Z,Smith,-89.4583333,40.8852777,15 - Woodford County (1999),Total Load
Boltonia_081,0.18119733799294466,0.14045090787040387,0.07532935286380321,Hennepin Bridge (1999),Pop_17,B. decurrens,TRUE,TRUE,81,2011-2623-1,28C,United States,Illinois,Hennepin,NA,NA,41.34414603458205,-89.55849691836283,NA,"Hennepin Bridge, Maternal lines = 30, Seedheads = 90; 6 packets",2/29/24,3/8/24,1999-11-11T00:00:00Z,Smith,-89.55849691836283,41.34414603458205,17 - Hennepin Bridge (1999),Total Load
Boltonia_083,0.16032720895876212,0.12443566591422121,0.06728577429773637,Gilbert Lake (1997),Pop_04,B. decurrens,TRUE,TRUE,83,2011-2598-1,S11C,United States,Illinois,Jersey,NA,NA,38.96139842380207,-90.51481032460988,NA,"Gilbert Lake, Maternal lines = 32, Seedheads = 98; 6 packets",2/29/24,3/17/34,1997-11-08T00:00:00Z,Smith,-90.51481032460988,38.96139842380207,4 - Gilbert Lake (1997),Total Load
Boltonia_084,0.18286933463953164,0.14241538279291077,0.07642776962860429,Frederick Borrow Pit (1999),Pop_08,B. decurrens,TRUE,TRUE,84,2011-2675-1,5A,United States,Illinois,Schuyler,40.0672223,-90.4275,40.07010712467176,-90.42899627731744,NA,"Frederick Borrow Pit, Maternal lines = 30, Seedheads = 90; 3 packets",2/29/24,3/8/24,1999-10-07T00:00:00Z,Smith,-90.4275,40.0672223,8 - Frederick Borrow Pit (1999),Total Load
Boltonia_085,0.18022789392790475,0.13998940433961396,0.07630381036988065,Woodford County (1999),Pop_15,B. decurrens,TRUE,TRUE,85,2011-2650-1,1A,United States,Illinois,Woodford,40.8852777,-89.4583333,40.84668797480775,-89.0297386240063,NA,"Woodford County, Maternal lines = 30, Seedheads = 90; 6 packets",2/29/24,3/6/24,1999-11-11T00:00:00Z,Smith,-89.4583333,40.8852777,15 - Woodford County (1999),Total Load
Boltonia_086,0.1828316558418621,0.1417523313743427,0.07655172888732792,Smith Lake (1998),Pop_05,B. decurrens,TRUE,TRUE,86,2011-2638-1,30B,United States,Illinois,Scott,39.7852777,-90.5902777,39.78656976625663,-90.58910563509704,Smith Lake,NA,2/29/24,Unknown,1998-11-11T00:00:00Z,Smith,-90.5902777,39.7852777,5 - Smith Lake (1998),Total Load
Boltonia_087,0.17939503550441704,0.13899318192288201,0.07616607786018773,Sparland (1999),Pop_16,B. decurrens,TRUE,TRUE,87,2011-2629-1,17B,United States,Illinois,Marshal,41.045,-89.4311111,41.02868892611459,-89.43846248262098,NA,"Sparland, Maternal lines = 30, Seedheads = 90; 3 packets",2/29/24,3/7/24,1999-11-11T00:00:00Z,Smith,-89.4311111,41.045,16 - Sparland (1999),Total Load
Boltonia_088,0.18188026620070555,0.1397565959631192,0.07439621511063364,Anderson Lake (1997),Pop_10,B. decurrens,TRUE,TRUE,88,2011-2664-1,7,United States,Illinois,Fulton,40.2047222,-90.1994444,40.20744447961278,-90.1871999885973,NA,"Anderson Lake, Maternal lines = 31, Seedheads = 31",2/29/24,3/8/24,1997-11-21T00:00:00Z,Smith,-90.1994444,40.2047222,10 - Anderson Lake (1997),Total Load
Boltonia_089,0.18060860677935767,0.1403456093820953,0.07623838742777651,Sparland (1999),Pop_16,B. decurrens,TRUE,TRUE,89,2011-2629-1,1C,United States,Illinois,Marshal,41.045,-89.4311111,41.02868892611459,-89.43846248262098,NA,"Sparland, Maternal lines = 30, Seedheads = 90; 3 packets",2/29/24,3/7/24,1999-11-11T00:00:00Z,Smith,-89.4311111,41.045,16 - Sparland (1999),Total Load
Boltonia_090,0.1812601359890606,0.1403686434264128,0.07549807518817704,Sparland (1999),Pop_16,B. decurrens,TRUE,TRUE,90,2011-2629-1,1C,United States,Illinois,Marshal,41.045,-89.4311111,41.02868892611459,-89.43846248262098,NA,"Sparland, Maternal lines = 30, Seedheads = 90; 3 packets",2/29/24,Unknown,1999-11-11T00:00:00Z,Smith,-89.4311111,41.045,16 - Sparland (1999),Total Load
Boltonia_091,0.15983581463915486,0.12442743946982211,0.06691389652156547,Gilbert Lake (1997),Pop_04,B. decurrens,TRUE,TRUE,91,2011-2598-1,L9D,United States,Illinois,Jersey,NA,NA,38.96139842380207,-90.51481032460988,NA,"Gilbert Lake, Maternal lines = 32, Seedheads = 98; 6 packets",2/29/24,3/7/24,1997-11-08T00:00:00Z,Smith,-90.51481032460988,38.96139842380207,4 - Gilbert Lake (1997),Total Load
Boltonia_092,0.17999789626713011,0.13966939565248868,0.07512275409926382,Anderson Lake (2000),Pop_11,B. decurrens,TRUE,TRUE,92,2011-2613-1,14B,United States,Illinois,Fulton,40.2047222,-90.1994444,40.20813714639404,-90.18724497777134,NA,"Anderson Lake, Maternal lines = 30, Seedheads = 61; 2 packets",2/29/24,3/8/24,2000-10-01T00:00:00Z,Smith,-90.1994444,40.2047222,11 - Anderson Lake (2000),Total Load
Boltonia_093,0.18251531093642803,0.14114357448880874,0.07637956325021177,Rice Lake (1999),Pop_12,B. decurrens,TRUE,TRUE,93,2011-2666-1,7B,United States,Illinois,Fulton,40.4925,-89.9022222,40.46699902833787,-89.9485498557629,NA,"Rice Lake, Maternal lines = 30, Seedheads = 90; 3 packets",2/29/24,3/5/24,1999-10-14T00:00:00Z,Smith,-89.9022222,40.4925,12 - Rice Lake (1999),Total Load
Boltonia_094,0.18262285250477658,0.14141011128733982,0.07599391222307157,Smith Lake (1998),Pop_05,B. decurrens,TRUE,TRUE,94,2011-2638-1,12C,United States,Illinois,Scott,39.7852777,-90.5902777,39.78656976625663,-90.58910563509704,Smith Lake,NA,2/29/24,3/8/24,1998-11-11T00:00:00Z,Smith,-90.5902777,39.7852777,5 - Smith Lake (1998),Total Load
Boltonia_095,0.18412136968709328,0.14282505972398635,0.07768457877955223,Rice Lake (1999),Pop_12,B. decurrens,TRUE,TRUE,95,2011-2666-1,18A,United States,Illinois,Fulton,40.4925,-89.9022222,40.46699902833787,-89.9485498557629,NA,"Rice Lake, Maternal lines = 30, Seedheads = 90; 3 packets",2/29/24,3/21/24,1999-10-14T00:00:00Z,Smith,-89.9022222,40.4925,12 - Rice Lake (1999),Total Load
Boltonia_096,0.1835467680226324,0.1423257145489605,0.07649663588345075,Meredosia Lake (1999),Pop_06,B. decurrens,TRUE,TRUE,96,2011-2620-1,19A,United States,Illinois,Morgan,39.8672223,-90.5533333,39.87546015928839,-90.55308508241012,NA,"Meredosia Lake, Maternal lines = 30, Seedheads = 90; 5 packets",3/1/24,3/10/24,1999-10-07T00:00:00Z,Smith,-90.5533333,39.8672223,6 - Meredosia Lake (1999),Total Load
Boltonia_097,0.1790755506991772,0.1384485913036611,0.07421716284803284,Frederick Landing (2011),Pop_09,B. decurrens,TRUE,TRUE,97,2011-2659-1,1B,United States,Illinois,Frederick,NA,NA,40.07116308939078,-90.429571958886,NA,"Frederick Landing, Maternal lines = 15, Seedheads = 44; 2 packets",2/29/24,3/7/24,2011-12-01T00:00:00Z,Smith,-90.429571958886,40.07116308939078,9 - Frederick Landing (2011),Total Load
Boltonia_098,0.18074519242090986,0.14048545893688014,0.07578042683304753,McClugage Bridge (1999),Pop_14,B. decurrens,TRUE,TRUE,98,2011-2618-1,25A,United States,Illinois,Peoria,40.7222223,-89.5519444,40.69352232924267,-89.59142458669179,NA,"McClugage Bridge, Maternal lines = 30, Seedheads = 90; 4 packets",2/29/24,3/8/24,1999-11-11T00:00:00Z,Smith,-89.5519444,40.7222223,14 - McClugage Bridge (1999),Total Load
Boltonia_099,0.18328537136379977,0.1424565150149063,0.07678243084106356,Rice Lake (1999),Pop_12,B. decurrens,TRUE,TRUE,99,2011-2666-1,21C,United States,Illinois,Fulton,40.4925,-89.9022222,40.46699902833787,-89.9485498557629,NA,"Rice Lake, Maternal lines = 30, Seedheads = 90; 3 packets",2/29/24,3/6/24,1999-10-14T00:00:00Z,Smith,-89.9022222,40.4925,12 - Rice Lake (1999),Total Load
Boltonia_100,0.1802828421745062,0.13859995788060467,0.07359047992893003,Anderson Lake (2000),Pop_11,B. decurrens,TRUE,TRUE,100,2011-2613-1,1A,United States,Illinois,Fulton,40.2047222,-90.1994444,40.20813714639404,-90.18724497777134,NA,"Anderson Lake, Maternal lines = 30, Seedheads = 61; 2 packets",2/29/24,3/14/24,2000-10-01T00:00:00Z,Smith,-90.1994444,40.2047222,11 - Anderson Lake (2000),Total Load
Boltonia_101,0.18167146286362001,0.14036535284865317,0.07466479350453484,Frederick Borrow Pit (1999),Pop_08,B. decurrens,TRUE,TRUE,101,2011-2675-1,21C,United States,Illinois,Schuyler,40.0672223,-90.4275,40.07010712467176,-90.42899627731744,NA,"Frederick Borrow Pit, Maternal lines = 30, Seedheads = 90; 3 packets",3/1/24,3/8/24,1999-10-07T00:00:00Z,Smith,-90.4275,40.0672223,8 - Frederick Borrow Pit (1999),Total Load
Boltonia_102,0.16615721792317606,0.12888534968969853,0.06873885227499672,Gilbert Lake (1997),Pop_04,B. decurrens,TRUE,TRUE,102,2011-2598-1,L4B,United States,Illinois,Jersey,NA,NA,38.96139842380207,-90.51481032460988,NA,"Gilbert Lake, Maternal lines = 32, Seedheads = 98; 6 packets",2/29/24,3/7/24,1997-11-08T00:00:00Z,Smith,-90.51481032460988,38.96139842380207,4 - Gilbert Lake (1997),Total Load
Boltonia_103,0.15380563706212136,0.11915017538779459,0.0637494921113705,Gilbert Lake (1997),Pop_04,B. decurrens,TRUE,TRUE,103,2011-2598-1,L5A,United States,Illinois,Jersey,NA,NA,38.96139842380207,-90.51481032460988,NA,"Gilbert Lake, Maternal lines = 32, Seedheads = 98; 6 packets",2/29/24,3/7/24,1997-11-08T00:00:00Z,Smith,-90.51481032460988,38.96139842380207,4 - Gilbert Lake (1997),Total Load
Boltonia_105,0.18188733097526857,0.1410958611112939,0.07614886129647612,McClugage Bridge (1999),Pop_14,B. decurrens,TRUE,TRUE,105,2011-2618-1,7B,United States,Illinois,Peoria,40.7222223,-89.5519444,40.69352232924267,-89.59142458669179,NA,"McClugage Bridge, Maternal lines = 30, Seedheads = 90; 4 packets",2/29/24,3/7/24,1999-11-11T00:00:00Z,Smith,-89.5519444,40.7222223,14 - McClugage Bridge (1999),Total Load
Boltonia_106,0.18048850561178592,0.13905158967811568,0.07416206984415566,Anderson Lake (2000),Pop_11,B. decurrens,TRUE,TRUE,106,2011-2613-1,22A,United States,Illinois,Fulton,40.2047222,-90.1994444,40.20813714639404,-90.18724497777134,NA,"Anderson Lake, Maternal lines = 30, Seedheads = 61; 2 packets",2/29/24,3/8/24,2000-10-01T00:00:00Z,Smith,-90.1994444,40.2047222,11 - Anderson Lake (2000),Total Load
Boltonia_107,0.1809846097811019,0.13951473849778545,0.0747474330103506,Woodford County (1999),Pop_15,B. decurrens,TRUE,TRUE,107,2011-2650-1,30C,United States,Illinois,Woodford,40.8852777,-89.4583333,40.84668797480775,-89.0297386240063,NA,"Woodford County, Maternal lines = 30, Seedheads = 90; 6 packets",2/29/24,3/8/24,1999-11-11T00:00:00Z,Smith,-89.4583333,40.8852777,15 - Woodford County (1999),Total Load
Boltonia_108,0.1800881683865468,0.13936995307636116,0.07482318589068171,McClugage Bridge (1999),Pop_14,B. decurrens,TRUE,TRUE,108,2011-2618-1,27C,United States,Illinois,Peoria,40.7222223,-89.5519444,40.69352232924267,-89.59142458669179,NA,"McClugage Bridge, Maternal lines = 30, Seedheads = 90; 4 packets",2/29/24,3/8/24,1999-11-11T00:00:00Z,Smith,-89.5519444,40.7222223,14 - McClugage Bridge (1999),Total Load
Boltonia_109,0.1833607289591389,0.14181073912957637,0.07622461417680722,Meredosia Lake (1999),Pop_06,B. decurrens,TRUE,TRUE,109,2011-2620-1,13A,United States,Illinois,Morgan,39.8672223,-90.5533333,39.87546015928839,-90.55308508241012,NA,"Meredosia Lake, Maternal lines = 30, Seedheads = 90; 5 packets",3/1/24,3/7/24,1999-10-07T00:00:00Z,Smith,-90.5533333,39.8672223,6 - Meredosia Lake (1999),Total Load
Boltonia_110,0.1815356621970193,0.13999763078401306,0.07463380368985394,Anderson Lake (1997),Pop_10,B. decurrens,TRUE,TRUE,110,2011-2664-1,1,United States,Illinois,Fulton,40.2047222,-90.1994444,40.20744447961278,-90.1871999885973,NA,"Anderson Lake, Maternal lines = 31, Seedheads = 31",2/29/24,3/10/24,1997-11-21T00:00:00Z,Smith,-90.1994444,40.2047222,10 - Anderson Lake (1997),Total Load
Boltonia_111,0.1819053853991519,0.13953530460878322,0.07541199236961896,Rice Lake (1999),Pop_12,B. decurrens,TRUE,TRUE,111,2011-2666-1,28A,United States,Illinois,Fulton,40.4925,-89.9022222,40.46699902833787,-89.9485498557629,NA,"Rice Lake, Maternal lines = 30, Seedheads = 90; 3 packets",2/29/24,3/7/24,1999-10-14T00:00:00Z,Smith,-89.9022222,40.4925,12 - Rice Lake (1999),Total Load
Boltonia_112,0.17883613333898515,0.1390384273670771,0.07512619741200614,Rice Lake (1999),Pop_12,B. decurrens,TRUE,TRUE,112,2011-2666-1,3B,United States,Illinois,Fulton,40.4925,-89.9022222,40.46699902833787,-89.9485498557629,NA,"Rice Lake, Maternal lines = 30, Seedheads = 90; 3 packets",2/29/24,3/10/24,1999-10-14T00:00:00Z,Smith,-89.9022222,40.4925,12 - Rice Lake (1999),Total Load
Boltonia_113,0.180015165716062,0.13832190405991485,0.07437899854692202,Anderson Lake (1997),Pop_10,B. decurrens,TRUE,TRUE,113,2011-2664-1,7,United States,Illinois,Fulton,40.2047222,-90.1994444,40.20744447961278,-90.1871999885973,NA,"Anderson Lake, Maternal lines = 31, Seedheads = 31",2/29/24,3/8/24,1997-11-21T00:00:00Z,Smith,-90.1994444,40.2047222,10 - Anderson Lake (1997),Total Load
Boltonia_114,0.19324434857283704,0.15104245503425492,0.08104525201605961,Fairmont City (1997),Pop_01,B. decurrens,TRUE,TRUE,114,2011-2599-1,27,United States,Illinois,Saint Clair,38.6494444,-90.1161111,38.6515072789885,-90.10298738781108,NA,"Fairmont City, Maternal lines = 28, Seedheads = 28; 2 packets",3/1/24,3/9/24,1997-12-05T00:00:00Z,Smith,-90.1161111,38.6494444,1 - Fairmont City (1997),Total Load
Boltonia_115,0.18122167221643956,0.14022797122718808,0.07554628156656956,Frederick Landing (2011),Pop_09,B. decurrens,TRUE,TRUE,115,2011-2659-1,10C,United States,Illinois,Frederick,NA,NA,40.07116308939078,-90.429571958886,NA,"Frederick Landing, Maternal lines = 15, Seedheads = 44; 2 packets",2/29/24,3/7/24,2011-12-01T00:00:00Z,Smith,-90.429571958886,40.07116308939078,9 - Frederick Landing (2011),Total Load
Boltonia_116,0.17934087223276704,0.1390310235671179,0.07491615533472443,McClugage Bridge (1999),Pop_14,B. decurrens,TRUE,TRUE,116,2011-2618-1,24B,United States,Illinois,Peoria,40.7222223,-89.5519444,40.69352232924267,-89.59142458669179,NA,"McClugage Bridge, Maternal lines = 30, Seedheads = 90; 4 packets",2/29/24,3/7/24,1999-11-11T00:00:00Z,Smith,-89.5519444,40.7222223,14 - McClugage Bridge (1999),Total Load
Boltonia_117,0.18156078139546566,0.1405891121363089,0.07581141664772845,Rice Lake (1999),Pop_12,B. decurrens,TRUE,TRUE,117,2011-2666-1,16B,United States,Illinois,Fulton,40.4925,-89.9022222,40.46699902833787,-89.9485498557629,NA,"Rice Lake, Maternal lines = 30, Seedheads = 90; 3 packets",3/1/24,3/7/24,1999-10-14T00:00:00Z,Smith,-89.9022222,40.4925,12 - Rice Lake (1999),Total Load
Boltonia_118,0.18001595069101345,0.13934527374316383,0.07376608887878851,Frederick Borrow Pit (1999),Pop_08,B. decurrens,TRUE,TRUE,118,2011-2675-1,23A,United States,Illinois,Schuyler,40.0672223,-90.4275,40.07010712467176,-90.42899627731744,NA,"Frederick Borrow Pit, Maternal lines = 30, Seedheads = 90; 3 packets",2/29/24,3/7/24,1999-10-07T00:00:00Z,Smith,-90.4275,40.0672223,8 - Frederick Borrow Pit (1999),Total Load
Boltonia_119,0.17953868592053226,0.13865013919143923,0.07526048660895675,Frederick Borrow Pit (1999),Pop_08,B. decurrens,TRUE,TRUE,119,2011-2675-1,18A,United States,Illinois,Schuyler,40.0672223,-90.4275,40.07010712467176,-90.42899627731744,NA,"Frederick Borrow Pit, Maternal lines = 30, Seedheads = 90; 3 packets",3/2/24,3/10/24,1999-10-07T00:00:00Z,Smith,-90.4275,40.0672223,8 - Frederick Borrow Pit (1999),Total Load
Boltonia_120,0.1801588161321772,0.1377699096407347,0.07341487097907154,Anderson Lake (1997),Pop_10,B. decurrens,TRUE,TRUE,120,2011-2664-1,9,United States,Illinois,Fulton,40.2047222,-90.1994444,40.20744447961278,-90.1871999885973,NA,"Anderson Lake, Maternal lines = 31, Seedheads = 31",2/29/24,3/8/24,1997-11-21T00:00:00Z,Smith,-90.1994444,40.2047222,10 - Anderson Lake (1997),Total Load
Boltonia_121,0.17889814636014964,0.13855306714752977,0.07298101357353882,Anderson Lake (1997),Pop_10,B. decurrens,TRUE,TRUE,121,2011-2664-1,8,United States,Illinois,Fulton,40.2047222,-90.1994444,40.20744447961278,-90.1871999885973,NA,"Anderson Lake, Maternal lines = 31, Seedheads = 31",2/29/24,3/6/24,1997-11-21T00:00:00Z,Smith,-90.1994444,40.2047222,10 - Anderson Lake (1997),Total Load
Boltonia_123,0.17872937674558806,0.13747951615344622,0.07428947241562162,Woodford County (1999),Pop_15,B. decurrens,TRUE,TRUE,123,2011-2650-1,11B,United States,Illinois,Woodford,40.8852777,-89.4583333,40.84668797480775,-89.0297386240063,NA,"Woodford County, Maternal lines = 30, Seedheads = 90; 6 packets",3/1/24,3/9/24,1999-11-11T00:00:00Z,Smith,-89.4583333,40.8852777,15 - Woodford County (1999),Total Load
Boltonia_124,0.18149955334925263,0.1404838136480003,0.07594914915742138,Woodford County (1999),Pop_15,B. decurrens,TRUE,TRUE,124,2011-2650-1,8B,United States,Illinois,Woodford,40.8852777,-89.4583333,40.84668797480775,-89.0297386240063,NA,"Woodford County, Maternal lines = 30, Seedheads = 90; 6 packets",2/29/24,3/12/24,1999-11-11T00:00:00Z,Smith,-89.4583333,40.8852777,15 - Woodford County (1999),Total Load
Boltonia_125,0.18295097203448238,0.14150224746460985,0.076861627034137,Sparland (1999),Pop_16,B. decurrens,TRUE,TRUE,125,2011-2629-1,14A,United States,Illinois,Marshal,41.045,-89.4311111,41.02868892611459,-89.43846248262098,NA,"Sparland, Maternal lines = 30, Seedheads = 90; 3 packets",2/29/24,3/7/24,1999-11-11T00:00:00Z,Smith,-89.4311111,41.045,16 - Sparland (1999),Total Load
Boltonia_126,0.18983049250898404,0.14618309432770205,0.07908256375293543,West Alton (1999),Pop_03,B. decurrens,TRUE,TRUE,127,2011-2635-1,8,United States,Illinois,Alton,NA,NA,38.86501904919102,-90.22302347588696,NA,"West Alton, Maternal lines = 32, Seedheads = 32; 2 packets",2/29/24,Unknown,1999-11-07T00:00:00Z,Smith,-90.22302347588696,38.86501904919102,3 - West Alton (1999),Total Load
Boltonia_127,0.18140771127993305,0.14025100527150558,0.07466479350453484,Cooper Park (2000),Pop_13,B. decurrens,TRUE,TRUE,126,2011-2661-1,10B,United States,Illinois,Tazewell,NA,NA,40.69584983597212,-89.54394792156027,NA,"Cooper park South, Maternal lines = 43, Seedheads = 73; 4 packets",3/1/24,3/10/24,2000-10-01T00:00:00Z,Smith,-89.54394792156027,40.69584983597212,13 - Cooper Park (2000),Total Load
Boltonia_128,0.1805787777312026,0.14020822776063022,0.07632102693359227,Cooper Park (2000),Pop_13,B. decurrens,TRUE,TRUE,128,2011-2661-1,26A,United States,Illinois,Tazewell,NA,NA,40.69584983597212,-89.54394792156027,NA,"Cooper park South, Maternal lines = 43, Seedheads = 73; 4 packets",3/2/24,3/12/24,2000-10-01T00:00:00Z,Smith,-89.54394792156027,40.69584983597212,13 - Cooper Park (2000),Total Load
Boltonia_129,0.1807334177966381,0.13945139487591232,0.07561859113415835,Frederick Borrow Pit (1999),Pop_08,B. decurrens,TRUE,TRUE,129,2011-2675-1,15B,United States,Illinois,Schuyler,40.0672223,-90.4275,40.07010712467176,-90.42899627731744,NA,"Frederick Borrow Pit, Maternal lines = 30, Seedheads = 90; 3 packets",2/29/24,3/6/24,1999-10-07T00:00:00Z,Smith,-90.4275,40.0672223,8 - Frederick Borrow Pit (1999),Total Load
Boltonia_130,0.1801996348296526,0.140145706783197,0.07603523197597944,Sparland (1999),Pop_16,B. decurrens,TRUE,TRUE,130,2011-2629-1,22B,United States,Illinois,Marshal,41.045,-89.4311111,41.02868892611459,-89.43846248262098,NA,"Sparland, Maternal lines = 30, Seedheads = 90; 3 packets",2/29/24,3/12/24,1999-11-11T00:00:00Z,Smith,-89.4311111,41.045,16 - Sparland (1999),Total Load
Boltonia_131,0.18301926485525846,0.1415614778642834,0.07590438609177116,Hennepin Bridge (1999),Pop_17,B. decurrens,TRUE,TRUE,131,2011-2623-1,12A,United States,Illinois,Hennepin,NA,NA,41.34414603458205,-89.55849691836283,NA,"Hennepin Bridge, Maternal lines = 30, Seedheads = 90; 6 packets",2/29/24,3/8/24,1999-11-11T00:00:00Z,Smith,-89.55849691836283,41.34414603458205,17 - Hennepin Bridge (1999),Total Load
Boltonia_132,0.182476847163807,0.14058582155854926,0.07550840512640401,Sparland (1999),Pop_16,B. decurrens,TRUE,TRUE,132,2011-2629-1,19C,United States,Illinois,Marshal,41.045,-89.4311111,41.02868892611459,-89.43846248262098,NA,"Sparland, Maternal lines = 30, Seedheads = 90; 3 packets",2/29/24,3/12/24,1999-11-11T00:00:00Z,Smith,-89.4311111,41.045,16 - Sparland (1999),Total Load
Boltonia_133,0.17894916973199385,0.13875872825750746,0.07404499721091667,Frederick Borrow Pit (1999),Pop_08,B. decurrens,TRUE,TRUE,133,2011-2675-1,25A,United States,Illinois,Schuyler,40.0672223,-90.4275,40.07010712467176,-90.42899627731744,NA,"Frederick Borrow Pit, Maternal lines = 30, Seedheads = 90; 3 packets",2/28/24,3/21/24,1999-10-07T00:00:00Z,Smith,-90.4275,40.0672223,8 - Frederick Borrow Pit (1999),Total Load
Boltonia_134,0.18240148956846788,0.1406277764249847,0.07660337857846276,Hennepin Bridge (1999),Pop_17,B. decurrens,TRUE,TRUE,134,2011-2623-1,1B,United States,Illinois,Hennepin,NA,NA,41.34414603458205,-89.55849691836283,NA,"Hennepin Bridge, Maternal lines = 30, Seedheads = 90; 6 packets",2/29/24,3/7/24,1999-11-11T00:00:00Z,Smith,-89.55849691836283,41.34414603458205,17 - Hennepin Bridge (1999),Total Load
Boltonia_135,0.17925923483781633,0.1377838945962132,0.0733494480369674,Sparland (1999),Pop_16,B. decurrens,TRUE,TRUE,135,2011-2629-1,5A,United States,Illinois,Marshal,41.045,-89.4311111,41.02868892611459,-89.43846248262098,NA,"Sparland, Maternal lines = 30, Seedheads = 90; 3 packets",2/29/24,3/14/24,1999-11-11T00:00:00Z,Smith,-89.4311111,41.045,16 - Sparland (1999),Total Load
Boltonia_136,0.1809053273110055,0.1399466268287386,0.07518817704136796,Smith Lake (1998),Pop_05,B. decurrens,TRUE,TRUE,136,2011-2638-1,18A,United States,Illinois,Scott,39.7852777,-90.5902777,39.78656976625663,-90.58910563509704,Smith Lake,NA,2/29/24,3/6/24,1998-11-11T00:00:00Z,Smith,-90.5902777,39.7852777,5 - Smith Lake (1998),Total Load
Boltonia_137,0.1814799289754664,0.14115920473316704,0.07592504596822511,Sparland (1999),Pop_16,B. decurrens,TRUE,TRUE,137,2011-2629-1,17B,United States,Illinois,Marshal,41.045,-89.4311111,41.02868892611459,-89.43846248262098,NA,"Sparland, Maternal lines = 30, Seedheads = 90; 3 packets",2/29/24,3/8/24,1999-11-11T00:00:00Z,Smith,-89.4311111,41.045,16 - Sparland (1999),Total Load
Boltonia_138,0.18177507955721134,0.14139694897630126,0.07567368413803552,Frederick Borrow Pit (1999),Pop_08,B. decurrens,TRUE,TRUE,138,2011-2675-1,27C,United States,Illinois,Schuyler,40.0672223,-90.4275,40.07010712467176,-90.42899627731744,NA,"Frederick Borrow Pit, Maternal lines = 30, Seedheads = 90; 3 packets",2/29/24,3/8/24,1999-10-07T00:00:00Z,Smith,-90.4275,40.0672223,8 - Frederick Borrow Pit (1999),Total Load
Boltonia_139,0.19320823972507037,0.14934204897695938,0.08040823915872983,Horseshoe Lake (2000),Pop_02,B. decurrens,TRUE,TRUE,139,2011-2609-1,11C,United States,Illinois,Madison,38.6891666,-90.0972222,38.69652811427051,-90.085926104309,NA,"Horseshoe Lake, Maternal lines = 30, Seedheads = 90; 3 packets",2/29/24,3/10/24,2000-11-01T00:00:00Z,Smith,-90.0972222,38.6891666,2 - Horseshoe Lake (2000),Total Load
Boltonia_140,0.1761813480531836,0.13635660649296805,0.07287082756578449,Frederick Landing (2011),Pop_09,B. decurrens,TRUE,TRUE,140,2011-2659-1,14A,United States,Illinois,Frederick,NA,NA,40.07116308939078,-90.429571958886,NA,"Frederick Landing, Maternal lines = 15, Seedheads = 44; 2 packets",2/28/24,3/5/24,2011-12-01T00:00:00Z,Smith,-90.429571958886,40.07116308939078,9 - Frederick Landing (2011),Total Load
Boltonia_141,0.19326946777128343,0.14912733877814266,0.07961283391525319,Horseshoe Lake (2000),Pop_02,B. decurrens,TRUE,TRUE,141,2011-2609-1,X2,United States,Illinois,Madison,38.6891666,-90.0972222,38.69652811427051,-90.085926104309,NA,"Horseshoe Lake, Maternal lines = 30, Seedheads = 90; 3 packets",2/29/24,3/10/24,2000-11-01T00:00:00Z,Smith,-90.0972222,38.6891666,2 - Horseshoe Lake (2000),Total Load
Boltonia_142,0.1805136248102323,0.1401687408275145,0.07583896314966704,Woodford County (1999),Pop_15,B. decurrens,TRUE,TRUE,142,2011-2650-1,19C,United States,Illinois,Woodford,40.8852777,-89.4583333,40.84668797480775,-89.0297386240063,NA,"Woodford County, Maternal lines = 30, Seedheads = 90; 6 packets",2/29/24,3/8/24,1999-11-11T00:00:00Z,Smith,-89.4583333,40.8852777,15 - Woodford County (1999),Total Load
Boltonia_143,0.180139191758391,0.1390754463668731,0.0754774153117231,Hennepin Bridge (1999),Pop_17,B. decurrens,TRUE,TRUE,143,2011-2623-1,18B,United States,Illinois,Hennepin,NA,NA,41.34414603458205,-89.55849691836283,NA,"Hennepin Bridge, Maternal lines = 30, Seedheads = 90; 6 packets",2/29/24,3/8/24,1999-11-11T00:00:00Z,Smith,-89.55849691836283,41.34414603458205,17 - Hennepin Bridge (1999),Total Load
Boltonia_144,0.17900333300364385,0.13907133314467354,0.07425848260094071,Smith Lake (1998),Pop_05,B. decurrens,TRUE,TRUE,144,2011-2638-1,16A,United States,Illinois,Scott,39.7852777,-90.5902777,39.78656976625663,-90.58910563509704,Smith Lake,NA,3/1/24,3/9/24,1998-11-11T00:00:00Z,Smith,-90.5902777,39.7852777,5 - Smith Lake (1998),Total Load
Boltonia_145,0.19035171587674637,0.14770169596377733,0.07933736889586733,West Alton (1999),Pop_03,B. decurrens,TRUE,TRUE,145,2011-2635-1,24,United States,Illinois,Alton,NA,NA,38.86501904919102,-90.22302347588696,NA,"West Alton, Maternal lines = 32, Seedheads = 32; 2 packets",2/29/24,3/7/24,1999-11-07T00:00:00Z,Smith,-90.22302347588696,38.86501904919102,3 - West Alton (1999),Total Load
Boltonia_146,0.182136168034878,0.14167993866363057,0.0761454179837338,Smith Lake (1998),Pop_05,B. decurrens,TRUE,TRUE,146,2011-2638-1,28A,United States,Illinois,Scott,39.7852777,-90.5902777,39.78656976625663,-90.58910563509704,Smith Lake,NA,2/29/24,3/8/24,1998-11-11T00:00:00Z,Smith,-90.5902777,39.7852777,5 - Smith Lake (1998),Total Load
Boltonia_147,0.1796218932653859,0.13918568072182114,0.07509865091006755,Rice Lake (1999),Pop_12,B. decurrens,TRUE,TRUE,147,2011-2666-1,24A,United States,Illinois,Fulton,40.4925,-89.9022222,40.46699902833787,-89.9485498557629,NA,"Rice Lake, Maternal lines = 30, Seedheads = 90; 3 packets",2/29/24,3/7/24,1999-10-14T00:00:00Z,Smith,-89.9022222,40.4925,12 - Rice Lake (1999),Total Load
Boltonia_148,0.1800708989376149,0.13953859518654285,0.07481974257793939,Frederick Borrow Pit (1999),Pop_08,B. decurrens,TRUE,TRUE,148,2011-2675-1,10A,United States,Illinois,Schuyler,40.0672223,-90.4275,40.07010712467176,-90.42899627731744,NA,"Frederick Borrow Pit, Maternal lines = 30, Seedheads = 90; 3 packets",2/29/24,3/7/24,1999-10-07T00:00:00Z,Smith,-90.4275,40.0672223,8 - Frederick Borrow Pit (1999),Total Load
Boltonia_150,0.18010700778538158,0.13988081527354573,0.07579420008401683,Woodford County (1999),Pop_15,B. decurrens,TRUE,TRUE,150,2011-2650-1,1A,United States,Illinois,Woodford,40.8852777,-89.4583333,40.84668797480775,-89.0297386240063,NA,"Woodford County, Maternal lines = 30, Seedheads = 90; 6 packets",2/29/24,3/5/24,1999-11-11T00:00:00Z,Smith,-89.4583333,40.8852777,15 - Woodford County (1999),Total Load
Boltonia_151,0.1806933840741142,0.13999680813957316,0.07457526737323444,Smith Lake (1998),Pop_05,B. decurrens,TRUE,TRUE,151,2011-2638-1,8B,United States,Illinois,Scott,39.7852777,-90.5902777,39.78656976625663,-90.58910563509704,Smith Lake,NA,2/29/24,3/7/24,1998-11-11T00:00:00Z,Smith,-90.5902777,39.7852777,5 - Smith Lake (1998),Total Load
Boltonia_152,0.17869248292286993,0.1376917584189432,0.07385905832283123,Frederick Borrow Pit (1999),Pop_08,B. decurrens,TRUE,TRUE,152,2011-2675-1,18A,United States,Illinois,Schuyler,40.0672223,-90.4275,40.07010712467176,-90.42899627731744,NA,"Frederick Borrow Pit, Maternal lines = 30, Seedheads = 90; 3 packets",3/2/24,3/12/24,1999-10-07T00:00:00Z,Smith,-90.4275,40.0672223,8 - Frederick Borrow Pit (1999),Total Load
Boltonia_153,0.1928597108466269,0.14886738313513087,0.08007768113546682,West Alton (1999),Pop_03,B. decurrens,TRUE,TRUE,153,2011-2635-1,35?,United States,Illinois,Alton,NA,NA,38.86501904919102,-90.22302347588696,NA,"West Alton, Maternal lines = 32, Seedheads = 32; 2 packets",2/29/24,3/8/24,1999-11-07T00:00:00Z,Smith,-90.22302347588696,38.86501904919102,3 - West Alton (1999),Total Load
Boltonia_154,0.18225626920244975,0.14094531717879025,0.0755979312577044,Hennepin Bridge (1999),Pop_17,B. decurrens,TRUE,TRUE,154,2011-2623-1,18B,United States,Illinois,Hennepin,NA,NA,41.34414603458205,-89.55849691836283,NA,"Hennepin Bridge, Maternal lines = 30, Seedheads = 90; 6 packets",2/29/24,3/7/24,1999-11-11T00:00:00Z,Smith,-89.55849691836283,41.34414603458205,17 - Hennepin Bridge (1999),Total Load
Boltonia_155,0.19141221703615438,0.14860907278099889,0.08068370417811568,Fairmont City (1997),Pop_01,B. decurrens,TRUE,TRUE,155,2011-2599-1,3,United States,Illinois,Saint Clair,38.6494444,-90.1161111,38.6515072789885,-90.10298738781108,NA,"Fairmont City, Maternal lines = 28, Seedheads = 28; 2 packets",2/29/24,3/7/24,1997-12-05T00:00:00Z,Smith,-90.1161111,38.6494444,1 - Fairmont City (1997),Total Load
Boltonia_157,0.18087471328789897,0.14081780729060409,0.0767273378371864,Frederick Landing (2011),Pop_09,B. decurrens,TRUE,TRUE,157,2011-2659-1,5A,United States,Illinois,Frederick,NA,NA,40.07116308939078,-90.429571958886,NA,"Frederick Landing, Maternal lines = 15, Seedheads = 44; 2 packets",2/29/24,3/9/24,2011-12-01T00:00:00Z,Smith,-90.429571958886,40.07116308939078,9 - Frederick Landing (2011),Total Load
Boltonia_158,0.17912421914616705,0.13921940914385747,0.07454772087129585,Anderson Lake (2000),Pop_11,B. decurrens,TRUE,TRUE,158,2011-2613-1,14B,United States,Illinois,Fulton,40.2047222,-90.1994444,40.20813714639404,-90.18724497777134,NA,"Anderson Lake, Maternal lines = 30, Seedheads = 61; 2 packets",2/29/24,3/8/24,2000-10-01T00:00:00Z,Smith,-90.1994444,40.2047222,11 - Anderson Lake (2000),Total Load
Boltonia_159,0.18131351428575915,0.1407733844908489,0.07565302426158159,Rice Lake (1999),Pop_12,B. decurrens,TRUE,TRUE,159,2011-2666-1,21C,United States,Illinois,Fulton,40.4925,-89.9022222,40.46699902833787,-89.9485498557629,NA,"Rice Lake, Maternal lines = 30, Seedheads = 90; 3 packets",2/29/24,3/7/24,1999-10-14T00:00:00Z,Smith,-89.9022222,40.4925,12 - Rice Lake (1999),Total Load
Boltonia_160,0.18488986016456216,0.14305786810048107,0.07694082322721044,Smith Lake (1998),Pop_05,B. decurrens,TRUE,TRUE,160,2011-2638-1,11B,United States,Illinois,Scott,39.7852777,-90.5902777,39.78656976625663,-90.58910563509704,Smith Lake,NA,2/29/24,3/8/24,1998-11-11T00:00:00Z,Smith,-90.5902777,39.7852777,5 - Smith Lake (1998),Total Load
Boltonia_161,0.18111884049779972,0.14088937735687632,0.07654484226184327,McClugage Bridge (1999),Pop_14,B. decurrens,TRUE,TRUE,161,2011-2618-1,12A,United States,Illinois,Peoria,40.7222223,-89.5519444,40.69352232924267,-89.59142458669179,NA,"McClugage Bridge, Maternal lines = 30, Seedheads = 90; 4 packets",2/29/24,3/8/24,1999-11-11T00:00:00Z,Smith,-89.5519444,40.7222223,14 - McClugage Bridge (1999),Total Load
Boltonia_162,0.18008267356188665,0.13999845342845296,0.07503667128070574,Frederick Landing (2011),Pop_09,B. decurrens,TRUE,TRUE,162,2011-2659-1,2A,United States,Illinois,Frederick,NA,NA,40.07116308939078,-90.429571958886,NA,"Frederick Landing, Maternal lines = 15, Seedheads = 44; 2 packets",2/29/24,3/7/24,2011-12-01T00:00:00Z,Smith,-90.429571958886,40.07116308939078,9 - Frederick Landing (2011),Total Load
Boltonia_163,0.18160238506789247,0.14066397278034076,0.07609032497985663,Sparland (1999),Pop_16,B. decurrens,TRUE,TRUE,163,2011-2629-1,15A,United States,Illinois,Marshal,41.045,-89.4311111,41.02868892611459,-89.43846248262098,NA,"Sparland, Maternal lines = 30, Seedheads = 90; 3 packets",2/29/24,3/7/24,1999-11-11T00:00:00Z,Smith,-89.4311111,41.045,16 - Sparland (1999),Total Load
Boltonia_164,0.17961875336558011,0.13925396021033373,0.07453394762032656,Frederick Borrow Pit (1999),Pop_08,B. decurrens,TRUE,TRUE,164,2011-2675-1,10A,United States,Illinois,Schuyler,40.0672223,-90.4275,40.07010712467176,-90.42899627731744,NA,"Frederick Borrow Pit, Maternal lines = 30, Seedheads = 90; 3 packets",3/1/24,3/10/24,1999-10-07T00:00:00Z,Smith,-90.4275,40.0672223,8 - Frederick Borrow Pit (1999),Total Load
Boltonia_165,0.19297353221458705,0.15016469341687014,0.07935458545957895,Horseshoe Lake (2000),Pop_02,B. decurrens,TRUE,TRUE,165,2011-2609-1,15A,United States,Illinois,Madison,38.6891666,-90.0972222,38.69652811427051,-90.085926104309,NA,"Horseshoe Lake, Maternal lines = 30, Seedheads = 90; 3 packets",3/1/24,3/9/24,2000-11-01T00:00:00Z,Smith,-90.0972222,38.6891666,2 - Horseshoe Lake (2000),Total Load
Boltonia_167,0.178738011470054,0.13800683123942903,0.07453739093306888,Frederick Borrow Pit (1999),Pop_08,B. decurrens,TRUE,TRUE,167,2011-2675-1,19B,United States,Illinois,Schuyler,40.0672223,-90.4275,40.07010712467176,-90.42899627731744,NA,"Frederick Borrow Pit, Maternal lines = 30, Seedheads = 90; 3 packets",2/29/24,3/8/24,1999-10-07T00:00:00Z,Smith,-90.4275,40.0672223,8 - Frederick Borrow Pit (1999),Total Load
Boltonia_168,0.18119812296789609,0.14014899736095662,0.075284589798153,Cooper Park (2000),Pop_13,B. decurrens,TRUE,TRUE,168,2011-2661-1,22A,United States,Illinois,Tazewell,NA,NA,40.69584983597212,-89.54394792156027,NA,"Cooper park South, Maternal lines = 43, Seedheads = 73; 4 packets",2/29/24,3/7/24,2000-10-01T00:00:00Z,Smith,-89.54394792156027,40.69584983597212,13 - Cooper Park (2000),Total Load
Boltonia_169,0.19208965041925513,0.1496793331973228,0.08107624183074053,Fairmont City (1997),Pop_01,B. decurrens,TRUE,TRUE,169,2011-2599-1,4,United States,Illinois,Saint Clair,38.6494444,-90.1161111,38.6515072789885,-90.10298738781108,NA,"Fairmont City, Maternal lines = 28, Seedheads = 28; 2 packets",2/29/24,3/7/24,1997-12-05T00:00:00Z,Smith,-90.1161111,38.6494444,1 - Fairmont City (1997),Total Load
Boltonia_170,0.18109215134945045,0.14006508762808573,0.075849293087894,Woodford County (1999),Pop_15,B. decurrens,TRUE,TRUE,170,2011-2650-1,27B,United States,Illinois,Woodford,40.8852777,-89.4583333,40.84668797480775,-89.0297386240063,NA,"Woodford County, Maternal lines = 30, Seedheads = 90; 6 packets",2/29/24,3/12/24,1999-11-11T00:00:00Z,Smith,-89.4583333,40.8852777,15 - Woodford County (1999),Total Load
Boltonia_171,0.13903947325040858,0.10706059269886607,0.05817132546880703,Gilbert Lake (1997),Pop_04,B. decurrens,TRUE,TRUE,171,2011-2598-1,S8A,United States,Illinois,Jersey,NA,NA,38.96139842380207,-90.51481032460988,NA,"Gilbert Lake, Maternal lines = 32, Seedheads = 98; 6 packets",2/29/24,3/6/24,1997-11-08T00:00:00Z,Smith,-90.51481032460988,38.96139842380207,4 - Gilbert Lake (1997),Total Load
Boltonia_172,0.1802844121244091,0.13933211143212526,0.07453394762032656,Anderson Lake (2000),Pop_11,B. decurrens,TRUE,TRUE,172,2011-2613-1,24A,United States,Illinois,Fulton,40.2047222,-90.1994444,40.20813714639404,-90.18724497777134,NA,"Anderson Lake, Maternal lines = 30, Seedheads = 61; 2 packets",2/29/24,3/8/24,2000-10-01T00:00:00Z,Smith,-90.1994444,40.2047222,11 - Anderson Lake (2000),Total Load
Boltonia_173,0.18048222581217432,0.1398791699846659,0.07554972487931189,Beardstown (1997),Pop_07,B. decurrens,TRUE,TRUE,173,2011-2636-1,19,United States,Illinois,Cass,40.010555600000004,-90.4458333,40.0178975293398,-90.42445029519196,NA,"Beardstown, Maternal lines = 52, Seedheads = 53; 3 packets",2/29/24,3/15/24,1997-11-21T00:00:00Z,Smith,-90.4458333,40.010555600000004,7 - Beardstown (1997),Total Load
Boltonia_174,0.18020512965431273,0.14001161573949153,0.07589749946628653,Frederick Borrow Pit (1999),Pop_08,B. decurrens,TRUE,TRUE,174,2011-2675-1,5A,United States,Illinois,Schuyler,40.0672223,-90.4275,40.07010712467176,-90.42899627731744,NA,"Frederick Borrow Pit, Maternal lines = 30, Seedheads = 90; 3 packets",2/29/24,3/7/24,1999-10-07T00:00:00Z,Smith,-90.4275,40.0672223,8 - Frederick Borrow Pit (1999),Total Load
Boltonia_175,0.18039195369275765,0.13963073136381285,0.07590094277902885,McClugage Bridge (1999),Pop_14,B. decurrens,TRUE,TRUE,175,2011-2618-1,26A,United States,Illinois,Peoria,40.7222223,-89.5519444,40.69352232924267,-89.59142458669179,NA,"McClugage Bridge, Maternal lines = 30, Seedheads = 90; 4 packets",2/29/24,3/7/24,1999-11-11T00:00:00Z,Smith,-89.5519444,40.7222223,14 - McClugage Bridge (1999),Total Load
Boltonia_176,0.19179214491265584,0.14886573784625104,0.07988829893463904,Fairmont City (1997),Pop_01,B. decurrens,TRUE,TRUE,176,2011-2599-1,11,United States,Illinois,Saint Clair,38.6494444,-90.1161111,38.6515072789885,-90.10298738781108,NA,"Fairmont City, Maternal lines = 28, Seedheads = 28; 2 packets",2/29/24,3/7/24,1997-12-05T00:00:00Z,Smith,-90.1161111,38.6494444,1 - Fairmont City (1997),Total Load
Boltonia_177,0.18185985685196784,0.14157793075308162,0.0748954954582705,McClugage Bridge (1999),Pop_14,B. decurrens,TRUE,TRUE,177,2011-2618-1,4A,United States,Illinois,Peoria,40.7222223,-89.5519444,40.69352232924267,-89.59142458669179,NA,"McClugage Bridge, Maternal lines = 30, Seedheads = 90; 4 packets",2/29/24,3/8/24,1999-11-11T00:00:00Z,Smith,-89.5519444,40.7222223,14 - McClugage Bridge (1999),Total Load
Boltonia_178,0.19224429048469063,0.14974267681919592,0.08135170685012637,Fairmont City (1997),Pop_01,B. decurrens,TRUE,TRUE,178,2011-2599-1,11,United States,Illinois,Saint Clair,38.6494444,-90.1161111,38.6515072789885,-90.10298738781108,NA,"Fairmont City, Maternal lines = 28, Seedheads = 28; 2 packets",2/29/24,3/7/24,1997-12-05T00:00:00Z,Smith,-90.1161111,38.6494444,1 - Fairmont City (1997),Total Load
Boltonia_179,0.18040137339217505,0.1393888738984791,0.07410009021479384,Anderson Lake (2000),Pop_11,B. decurrens,TRUE,TRUE,179,2011-2613-1,3A,United States,Illinois,Fulton,40.2047222,-90.1994444,40.20813714639404,-90.18724497777134,NA,"Anderson Lake, Maternal lines = 30, Seedheads = 61; 2 packets",2/29/24,3/9/24,2000-10-01T00:00:00Z,Smith,-90.1994444,40.2047222,11 - Anderson Lake (2000),Total Load
Boltonia_180,0.18314407587253892,0.1416906330413494,0.07653795563635862,Sparland (1999),Pop_16,B. decurrens,TRUE,TRUE,180,2011-2629-1,1C,United States,Illinois,Marshal,41.045,-89.4311111,41.02868892611459,-89.43846248262098,NA,"Sparland, Maternal lines = 30, Seedheads = 90; 3 packets",2/29/24,3/6/24,1999-11-11T00:00:00Z,Smith,-89.4311111,41.045,16 - Sparland (1999),Total Load
Boltonia_181,0.1830757830517628,0.14300768678964654,0.07741600038565102,McClugage Bridge (1999),Pop_14,B. decurrens,TRUE,TRUE,181,2011-2618-1,1B,United States,Illinois,Peoria,40.7222223,-89.5519444,40.69352232924267,-89.59142458669179,NA,"McClugage Bridge, Maternal lines = 30, Seedheads = 90; 4 packets",2/28/24,3/12/24,1999-11-11T00:00:00Z,Smith,-89.5519444,40.7222223,14 - McClugage Bridge (1999),Total Load
Boltonia_182,0.18279790191894976,0.14170050477462834,0.0759973555358139,Hennepin Bridge (1999),Pop_17,B. decurrens,TRUE,TRUE,182,2011-2623-1,11A,United States,Illinois,Hennepin,NA,NA,41.34414603458205,-89.55849691836283,NA,"Hennepin Bridge, Maternal lines = 30, Seedheads = 90; 6 packets",2/29/24,3/8/24,1999-11-11T00:00:00Z,Smith,-89.55849691836283,41.34414603458205,17 - Hennepin Bridge (1999),Total Load
Boltonia_183,0.18217620175740193,0.1410555515337383,0.07615574792196075,Beardstown (1997),Pop_07,B. decurrens,TRUE,TRUE,183,2011-2636-1,22,United States,Illinois,Cass,40.010555600000004,-90.4458333,40.0178975293398,-90.42445029519196,NA,"Beardstown, Maternal lines = 52, Seedheads = 53; 3 packets",2/29/24,3/7/24,1997-11-21T00:00:00Z,Smith,-90.4458333,40.010555600000004,7 - Beardstown (1997),Total Load
Boltonia_184,0.19308578363264428,0.14969085021948153,0.07959906066428389,Horseshoe Lake (2000),Pop_02,B. decurrens,TRUE,TRUE,184,2011-2609-1,18C,United States,Illinois,Madison,38.6891666,-90.0972222,38.69652811427051,-90.085926104309,NA,"Horseshoe Lake, Maternal lines = 30, Seedheads = 90; 3 packets",2/29/24,3/10/24,2000-11-01T00:00:00Z,Smith,-90.0972222,38.6891666,2 - Horseshoe Lake (2000),Total Load
Boltonia_185,0.18272960909817368,0.1411550915109675,0.07604556191420642,Woodford County (1999),Pop_15,B. decurrens,TRUE,TRUE,185,2011-2650-1,21A,United States,Illinois,Woodford,40.8852777,-89.4583333,40.84668797480775,-89.0297386240063,NA,"Woodford County, Maternal lines = 30, Seedheads = 90; 6 packets",2/29/24,3/9/24,1999-11-11T00:00:00Z,Smith,-89.4583333,40.8852777,15 - Woodford County (1999),Total Load
Boltonia_186,0.18233712162244903,0.14058006304746987,0.07631758362084995,Cooper Park (2000),Pop_13,B. decurrens,TRUE,TRUE,186,2011-2661-1,12A,United States,Illinois,Tazewell,NA,NA,40.69584983597212,-89.54394792156027,NA,"Cooper park South, Maternal lines = 43, Seedheads = 73; 4 packets",3/1/24,3/8/24,2000-10-01T00:00:00Z,Smith,-89.54394792156027,40.69584983597212,13 - Cooper Park (2000),Total Load
Boltonia_187,0.18062273632848375,0.1399861137618543,0.07514685728846009,Frederick Borrow Pit (1999),Pop_08,B. decurrens,TRUE,TRUE,187,2011-2675-1,16A,United States,Illinois,Schuyler,40.0672223,-90.4275,40.07010712467176,-90.42899627731744,NA,"Frederick Borrow Pit, Maternal lines = 30, Seedheads = 90; 3 packets",2/29/24,3/6/24,1999-10-07T00:00:00Z,Smith,-90.4275,40.0672223,8 - Frederick Borrow Pit (1999),Total Load
Boltonia_188,0.17899234335432357,0.13897919696740355,0.07483007251616636,Frederick Borrow Pit (1999),Pop_08,B. decurrens,TRUE,TRUE,188,2011-2675-1,3C,United States,Illinois,Schuyler,40.0672223,-90.4275,40.07010712467176,-90.42899627731744,NA,"Frederick Borrow Pit, Maternal lines = 30, Seedheads = 90; 3 packets",2/29/24,3/7/24,1999-10-07T00:00:00Z,Smith,-90.4275,40.0672223,8 - Frederick Borrow Pit (1999),Total Load
Boltonia_189,0.1814814989253693,0.14042047002612718,0.07591471602999814,Rice Lake (1999),Pop_12,B. decurrens,TRUE,TRUE,189,2011-2666-1,3B,United States,Illinois,Fulton,40.4925,-89.9022222,40.46699902833787,-89.9485498557629,NA,"Rice Lake, Maternal lines = 30, Seedheads = 90; 3 packets",2/29/24,3/7/24,1999-10-14T00:00:00Z,Smith,-89.9022222,40.4925,12 - Rice Lake (1999),Total Load
Boltonia_190,0.1557311806180265,0.12121830350973024,0.0656674173088445,Gilbert Lake (1997),Pop_04,B. decurrens,TRUE,TRUE,190,2011-2598-1,L12A,United States,Illinois,Jersey,NA,NA,38.96139842380207,-90.51481032460988,NA,"Gilbert Lake, Maternal lines = 32, Seedheads = 98; 6 packets",2/29/24,3/8/24,1997-11-08T00:00:00Z,Smith,-90.51481032460988,38.96139842380207,4 - Gilbert Lake (1997),Total Load
Boltonia_191,0.18227275367643017,0.14161001388623815,0.07700624616931458,Sparland (1999),Pop_16,B. decurrens,TRUE,TRUE,191,2011-2629-1,11B,United States,Illinois,Marshal,41.045,-89.4311111,41.02868892611459,-89.43846248262098,NA,"Sparland, Maternal lines = 30, Seedheads = 90; 3 packets",2/29/24,3/14/24,1999-11-11T00:00:00Z,Smith,-89.4311111,41.045,16 - Sparland (1999),Total Load
Boltonia_192,0.18265739140264034,0.14124064653271823,0.07595947909564835,Smith Lake (1998),Pop_05,B. decurrens,TRUE,TRUE,192,2011-2638-1,6A,United States,Illinois,Scott,39.7852777,-90.5902777,39.78656976625663,-90.58910563509704,Smith Lake,NA,2/29/24,3/6/24,1998-11-11T00:00:00Z,Smith,-90.5902777,39.7852777,5 - Smith Lake (1998),Total Load
Boltonia_193,0.18053481913392144,0.14022303536054861,0.07505388784441736,Anderson Lake (1997),Pop_10,B. decurrens,TRUE,TRUE,193,2011-2664-1,16,United States,Illinois,Fulton,40.2047222,-90.1994444,40.20744447961278,-90.1871999885973,NA,"Anderson Lake, Maternal lines = 31, Seedheads = 31",2/29/24,3/7/24,1997-11-21T00:00:00Z,Smith,-90.1994444,40.2047222,10 - Anderson Lake (1997),Total Load
Boltonia_194,0.17970745553509387,0.1394184890983159,0.07559448794496208,Beardstown (1997),Pop_07,B. decurrens,TRUE,TRUE,194,2011-2636-1,30,United States,Illinois,Cass,40.010555600000004,-90.4458333,40.0178975293398,-90.42445029519196,NA,"Beardstown, Maternal lines = 52, Seedheads = 53; 3 packets",2/29/24,3/7/24,1997-11-21T00:00:00Z,Smith,-90.4458333,40.010555600000004,7 - Beardstown (1997),Total Load
Boltonia_195,0.1796014839166482,0.13906557463359417,0.07477153619954686,Sparland (1999),Pop_16,B. decurrens,TRUE,TRUE,195,2011-2629-1,7C,United States,Illinois,Marshal,41.045,-89.4311111,41.02868892611459,-89.43846248262098,NA,"Sparland, Maternal lines = 30, Seedheads = 90; 3 packets",2/29/24,3/7/24,1999-11-11T00:00:00Z,Smith,-89.4311111,41.045,16 - Sparland (1999),Total Load
Boltonia_196,0.19201821769867325,0.1496801558417627,0.081386139977549607,Fairmont City (1997),Pop_01,B. decurrens,TRUE,TRUE,196,2011-2599-1,19,United States,Illinois,Saint Clair,38.6494444,-90.1161111,38.6515072789885,-90.10298738781108,NA,"Fairmont City, Maternal lines = 28, Seedheads = 28; 2 packets",3/1/24,3/10/24,1997-12-05T00:00:00Z,Smith,-90.1161111,38.6494444,1 - Fairmont City (1997),Total Load
Boltonia_197,0.17976004885684096,0.1384337837037427,0.07426881253916769,Frederick Landing (2011),Pop_09,B. decurrens,TRUE,TRUE,197,2011-2659-1,5A,United States,Illinois,Frederick,NA,NA,40.07116308939078,-90.429571958886,NA,"Frederick Landing, Maternal lines = 15, Seedheads = 44; 2 packets",2/29/24,3/7/24,2011-12-01T00:00:00Z,Smith,-90.429571958886,40.07116308939078,9 - Frederick Landing (2011),Total Load
Boltonia_198,0.18440867051932372,0.1426539496804849,0.07701313279479922,Meredosia Lake (1999),Pop_06,B. decurrens,TRUE,TRUE,198,2011-2620-1,15B,United States,Illinois,Morgan,39.8672223,-90.5533333,39.87546015928839,-90.55308508241012,NA,"Meredosia Lake, Maternal lines = 30, Seedheads = 90; 5 packets",2/29/24,3/9/24,1999-10-07T00:00:00Z,Smith,-90.5533333,39.8672223,6 - Meredosia Lake (1999),Total Load
Boltonia_200,0.18281674131778455,0.1424030431263121,0.07649319257070843,Meredosia Lake (1999),Pop_06,B. decurrens,TRUE,TRUE,200,2011-2620-1,30B,United States,Illinois,Morgan,39.8672223,-90.5533333,39.87546015928839,-90.55308508241012,NA,"Meredosia Lake, Maternal lines = 30, Seedheads = 90; 5 packets",2/29/24,3/9/24,1999-10-07T00:00:00Z,Smith,-90.5533333,39.8672223,6 - Meredosia Lake (1999),Total Load
Boltonia_201,0.18032366087198157,0.13883441154597925,0.07531557961283392,Woodford County (1999),Pop_15,B. decurrens,TRUE,TRUE,201,2011-2650-1,8B,United States,Illinois,Woodford,40.8852777,-89.4583333,40.84668797480775,-89.0297386240063,NA,"Woodford County, Maternal lines = 30, Seedheads = 90; 6 packets",2/29/24,3/7/24,1999-11-11T00:00:00Z,Smith,-89.4583333,40.8852777,15 - Woodford County (1999),Total Load
Boltonia_202,0.18077973131877362,0.13999680813957316,0.07523294010701816,Rice Lake (1999),Pop_12,B. decurrens,TRUE,TRUE,202,2011-2666-1,7B,United States,Illinois,Fulton,40.4925,-89.9022222,40.46699902833787,-89.9485498557629,NA,"Rice Lake, Maternal lines = 30, Seedheads = 90; 3 packets",2/29/24,3/6/24,1999-10-14T00:00:00Z,Smith,-89.9022222,40.4925,12 - Rice Lake (1999),Total Load
Boltonia_203,0.19215558831517687,0.14922770139981179,0.08076634368393144,Horseshoe Lake (2000),Pop_02,B. decurrens,TRUE,TRUE,203,2011-2609-1,X1,United States,Illinois,Madison,38.6891666,-90.0972222,38.69652811427051,-90.085926104309,NA,"Horseshoe Lake, Maternal lines = 30, Seedheads = 90; 3 packets",2/29/24,3/15/24,2000-11-01T00:00:00Z,Smith,-90.0972222,38.6891666,2 - Horseshoe Lake (2000),Total Load
Boltonia_204,0.18188811595022003,0.141629757352796,0.07716463855546143,Meredosia Lake (1999),Pop_06,B. decurrens,TRUE,TRUE,204,2011-2620-1,6A,United States,Illinois,Morgan,39.8672223,-90.5533333,39.87546015928839,-90.55308508241012,NA,"Meredosia Lake, Maternal lines = 30, Seedheads = 90; 5 packets",3/1/24,3/8/24,1999-10-07T00:00:00Z,Smith,-90.5533333,39.8672223,6 - Meredosia Lake (1999),Total Load
Boltonia_205,0.18126484583876928,0.1400922348946028,0.07576665358207825,Hennepin Bridge (1999),Pop_17,B. decurrens,TRUE,TRUE,205,2011-2623-1,27B,United States,Illinois,Hennepin,NA,NA,41.34414603458205,-89.55849691836283,NA,"Hennepin Bridge, Maternal lines = 30, Seedheads = 90; 6 packets",2/29/24,3/7/24,1999-11-11T00:00:00Z,Smith,-89.55849691836283,41.34414603458205,17 - Hennepin Bridge (1999),Total Load
Boltonia_207,0.1810356331529461,0.14078654680188749,0.07533968280203018,Rice Lake (1999),Pop_12,B. decurrens,TRUE,TRUE,207,2011-2666-1,6B,United States,Illinois,Fulton,40.4925,-89.9022222,40.46699902833787,-89.9485498557629,NA,"Rice Lake, Maternal lines = 30, Seedheads = 90; 3 packets",2/29/24,3/9/24,1999-10-14T00:00:00Z,Smith,-89.9022222,40.4925,12 - Rice Lake (1999),Total Load
Boltonia_208,0.18267309090166933,0.14159767421963948,0.07669979133524782,Sparland (1999),Pop_16,B. decurrens,TRUE,TRUE,208,2011-2629-1,3B,United States,Illinois,Marshal,41.045,-89.4311111,41.02868892611459,-89.43846248262098,NA,"Sparland, Maternal lines = 30, Seedheads = 90; 3 packets",2/29/24,3/9/24,1999-11-11T00:00:00Z,Smith,-89.4311111,41.045,16 - Sparland (1999),Total Load
Boltonia_209,0.1808558738890642,0.13910506156670988,0.07458904062420374,Hennepin Bridge (1999),Pop_17,B. decurrens,TRUE,TRUE,209,2011-2623-1,11A,United States,Illinois,Hennepin,NA,NA,41.34414603458205,-89.55849691836283,NA,"Hennepin Bridge, Maternal lines = 30, Seedheads = 90; 6 packets",3/2/24,3/12/24,1999-11-11T00:00:00Z,Smith,-89.55849691836283,41.34414603458205,17 - Hennepin Bridge (1999),Total Load
Boltonia_210,0.18379011025758168,0.1417605578187418,0.07659649195297812,Gilbert Lake (1997),Pop_04,B. decurrens,TRUE,TRUE,210,2011-2598-1,S16A,United States,Illinois,Jersey,NA,NA,38.96139842380207,-90.51481032460988,NA,"Gilbert Lake, Maternal lines = 32, Seedheads = 98; 6 packets",2/29/24,3/7/24,1997-11-08T00:00:00Z,Smith,-90.51481032460988,38.96139842380207,4 - Gilbert Lake (1997),Total Load
Boltonia_211,0.19230394858100078,0.14985291117414395,0.08135859347561102,West Alton (1999),Pop_03,B. decurrens,TRUE,TRUE,211,2011-2635-1,31,United States,Illinois,Alton,NA,NA,38.86501904919102,-90.22302347588696,NA,"West Alton, Maternal lines = 32, Seedheads = 32; 2 packets",2/29/24,3/10/24,1999-11-07T00:00:00Z,Smith,-90.22302347588696,38.86501904919102,3 - West Alton (1999),Total Load
Boltonia_212,0.18036604951935983,0.14068536153577846,0.07618329442389934,Frederick Borrow Pit (1999),Pop_08,B. decurrens,TRUE,TRUE,212,2011-2675-1,10A,United States,Illinois,Schuyler,40.0672223,-90.4275,40.07010712467176,-90.42899627731744,NA,"Frederick Borrow Pit, Maternal lines = 30, Seedheads = 90; 3 packets",3/1/24,Unknown,1999-10-07T00:00:00Z,Smith,-90.4275,40.0672223,8 - Frederick Borrow Pit (1999),Total Load
Boltonia_213,0.19140829216139713,0.14838531349334316,0.07974367979946147,West Alton (1999),Pop_03,B. decurrens,TRUE,TRUE,213,2011-2635-1,35?,United States,Illinois,Alton,NA,NA,38.86501904919102,-90.22302347588696,NA,"West Alton, Maternal lines = 32, Seedheads = 32; 2 packets",2/29/24,3/7/24,1999-11-07T00:00:00Z,Smith,-90.22302347588696,38.86501904919102,3 - West Alton (1999),Total Load
Boltonia_214,0.19097891086295438,0.14805790100625868,0.0804323423479261,Horseshoe Lake (2000),Pop_02,B. decurrens,TRUE,TRUE,214,2011-2609-1,7C,United States,Illinois,Madison,38.6891666,-90.0972222,38.69652811427051,-90.085926104309,NA,"Horseshoe Lake, Maternal lines = 30, Seedheads = 90; 3 packets",3/1/24,3/10/24,2000-11-01T00:00:00Z,Smith,-90.0972222,38.6891666,2 - Horseshoe Lake (2000),Total Load
Boltonia_215,0.18065256537663882,0.13898824605624255,0.07479563938874312,Anderson Lake (1997),Pop_10,B. decurrens,TRUE,TRUE,215,2011-2664-1,1,United States,Illinois,Fulton,40.2047222,-90.1994444,40.20744447961278,-90.1871999885973,NA,"Anderson Lake, Maternal lines = 31, Seedheads = 31",2/29/24,3/7/24,1997-11-21T00:00:00Z,Smith,-90.1994444,40.2047222,10 - Anderson Lake (1997),Total Load
Boltonia_217,0.17969568091082214,0.13888047963461425,0.07443064823805687,Woodford County (1999),Pop_15,B. decurrens,TRUE,TRUE,217,2011-2650-1,18A,United States,Illinois,Woodford,40.8852777,-89.4583333,40.84668797480775,-89.0297386240063,NA,"Woodford County, Maternal lines = 30, Seedheads = 90; 6 packets",2/29/24,3/7/24,1999-11-11T00:00:00Z,Smith,-89.4583333,40.8852777,15 - Woodford County (1999),Total Load
Boltonia_218,0.1550992757821098,0.1216674673739215,0.06627344035149337,Gilbert Lake (1997),Pop_04,B. decurrens,TRUE,TRUE,218,2011-2598-1,L14A,United States,Illinois,Jersey,NA,NA,38.96139842380207,-90.51481032460988,NA,"Gilbert Lake, Maternal lines = 32, Seedheads = 98; 6 packets",2/29/24,3/8/24,1997-11-08T00:00:00Z,Smith,-90.51481032460988,38.96139842380207,4 - Gilbert Lake (1997),Total Load
Boltonia_219,0.17930790328480617,0.13874309801314916,0.07412419340399011,Cooper Park (2000),Pop_13,B. decurrens,TRUE,TRUE,219,2011-2661-1,25A,United States,Illinois,Tazewell,NA,NA,40.69584983597212,-89.54394792156027,NA,"Cooper park South, Maternal lines = 43, Seedheads = 73; 4 packets",2/29/24,3/7/24,2000-10-01T00:00:00Z,Smith,-89.54394792156027,40.69584983597212,13 - Cooper Park (2000),Total Load
Boltonia_220,0.1813048795612932,0.1411180725111715,0.07572189051642804,Frederick Borrow Pit (1999),Pop_08,B. decurrens,TRUE,TRUE,220,2011-2675-1,12B,United States,Illinois,Schuyler,40.0672223,-90.4275,40.07010712467176,-90.42899627731744,NA,"Frederick Borrow Pit, Maternal lines = 30, Seedheads = 90; 3 packets",3/1/24,3/8/24,1999-10-07T00:00:00Z,Smith,-90.4275,40.0672223,8 - Frederick Borrow Pit (1999),Total Load
Boltonia_221,0.18263698205390266,0.14092804164555212,0.0758045300222438,Sparland (1999),Pop_16,B. decurrens,TRUE,TRUE,221,2011-2629-1,14A,United States,Illinois,Marshal,41.045,-89.4311111,41.02868892611459,-89.43846248262098,NA,"Sparland, Maternal lines = 30, Seedheads = 90; 3 packets",2/29/24,3/8/24,1999-11-11T00:00:00Z,Smith,-89.4311111,41.045,16 - Sparland (1999),Total Load
Boltonia_222,0.18236773564555556,0.1397417883632008,0.07452706099484192,Cooper Park (2000),Pop_13,B. decurrens,TRUE,TRUE,222,2011-2661-1,15A,United States,Illinois,Tazewell,NA,NA,40.69584983597212,-89.54394792156027,NA,"Cooper park South, Maternal lines = 43, Seedheads = 73; 4 packets",2/29/24,3/8/24,2000-10-01T00:00:00Z,Smith,-89.54394792156027,40.69584983597212,13 - Cooper Park (2000),Total Load
Boltonia_224,0.1831330862232186,0.14131632982119,0.07638644987569641,Smith Lake (1998),Pop_05,B. decurrens,TRUE,TRUE,224,2011-2638-1,12C,United States,Illinois,Scott,39.7852777,-90.5902777,39.78656976625663,-90.58910563509704,Smith Lake,NA,2/29/24,3/9/24,1998-11-11T00:00:00Z,Smith,-90.5902777,39.7852777,5 - Smith Lake (1998),Total Load
Boltonia_225,0.15526412052191416,0.12024922835951536,0.06453112410387786,Gilbert Lake (1997),Pop_04,B. decurrens,TRUE,TRUE,225,2011-2598-1,S6B,United States,Illinois,Jersey,NA,NA,38.96139842380207,-90.51481032460988,NA,"Gilbert Lake, Maternal lines = 32, Seedheads = 98; 6 packets",2/29/24,3/8/24,1997-11-08T00:00:00Z,Smith,-90.51481032460988,38.96139842380207,4 - Gilbert Lake (1997),Total Load
Boltonia_226,0.19254886076585295,0.14908044804506776,0.08092129275733598,Fairmont City (1997),Pop_01,B. decurrens,TRUE,TRUE,226,2011-2599-1,4,United States,Illinois,Saint Clair,38.6494444,-90.1161111,38.6515072789885,-90.10298738781108,NA,"Fairmont City, Maternal lines = 28, Seedheads = 28; 2 packets",2/29/24,3/8/24,1997-12-05T00:00:00Z,Smith,-90.1161111,38.6494444,1 - Fairmont City (1997),Total Load
Boltonia_227,0.18046652631314536,0.13996637029529646,0.0753878891804227,Anderson Lake (2000),Pop_11,B. decurrens,TRUE,TRUE,227,2011-2613-1,18A,United States,Illinois,Fulton,40.2047222,-90.1994444,40.20813714639404,-90.18724497777134,NA,"Anderson Lake, Maternal lines = 30, Seedheads = 61; 2 packets",2/29/24,3/16/24,2000-10-01T00:00:00Z,Smith,-90.1994444,40.2047222,11 - Anderson Lake (2000),Total Load
Boltonia_228,0.18085979876382144,0.14067137658029996,0.0759973555358139,Sparland (1999),Pop_16,B. decurrens,TRUE,TRUE,228,2011-2629-1,30A,United States,Illinois,Marshal,41.045,-89.4311111,41.02868892611459,-89.43846248262098,NA,"Sparland, Maternal lines = 30, Seedheads = 90; 3 packets",2/29/24,3/9/24,1999-11-11T00:00:00Z,Smith,-89.4311111,41.045,16 - Sparland (1999),Total Load
Boltonia_229,0.18091867188518015,0.14040237184844914,0.07655172888732792,McClugage Bridge (1999),Pop_14,B. decurrens,TRUE,TRUE,229,2011-2618-1,26A,United States,Illinois,Peoria,40.7222223,-89.5519444,40.69352232924267,-89.59142458669179,NA,"McClugage Bridge, Maternal lines = 30, Seedheads = 90; 4 packets",2/29/24,3/6/24,1999-11-11T00:00:00Z,Smith,-89.5519444,40.7222223,14 - McClugage Bridge (1999),Total Load
Boltonia_230,0.1822696137766244,0.14092886428999205,0.07692704997624114,McClugage Bridge (1999),Pop_14,B. decurrens,TRUE,TRUE,230,2011-2618-1,1B,United States,Illinois,Peoria,40.7222223,-89.5519444,40.69352232924267,-89.59142458669179,NA,"McClugage Bridge, Maternal lines = 30, Seedheads = 90; 4 packets",2/29/24,3/6/24,1999-11-11T00:00:00Z,Smith,-89.5519444,40.7222223,14 - McClugage Bridge (1999),Total Load
Boltonia_231,0.1818622117768222,0.140680425669139,0.07566335419980855,Rice Lake (1999),Pop_12,B. decurrens,TRUE,TRUE,231,2011-2666-1,11B,United States,Illinois,Fulton,40.4925,-89.9022222,40.46699902833787,-89.9485498557629,NA,"Rice Lake, Maternal lines = 30, Seedheads = 90; 3 packets",2/29/24,3/6/24,1999-10-14T00:00:00Z,Smith,-89.9022222,40.4925,12 - Rice Lake (1999),Total Load
Boltonia_232,0.17984404117664604,0.1392210544327373,0.07540510574413432,Woodford County (1999),Pop_15,B. decurrens,TRUE,TRUE,232,2011-2650-1,6B,United States,Illinois,Woodford,40.8852777,-89.4583333,40.84668797480775,-89.0297386240063,NA,"Woodford County, Maternal lines = 30, Seedheads = 90; 6 packets",2/29/24,3/7/24,1999-11-11T00:00:00Z,Smith,-89.4583333,40.8852777,15 - Woodford County (1999),Total Load
Boltonia_233,0.18092181178498595,0.14059075742518873,0.07548430193720775,Hennepin Bridge (1999),Pop_17,B. decurrens,TRUE,TRUE,233,2011-2623-1,14B,United States,Illinois,Hennepin,NA,NA,41.34414603458205,-89.55849691836283,NA,"Hennepin Bridge, Maternal lines = 30, Seedheads = 90; 6 packets",2/29/24,3/8/24,1999-11-11T00:00:00Z,Smith,-89.55849691836283,41.34414603458205,17 - Hennepin Bridge (1999),Total Load
Boltonia_234,0.1798511059512091,0.1392218770771772,0.07522261016879118,Frederick Landing (2011),Pop_09,B. decurrens,TRUE,TRUE,234,2011-2659-1,15A,United States,Illinois,Frederick,NA,NA,40.07116308939078,-90.429571958886,NA,"Frederick Landing, Maternal lines = 15, Seedheads = 44; 2 packets",2/29/24,3/6/24,2011-12-01T00:00:00Z,Smith,-90.429571958886,40.07116308939078,9 - Frederick Landing (2011),Total Load
Boltonia_235,0.1780982568846228,0.13764980355250775,0.07431013229207556,Frederick Borrow Pit (1999),Pop_08,B. decurrens,TRUE,TRUE,235,2011-2675-1,15B,United States,Illinois,Schuyler,40.0672223,-90.4275,40.07010712467176,-90.42899627731744,NA,"Frederick Borrow Pit, Maternal lines = 30, Seedheads = 90; 3 packets",2/29/24,3/6/24,1999-10-07T00:00:00Z,Smith,-90.4275,40.0672223,8 - Frederick Borrow Pit (1999),Total Load
Boltonia_236,0.18127740543799248,0.141767961618701,0.07668946139702085,Smith Lake (1998),Pop_05,B. decurrens,TRUE,TRUE,236,2011-2638-1,20C,United States,Illinois,Scott,39.7852777,-90.5902777,39.78656976625663,-90.58910563509704,Smith Lake,NA,2/29/24,3/7/24,1998-11-11T00:00:00Z,Smith,-90.5902777,39.7852777,5 - Smith Lake (1998),Total Load
Boltonia_237,0.1795536004446098,0.13974590158540037,0.07619706767486864,Frederick Landing (2011),Pop_09,B. decurrens,TRUE,TRUE,237,2011-2659-1,2A,United States,Illinois,Frederick,NA,NA,40.07116308939078,-90.429571958886,NA,"Frederick Landing, Maternal lines = 15, Seedheads = 44; 2 packets",2/29/24,3/16/24,2011-12-01T00:00:00Z,Smith,-90.429571958886,40.07116308939078,9 - Frederick Landing (2011),Total Load
Boltonia_238,0.1818190381544925,0.14103827600050017,0.07635890337375782,Frederick Landing (2011),Pop_09,B. decurrens,TRUE,TRUE,238,2011-2659-1,5A,United States,Illinois,Frederick,NA,NA,40.07116308939078,-90.429571958886,NA,"Frederick Landing, Maternal lines = 15, Seedheads = 44; 2 packets",2/28/24,3/18/24,2011-12-01T00:00:00Z,Smith,-90.429571958886,40.07116308939078,9 - Frederick Landing (2011),Total Load
Boltonia_239,0.1833732885583621,0.1416215309083969,0.07672389452444407,Frederick Landing (2011),Pop_09,B. decurrens,TRUE,TRUE,239,2011-2659-1,11A,United States,Illinois,Frederick,NA,NA,40.07116308939078,-90.429571958886,NA,"Frederick Landing, Maternal lines = 15, Seedheads = 44; 2 packets",2/29/24,3/7/24,2011-12-01T00:00:00Z,Smith,-90.429571958886,40.07116308939078,9 - Frederick Landing (2011),Total Load
Boltonia_240,0.18044925686421345,0.14022303536054861,0.07650696582167772,Cooper Park (2000),Pop_13,B. decurrens,TRUE,TRUE,240,2011-2661-1,2A,United States,Illinois,Tazewell,NA,NA,40.69584983597212,-89.54394792156027,NA,"Cooper park South, Maternal lines = 43, Seedheads = 73; 4 packets",2/29/24,3/6/24,2000-10-01T00:00:00Z,Smith,-89.54394792156027,40.69584983597212,13 - Cooper Park (2000),Total Load
Boltonia_241,0.1827971169439983,0.14145042086489545,0.07679276077929054,Rice Lake (1999),Pop_12,B. decurrens,TRUE,TRUE,241,2011-2666-1,18A,United States,Illinois,Fulton,40.4925,-89.9022222,40.46699902833787,-89.9485498557629,NA,"Rice Lake, Maternal lines = 30, Seedheads = 90; 3 packets",2/29/24,3/7/24,1999-10-14T00:00:00Z,Smith,-89.9022222,40.4925,12 - Rice Lake (1999),Total Load
Boltonia_242,0.18049871028615477,0.13982076222943224,0.075401662431392,Frederick Landing (2011),Pop_09,B. decurrens,TRUE,TRUE,242,2011-2659-1,9A,United States,Illinois,Frederick,NA,NA,40.07116308939078,-90.429571958886,NA,"Frederick Landing, Maternal lines = 15, Seedheads = 44; 2 packets",2/29/24,3/5/24,2011-12-01T00:00:00Z,Smith,-90.429571958886,40.07116308939078,9 - Frederick Landing (2011),Total Load
Boltonia_243,0.18040765319178664,0.13996719293973636,0.07572533382917036,Rice Lake (1999),Pop_12,B. decurrens,TRUE,TRUE,243,2011-2666-1,7B,United States,Illinois,Fulton,40.4925,-89.9022222,40.46699902833787,-89.9485498557629,NA,"Rice Lake, Maternal lines = 30, Seedheads = 90; 3 packets",2/29/24,3/6/24,1999-10-14T00:00:00Z,Smith,-89.9022222,40.4925,12 - Rice Lake (1999),Total Load
Boltonia_244,0.1849306788620375,0.1432873858992162,0.07824928206929323,Meredosia Lake (1999),Pop_06,B. decurrens,TRUE,TRUE,244,2011-2620-1,12B,United States,Illinois,Morgan,39.8672223,-90.5533333,39.87546015928839,-90.55308508241012,NA,"Meredosia Lake, Maternal lines = 30, Seedheads = 90; 5 packets",2/29/24,3/8/24,1999-10-07T00:00:00Z,Smith,-90.5533333,39.8672223,6 - Meredosia Lake (1999),Total Load
Boltonia_245,0.1822680438267215,0.1413599299765053,0.07675488433912499,Meredosia Lake (1999),Pop_06,B. decurrens,TRUE,TRUE,245,2011-2620-1,27A,United States,Illinois,Morgan,39.8672223,-90.5533333,39.87546015928839,-90.55308508241012,NA,"Meredosia Lake, Maternal lines = 30, Seedheads = 90; 5 packets",3/1/24,3/9/24,1999-10-07T00:00:00Z,Smith,-90.5533333,39.8672223,6 - Meredosia Lake (1999),Total Load
Boltonia_246,0.18069809392382288,0.13983721511823047,0.07459248393694606,Anderson Lake (2000),Pop_11,B. decurrens,TRUE,TRUE,246,2011-2613-1,29A,United States,Illinois,Fulton,40.2047222,-90.1994444,40.20813714639404,-90.18724497777134,NA,"Anderson Lake, Maternal lines = 30, Seedheads = 61; 2 packets",2/29/24,3/8/24,2000-10-01T00:00:00Z,Smith,-90.1994444,40.2047222,11 - Anderson Lake (2000),Total Load
Boltonia_247,0.1911594551017877,0.14798797622886625,0.07968170017009965,West Alton (1999),Pop_03,B. decurrens,TRUE,TRUE,247,2011-2635-1,28,United States,Illinois,Alton,NA,NA,38.86501904919102,-90.22302347588696,NA,"West Alton, Maternal lines = 32, Seedheads = 32; 2 packets",2/29/24,3/6/24,1999-11-07T00:00:00Z,Smith,-90.22302347588696,38.86501904919102,3 - West Alton (1999),Total Load
Boltonia_248,0.1926242183611921,0.14932230551040152,0.08071469399279659,West Alton (1999),Pop_03,B. decurrens,TRUE,TRUE,248,2011-2635-1,26,United States,Illinois,Alton,NA,NA,38.86501904919102,-90.22302347588696,NA,"West Alton, Maternal lines = 32, Seedheads = 32; 2 packets",2/29/24,3/18/24,1999-11-07T00:00:00Z,Smith,-90.22302347588696,38.86501904919102,3 - West Alton (1999),Total Load
Boltonia_249,0.1807954308178026,0.13980842256283357,0.07540510574413432,Cooper Park (2000),Pop_13,B. decurrens,TRUE,TRUE,249,2011-2661-1,23A,United States,Illinois,Tazewell,NA,NA,40.69584983597212,-89.54394792156027,NA,"Cooper park South, Maternal lines = 43, Seedheads = 73; 4 packets",3/1/24,3/12/24,2000-10-01T00:00:00Z,Smith,-89.54394792156027,40.69584983597212,13 - Cooper Park (2000),Total Load
Boltonia_250,0.15645649747316562,0.12148401766382141,0.06541261216591258,Gilbert Lake (1997),Pop_04,B. decurrens,TRUE,TRUE,250,2011-2598-1,S6B,United States,Illinois,Jersey,NA,NA,38.96139842380207,-90.51481032460988,NA,"Gilbert Lake, Maternal lines = 32, Seedheads = 98; 6 packets",2/29/24,3/6/24,1997-11-08T00:00:00Z,Smith,-90.51481032460988,38.96139842380207,4 - Gilbert Lake (1997),Total Load
Boltonia_251,0.18227118372652729,0.14144137177605645,0.07568401407626249,Smith Lake (1998),Pop_05,B. decurrens,TRUE,TRUE,251,2011-2638-1,17A,United States,Illinois,Scott,39.7852777,-90.5902777,39.78656976625663,-90.58910563509704,Smith Lake,NA,3/1/24,3/8/24,1998-11-11T00:00:00Z,Smith,-90.5902777,39.7852777,5 - Smith Lake (1998),Total Load
Boltonia_253,0.19186985743284932,0.14912651613370276,0.0813413769118994,Frederick Borrow Pit (1999),Pop_08,B. decurrens,TRUE,TRUE,253,2011-2675-1,25A,United States,Illinois,Schuyler,40.0672223,-90.4275,40.07010712467176,-90.42899627731744,NA,"Frederick Borrow Pit, Maternal lines = 30, Seedheads = 90; 3 packets",2/29/24,3/7/24,1999-10-07T00:00:00Z,Smith,-90.4275,40.0672223,8 - Frederick Borrow Pit (1999),Total Load
Boltonia_254,0.18155293164595118,0.14138049608750305,0.07648286263248145,Smith Lake (1998),Pop_05,B. decurrens,TRUE,TRUE,254,2011-2638-1,20C,United States,Illinois,Scott,39.7852777,-90.5902777,39.78656976625663,-90.58910563509704,Smith Lake,NA,2/29/24,3/7/24,1998-11-11T00:00:00Z,Smith,-90.5902777,39.7852777,5 - Smith Lake (1998),Total Load
Boltonia_255,0.19107389283207973,0.14876702051346175,0.08105558195428658,Fairmont City (1997),Pop_01,B. decurrens,TRUE,TRUE,255,2011-2599-1,27,United States,Illinois,Saint Clair,38.6494444,-90.1161111,38.6515072789885,-90.10298738781108,NA,"Fairmont City, Maternal lines = 28, Seedheads = 28; 2 packets",3/1/24,3/7/24,1997-12-05T00:00:00Z,Smith,-90.1161111,38.6494444,1 - Fairmont City (1997),Total Load
Boltonia_256,0.17968312131159894,0.14064751989154256,0.07533968280203018,Smith Lake (1998),Pop_05,B. decurrens,TRUE,TRUE,256,2011-2638-1,20C,United States,Illinois,Scott,39.7852777,-90.5902777,39.78656976625663,-90.58910563509704,Smith Lake,NA,2/29/24,3/10/24,1998-11-11T00:00:00Z,Smith,-90.5902777,39.7852777,5 - Smith Lake (1998),Total Load
Boltonia_257,0.18168323748789175,0.14026416758254415,0.07619362436212632,Woodford County (1999),Pop_15,B. decurrens,TRUE,TRUE,257,2011-2650-1,1A,United States,Illinois,Woodford,40.8852777,-89.4583333,40.84668797480775,-89.0297386240063,NA,"Woodford County, Maternal lines = 30, Seedheads = 90; 6 packets",2/29/24,3/10/24,1999-11-11T00:00:00Z,Smith,-89.4583333,40.8852777,15 - Woodford County (1999),Total Load
Boltonia_258,0.18217306185759613,0.1407873694463274,0.0755669414430235,Hennepin Bridge (1999),Pop_17,B. decurrens,TRUE,TRUE,258,2011-2623-1,19A,United States,Illinois,Hennepin,NA,NA,41.34414603458205,-89.55849691836283,NA,"Hennepin Bridge, Maternal lines = 30, Seedheads = 90; 6 packets",2/29/24,3/9/24,1999-11-11T00:00:00Z,Smith,-89.55849691836283,41.34414603458205,17 - Hennepin Bridge (1999),Total Load
Boltonia_259,0.16051089309740127,0.12411483458265603,0.06707228890771233,Gilbert Lake (1997),Pop_04,B. decurrens,TRUE,TRUE,259,2011-2598-1,S10D,United States,Illinois,Jersey,NA,NA,38.96139842380207,-90.51481032460988,NA,"Gilbert Lake, Maternal lines = 32, Seedheads = 98; 6 packets",2/29/24,3/6/24,1997-11-08T00:00:00Z,Smith,-90.51481032460988,38.96139842380207,4 - Gilbert Lake (1997),Total Load
Boltonia_260,0.18072085819741493,0.14020411453843065,0.07622805748954954,Beardstown (1997),Pop_07,B. decurrens,TRUE,TRUE,260,2011-2636-1,19,United States,Illinois,Cass,40.010555600000004,-90.4458333,40.0178975293398,-90.42445029519196,NA,"Beardstown, Maternal lines = 52, Seedheads = 53; 3 packets",2/29/24,3/7/24,1997-11-21T00:00:00Z,Smith,-90.4458333,40.010555600000004,7 - Beardstown (1997),Total Load
Boltonia_261,0.1921979769625551,0.1485103554482096,0.0811485513983293,West Alton (1999),Pop_03,B. decurrens,TRUE,TRUE,261,2011-2635-1,13,United States,Illinois,Alton,NA,NA,38.86501904919102,-90.22302347588696,NA,"West Alton, Maternal lines = 32, Seedheads = 32; 2 packets",3/1/24,3/9/24,1999-11-07T00:00:00Z,Smith,-90.22302347588696,38.86501904919102,3 - West Alton (1999),Total Load
Boltonia_262,0.19181255426139351,0.14916188984461892,0.08097294244847082,Fairmont City (1997),Pop_01,B. decurrens,TRUE,TRUE,262,2011-2599-1,11,United States,Illinois,Saint Clair,38.6494444,-90.1161111,38.6515072789885,-90.10298738781108,NA,"Fairmont City, Maternal lines = 28, Seedheads = 28; 2 packets",2/29/24,3/6/24,1997-12-05T00:00:00Z,Smith,-90.1161111,38.6494444,1 - Fairmont City (1997),Total Load
Boltonia_263,0.18068003949993955,0.13989644551790403,0.07483007251616636,McClugage Bridge (1999),Pop_14,B. decurrens,TRUE,TRUE,263,2011-2618-1,20C,United States,Illinois,Peoria,40.7222223,-89.5519444,40.69352232924267,-89.59142458669179,NA,"McClugage Bridge, Maternal lines = 30, Seedheads = 90; 4 packets",2/29/24,3/6/24,1999-11-11T00:00:00Z,Smith,-89.5519444,40.7222223,14 - McClugage Bridge (1999),Total Load
Boltonia_264,0.14690335231402765,0.11466100467920158,0.06169727771694592,Gilbert Lake (1997),Pop_04,B. decurrens,TRUE,TRUE,264,2011-2598-1,S15B,United States,Illinois,Jersey,NA,NA,38.96139842380207,-90.51481032460988,NA,"Gilbert Lake, Maternal lines = 32, Seedheads = 98; 6 packets",2/29/24,3/9/24,1997-11-08T00:00:00Z,Smith,-90.51481032460988,38.96139842380207,4 - Gilbert Lake (1997),Total Load
Boltonia_265,0.1808032805673171,0.14033985087101594,0.07514341397571776,Frederick Borrow Pit (1999),Pop_08,B. decurrens,TRUE,TRUE,265,2011-2675-1,12B,United States,Illinois,Schuyler,40.0672223,-90.4275,40.07010712467176,-90.42899627731744,NA,"Frederick Borrow Pit, Maternal lines = 30, Seedheads = 90; 3 packets",3/1/24,3/12/24,1999-10-07T00:00:00Z,Smith,-90.4275,40.0672223,8 - Frederick Borrow Pit (1999),Total Load
Boltonia_267,0.15653185506850475,0.12195292499457054,0.06586712944789923,Gilbert Lake (1997),Pop_04,B. decurrens,TRUE,TRUE,267,2011-2598-1,S11C,United States,Illinois,Jersey,NA,NA,38.96139842380207,-90.51481032460988,NA,"Gilbert Lake, Maternal lines = 32, Seedheads = 98; 6 packets",2/29/24,3/7/24,1997-11-08T00:00:00Z,Smith,-90.51481032460988,38.96139842380207,4 - Gilbert Lake (1997),Total Load
Boltonia_268,0.17897271898053732,0.1387916340351039,0.07484040245439333,Sparland (1999),Pop_16,B. decurrens,TRUE,TRUE,268,2011-2629-1,9A,United States,Illinois,Marshal,41.045,-89.4311111,41.02868892611459,-89.43846248262098,NA,"Sparland, Maternal lines = 30, Seedheads = 90; 3 packets",2/29/24,3/9/24,1999-11-11T00:00:00Z,Smith,-89.4311111,41.045,16 - Sparland (1999),Total Load
Boltonia_269,0.18222408522944034,0.13979196967403537,0.07521916685604886,Woodford County (1999),Pop_15,B. decurrens,TRUE,TRUE,269,2011-2650-1,27B,United States,Illinois,Woodford,40.8852777,-89.4583333,40.84668797480775,-89.0297386240063,NA,"Woodford County, Maternal lines = 30, Seedheads = 90; 6 packets",2/29/24,3/6/24,1999-11-11T00:00:00Z,Smith,-89.4583333,40.8852777,15 - Woodford County (1999),Total Load
Boltonia_270,0.18138808690614683,0.14005603853924672,0.07581141664772845,Rice Lake (1999),Pop_12,B. decurrens,TRUE,TRUE,270,2011-2666-1,28A,United States,Illinois,Fulton,40.4925,-89.9022222,40.46699902833787,-89.9485498557629,NA,"Rice Lake, Maternal lines = 30, Seedheads = 90; 3 packets",2/29/24,3/7/24,1999-10-14T00:00:00Z,Smith,-89.9022222,40.4925,12 - Rice Lake (1999),Total Load
Boltonia_271,0.17996178741936344,0.13932635292104587,0.07450640111838798,Anderson Lake (2000),Pop_11,B. decurrens,TRUE,TRUE,271,2011-2613-1,1A,United States,Illinois,Fulton,40.2047222,-90.1994444,40.20813714639404,-90.18724497777134,NA,"Anderson Lake, Maternal lines = 30, Seedheads = 61; 2 packets",2/29/24,3/7/24,2000-10-01T00:00:00Z,Smith,-90.1994444,40.2047222,11 - Anderson Lake (2000),Total Load
Boltonia_272,0.17849074436034745,0.1391914392329005,0.0751055375355522,Frederick Borrow Pit (1999),Pop_08,B. decurrens,TRUE,TRUE,272,2011-2675-1,28C,United States,Illinois,Schuyler,40.0672223,-90.4275,40.07010712467176,-90.42899627731744,NA,"Frederick Borrow Pit, Maternal lines = 30, Seedheads = 90; 3 packets",2/29/24,3/8/24,1999-10-07T00:00:00Z,Smith,-90.4275,40.0672223,8 - Frederick Borrow Pit (1999),Total Load
Boltonia_273,0.1833795683579737,0.14294681110109314,0.07777754822359495,Meredosia Lake (1999),Pop_06,B. decurrens,TRUE,TRUE,273,2011-2620-1,4C,United States,Illinois,Morgan,39.8672223,-90.5533333,39.87546015928839,-90.55308508241012,NA,"Meredosia Lake, Maternal lines = 30, Seedheads = 90; 5 packets",2/29/24,3/10/24,1999-10-07T00:00:00Z,Smith,-90.5533333,39.8672223,6 - Meredosia Lake (1999),Total Load
Boltonia_274,0.18095399575799537,0.14038098309301147,0.07440310173611829,Anderson Lake (2000),Pop_11,B. decurrens,TRUE,TRUE,274,2011-2613-1,22A,United States,Illinois,Fulton,40.2047222,-90.1994444,40.20813714639404,-90.18724497777134,NA,"Anderson Lake, Maternal lines = 30, Seedheads = 61; 2 packets",2/29/24,3/8/24,2000-10-01T00:00:00Z,Smith,-90.1994444,40.2047222,11 - Anderson Lake (2000),Total Load
Boltonia_275,0.1799468728952859,0.13999845342845296,0.07553595162834259,Woodford County (1999),Pop_15,B. decurrens,TRUE,TRUE,275,2011-2650-1,15B,United States,Illinois,Woodford,40.8852777,-89.4583333,40.84668797480775,-89.0297386240063,NA,"Woodford County, Maternal lines = 30, Seedheads = 90; 6 packets",2/29/24,3/7/24,1999-11-11T00:00:00Z,Smith,-89.4583333,40.8852777,15 - Woodford County (1999),Total Load
Boltonia_276,0.18180883348012364,0.14079724117960632,0.07748142332775516,Cooper Park (2000),Pop_13,B. decurrens,TRUE,TRUE,276,2011-2661-1,4A,United States,Illinois,Tazewell,NA,NA,40.69584983597212,-89.54394792156027,NA,"Cooper park South, Maternal lines = 43, Seedheads = 73; 4 packets",2/29/24,3/7/24,2000-10-01T00:00:00Z,Smith,-89.54394792156027,40.69584983597212,13 - Cooper Park (2000),Total Load
Boltonia_277,0.18100815902964537,0.14080793555732515,0.07536722930396876,Smith Lake (1998),Pop_05,B. decurrens,TRUE,TRUE,277,2011-2638-1,15C,United States,Illinois,Scott,39.7852777,-90.5902777,39.78656976625663,-90.58910563509704,Smith Lake,NA,2/29/24,3/7/24,1998-11-11T00:00:00Z,Smith,-90.5902777,39.7852777,5 - Smith Lake (1998),Total Load
Boltonia_278,0.18103484817799465,0.13980513198507394,0.07500223815328251,Smith Lake (1998),Pop_05,B. decurrens,TRUE,TRUE,278,2011-2638-1,18A,United States,Illinois,Scott,39.7852777,-90.5902777,39.78656976625663,-90.58910563509704,Smith Lake,NA,2/29/24,3/7/24,1998-11-11T00:00:00Z,Smith,-90.5902777,39.7852777,5 - Smith Lake (1998),Total Load
Boltonia_279,0.1620957575243774,0.1258859880617839,0.06853569682319967,Gilbert Lake (1997),Pop_04,B. decurrens,TRUE,TRUE,279,2011-2598-1,S11C,United States,Illinois,Jersey,NA,NA,38.96139842380207,-90.51481032460988,NA,"Gilbert Lake, Maternal lines = 32, Seedheads = 98; 6 packets",2/29/24,3/7/24,1997-11-08T00:00:00Z,Smith,-90.51481032460988,38.96139842380207,4 - Gilbert Lake (1997),Total Load
Boltonia_280,0.1808864879121707,0.1392737036768916,0.07377641881701548,Hennepin Bridge (1999),Pop_17,B. decurrens,TRUE,TRUE,280,2011-2623-1,30C,United States,Illinois,Hennepin,NA,NA,41.34414603458205,-89.55849691836283,NA,"Hennepin Bridge, Maternal lines = 30, Seedheads = 90; 6 packets",2/29/24,3/7/24,1999-11-11T00:00:00Z,Smith,-89.55849691836283,41.34414603458205,17 - Hennepin Bridge (1999),Total Load
Boltonia_281,0.1910911622810116,0.14851940453704862,0.08071125068005426,West Alton (1999),Pop_03,B. decurrens,TRUE,TRUE,281,2011-2635-1,17,United States,Illinois,Alton,NA,NA,38.86501904919102,-90.22302347588696,NA,"West Alton, Maternal lines = 32, Seedheads = 32; 2 packets",2/29/24,3/13/24,1999-11-07T00:00:00Z,Smith,-90.22302347588696,38.86501904919102,3 - West Alton (1999),Total Load
Boltonia_282,0.181470509276049,0.1404755872036012,0.0753431261147725,Hennepin Bridge (1999),Pop_17,B. decurrens,TRUE,TRUE,282,2011-2623-1,4A,United States,Illinois,Hennepin,NA,NA,41.34414603458205,-89.55849691836283,NA,"Hennepin Bridge, Maternal lines = 30, Seedheads = 90; 6 packets",2/29/24,3/8/24,1999-11-11T00:00:00Z,Smith,-89.55849691836283,41.34414603458205,17 - Hennepin Bridge (1999),Total Load
Boltonia_283,0.19236360667731092,0.14954606479805724,0.08107968514348284,Fairmont City (1997),Pop_01,B. decurrens,TRUE,TRUE,283,2011-2599-1,9,United States,Illinois,Saint Clair,38.6494444,-90.1161111,38.6515072789885,-90.10298738781108,NA,"Fairmont City, Maternal lines = 28, Seedheads = 28; 2 packets",2/29/24,3/10/24,1997-12-05T00:00:00Z,Smith,-90.1161111,38.6494444,1 - Fairmont City (1997),Total Load
Boltonia_284,0.181199692917799,0.14077585242416862,0.0759388192191944,Smith Lake (1998),Pop_05,B. decurrens,TRUE,TRUE,284,2011-2638-1,24B,United States,Illinois,Scott,39.7852777,-90.5902777,39.78656976625663,-90.58910563509704,Smith Lake,NA,2/29/24,3/9/24,1998-11-11T00:00:00Z,Smith,-90.5902777,39.7852777,5 - Smith Lake (1998),Total Load
Boltonia_285,0.179744349357812,0.13842144403714404,0.07511586747377917,Frederick Borrow Pit (1999),Pop_08,B. decurrens,TRUE,TRUE,285,2011-2675-1,9B,United States,Illinois,Schuyler,40.0672223,-90.4275,40.07010712467176,-90.42899627731744,NA,"Frederick Borrow Pit, Maternal lines = 30, Seedheads = 90; 3 packets",3/1/24,3/8/24,1999-10-07T00:00:00Z,Smith,-90.4275,40.0672223,8 - Frederick Borrow Pit (1999),Total Load
Boltonia_286,0.18337250358341065,0.14265806290268446,0.07724039143579255,Smith Lake (1998),Pop_05,B. decurrens,TRUE,TRUE,286,2011-2638-1,1C,United States,Illinois,Scott,39.7852777,-90.5902777,39.78656976625663,-90.58910563509704,Smith Lake,NA,3/1/24,3/7/24,1998-11-11T00:00:00Z,Smith,-90.5902777,39.7852777,5 - Smith Lake (1998),Total Load
Boltonia_287,0.18146972430109756,0.1407569316020507,0.07596292240839067,Frederick Borrow Pit (1999),Pop_08,B. decurrens,TRUE,TRUE,287,2011-2675-1,23A,United States,Illinois,Schuyler,40.0672223,-90.4275,40.07010712467176,-90.42899627731744,NA,"Frederick Borrow Pit, Maternal lines = 30, Seedheads = 90; 3 packets",2/29/24,3/9/24,1999-10-07T00:00:00Z,Smith,-90.4275,40.0672223,8 - Frederick Borrow Pit (1999),Total Load
Boltonia_288,0.15974004769507805,0.12413293276033406,0.06737874374177909,Gilbert Lake (1997),Pop_04,B. decurrens,TRUE,TRUE,288,2011-2598-1,L12A,United States,Illinois,Jersey,NA,NA,38.96139842380207,-90.51481032460988,NA,"Gilbert Lake, Maternal lines = 32, Seedheads = 98; 6 packets",2/28/24,3/5/24,1997-11-08T00:00:00Z,Smith,-90.51481032460988,38.96139842380207,4 - Gilbert Lake (1997),Total Load
Boltonia_289,0.17932124785898082,0.13899729514508158,0.07355604680150679,Anderson Lake (1997),Pop_10,B. decurrens,TRUE,TRUE,289,2011-2664-1,8,United States,Illinois,Fulton,40.2047222,-90.1994444,40.20744447961278,-90.1871999885973,NA,"Anderson Lake, Maternal lines = 31, Seedheads = 31",2/29/24,3/7/24,1997-11-21T00:00:00Z,Smith,-90.1994444,40.2047222,10 - Anderson Lake (1997),Total Load
Boltonia_290,0.18032758574673882,0.1403447867376554,0.07554283825382724,Woodford County (1999),Pop_15,B. decurrens,TRUE,TRUE,290,2011-2650-1,11B,United States,Illinois,Woodford,40.8852777,-89.4583333,40.84668797480775,-89.0297386240063,NA,"Woodford County, Maternal lines = 30, Seedheads = 90; 6 packets",2/29/24,3/7/24,1999-11-11T00:00:00Z,Smith,-89.4583333,40.8852777,15 - Woodford County (1999),Total Load
Boltonia_291,0.1795198465216975,0.13930990003224766,0.07448574124193404,Sparland (1999),Pop_16,B. decurrens,TRUE,TRUE,291,2011-2629-1,9A,United States,Illinois,Marshal,41.045,-89.4311111,41.02868892611459,-89.43846248262098,NA,"Sparland, Maternal lines = 30, Seedheads = 90; 3 packets",2/29/24,3/8/24,1999-11-11T00:00:00Z,Smith,-89.4311111,41.045,16 - Sparland (1999),Total Load
Boltonia_292,0.18283087086691063,0.1407873694463274,0.07621428423858026,Cooper Park (2000),Pop_13,B. decurrens,TRUE,TRUE,292,2011-2661-1,18B,United States,Illinois,Tazewell,NA,NA,40.69584983597212,-89.54394792156027,NA,"Cooper park South, Maternal lines = 43, Seedheads = 73; 4 packets",2/29/24,3/9/24,2000-10-01T00:00:00Z,Smith,-89.54394792156027,40.69584983597212,13 - Cooper Park (2000),Total Load
Boltonia_293,0.1825388601849715,0.1421414421944205,0.07644842950505823,Smith Lake (1998),Pop_05,B. decurrens,TRUE,TRUE,293,2011-2638-1,13A,United States,Illinois,Scott,39.7852777,-90.5902777,39.78656976625663,-90.58910563509704,Smith Lake,NA,2/29/24,3/7/24,1998-11-11T00:00:00Z,Smith,-90.5902777,39.7852777,5 - Smith Lake (1998),Total Load
Boltonia_294,0.18175153030866786,0.140283911049102,0.0754326522460729,Sparland (1999),Pop_16,B. decurrens,TRUE,TRUE,294,2011-2629-1,6C,United States,Illinois,Marshal,41.045,-89.4311111,41.02868892611459,-89.43846248262098,NA,"Sparland, Maternal lines = 30, Seedheads = 90; 3 packets",2/29/24,3/7/24,1999-11-11T00:00:00Z,Smith,-89.4311111,41.045,16 - Sparland (1999),Total Load
Boltonia_295,0.18289052896322078,0.14284068996834465,0.07742977363662032,Smith Lake (1998),Pop_05,B. decurrens,TRUE,TRUE,295,2011-2638-1,30B,United States,Illinois,Scott,39.7852777,-90.5902777,39.78656976625663,-90.58910563509704,Smith Lake,NA,2/29/24,3/9/24,1998-11-11T00:00:00Z,Smith,-90.5902777,39.7852777,5 - Smith Lake (1998),Total Load
Boltonia_296,0.18312602144865558,0.14222123870509185,0.07749863989146678,Cooper Park (2000),Pop_13,B. decurrens,TRUE,TRUE,296,2011-2661-1,13A,United States,Illinois,Tazewell,NA,NA,40.69584983597212,-89.54394792156027,NA,"Cooper park South, Maternal lines = 43, Seedheads = 73; 4 packets",3/1/24,3/8/24,2000-10-01T00:00:00Z,Smith,-89.54394792156027,40.69584983597212,13 - Cooper Park (2000),Total Load
Boltonia_298,0.18981950285966376,0.1476548052307024,0.07976433967591541,West Alton (1999),Pop_03,B. decurrens,TRUE,TRUE,298,2011-2635-1,15,United States,Illinois,Alton,NA,NA,38.86501904919102,-90.22302347588696,NA,"West Alton, Maternal lines = 32, Seedheads = 32; 2 packets",2/29/24,3/7/24,1999-11-07T00:00:00Z,Smith,-90.22302347588696,38.86501904919102,3 - West Alton (1999),Total Load
Boltonia_299,0.18020041980460402,0.13911164272222917,0.07443753486354152,Sparland (1999),Pop_16,B. decurrens,TRUE,TRUE,299,2011-2629-1,5A,United States,Illinois,Marshal,41.045,-89.4311111,41.02868892611459,-89.43846248262098,NA,"Sparland, Maternal lines = 30, Seedheads = 90; 3 packets",2/29/24,3/10/24,1999-11-11T00:00:00Z,Smith,-89.4311111,41.045,16 - Sparland (1999),Total Load
Boltonia_301,0.1812475763898374,0.14088279620135705,0.07539133249316503,Cooper Park (2000),Pop_13,B. decurrens,TRUE,TRUE,301,2011-2661-1,23A,United States,Illinois,Tazewell,NA,NA,40.69584983597212,-89.54394792156027,NA,"Cooper park South, Maternal lines = 43, Seedheads = 73; 4 packets",3/1/24,3/12/24,2000-10-01T00:00:00Z,Smith,-89.54394792156027,40.69584983597212,13 - Cooper Park (2000),Total Load
Boltonia_302,0.17903551697665326,0.13901210274499998,0.074389328485149,Frederick Landing (2011),Pop_09,B. decurrens,TRUE,TRUE,302,2011-2659-1,1B,United States,Illinois,Frederick,NA,NA,40.07116308939078,-90.429571958886,NA,"Frederick Landing, Maternal lines = 15, Seedheads = 44; 2 packets",2/29/24,3/8/24,2011-12-01T00:00:00Z,Smith,-90.429571958886,40.07116308939078,9 - Frederick Landing (2011),Total Load
Boltonia_303,0.19407406709651895,0.15001085890660681,0.07982976261801955,Horseshoe Lake (2000),Pop_02,B. decurrens,TRUE,TRUE,303,2011-2609-1,X2,United States,Illinois,Madison,38.6891666,-90.0972222,38.69652811427051,-90.085926104309,NA,"Horseshoe Lake, Maternal lines = 30, Seedheads = 90; 3 packets",2/29/24,3/8/24,2000-11-01T00:00:00Z,Smith,-90.0972222,38.6891666,2 - Horseshoe Lake (2000),Total Load
Boltonia_304,0.18106467722614972,0.13995732120645743,0.07490926870923978,Woodford County (1999),Pop_15,B. decurrens,TRUE,TRUE,304,2011-2650-1,17A,United States,Illinois,Woodford,40.8852777,-89.4583333,40.84668797480775,-89.0297386240063,NA,"Woodford County, Maternal lines = 30, Seedheads = 90; 6 packets",3/1/24,3/12/24,1999-11-11T00:00:00Z,Smith,-89.4583333,40.8852777,15 - Woodford County (1999),Total Load
Boltonia_305,0.18206709023915046,0.1403538358264944,0.07583551983692471,Rice Lake (1999),Pop_12,B. decurrens,TRUE,TRUE,305,2011-2666-1,3A,United States,Illinois,Fulton,40.4925,-89.9022222,40.46699902833787,-89.9485498557629,NA,"Rice Lake, Maternal lines = 30, Seedheads = 90; 3 packets",2/28/24,3/10/24,1999-10-14T00:00:00Z,Smith,-89.9022222,40.4925,12 - Rice Lake (1999),Total Load
Boltonia_306,0.18108744149974174,0.14020082396067102,0.07498846490231321,Anderson Lake (1997),Pop_10,B. decurrens,TRUE,TRUE,306,2011-2664-1,15,United States,Illinois,Fulton,40.2047222,-90.1994444,40.20744447961278,-90.1871999885973,NA,"Anderson Lake, Maternal lines = 31, Seedheads = 31",2/29/24,3/9/24,1997-11-21T00:00:00Z,Smith,-90.1994444,40.2047222,10 - Anderson Lake (1997),Total Load
Boltonia_307,0.17988878474887865,0.13960111616397608,0.07566335419980855,Frederick Landing (2011),Pop_09,B. decurrens,TRUE,TRUE,307,2011-2659-1,13A,United States,Illinois,Frederick,NA,NA,40.07116308939078,-90.429571958886,NA,"Frederick Landing, Maternal lines = 15, Seedheads = 44; 2 packets",2/29/24,3/6/24,2011-12-01T00:00:00Z,Smith,-90.429571958886,40.07116308939078,9 - Frederick Landing (2011),Total Load
Boltonia_308,0.19242797462332978,0.14978216375231163,0.0811485513983293,West Alton (1999),Pop_03,B. decurrens,TRUE,TRUE,308,2011-2635-1,4,United States,Illinois,Alton,NA,NA,38.86501904919102,-90.22302347588696,NA,"West Alton, Maternal lines = 32, Seedheads = 32; 2 packets",2/29/24,3/6/24,1999-11-07T00:00:00Z,Smith,-90.22302347588696,38.86501904919102,3 - West Alton (1999),Total Load
Boltonia_309,0.17960383884150258,0.13965952391920974,0.0763554600610155,Cooper Park (2000),Pop_13,B. decurrens,TRUE,TRUE,309,2011-2661-1,2A,United States,Illinois,Tazewell,NA,NA,40.69584983597212,-89.54394792156027,NA,"Cooper park South, Maternal lines = 43, Seedheads = 73; 4 packets",2/29/24,3/6/24,2000-10-01T00:00:00Z,Smith,-89.54394792156027,40.69584983597212,13 - Cooper Park (2000),Total Load
Boltonia_310,0.18014390160809968,0.13929097921012973,0.07455116418403818,Cooper Park (2000),Pop_13,B. decurrens,TRUE,TRUE,310,2011-2661-1,25A,United States,Illinois,Tazewell,NA,NA,40.69584983597212,-89.54394792156027,NA,"Cooper park South, Maternal lines = 43, Seedheads = 73; 4 packets",3/1/24,3/6/24,2000-10-01T00:00:00Z,Smith,-89.54394792156027,40.69584983597212,13 - Cooper Park (2000),Total Load
Boltonia_311,0.1796014839166482,0.13892078921216988,0.07340109772810226,Anderson Lake (2000),Pop_11,B. decurrens,TRUE,TRUE,311,2011-2613-1,9A,United States,Illinois,Fulton,40.2047222,-90.1994444,40.20813714639404,-90.18724497777134,NA,"Anderson Lake, Maternal lines = 30, Seedheads = 61; 2 packets",2/29/24,3/7/24,2000-10-01T00:00:00Z,Smith,-90.1994444,40.2047222,11 - Anderson Lake (2000),Total Load
Boltonia_312,0.1797859530302388,0.13938064745408,0.07354571686327982,Anderson Lake (2000),Pop_11,B. decurrens,TRUE,TRUE,312,2011-2613-1,16A,United States,Illinois,Fulton,40.2047222,-90.1994444,40.20813714639404,-90.18724497777134,NA,"Anderson Lake, Maternal lines = 30, Seedheads = 61; 2 packets",3/1/24,3/10/24,2000-10-01T00:00:00Z,Smith,-90.1994444,40.2047222,11 - Anderson Lake (2000),Total Load
Boltonia_313,0.1801266321591678,0.138891996656773,0.07412419340399011,Rice Lake (1999),Pop_12,B. decurrens,TRUE,TRUE,313,2011-2666-1,11B,United States,Illinois,Fulton,40.4925,-89.9022222,40.46699902833787,-89.9485498557629,NA,"Rice Lake, Maternal lines = 30, Seedheads = 90; 3 packets",2/29/24,3/6/24,1999-10-14T00:00:00Z,Smith,-89.9022222,40.4925,12 - Rice Lake (1999),Total Load
Boltonia_315,0.18087549826285043,0.13979196967403537,0.07509176428458292,Cooper Park (2000),Pop_13,B. decurrens,TRUE,TRUE,315,2011-2661-1,18B,United States,Illinois,Tazewell,NA,NA,40.69584983597212,-89.54394792156027,NA,"Cooper park South, Maternal lines = 43, Seedheads = 73; 4 packets",2/29/24,3/8/24,2000-10-01T00:00:00Z,Smith,-89.54394792156027,40.69584983597212,13 - Cooper Park (2000),Total Load
Boltonia_316,0.17888558676092645,0.1386328636582011,0.07455116418403818,Sparland (1999),Pop_16,B. decurrens,TRUE,TRUE,316,2011-2629-1,22B,United States,Illinois,Marshal,41.045,-89.4311111,41.02868892611459,-89.43846248262098,NA,"Sparland, Maternal lines = 30, Seedheads = 90; 3 packets",2/29/24,3/12/24,1999-11-11T00:00:00Z,Smith,-89.4311111,41.045,16 - Sparland (1999),Total Load
Boltonia_317,0.1786108455279192,0.13820015268280805,0.0751055375355522,McClugage Bridge (1999),Pop_14,B. decurrens,TRUE,TRUE,317,2011-2618-1,30B,United States,Illinois,Peoria,40.7222223,-89.5519444,40.69352232924267,-89.59142458669179,NA,"McClugage Bridge, Maternal lines = 30, Seedheads = 90; 4 packets",2/29/24,3/12/24,1999-11-11T00:00:00Z,Smith,-89.5519444,40.7222223,14 - McClugage Bridge (1999),Total Load
Boltonia_318,0.18291564816166717,0.1424260771706296,0.07655861551281257,Rice Lake (1999),Pop_12,B. decurrens,TRUE,TRUE,318,2011-2666-1,27A,United States,Illinois,Fulton,40.4925,-89.9022222,40.46699902833787,-89.9485498557629,NA,"Rice Lake, Maternal lines = 30, Seedheads = 90; 3 packets",2/29/24,3/8/24,1999-10-14T00:00:00Z,Smith,-89.9022222,40.4925,12 - Rice Lake (1999),Total Load
Boltonia_320,0.1468436942177175,0.11444958505814451,0.061755814033565413,Gilbert Lake (1997),Pop_04,B. decurrens,TRUE,TRUE,320,2011-2598-1,S17A,United States,Illinois,Jersey,NA,NA,38.96139842380207,-90.51481032460988,NA,"Gilbert Lake, Maternal lines = 32, Seedheads = 98; 6 packets",2/29/24,3/12/24,1997-11-08T00:00:00Z,Smith,-90.51481032460988,38.96139842380207,4 - Gilbert Lake (1997),Total Load
Boltonia_321,0.19242718964837832,0.14904342904527176,0.08081455006232396,Fairmont City (1997),Pop_01,B. decurrens,TRUE,TRUE,321,2011-2599-1,16,United States,Illinois,Saint Clair,38.6494444,-90.1161111,38.6515072789885,-90.10298738781108,NA,"Fairmont City, Maternal lines = 28, Seedheads = 28; 2 packets",3/1/24,3/8/24,1997-12-05T00:00:00Z,Smith,-90.1161111,38.6494444,1 - Fairmont City (1997),Total Load
Boltonia_322,0.18241718906749685,0.14080464497956552,0.07623838742777651,Rice Lake (1999),Pop_12,B. decurrens,TRUE,TRUE,322,2011-2666-1,19C,United States,Illinois,Fulton,40.4925,-89.9022222,40.46699902833787,-89.9485498557629,NA,"Rice Lake, Maternal lines = 30, Seedheads = 90; 3 packets",2/29/24,3/9/24,1999-10-14T00:00:00Z,Smith,-89.9022222,40.4925,12 - Rice Lake (1999),Total Load
Boltonia_323,0.18009758808596418,0.14019259751627192,0.07515374391394473,Frederick Borrow Pit (1999),Pop_08,B. decurrens,TRUE,TRUE,323,2011-2675-1,12B,United States,Illinois,Schuyler,40.0672223,-90.4275,40.07010712467176,-90.42899627731744,NA,"Frederick Borrow Pit, Maternal lines = 30, Seedheads = 90; 3 packets",3/1/24,3/8/24,1999-10-07T00:00:00Z,Smith,-90.4275,40.0672223,8 - Frederick Borrow Pit (1999),Total Load
Boltonia_324,0.1908682293948,0.14869709573606935,0.07961283391525319,Horseshoe Lake (2000),Pop_02,B. decurrens,TRUE,TRUE,324,2011-2609-1,5C,United States,Illinois,Madison,38.6891666,-90.0972222,38.69652811427051,-90.085926104309,NA,"Horseshoe Lake, Maternal lines = 30, Seedheads = 90; 3 packets",2/29/24,3/7/24,2000-11-01T00:00:00Z,Smith,-90.0972222,38.6891666,2 - Horseshoe Lake (2000),Total Load
Boltonia_325,0.1806745446752794,0.13972862605216224,0.07529491973637997,Woodford County (1999),Pop_15,B. decurrens,TRUE,TRUE,325,2011-2650-1,21A,United States,Illinois,Woodford,40.8852777,-89.4583333,40.84668797480775,-89.0297386240063,NA,"Woodford County, Maternal lines = 30, Seedheads = 90; 6 packets",2/29/24,3/7/24,1999-11-11T00:00:00Z,Smith,-89.4583333,40.8852777,15 - Woodford County (1999),Total Load
Boltonia_326,0.19243582437284426,0.15030289768277513,0.08091440613185133,Horseshoe Lake (2000),Pop_02,B. decurrens,TRUE,TRUE,326,2011-2609-1,7C,United States,Illinois,Madison,38.6891666,-90.0972222,38.69652811427051,-90.085926104309,NA,"Horseshoe Lake, Maternal lines = 30, Seedheads = 90; 3 packets",2/29/24,3/8/24,2000-11-01T00:00:00Z,Smith,-90.0972222,38.6891666,2 - Horseshoe Lake (2000),Total Load
Boltonia_327,0.18076717171955042,0.1400395856504485,0.0750160114042518,Smith Lake (1998),Pop_05,B. decurrens,TRUE,TRUE,327,2011-2638-1,8B,United States,Illinois,Scott,39.7852777,-90.5902777,39.78656976625663,-90.58910563509704,Smith Lake,NA,2/29/24,3/6/24,1998-11-11T00:00:00Z,Smith,-90.5902777,39.7852777,5 - Smith Lake (1998),Total Load
Boltonia_329,0.1804366972649903,0.1406796030246991,0.07621772755132257,Sparland (1999),Pop_16,B. decurrens,TRUE,TRUE,329,2011-2629-1,28C,United States,Illinois,Marshal,41.045,-89.4311111,41.02868892611459,-89.43846248262098,NA,"Sparland, Maternal lines = 30, Seedheads = 90; 3 packets",2/29/24,3/7/24,1999-11-11T00:00:00Z,Smith,-89.4311111,41.045,16 - Sparland (1999),Total Load
Boltonia_330,0.18138180710653523,0.14044268142600477,0.07598013897210228,Woodford County (1999),Pop_15,B. decurrens,TRUE,TRUE,330,2011-2650-1,10C,United States,Illinois,Woodford,40.8852777,-89.4583333,40.84668797480775,-89.0297386240063,NA,"Woodford County, Maternal lines = 30, Seedheads = 90; 6 packets",3/1/24,3/8/24,1999-11-11T00:00:00Z,Smith,-89.4583333,40.8852777,15 - Woodford County (1999),Total Load
Boltonia_331,0.1815121129484758,0.14064587460266273,0.07663436839314368,Cooper Park (2000),Pop_13,B. decurrens,TRUE,TRUE,331,2011-2661-1,22A,United States,Illinois,Tazewell,NA,NA,40.69584983597212,-89.54394792156027,NA,"Cooper park South, Maternal lines = 43, Seedheads = 73; 4 packets",2/29/24,3/6/24,2000-10-01T00:00:00Z,Smith,-89.54394792156027,40.69584983597212,13 - Cooper Park (2000),Total Load
Boltonia_332,0.18187241645119104,0.140191774871832,0.07494714514940534,Hennepin Bridge (1999),Pop_17,B. decurrens,TRUE,TRUE,332,2011-2623-1,30C,United States,Illinois,Hennepin,NA,NA,41.34414603458205,-89.55849691836283,NA,"Hennepin Bridge, Maternal lines = 30, Seedheads = 90; 6 packets",2/29/24,3/6/24,1999-11-11T00:00:00Z,Smith,-89.55849691836283,41.34414603458205,17 - Hennepin Bridge (1999),Total Load
Boltonia_334,0.18262206752982513,0.14142491888725822,0.07556005481753886,Rice Lake (1999),Pop_12,B. decurrens,TRUE,TRUE,334,2011-2666-1,6B,United States,Illinois,Fulton,40.4925,-89.9022222,40.46699902833787,-89.9485498557629,NA,"Rice Lake, Maternal lines = 30, Seedheads = 90; 3 packets",2/29/24,3/10/24,1999-10-14T00:00:00Z,Smith,-89.9022222,40.4925,12 - Rice Lake (1999),Total Load
Boltonia_335,0.15228121570640682,0.11827076848152998,0.06325021176373365,Gilbert Lake (1997),Pop_04,B. decurrens,TRUE,TRUE,335,2011-2598-1,S6B,United States,Illinois,Jersey,NA,NA,38.96139842380207,-90.51481032460988,NA,"Gilbert Lake, Maternal lines = 32, Seedheads = 98; 6 packets",2/29/24,3/25/24,1997-11-08T00:00:00Z,Smith,-90.51481032460988,38.96139842380207,4 - Gilbert Lake (1997),Total Load
Boltonia_336,0.18137552730692363,0.1416371611527552,0.07602145872501016,Smith Lake (1998),Pop_05,B. decurrens,TRUE,TRUE,336,2011-2638-1,4B,United States,Illinois,Scott,39.7852777,-90.5902777,39.78656976625663,-90.58910563509704,Smith Lake,NA,3/1/24,3/7/24,1998-11-11T00:00:00Z,Smith,-90.5902777,39.7852777,5 - Smith Lake (1998),Total Load
Boltonia_337,0.1800292952651881,0.13929097921012973,0.072588475920914,Anderson Lake (2000),Pop_11,B. decurrens,TRUE,TRUE,337,2011-2613-1,22A,United States,Illinois,Fulton,40.2047222,-90.1994444,40.20813714639404,-90.18724497777134,NA,"Anderson Lake, Maternal lines = 30, Seedheads = 61; 2 packets",2/29/24,3/7/24,2000-10-01T00:00:00Z,Smith,-90.1994444,40.2047222,11 - Anderson Lake (2000),Total Load
Boltonia_338,0.18031738107236997,0.14005110267260726,0.07642088300311964,Woodford County (1999),Pop_15,B. decurrens,TRUE,TRUE,338,2011-2650-1,13C,United States,Illinois,Woodford,40.8852777,-89.4583333,40.84668797480775,-89.0297386240063,NA,"Woodford County, Maternal lines = 30, Seedheads = 90; 6 packets",3/1/24,3/12/24,1999-11-11T00:00:00Z,Smith,-89.4583333,40.8852777,15 - Woodford County (1999),Total Load
Boltonia_339,0.17864459945083153,0.13739149319837576,0.07290870400595005,Anderson Lake (2000),Pop_11,B. decurrens,TRUE,TRUE,339,2011-2613-1,3A,United States,Illinois,Fulton,40.2047222,-90.1994444,40.20813714639404,-90.18724497777134,NA,"Anderson Lake, Maternal lines = 30, Seedheads = 61; 2 packets",3/1/24,3/10/24,2000-10-01T00:00:00Z,Smith,-90.1994444,40.2047222,11 - Anderson Lake (2000),Total Load
Boltonia_341,0.17988878474887865,0.13988163791798564,0.07511586747377917,Anderson Lake (1997),Pop_10,B. decurrens,TRUE,TRUE,341,2011-2664-1,30,United States,Illinois,Fulton,40.2047222,-90.1994444,40.20744447961278,-90.1871999885973,NA,"Anderson Lake, Maternal lines = 31, Seedheads = 31",3/1/24,3/14/24,1997-11-21T00:00:00Z,Smith,-90.1994444,40.2047222,10 - Anderson Lake (1997),Total Load
Boltonia_342,0.18180098373060916,0.14137967344306313,0.07641055306489267,Woodford County (1999),Pop_15,B. decurrens,TRUE,TRUE,342,2011-2650-1,29B,United States,Illinois,Woodford,40.8852777,-89.4583333,40.84668797480775,-89.0297386240063,NA,"Woodford County, Maternal lines = 30, Seedheads = 90; 6 packets",3/1/24,3/10/24,1999-11-11T00:00:00Z,Smith,-89.4583333,40.8852777,15 - Woodford County (1999),Total Load
Boltonia_343,0.18393454564864836,0.14202380403951326,0.0759698090338753,Smith Lake (1998),Pop_05,B. decurrens,TRUE,TRUE,343,2011-2638-1,11B,United States,Illinois,Scott,39.7852777,-90.5902777,39.78656976625663,-90.58910563509704,Smith Lake,NA,2/29/24,3/6/24,1998-11-11T00:00:00Z,Smith,-90.5902777,39.7852777,5 - Smith Lake (1998),Total Load
Boltonia_344,0.18172641111022148,0.14134183179882723,0.07625216067874581,Sparland (1999),Pop_16,B. decurrens,TRUE,TRUE,344,2011-2629-1,5A,United States,Illinois,Marshal,41.045,-89.4311111,41.02868892611459,-89.43846248262098,NA,"Sparland, Maternal lines = 30, Seedheads = 90; 3 packets",2/29/24,3/8/24,1999-11-11T00:00:00Z,Smith,-89.4311111,41.045,16 - Sparland (1999),Total Load
Boltonia_345,0.183173904920694,0.1426835648803217,0.07661026520394741,Hennepin Bridge (1999),Pop_17,B. decurrens,TRUE,TRUE,345,2011-2623-1,6B,United States,Illinois,Hennepin,NA,NA,41.34414603458205,-89.55849691836283,NA,"Hennepin Bridge, Maternal lines = 30, Seedheads = 90; 6 packets",3/1/24,3/10/24,1999-11-11T00:00:00Z,Smith,-89.55849691836283,41.34414603458205,17 - Hennepin Bridge (1999),Total Load
Boltonia_349,0.18370690291272807,0.1436189116085002,0.07745043351307426,Smith Lake (1998),Pop_05,B. decurrens,TRUE,TRUE,349,2011-2638-1,12C,United States,Illinois,Scott,39.7852777,-90.5902777,39.78656976625663,-90.58910563509704,Smith Lake,NA,2/29/24,3/15/24,1998-11-11T00:00:00Z,Smith,-90.5902777,39.7852777,5 - Smith Lake (1998),Total Load
Boltonia_350,0.18113061512207146,0.13961674640833438,0.07478186613777382,Anderson Lake (1997),Pop_10,B. decurrens,TRUE,TRUE,350,2011-2664-1,28,United States,Illinois,Fulton,40.2047222,-90.1994444,40.20744447961278,-90.1871999885973,NA,"Anderson Lake, Maternal lines = 31, Seedheads = 31",2/29/24,3/14/24,1997-11-21T00:00:00Z,Smith,-90.1994444,40.2047222,10 - Anderson Lake (1997),Total Load
Boltonia_351,0.18420536200689835,0.14311133998907527,0.07742977363662032,Smith Lake (1998),Pop_05,B. decurrens,TRUE,TRUE,351,2011-2638-1,11B,United States,Illinois,Scott,39.7852777,-90.5902777,39.78656976625663,-90.58910563509704,Smith Lake,NA,2/29/24,3/6/24,1998-11-11T00:00:00Z,Smith,-90.5902777,39.7852777,5 - Smith Lake (1998),Total Load
Boltonia_352,0.18106781712595552,0.14093544544551131,0.07662748176765903,McClugage Bridge (1999),Pop_14,B. decurrens,TRUE,TRUE,352,2011-2618-1,7B,United States,Illinois,Peoria,40.7222223,-89.5519444,40.69352232924267,-89.59142458669179,NA,"McClugage Bridge, Maternal lines = 30, Seedheads = 90; 4 packets",2/29/24,3/6/24,1999-11-11T00:00:00Z,Smith,-89.5519444,40.7222223,14 - McClugage Bridge (1999),Total Load
Boltonia_353,0.1820356912410925,0.14191521497344503,0.07633824349730389,Hennepin Bridge (1999),Pop_17,B. decurrens,TRUE,TRUE,353,2011-2623-1,28C,United States,Illinois,Hennepin,NA,NA,41.34414603458205,-89.55849691836283,NA,"Hennepin Bridge, Maternal lines = 30, Seedheads = 90; 6 packets",2/29/24,3/5/24,1999-11-11T00:00:00Z,Smith,-89.55849691836283,41.34414603458205,17 - Hennepin Bridge (1999),Total Load
Boltonia_354,0.18188183615060843,0.1405891121363089,0.07614197467099147,McClugage Bridge (1999),Pop_14,B. decurrens,TRUE,TRUE,354,2011-2618-1,20C,United States,Illinois,Peoria,40.7222223,-89.5519444,40.69352232924267,-89.59142458669179,NA,"McClugage Bridge, Maternal lines = 30, Seedheads = 90; 4 packets",2/29/24,3/6/24,1999-11-11T00:00:00Z,Smith,-89.5519444,40.7222223,14 - McClugage Bridge (1999),Total Load
Boltonia_355,0.1804673112880968,0.14066973129142016,0.07599391222307157,Anderson Lake (2000),Pop_11,B. decurrens,TRUE,TRUE,355,2011-2613-1,24A,United States,Illinois,Fulton,40.2047222,-90.1994444,40.20813714639404,-90.18724497777134,NA,"Anderson Lake, Maternal lines = 30, Seedheads = 61; 2 packets",2/28/24,3/13/24,2000-10-01T00:00:00Z,Smith,-90.1994444,40.2047222,11 - Anderson Lake (2000),Total Load
Boltonia_356,0.18571329888863247,0.14421121560523598,0.07740911376016638,Gilbert Lake (1997),Pop_04,B. decurrens,TRUE,TRUE,356,2011-2598-1,S16A,United States,Illinois,Jersey,NA,NA,38.96139842380207,-90.51481032460988,NA,"Gilbert Lake, Maternal lines = 32, Seedheads = 98; 6 packets",2/29/24,3/9/24,1997-11-08T00:00:00Z,Smith,-90.51481032460988,38.96139842380207,4 - Gilbert Lake (1997),Total Load
Boltonia_358,0.18312209657389833,0.142385767593074,0.07600079884855622,Meredosia Lake (1999),Pop_06,B. decurrens,TRUE,TRUE,358,2011-2620-1,13A,United States,Illinois,Morgan,39.8672223,-90.5533333,39.87546015928839,-90.55308508241012,NA,"Meredosia Lake, Maternal lines = 30, Seedheads = 90; 5 packets",3/1/24,3/7/24,1999-10-07T00:00:00Z,Smith,-90.5533333,39.8672223,6 - Meredosia Lake (1999),Total Load
Boltonia_359,0.19344216226060226,0.15084913359087587,0.08197150314374453,West Alton (1999),Pop_03,B. decurrens,TRUE,TRUE,359,2011-2635-1,4,United States,Illinois,Alton,NA,NA,38.86501904919102,-90.22302347588696,NA,"West Alton, Maternal lines = 32, Seedheads = 32; 2 packets",2/29/24,3/7/24,1999-11-07T00:00:00Z,Smith,-90.22302347588696,38.86501904919102,3 - West Alton (1999),Total Load
Boltonia_360,0.1534500434091148,0.11940848574192657,0.06533685928558147,Gilbert Lake (1997),Pop_04,B. decurrens,TRUE,TRUE,360,2011-2598-1,L13B,United States,Illinois,Jersey,NA,NA,38.96139842380207,-90.51481032460988,NA,"Gilbert Lake, Maternal lines = 32, Seedheads = 98; 6 packets",2/29/24,3/8/24,1997-11-08T00:00:00Z,Smith,-90.51481032460988,38.96139842380207,4 - Gilbert Lake (1997),Total Load
Boltonia_361,0.1585735749172244,0.12284055834523426,0.06549180835898602,Gilbert Lake (1997),Pop_04,B. decurrens,TRUE,TRUE,361,2011-2598-1,S16A,United States,Illinois,Jersey,NA,NA,38.96139842380207,-90.51481032460988,NA,"Gilbert Lake, Maternal lines = 32, Seedheads = 98; 6 packets",2/29/24,3/7/24,1997-11-08T00:00:00Z,Smith,-90.51481032460988,38.96139842380207,4 - Gilbert Lake (1997),Total Load
Boltonia_362,0.18043277239023303,0.14016709553863468,0.07578731345853218,Sparland (1999),Pop_16,B. decurrens,TRUE,TRUE,362,2011-2629-1,7C,United States,Illinois,Marshal,41.045,-89.4311111,41.02868892611459,-89.43846248262098,NA,"Sparland, Maternal lines = 30, Seedheads = 90; 3 packets",2/29/24,3/10/24,1999-11-11T00:00:00Z,Smith,-89.4311111,41.045,16 - Sparland (1999),Total Load
Boltonia_363,0.1828795393139005,0.14148332664249189,0.07685474040865235,Meredosia Lake (1999),Pop_06,B. decurrens,TRUE,TRUE,363,2011-2620-1,10A,United States,Illinois,Morgan,39.8672223,-90.5533333,39.87546015928839,-90.55308508241012,NA,"Meredosia Lake, Maternal lines = 30, Seedheads = 90; 5 packets",2/29/24,3/8/24,1999-10-07T00:00:00Z,Smith,-90.5533333,39.8672223,6 - Meredosia Lake (1999),Total Load
Boltonia_364,0.18462453863097228,0.1439084824513488,0.07755373289534395,Meredosia Lake (1999),Pop_06,B. decurrens,TRUE,TRUE,364,2011-2620-1,2C,United States,Illinois,Morgan,39.8672223,-90.5533333,39.87546015928839,-90.55308508241012,NA,"Meredosia Lake, Maternal lines = 30, Seedheads = 90; 5 packets",3/1/24,3/10/24,1999-10-07T00:00:00Z,Smith,-90.5533333,39.8672223,6 - Meredosia Lake (1999),Total Load
Boltonia_365,0.18214166285953814,0.141814029707336,0.07584584977515167,Hennepin Bridge (1999),Pop_17,B. decurrens,TRUE,TRUE,365,2011-2623-1,18B,United States,Illinois,Hennepin,NA,NA,41.34414603458205,-89.55849691836283,NA,"Hennepin Bridge, Maternal lines = 30, Seedheads = 90; 6 packets",2/29/24,3/7/24,1999-11-11T00:00:00Z,Smith,-89.55849691836283,41.34414603458205,17 - Hennepin Bridge (1999),Total Load
Boltonia_366,0.1798259867527627,0.13991289840670224,0.07504011459344806,Cooper Park (2000),Pop_13,B. decurrens,TRUE,TRUE,366,2011-2644-1,30,United States,Illinois,Tazewell,NA,NA,40.69971137108869,-89.54002817279506,NA,"Cooper Park, Maternal lines = 13, Seedheads = 47; 3 packets",2/29/24,3/7/24,1995-01-01T00:00:00Z,Smith,-89.54002817279506,40.69971137108869,13 - Cooper Park (2000),Total Load
Boltonia_367,0.16178804734340926,0.12644949950312276,0.06794000371877776,Gilbert Lake (1997),Pop_04,B. decurrens,TRUE,TRUE,367,2011-2598-1,L14A,United States,Illinois,Jersey,NA,NA,38.96139842380207,-90.51481032460988,NA,"Gilbert Lake, Maternal lines = 32, Seedheads = 98; 6 packets",2/29/24,3/10/24,1997-11-08T00:00:00Z,Smith,-90.51481032460988,38.96139842380207,4 - Gilbert Lake (1997),Total Load
Boltonia_368,0.1934790560833204,0.1510942816339693,0.08299072371547218,Fairmont City (1997),Pop_01,B. decurrens,TRUE,TRUE,368,2011-2599-1,7,United States,Illinois,Saint Clair,38.6494444,-90.1161111,38.6515072789885,-90.10298738781108,NA,"Fairmont City, Maternal lines = 28, Seedheads = 28; 2 packets",2/29/24,3/6/24,1997-12-05T00:00:00Z,Smith,-90.1161111,38.6494444,1 - Fairmont City (1997),Total Load
Boltonia_370,0.18015096638266273,0.14072238053557443,0.07673766777541337,Woodford County (1999),Pop_15,B. decurrens,TRUE,TRUE,370,2011-2650-1,11B,United States,Illinois,Woodford,40.8852777,-89.4583333,40.84668797480775,-89.0297386240063,NA,"Woodford County, Maternal lines = 30, Seedheads = 90; 6 packets",3/1/24,3/10/24,1999-11-11T00:00:00Z,Smith,-89.4583333,40.8852777,15 - Woodford County (1999),Total Load
Boltonia_371,0.18101914867896565,0.1397105278744842,0.07580797333498612,Frederick Landing (2011),Pop_09,B. decurrens,TRUE,TRUE,371,2011-2659-1,10C,United States,Illinois,Frederick,NA,NA,40.07116308939078,-90.429571958886,NA,"Frederick Landing, Maternal lines = 15, Seedheads = 44; 2 packets",2/29/24,3/7/24,2011-12-01T00:00:00Z,Smith,-90.429571958886,40.07116308939078,9 - Frederick Landing (2011),Total Load
Boltonia_372,0.18017530060615766,0.1392358620326557,0.07526392992169907,Frederick Landing (2011),Pop_09,B. decurrens,TRUE,TRUE,372,2011-2659-1,1B,United States,Illinois,Frederick,NA,NA,40.07116308939078,-90.429571958886,NA,"Frederick Landing, Maternal lines = 15, Seedheads = 44; 2 packets",2/28/24,3/7/24,2011-12-01T00:00:00Z,Smith,-90.429571958886,40.07116308939078,9 - Frederick Landing (2011),Total Load
Boltonia_373,0.18340390258146863,0.14150965126456902,0.07658616201475116,Smith Lake (1998),Pop_05,B. decurrens,TRUE,TRUE,373,2011-2638-1,28A,United States,Illinois,Scott,39.7852777,-90.5902777,39.78656976625663,-90.58910563509704,Smith Lake,NA,3/1/24,3/7/24,1998-11-11T00:00:00Z,Smith,-90.5902777,39.7852777,5 - Smith Lake (1998),Total Load
Boltonia_374,0.17935971163160183,0.13920953741057854,0.07373854237684992,Anderson Lake (1997),Pop_10,B. decurrens,TRUE,TRUE,374,2011-2664-1,14,United States,Illinois,Fulton,40.2047222,-90.1994444,40.20744447961278,-90.1871999885973,NA,"Anderson Lake, Maternal lines = 31, Seedheads = 31",2/29/24,3/18/24,1997-11-21T00:00:00Z,Smith,-90.1994444,40.2047222,10 - Anderson Lake (1997),Total Load
Boltonia_375,0.17989977439819896,0.13868962612455496,0.07425159597545607,Sparland (1999),Pop_16,B. decurrens,TRUE,TRUE,375,2011-2629-1,28C,United States,Illinois,Marshal,41.045,-89.4311111,41.02868892611459,-89.43846248262098,NA,"Sparland, Maternal lines = 30, Seedheads = 90; 3 packets",2/29/24,3/7/24,1999-11-11T00:00:00Z,Smith,-89.4311111,41.045,16 - Sparland (1999),Total Load
Boltonia_376,0.18191088022381205,0.14187572804032933,0.07564269432335462,Smith Lake (1998),Pop_05,B. decurrens,TRUE,TRUE,376,2011-2638-1,21C,United States,Illinois,Scott,39.7852777,-90.5902777,39.78656976625663,-90.58910563509704,Smith Lake,NA,3/1/24,Unknown,1998-11-11T00:00:00Z,Smith,-90.5902777,39.7852777,5 - Smith Lake (1998),Total Load
Boltonia_377,0.1818386625282787,0.1405734818919506,0.07517096047765634,Frederick Borrow Pit (1999),Pop_08,B. decurrens,TRUE,TRUE,377,2011-2675-1,5A,United States,Illinois,Schuyler,40.0672223,-90.4275,40.07010712467176,-90.42899627731744,NA,"Frederick Borrow Pit, Maternal lines = 30, Seedheads = 90; 3 packets",2/29/24,3/6/24,1999-10-07T00:00:00Z,Smith,-90.4275,40.0672223,8 - Frederick Borrow Pit (1999),Total Load
Boltonia_378,0.1807475473457642,0.13924820169925436,0.07432390554304485,Beardstown (1997),Pop_07,B. decurrens,TRUE,TRUE,378,2011-2636-1,18,United States,Illinois,Cass,40.010555600000004,-90.4458333,40.0178975293398,-90.42445029519196,NA,"Beardstown, Maternal lines = 52, Seedheads = 53; 3 packets",2/29/24,3/7/24,1997-11-21T00:00:00Z,Smith,-90.4458333,40.010555600000004,7 - Beardstown (1997),Total Load
Boltonia_379,0.1808354645403265,0.1409798682452665,0.07675488433912499,Rice Lake (1999),Pop_12,B. decurrens,TRUE,TRUE,379,2011-2666-1,26C,United States,Illinois,Fulton,40.4925,-89.9022222,40.46699902833787,-89.9485498557629,NA,"Rice Lake, Maternal lines = 30, Seedheads = 90; 3 packets",3/1/24,3/10/24,1999-10-14T00:00:00Z,Smith,-89.9022222,40.4925,12 - Rice Lake (1999),Total Load
Boltonia_380,0.18251609591137946,0.1418888903513679,0.07710610223884194,Meredosia Lake (1999),Pop_06,B. decurrens,TRUE,TRUE,380,2011-2620-1,6A,United States,Illinois,Morgan,39.8672223,-90.5533333,39.87546015928839,-90.55308508241012,NA,"Meredosia Lake, Maternal lines = 30, Seedheads = 90; 5 packets",3/1/24,3/8/24,1999-10-07T00:00:00Z,Smith,-90.5533333,39.8672223,6 - Meredosia Lake (1999),Total Load
Boltonia_381,0.18512849254980274,0.1432585933438193,0.07776377497262567,Meredosia Lake (1999),Pop_06,B. decurrens,TRUE,TRUE,381,2011-2620-1,10A,United States,Illinois,Morgan,39.8672223,-90.5533333,39.87546015928839,-90.55308508241012,NA,"Meredosia Lake, Maternal lines = 30, Seedheads = 90; 5 packets",2/29/24,3/9/24,1999-10-07T00:00:00Z,Smith,-90.5533333,39.8672223,6 - Meredosia Lake (1999),Total Load
Boltonia_382,0.18092495168479175,0.14178770508525887,0.07559104463221977,Smith Lake (1998),Pop_05,B. decurrens,TRUE,TRUE,382,2011-2638-1,4B,United States,Illinois,Scott,39.7852777,-90.5902777,39.78656976625663,-90.58910563509704,Smith Lake,NA,2/29/24,3/9/24,1998-11-11T00:00:00Z,Smith,-90.5902777,39.7852777,5 - Smith Lake (1998),Total Load
Boltonia_383,0.1805167647100381,0.14000997045061173,0.07654484226184327,McClugage Bridge (1999),Pop_14,B. decurrens,TRUE,TRUE,383,2011-2618-1,24B,United States,Illinois,Peoria,40.7222223,-89.5519444,40.69352232924267,-89.59142458669179,NA,"McClugage Bridge, Maternal lines = 30, Seedheads = 90; 4 packets",2/29/24,3/12/24,1999-11-11T00:00:00Z,Smith,-89.5519444,40.7222223,14 - McClugage Bridge (1999),Total Load
Boltonia_384,0.16142460394088826,0.1252517291986127,0.06716181503901274,Gilbert Lake (1997),Pop_04,B. decurrens,TRUE,TRUE,384,2011-2598-1,S25D,United States,Illinois,Jersey,NA,NA,38.96139842380207,-90.51481032460988,NA,"Gilbert Lake, Maternal lines = 32, Seedheads = 98; 6 packets",2/29/24,3/7/24,1997-11-08T00:00:00Z,Smith,-90.51481032460988,38.96139842380207,4 - Gilbert Lake (1997),Total Load
Boltonia_385,0.1817664448327454,0.14187819597364906,0.07577009689482057,Smith Lake (1998),Pop_05,B. decurrens,TRUE,TRUE,385,2011-2638-1,3A,United States,Illinois,Scott,39.7852777,-90.5902777,39.78656976625663,-90.58910563509704,Smith Lake,NA,3/1/24,3/8/24,1998-11-11T00:00:00Z,Smith,-90.5902777,39.7852777,5 - Smith Lake (1998),Total Load
Boltonia_386,0.18256240943351498,0.14144959822045555,0.07688228691059094,Hennepin Bridge (1999),Pop_17,B. decurrens,TRUE,TRUE,386,2011-2623-1,1B,United States,Illinois,Hennepin,NA,NA,41.34414603458205,-89.55849691836283,NA,"Hennepin Bridge, Maternal lines = 30, Seedheads = 90; 6 packets",2/29/24,3/8/24,1999-11-11T00:00:00Z,Smith,-89.55849691836283,41.34414603458205,17 - Hennepin Bridge (1999),Total Load
Boltonia_387,0.18315428054690774,0.14119128786632357,0.07608343835437198,Frederick Landing (2011),Pop_09,B. decurrens,TRUE,TRUE,387,2011-2659-1,12B,United States,Illinois,Frederick,NA,NA,40.07116308939078,-90.429571958886,NA,"Frederick Landing, Maternal lines = 15, Seedheads = 44; 2 packets",2/29/24,3/6/24,2011-12-01T00:00:00Z,Smith,-90.429571958886,40.07116308939078,9 - Frederick Landing (2011),Total Load
Boltonia_388,0.1796525072884924,0.13900223101172104,0.07390382138848144,Anderson Lake (1997),Pop_10,B. decurrens,TRUE,TRUE,388,2011-2664-1,14,United States,Illinois,Fulton,40.2047222,-90.1994444,40.20744447961278,-90.1871999885973,NA,"Anderson Lake, Maternal lines = 31, Seedheads = 31",3/1/24,3/10/24,1997-11-21T00:00:00Z,Smith,-90.1994444,40.2047222,10 - Anderson Lake (1997),Total Load
Boltonia_389,0.18027028257528302,0.1397730488519174,0.0757459937056243,McClugage Bridge (1999),Pop_14,B. decurrens,TRUE,TRUE,389,2011-2618-1,5A,United States,Illinois,Peoria,40.7222223,-89.5519444,40.69352232924267,-89.59142458669179,NA,"McClugage Bridge, Maternal lines = 30, Seedheads = 90; 4 packets",2/29/24,3/7/24,1999-11-11T00:00:00Z,Smith,-89.5519444,40.7222223,14 - McClugage Bridge (1999),Total Load
Boltonia_390,0.178846338013354,0.1388146680794214,0.07381773856992335,Anderson Lake (1997),Pop_10,B. decurrens,TRUE,TRUE,390,2011-2664-1,8,United States,Illinois,Fulton,40.2047222,-90.1994444,40.20744447961278,-90.1871999885973,NA,"Anderson Lake, Maternal lines = 31, Seedheads = 31",2/29/24,3/8/24,1997-11-21T00:00:00Z,Smith,-90.1994444,40.2047222,10 - Anderson Lake (1997),Total Load
Boltonia_392,0.1821809116071106,0.14162482148615654,0.07595947909564835,Smith Lake (1998),Pop_05,B. decurrens,TRUE,TRUE,392,2011-2638-1,3A,United States,Illinois,Scott,39.7852777,-90.5902777,39.78656976625663,-90.58910563509704,Smith Lake,NA,3/1/24,3/7/24,1998-11-11T00:00:00Z,Smith,-90.5902777,39.7852777,5 - Smith Lake (1998),Total Load
Boltonia_393,0.1799547226448004,0.13892078921216988,0.0748679489563319,Woodford County (1999),Pop_15,B. decurrens,TRUE,TRUE,393,2011-2650-1,15B,United States,Illinois,Woodford,40.8852777,-89.4583333,40.84668797480775,-89.0297386240063,NA,"Woodford County, Maternal lines = 30, Seedheads = 90; 6 packets",2/29/24,3/7/24,1999-11-11T00:00:00Z,Smith,-89.4583333,40.8852777,15 - Woodford County (1999),Total Load
Boltonia_394,0.18250039641235047,0.14119046522188367,0.07555661150479653,Anderson Lake (1997),Pop_10,B. decurrens,TRUE,TRUE,394,2011-2664-1,26,United States,Illinois,Fulton,40.2047222,-90.1994444,40.20744447961278,-90.1871999885973,NA,"Anderson Lake, Maternal lines = 31, Seedheads = 31",3/1/24,3/7/24,1997-11-21T00:00:00Z,Smith,-90.1994444,40.2047222,10 - Anderson Lake (1997),Total Load
Boltonia_395,0.18011956738460475,0.13973932042988108,0.07481974257793939,Sparland (1999),Pop_16,B. decurrens,TRUE,TRUE,395,2011-2629-1,7C,United States,Illinois,Marshal,41.045,-89.4311111,41.02868892611459,-89.43846248262098,NA,"Sparland, Maternal lines = 30, Seedheads = 90; 3 packets",2/29/24,3/6/24,1999-11-11T00:00:00Z,Smith,-89.4311111,41.045,16 - Sparland (1999),Total Load
Boltonia_396,0.1930669442338095,0.14954030628697787,0.08104869532880193,Fairmont City (1997),Pop_01,B. decurrens,TRUE,TRUE,396,2011-2599-1,3,United States,Illinois,Saint Clair,38.6494444,-90.1161111,38.6515072789885,-90.10298738781108,NA,"Fairmont City, Maternal lines = 28, Seedheads = 28; 2 packets",2/29/24,3/7/24,1997-12-05T00:00:00Z,Smith,-90.1161111,38.6494444,1 - Fairmont City (1997),Total Load
Boltonia_397,0.17753856974423946,0.13706983922237068,0.07308431295580853,Anderson Lake (1997),Pop_10,B. decurrens,TRUE,TRUE,397,2011-2664-1,11,United States,Illinois,Fulton,40.2047222,-90.1994444,40.20744447961278,-90.1871999885973,NA,"Anderson Lake, Maternal lines = 31, Seedheads = 31",2/29/24,3/10/24,1997-11-21T00:00:00Z,Smith,-90.1994444,40.2047222,10 - Anderson Lake (1997),Total Load
Boltonia_398,0.18183630760342437,0.14136568848758466,0.07644842950505823,Frederick Borrow Pit (1999),Pop_08,B. decurrens,TRUE,TRUE,398,2011-2675-1,3C,United States,Illinois,Schuyler,40.0672223,-90.4275,40.07010712467176,-90.42899627731744,NA,"Frederick Borrow Pit, Maternal lines = 30, Seedheads = 90; 3 packets",2/29/24,3/8/24,1999-10-07T00:00:00Z,Smith,-90.4275,40.0672223,8 - Frederick Borrow Pit (1999),Total Load
Boltonia_399,0.18161965451682438,0.14073554284661302,0.07600768547404087,Sparland (1999),Pop_16,B. decurrens,TRUE,TRUE,399,2011-2629-1,15A,United States,Illinois,Marshal,41.045,-89.4311111,41.02868892611459,-89.43846248262098,NA,"Sparland, Maternal lines = 30, Seedheads = 90; 3 packets",2/29/24,3/9/24,1999-11-11T00:00:00Z,Smith,-89.4311111,41.045,16 - Sparland (1999),Total Load
Boltonia_400,0.17817361447996194,0.13791058183995947,0.0743307921685295,Anderson Lake (1997),Pop_10,B. decurrens,TRUE,TRUE,400,2011-2664-1,1,United States,Illinois,Fulton,40.2047222,-90.1994444,40.20744447961278,-90.1871999885973,NA,"Anderson Lake, Maternal lines = 31, Seedheads = 31",2/29/24,3/7/24,1997-11-21T00:00:00Z,Smith,-90.1994444,40.2047222,10 - Anderson Lake (1997),Total Load
Boltonia_401,0.1803063914230497,0.13975495067423938,0.07536722930396876,McClugage Bridge (1999),Pop_14,B. decurrens,TRUE,TRUE,401,2011-2618-1,25A,United States,Illinois,Peoria,40.7222223,-89.5519444,40.69352232924267,-89.59142458669179,NA,"McClugage Bridge, Maternal lines = 30, Seedheads = 90; 4 packets",2/29/24,3/12/24,1999-11-11T00:00:00Z,Smith,-89.5519444,40.7222223,14 - McClugage Bridge (1999),Total Load
Boltonia_402,0.18048065586227144,0.13994415889541886,0.07436866860869505,Rice Lake (1999),Pop_12,B. decurrens,TRUE,TRUE,402,2011-2666-1,11B,United States,Illinois,Fulton,40.4925,-89.9022222,40.46699902833787,-89.9485498557629,NA,"Rice Lake, Maternal lines = 30, Seedheads = 90; 3 packets",2/29/24,3/6/24,1999-10-14T00:00:00Z,Smith,-89.9022222,40.4925,12 - Rice Lake (1999),Total Load
Boltonia_403,0.18026792765042868,0.14051589678115683,0.07483007251616636,Frederick Landing (2011),Pop_09,B. decurrens,TRUE,TRUE,403,2011-2659-1,15A,United States,Illinois,Frederick,NA,NA,40.07116308939078,-90.429571958886,NA,"Frederick Landing, Maternal lines = 15, Seedheads = 44; 2 packets",2/29/24,3/5/24,2011-12-01T00:00:00Z,Smith,-90.429571958886,40.07116308939078,9 - Frederick Landing (2011),Total Load
Boltonia_404,0.18384191860437735,0.14283986732390472,0.07664469833137065,Cooper Park (2000),Pop_13,B. decurrens,TRUE,TRUE,404,2011-2661-1,12A,United States,Illinois,Tazewell,NA,NA,40.69584983597212,-89.54394792156027,NA,"Cooper park South, Maternal lines = 43, Seedheads = 73; 4 packets",3/1/24,3/8/24,2000-10-01T00:00:00Z,Smith,-89.54394792156027,40.69584983597212,13 - Cooper Park (2000),Total Load
Boltonia_405,0.18131508423566203,0.1399178342733417,0.07453739093306888,Smith Lake (1998),Pop_05,B. decurrens,TRUE,TRUE,405,2011-2638-1,26C,United States,Illinois,Scott,39.7852777,-90.5902777,39.78656976625663,-90.58910563509704,Smith Lake,NA,2/29/24,3/8/24,1998-11-11T00:00:00Z,Smith,-90.5902777,39.7852777,5 - Smith Lake (1998),Total Load
Boltonia_408,0.18053952898363013,0.13936748514304143,0.07456149412226515,Anderson Lake (1997),Pop_10,B. decurrens,TRUE,TRUE,408,2011-2664-1,13,United States,Illinois,Fulton,40.2047222,-90.1994444,40.20744447961278,-90.1871999885973,NA,"Anderson Lake, Maternal lines = 31, Seedheads = 31",3/2/24,3/12/24,1997-11-21T00:00:00Z,Smith,-90.1994444,40.2047222,10 - Anderson Lake (1997),Total Load
Boltonia_409,0.18283950559137657,0.14157217224200225,0.07642776962860429,Cooper Park (2000),Pop_13,B. decurrens,TRUE,TRUE,409,2011-2661-1,8A,United States,Illinois,Tazewell,NA,NA,40.69584983597212,-89.54394792156027,NA,"Cooper park South, Maternal lines = 43, Seedheads = 73; 4 packets",3/1/24,3/10/24,2000-10-01T00:00:00Z,Smith,-89.54394792156027,40.69584983597212,13 - Cooper Park (2000),Total Load
Boltonia_411,0.18017530060615766,0.1395344819643433,0.07531213630009159,Rice Lake (1999),Pop_12,B. decurrens,TRUE,TRUE,411,2011-2666-1,13C,United States,Illinois,Fulton,40.4925,-89.9022222,40.46699902833787,-89.9485498557629,NA,"Rice Lake, Maternal lines = 30, Seedheads = 90; 3 packets",2/29/24,3/16/24,1999-10-14T00:00:00Z,Smith,-89.9022222,40.4925,12 - Rice Lake (1999),Total Load
Boltonia_412,0.18279240709428962,0.14228293703808514,0.07688917353607559,Frederick Landing (2011),Pop_09,B. decurrens,TRUE,TRUE,412,2011-2659-1,5A,United States,Illinois,Frederick,NA,NA,40.07116308939078,-90.429571958886,NA,"Frederick Landing, Maternal lines = 15, Seedheads = 44; 2 packets",2/29/24,3/8/24,2011-12-01T00:00:00Z,Smith,-90.429571958886,40.07116308939078,9 - Frederick Landing (2011),Total Load
Boltonia_413,0.18090061746129682,0.13950157618674686,0.07555316819205421,Sparland (1999),Pop_16,B. decurrens,TRUE,TRUE,413,2011-2629-1,30A,United States,Illinois,Marshal,41.045,-89.4311111,41.02868892611459,-89.43846248262098,NA,"Sparland, Maternal lines = 30, Seedheads = 90; 3 packets",2/29/24,3/6/24,1999-11-11T00:00:00Z,Smith,-89.4311111,41.045,16 - Sparland (1999),Total Load
Boltonia_415,0.18130723448614755,0.14071004086897576,0.07606622179066036,Sparland (1999),Pop_16,B. decurrens,TRUE,TRUE,415,2011-2629-1,2B,United States,Illinois,Marshal,41.045,-89.4311111,41.02868892611459,-89.43846248262098,NA,"Sparland, Maternal lines = 30, Seedheads = 90; 3 packets",2/29/24,3/7/24,1999-11-11T00:00:00Z,Smith,-89.4311111,41.045,16 - Sparland (1999),Total Load
Boltonia_417,0.1801996348296526,0.13967926738576758,0.0753878891804227,Beardstown (1997),Pop_07,B. decurrens,TRUE,TRUE,417,2011-2636-1,26,United States,Illinois,Cass,40.010555600000004,-90.4458333,40.0178975293398,-90.42445029519196,NA,"Beardstown, Maternal lines = 52, Seedheads = 53; 3 packets",2/29/24,3/8/24,1997-11-21T00:00:00Z,Smith,-90.4458333,40.010555600000004,7 - Beardstown (1997),Total Load
Boltonia_418,0.19393669648001532,0.15133696174374298,0.08217121528279928,West Alton (1999),Pop_03,B. decurrens,TRUE,TRUE,418,2011-2635-1,31,United States,Illinois,Alton,NA,NA,38.86501904919102,-90.22302347588696,NA,"West Alton, Maternal lines = 32, Seedheads = 32; 2 packets",2/29/24,3/12/24,1999-11-07T00:00:00Z,Smith,-90.22302347588696,38.86501904919102,3 - West Alton (1999),Total Load
Boltonia_420,0.17898135370500326,0.13857445590296744,0.07455116418403818,Frederick Landing (2011),Pop_09,B. decurrens,TRUE,TRUE,420,2011-2659-1,14A,United States,Illinois,Frederick,NA,NA,40.07116308939078,-90.429571958886,NA,"Frederick Landing, Maternal lines = 15, Seedheads = 44; 2 packets",2/29/24,3/6/24,2011-12-01T00:00:00Z,Smith,-90.429571958886,40.07116308939078,9 - Frederick Landing (2011),Total Load
Boltonia_421,0.18111334567313958,0.1404599569592429,0.07573566376739733,Frederick Borrow Pit (1999),Pop_08,B. decurrens,TRUE,TRUE,421,2011-2675-1,16A,United States,Illinois,Schuyler,40.0672223,-90.4275,40.07010712467176,-90.42899627731744,NA,"Frederick Borrow Pit, Maternal lines = 30, Seedheads = 90; 3 packets",2/29/24,3/6/24,1999-10-07T00:00:00Z,Smith,-90.4275,40.0672223,8 - Frederick Borrow Pit (1999),Total Load
Boltonia_422,0.19246251352119353,0.14857781229228229,0.08003980469530125,West Alton (1999),Pop_03,B. decurrens,TRUE,TRUE,422,2011-2635-1,13,United States,Illinois,Alton,NA,NA,38.86501904919102,-90.22302347588696,NA,"West Alton, Maternal lines = 32, Seedheads = 32; 2 packets",3/1/24,3/9/24,1999-11-07T00:00:00Z,Smith,-90.22302347588696,38.86501904919102,3 - West Alton (1999),Total Load
Boltonia_423,0.19100089016159494,0.14819363733884394,0.08012244420111701,West Alton (1999),Pop_03,B. decurrens,TRUE,TRUE,423,2011-2635-1,28,United States,Illinois,Alton,NA,NA,38.86501904919102,-90.22302347588696,NA,"West Alton, Maternal lines = 32, Seedheads = 32; 2 packets",2/29/24,3/10/24,1999-11-07T00:00:00Z,Smith,-90.22302347588696,38.86501904919102,3 - West Alton (1999),Total Load
Boltonia_424,0.1544336170232808,0.11944468209728264,0.06440027821966958,Gilbert Lake (1997),Pop_04,B. decurrens,TRUE,TRUE,424,2011-2598-1,L1B,United States,Illinois,Jersey,NA,NA,38.96139842380207,-90.51481032460988,NA,"Gilbert Lake, Maternal lines = 32, Seedheads = 98; 6 packets",2/29/24,3/7/24,1997-11-08T00:00:00Z,Smith,-90.51481032460988,38.96139842380207,4 - Gilbert Lake (1997),Total Load
Boltonia_425,0.18483020206825201,0.14278310485755089,0.07694082322721044,Meredosia Lake (1999),Pop_06,B. decurrens,TRUE,TRUE,425,2011-2620-1,20B,United States,Illinois,Morgan,39.8672223,-90.5533333,39.87546015928839,-90.55308508241012,NA,"Meredosia Lake, Maternal lines = 30, Seedheads = 90; 5 packets",3/1/24,3/10/24,1999-10-07T00:00:00Z,Smith,-90.5533333,39.8672223,6 - Meredosia Lake (1999),Total Load
Boltonia_426,0.18210241411196568,0.14150882862012912,0.07673422446267104,Cooper Park (2000),Pop_13,B. decurrens,TRUE,TRUE,426,2011-2661-1,18B,United States,Illinois,Tazewell,NA,NA,40.69584983597212,-89.54394792156027,NA,"Cooper park South, Maternal lines = 43, Seedheads = 73; 4 packets",2/29/24,3/7/24,2000-10-01T00:00:00Z,Smith,-89.54394792156027,40.69584983597212,13 - Cooper Park (2000),Total Load
Boltonia_427,0.17787924887316844,0.13683867613475573,0.07353538692505285,Anderson Lake (1997),Pop_10,B. decurrens,TRUE,TRUE,427,2011-2664-1,26,United States,Illinois,Fulton,40.2047222,-90.1994444,40.20744447961278,-90.1871999885973,NA,"Anderson Lake, Maternal lines = 31, Seedheads = 31",3/1/24,3/8/24,1997-11-21T00:00:00Z,Smith,-90.1994444,40.2047222,10 - Anderson Lake (1997),Total Load
Boltonia_428,0.18108116170013014,0.13978374322963627,0.07522605348153351,Frederick Landing (2011),Pop_09,B. decurrens,TRUE,TRUE,428,2011-2659-1,3C,United States,Illinois,Frederick,NA,NA,40.07116308939078,-90.429571958886,NA,"Frederick Landing, Maternal lines = 15, Seedheads = 44; 2 packets",2/29/24,NA,2011-12-01T00:00:00Z,Smith,-90.429571958886,40.07116308939078,9 - Frederick Landing (2011),Total Load
Boltonia_429,0.18333325483583818,0.1417819465741795,0.07660682189120509,Meredosia Lake (1999),Pop_06,B. decurrens,TRUE,TRUE,429,2011-2620-1,19A,United States,Illinois,Morgan,39.8672223,-90.5533333,39.87546015928839,-90.55308508241012,NA,"Meredosia Lake, Maternal lines = 30, Seedheads = 90; 5 packets",2/29/24,3/7/24,1999-10-07T00:00:00Z,Smith,-90.5533333,39.8672223,6 - Meredosia Lake (1999),Total Load
Boltonia_430,0.14380348623075437,0.1126595107568987,0.06035782906018222,Gilbert Lake (1997),Pop_04,B. decurrens,TRUE,TRUE,430,2011-2598-1,L3B,United States,Illinois,Jersey,NA,NA,38.96139842380207,-90.51481032460988,NA,"Gilbert Lake, Maternal lines = 32, Seedheads = 98; 6 packets",2/29/24,3/12/24,1997-11-08T00:00:00Z,Smith,-90.51481032460988,38.96139842380207,4 - Gilbert Lake (1997),Total Load
Boltonia_431,0.18056543315702797,0.1398018414073143,0.07429291572836394,Anderson Lake (2000),Pop_11,B. decurrens,TRUE,TRUE,431,2011-2613-1,6A,United States,Illinois,Fulton,40.2047222,-90.1994444,40.20813714639404,-90.18724497777134,NA,"Anderson Lake, Maternal lines = 30, Seedheads = 61; 2 packets",2/29/24,3/7/24,2000-10-01T00:00:00Z,Smith,-90.1994444,40.2047222,11 - Anderson Lake (2000),Total Load
Boltonia_432,0.17993902314577143,0.137546150353079,0.07226480452313562,Anderson Lake (1997),Pop_10,B. decurrens,TRUE,TRUE,432,2011-2664-1,9,United States,Illinois,Fulton,40.2047222,-90.1994444,40.20744447961278,-90.1871999885973,NA,"Anderson Lake, Maternal lines = 31, Seedheads = 31",2/29/24,3/18/24,1997-11-21T00:00:00Z,Smith,-90.1994444,40.2047222,10 - Anderson Lake (1997),Total Load
Boltonia_433,0.1838764575022411,0.1414685190425735,0.07630725368262298,Meredosia Lake (1999),Pop_06,B. decurrens,TRUE,TRUE,433,2011-2620-1,20B,United States,Illinois,Morgan,39.8672223,-90.5533333,39.87546015928839,-90.55308508241012,NA,"Meredosia Lake, Maternal lines = 30, Seedheads = 90; 5 packets",3/1/24,3/10/24,1999-10-07T00:00:00Z,Smith,-90.5533333,39.8672223,6 - Meredosia Lake (1999),Total Load
Boltonia_434,0.18059683215508593,0.13935432283200283,0.07338388116439064,Anderson Lake (1997),Pop_10,B. decurrens,TRUE,TRUE,434,2011-2664-1,12,United States,Illinois,Fulton,40.2047222,-90.1994444,40.20744447961278,-90.1871999885973,NA,"Anderson Lake, Maternal lines = 31, Seedheads = 31",2/29/24,3/16/24,1997-11-21T00:00:00Z,Smith,-90.1994444,40.2047222,10 - Anderson Lake (1997),Total Load
Boltonia_435,0.08053529011889231,0.06277681985402997,0.03470170581713255,Gilbert Lake (1997),Pop_04,B. decurrens,TRUE,TRUE,435,2011-2598-1,S8A,United States,Illinois,Jersey,NA,NA,38.96139842380207,-90.51481032460988,NA,"Gilbert Lake, Maternal lines = 32, Seedheads = 98; 6 packets",2/29/24,3/7/24,1997-11-08T00:00:00Z,Smith,-90.51481032460988,38.96139842380207,4 - Gilbert Lake (1997),Total Load
Boltonia_436,0.1811423897463432,0.1406886521135381,0.0756564675743239,Smith Lake (1998),Pop_05,B. decurrens,TRUE,TRUE,436,2011-2638-1,17A,United States,Illinois,Scott,39.7852777,-90.5902777,39.78656976625663,-90.58910563509704,Smith Lake,NA,3/1/24,3/10/24,1998-11-11T00:00:00Z,Smith,-90.5902777,39.7852777,5 - Smith Lake (1998),Total Load
Boltonia_437,0.1815215326478932,0.14049368538127924,0.07661370851668974,Cooper Park (2000),Pop_13,B. decurrens,TRUE,TRUE,437,2011-2661-1,5A,United States,Illinois,Tazewell,NA,NA,40.69584983597212,-89.54394792156027,NA,"Cooper park South, Maternal lines = 43, Seedheads = 73; 4 packets",2/29/24,3/6/24,2000-10-01T00:00:00Z,Smith,-89.54394792156027,40.69584983597212,13 - Cooper Park (2000),Total Load
Boltonia_438,0.18058427255586273,0.1399392230287794,0.07573910708013966,Frederick Borrow Pit (1999),Pop_08,B. decurrens,TRUE,TRUE,438,2011-2675-1,15B,United States,Illinois,Schuyler,40.0672223,-90.4275,40.07010712467176,-90.42899627731744,NA,"Frederick Borrow Pit, Maternal lines = 30, Seedheads = 90; 3 packets",2/29/24,3/6/24,1999-10-07T00:00:00Z,Smith,-90.4275,40.0672223,8 - Frederick Borrow Pit (1999),Total Load
Boltonia_441,0.1574149518888852,0.12177934701774938,0.06530931278364288,Gilbert Lake (1997),Pop_04,B. decurrens,TRUE,TRUE,441,2011-2598-1,L7B,United States,Illinois,Jersey,NA,NA,38.96139842380207,-90.51481032460988,NA,"Gilbert Lake, Maternal lines = 32, Seedheads = 98; 6 packets",2/29/24,3/7/24,1997-11-08T00:00:00Z,Smith,-90.51481032460988,38.96139842380207,4 - Gilbert Lake (1997),Total Load
Boltonia_442,0.12395225468355305,0.09674709935570487,0.05233146705782699,Gilbert Lake (1997),Pop_04,B. decurrens,TRUE,TRUE,442,2011-2598-1,S8A,United States,Illinois,Jersey,NA,NA,38.96139842380207,-90.51481032460988,NA,"Gilbert Lake, Maternal lines = 32, Seedheads = 98; 6 packets",2/29/24,3/7/24,1997-11-08T00:00:00Z,Smith,-90.51481032460988,38.96139842380207,4 - Gilbert Lake (1997),Total Load
Boltonia_443,0.19187299733265512,0.14921947495541268,0.08088685962991275,West Alton (1999),Pop_03,B. decurrens,TRUE,TRUE,443,2011-2635-1,11,United States,Illinois,Alton,NA,NA,38.86501904919102,-90.22302347588696,NA,"West Alton, Maternal lines = 32, Seedheads = 32; 2 packets",2/29/24,3/7/24,1999-11-07T00:00:00Z,Smith,-90.22302347588696,38.86501904919102,3 - West Alton (1999),Total Load
Boltonia_444,0.1829368424853563,0.14248448492586327,0.07703034935851083,Meredosia Lake (1999),Pop_06,B. decurrens,TRUE,TRUE,444,2011-2620-1,27A,United States,Illinois,Morgan,39.8672223,-90.5533333,39.87546015928839,-90.55308508241012,NA,"Meredosia Lake, Maternal lines = 30, Seedheads = 90; 5 packets",3/1/24,3/8/24,1999-10-07T00:00:00Z,Smith,-90.5533333,39.8672223,6 - Meredosia Lake (1999),Total Load
Boltonia_445,0.1800646191380033,0.1393041415211683,0.07424470934997142,Hennepin Bridge (1999),Pop_17,B. decurrens,TRUE,TRUE,445,2011-2623-1,7A,United States,Illinois,Hennepin,NA,NA,41.34414603458205,-89.55849691836283,NA,"Hennepin Bridge, Maternal lines = 30, Seedheads = 90; 6 packets",2/29/24,3/10/24,1999-11-11T00:00:00Z,Smith,-89.55849691836283,41.34414603458205,17 - Hennepin Bridge (1999),Total Load
Boltonia_446,0.19027164843169855,0.14762519003086563,0.07853507702690604,West Alton (1999),Pop_03,B. decurrens,TRUE,TRUE,446,2011-2635-1,21,United States,Illinois,Alton,NA,NA,38.86501904919102,-90.22302347588696,NA,"West Alton, Maternal lines = 32, Seedheads = 32; 2 packets",2/29/24,3/7/24,1999-11-07T00:00:00Z,Smith,-90.22302347588696,38.86501904919102,3 - West Alton (1999),Total Load
Boltonia_448,0.15338332053824164,0.11954998058559121,0.06422811258255343,Gilbert Lake (1997),Pop_04,B. decurrens,TRUE,TRUE,448,2011-2598-1,S17A,United States,Illinois,Jersey,NA,NA,38.96139842380207,-90.51481032460988,NA,"Gilbert Lake, Maternal lines = 32, Seedheads = 98; 6 packets",2/29/24,3/7/24,1997-11-08T00:00:00Z,Smith,-90.51481032460988,38.96139842380207,4 - Gilbert Lake (1997),Total Load
Boltonia_449,0.18060311195469753,0.13960440674173571,0.07468201006824646,McClugage Bridge (1999),Pop_14,B. decurrens,TRUE,TRUE,449,2011-2618-1,3C,United States,Illinois,Peoria,40.7222223,-89.5519444,40.69352232924267,-89.59142458669179,NA,"McClugage Bridge, Maternal lines = 30, Seedheads = 90; 4 packets",2/29/24,3/12/24,1999-11-11T00:00:00Z,Smith,-89.5519444,40.7222223,14 - McClugage Bridge (1999),Total Load
Boltonia_452,0.19202763739809062,0.1478283832075236,0.07800480686458829,Horseshoe Lake (2000),Pop_02,B. decurrens,TRUE,TRUE,452,2011-2609-1,9C,United States,Illinois,Madison,38.6891666,-90.0972222,38.69652811427051,-90.085926104309,NA,"Horseshoe Lake, Maternal lines = 30, Seedheads = 90; 3 packets",3/1/24,3/12/24,2000-11-01T00:00:00Z,Smith,-90.0972222,38.6891666,2 - Horseshoe Lake (2000),Total Load
Boltonia_453,0.15989390278556212,0.12391986785039717,0.06679338057558416,Gilbert Lake (1997),Pop_04,B. decurrens,TRUE,TRUE,453,2011-2598-1,22C,United States,Illinois,Jersey,NA,NA,38.96139842380207,-90.51481032460988,NA,"Gilbert Lake, Maternal lines = 32, Seedheads = 98; 6 packets",2/29/24,3/7/24,1997-11-08T00:00:00Z,Smith,-90.51481032460988,38.96139842380207,4 - Gilbert Lake (1997),Total Load
Boltonia_454,0.1818174682045896,0.1408803282680373,0.07615230460921844,McClugage Bridge (1999),Pop_14,B. decurrens,TRUE,TRUE,454,2011-2618-1,15A,United States,Illinois,Peoria,40.7222223,-89.5519444,40.69352232924267,-89.59142458669179,NA,"McClugage Bridge, Maternal lines = 30, Seedheads = 90; 4 packets",2/29/24,3/12/24,1999-11-11T00:00:00Z,Smith,-89.5519444,40.7222223,14 - McClugage Bridge (1999),Total Load
Boltonia_455,0.18267780075137802,0.14244582063718747,0.07649319257070843,Meredosia Lake (1999),Pop_06,B. decurrens,TRUE,TRUE,455,2011-2620-1,26C,United States,Illinois,Morgan,39.8672223,-90.5533333,39.87546015928839,-90.55308508241012,NA,"Meredosia Lake, Maternal lines = 30, Seedheads = 90; 5 packets",2/29/24,3/9/24,1999-10-07T00:00:00Z,Smith,-90.5533333,39.8672223,6 - Meredosia Lake (1999),Total Load
Boltonia_456,0.16416652144630065,0.12734453665374568,0.06896955422873238,Gilbert Lake (1997),Pop_04,B. decurrens,TRUE,TRUE,456,2011-2598-1,L4B,United States,Illinois,Jersey,NA,NA,38.96139842380207,-90.51481032460988,NA,"Gilbert Lake, Maternal lines = 32, Seedheads = 98; 6 packets",2/29/24,3/7/24,1997-11-08T00:00:00Z,Smith,-90.51481032460988,38.96139842380207,4 - Gilbert Lake (1997),Total Load
Boltonia_457,0.19185101803401453,0.14908127068950766,0.08064582773795012,West Alton (1999),Pop_03,B. decurrens,TRUE,TRUE,457,2011-2635-1,24,United States,Illinois,Alton,NA,NA,38.86501904919102,-90.22302347588696,NA,"West Alton, Maternal lines = 32, Seedheads = 32; 2 packets",2/29/24,3/10/24,1999-11-07T00:00:00Z,Smith,-90.22302347588696,38.86501904919102,3 - West Alton (1999),Total Load
Boltonia_458,0.17930397841004894,0.13983639247379054,0.07596292240839067,McClugage Bridge (1999),Pop_14,B. decurrens,TRUE,TRUE,458,2011-2618-1,12A,United States,Illinois,Peoria,40.7222223,-89.5519444,40.69352232924267,-89.59142458669179,NA,"McClugage Bridge, Maternal lines = 30, Seedheads = 90; 4 packets",2/29/24,3/8/24,1999-11-11T00:00:00Z,Smith,-89.5519444,40.7222223,14 - McClugage Bridge (1999),Total Load
Boltonia_459,0.18193835434711278,0.14087045653475838,0.0754464254970422,Cooper Park (2000),Pop_13,B. decurrens,TRUE,TRUE,459,2011-2661-1,29B,United States,Illinois,Tazewell,NA,NA,40.69584983597212,-89.54394792156027,NA,"Cooper park South, Maternal lines = 43, Seedheads = 73; 4 packets",2/29/24,3/6/24,2000-10-01T00:00:00Z,Smith,-89.54394792156027,40.69584983597212,13 - Cooper Park (2000),Total Load
Boltonia_460,0.18093201645935478,0.14088197355691712,0.07645531613054288,Smith Lake (1998),Pop_05,B. decurrens,TRUE,TRUE,460,2011-2638-1,13A,United States,Illinois,Scott,39.7852777,-90.5902777,39.78656976625663,-90.58910563509704,Smith Lake,NA,2/29/24,3/7/24,1998-11-11T00:00:00Z,Smith,-90.5902777,39.7852777,5 - Smith Lake (1998),Total Load
Boltonia_461,0.19290837929361673,0.15021734266102443,0.08000537156787803,Fairmont City (1997),Pop_01,B. decurrens,TRUE,TRUE,461,2011-2599-1,6,United States,Illinois,Saint Clair,38.6494444,-90.1161111,38.6515072789885,-90.10298738781108,NA,"Fairmont City, Maternal lines = 28, Seedheads = 28; 2 packets",2/29/24,3/18/24,1997-12-05T00:00:00Z,Smith,-90.1161111,38.6494444,1 - Fairmont City (1997),Total Load
Boltonia_462,0.17843815103860036,0.13766214321910641,0.07213051532618502,Anderson Lake (1997),Pop_10,B. decurrens,TRUE,TRUE,462,2011-2664-1,10,United States,Illinois,Fulton,40.2047222,-90.1994444,40.20744447961278,-90.1871999885973,NA,"Anderson Lake, Maternal lines = 31, Seedheads = 31",3/1/24,3/15/24,1997-11-21T00:00:00Z,Smith,-90.1994444,40.2047222,10 - Anderson Lake (1997),Total Load
Boltonia_463,0.18221309558012003,0.14146934168701342,0.07616607786018773,Meredosia Lake (1999),Pop_06,B. decurrens,TRUE,TRUE,463,2011-2620-1,14C,United States,Illinois,Morgan,39.8672223,-90.5533333,39.87546015928839,-90.55308508241012,NA,"Meredosia Lake, Maternal lines = 30, Seedheads = 90; 5 packets",2/29/24,3/7/24,1999-10-07T00:00:00Z,Smith,-90.5533333,39.8672223,6 - Meredosia Lake (1999),Total Load
Boltonia_465,0.1817397556843961,0.1406499878248623,0.07568401407626249,Frederick Landing (2011),Pop_09,B. decurrens,TRUE,TRUE,465,2011-2659-1,4A,United States,Illinois,Frederick,NA,NA,40.07116308939078,-90.429571958886,NA,"Frederick Landing, Maternal lines = 15, Seedheads = 44; 2 packets",2/29/24,3/8/24,2011-12-01T00:00:00Z,Smith,-90.429571958886,40.07116308939078,9 - Frederick Landing (2011),Total Load
Boltonia_466,0.19269879098157977,0.15001085890660681,0.08072846724376588,Fairmont City (1997),Pop_01,B. decurrens,TRUE,TRUE,466,2011-2599-1,16,United States,Illinois,Saint Clair,38.6494444,-90.1161111,38.6515072789885,-90.10298738781108,NA,"Fairmont City, Maternal lines = 28, Seedheads = 28; 2 packets",3/1/24,3/8/24,1997-12-05T00:00:00Z,Smith,-90.1161111,38.6494444,1 - Fairmont City (1997),Total Load
Boltonia_467,0.19313837695439137,0.1496423141975268,0.07982976261801955,West Alton (1999),Pop_03,B. decurrens,TRUE,TRUE,467,2011-2635-1,6,United States,Illinois,Alton,NA,NA,38.86501904919102,-90.22302347588696,NA,"West Alton, Maternal lines = 32, Seedheads = 32; 2 packets",2/29/24,3/7/24,1999-11-07T00:00:00Z,Smith,-90.22302347588696,38.86501904919102,3 - West Alton (1999),Total Load
Boltonia_468,0.15809317024693742,0.12260281410210004,0.06596009889194196,Gilbert Lake (1997),Pop_04,B. decurrens,TRUE,TRUE,468,2011-2598-1,L7B,United States,Illinois,Jersey,NA,NA,38.96139842380207,-90.51481032460988,NA,"Gilbert Lake, Maternal lines = 32, Seedheads = 98; 6 packets",2/29/24,3/12/24,1997-11-08T00:00:00Z,Smith,-90.51481032460988,38.96139842380207,4 - Gilbert Lake (1997),Total Load
Boltonia_001,0.1988404350017191,0.159458107654542,0.11218312914488772,Fairmont City (1997),Pop_01,B. decurrens,TRUE,TRUE,1,2011-2599-1,2,United States,Illinois,Saint Clair,38.6494444,-90.1161111,38.6515072789885,-90.10298738781108,NA,"Fairmont City, Maternal lines = 28, Seedheads = 28; 2 packets",2/29/24,3/7/24,1997-12-05T00:00:00Z,Smith,-90.1161111,38.6494444,1 - Fairmont City (1997),Heterozygous Load
Boltonia_002,0.17098324392468636,0.14019342016071182,0.09995248228415594,Fairmont City (1997),Pop_01,B. decurrens,TRUE,TRUE,2,2011-2599-1,2,United States,Illinois,Saint Clair,38.6494444,-90.1161111,38.6515072789885,-90.10298738781108,NA,"Fairmont City, Maternal lines = 28, Seedheads = 28; 2 packets",2/29/24,3/6/24,1997-12-05T00:00:00Z,Smith,-90.1161111,38.6494444,1 - Fairmont City (1997),Heterozygous Load
Boltonia_004,0.18123344684071133,0.14588447439601446,0.10220440881763528,Frederick Landing (2011),Pop_09,B. decurrens,TRUE,TRUE,4,2011-2659-1,12B,United States,Illinois,Frederick,NA,NA,40.07116308939078,-90.429571958886,NA,"Frederick Landing, Maternal lines = 15, Seedheads = 44; 2 packets",2/29/24,3/6/24,2011-12-01T00:00:00Z,Smith,-90.429571958886,40.07116308939078,9 - Frederick Landing (2011),Heterozygous Load
Boltonia_005,0.15463849548560907,0.1269192294783118,0.08832785846607304,Anderson Lake (2000),Pop_11,B. decurrens,TRUE,TRUE,5,2011-2613-1,8A,United States,Illinois,Fulton,40.2047222,-90.1994444,40.20813714639404,-90.18724497777134,NA,"Anderson Lake, Maternal lines = 30, Seedheads = 61; 2 packets",2/29/24,3/7/24,2000-10-01T00:00:00Z,Smith,-90.1994444,40.2047222,11 - Anderson Lake (2000),Heterozygous Load
Boltonia_006,0.15074344977651763,0.12329301278718517,0.08562830127609171,Anderson Lake (1997),Pop_10,B. decurrens,TRUE,TRUE,6,2011-2664-1,14,United States,Illinois,Fulton,40.2047222,-90.1994444,40.20744447961278,-90.1871999885973,NA,"Anderson Lake, Maternal lines = 31, Seedheads = 31",2/29/24,3/12/24,1997-11-21T00:00:00Z,Smith,-90.1994444,40.2047222,10 - Anderson Lake (1997),Heterozygous Load
Boltonia_007,0.1853734047346549,0.14951398166490074,0.1015983857749864,Cooper Park (2000),Pop_13,B. decurrens,TRUE,TRUE,7,2011-2661-1,7B,United States,Illinois,Tazewell,NA,NA,40.69584983597212,-89.54394792156027,NA,"Cooper park South, Maternal lines = 43, Seedheads = 73; 4 packets",2/29/24,3/9/24,2000-10-01T00:00:00Z,Smith,-89.54394792156027,40.69584983597212,13 - Cooper Park (2000),Heterozygous Load
Boltonia_008,0.17399440783844589,0.14192261877340423,0.10114386849299975,West Alton (1999),Pop_03,B. decurrens,TRUE,TRUE,8,2011-2635-1,28,United States,Illinois,Alton,NA,NA,38.86501904919102,-90.22302347588696,NA,"West Alton, Maternal lines = 32, Seedheads = 32; 2 packets",2/29/24,3/6/24,1999-11-07T00:00:00Z,Smith,-90.22302347588696,38.86501904919102,3 - West Alton (1999),Heterozygous Load
Boltonia_009,0.1570593582358787,0.12717424925468412,0.08598640580129331,Gilbert Lake (1997),Pop_04,B. decurrens,TRUE,TRUE,9,2011-2598-1,L1B,United States,Illinois,Jersey,NA,NA,38.96139842380207,-90.51481032460988,NA,"Gilbert Lake, Maternal lines = 32, Seedheads = 98; 6 packets",2/29/24,3/7/24,1997-11-08T00:00:00Z,Smith,-90.51481032460988,38.96139842380207,4 - Gilbert Lake (1997),Heterozygous Load
Boltonia_012,0.15956342833100196,0.12923415093222068,0.08668884160072723,Gilbert Lake (1997),Pop_04,B. decurrens,TRUE,TRUE,12,2011-2598-1,L13B,United States,Illinois,Jersey,NA,NA,38.96139842380207,-90.51481032460988,NA,"Gilbert Lake, Maternal lines = 32, Seedheads = 98; 6 packets",2/29/24,3/10/24,1997-11-08T00:00:00Z,Smith,-90.51481032460988,38.96139842380207,4 - Gilbert Lake (1997),Heterozygous Load
Boltonia_013,0.17714529729356338,0.14324543103278073,0.0991880668553602,Sparland (1999),Pop_16,B. decurrens,TRUE,TRUE,13,2011-2629-1,28C,United States,Illinois,Marshal,41.045,-89.4311111,41.02868892611459,-89.43846248262098,NA,"Sparland, Maternal lines = 30, Seedheads = 90; 3 packets",2/29/24,3/7/24,1999-11-11T00:00:00Z,Smith,-89.4311111,41.045,16 - Sparland (1999),Heterozygous Load
Boltonia_014,0.12974693977515178,0.10716918176493428,0.0761178714817952,Anderson Lake (2000),Pop_11,B. decurrens,TRUE,TRUE,14,2011-2613-1,14B,United States,Illinois,Fulton,40.2047222,-90.1994444,40.20813714639404,-90.18724497777134,NA,"Anderson Lake, Maternal lines = 30, Seedheads = 61; 2 packets",3/1/24,3/10/24,2000-10-01T00:00:00Z,Smith,-90.1994444,40.2047222,11 - Anderson Lake (2000),Heterozygous Load
Boltonia_015,0.12105726706260803,0.10116223206470593,0.07408631696382456,Hennepin Bridge (1999),Pop_17,B. decurrens,TRUE,TRUE,15,2011-2623-1,30C,United States,Illinois,Hennepin,NA,NA,41.34414603458205,-89.55849691836283,NA,"Hennepin Bridge, Maternal lines = 30, Seedheads = 90; 6 packets",2/28/24,3/8/24,1999-11-11T00:00:00Z,Smith,-89.55849691836283,41.34414603458205,17 - Hennepin Bridge (1999),Heterozygous Load
Boltonia_016,0.18609401174008539,0.14988088108510092,0.10668760200814,West Alton (1999),Pop_03,B. decurrens,TRUE,TRUE,16,2011-2635-1,17,United States,Illinois,Alton,NA,NA,38.86501904919102,-90.22302347588696,NA,"West Alton, Maternal lines = 32, Seedheads = 32; 2 packets",3/1/24,3/12/24,1999-11-07T00:00:00Z,Smith,-90.22302347588696,38.86501904919102,3 - West Alton (1999),Heterozygous Load
Boltonia_017,0.16335014749679339,0.1338853825954761,0.09360990021279672,Anderson Lake (1997),Pop_10,B. decurrens,TRUE,TRUE,17,2011-2664-1,7,United States,Illinois,Fulton,40.2047222,-90.1994444,40.20744447961278,-90.1871999885973,NA,"Anderson Lake, Maternal lines = 31, Seedheads = 31",2/29/24,3/7/24,1997-11-21T00:00:00Z,Smith,-90.1994444,40.2047222,10 - Anderson Lake (1997),Heterozygous Load
Boltonia_019,0.1816777426632316,0.14746888758728258,0.10268647260156051,Frederick Borrow Pit (1999),Pop_08,B. decurrens,TRUE,TRUE,19,2011-2675-1,2A,United States,Illinois,Schuyler,40.0672223,-90.4275,40.07010712467176,-90.42899627731744,NA,"Frederick Borrow Pit, Maternal lines = 30, Seedheads = 90; 3 packets",2/29/24,3/8/24,1999-10-07T00:00:00Z,Smith,-90.4275,40.0672223,8 - Frederick Borrow Pit (1999),Heterozygous Load
Boltonia_020,0.1818143283047838,0.1476926468749383,0.10305146375224676,Woodford County (1999),Pop_15,B. decurrens,TRUE,TRUE,20,2011-2650-1,18A,United States,Illinois,Woodford,40.8852777,-89.4583333,40.84668797480775,-89.0297386240063,NA,"Woodford County, Maternal lines = 30, Seedheads = 90; 6 packets",2/29/24,3/6/24,1999-11-11T00:00:00Z,Smith,-89.4583333,40.8852777,15 - Woodford County (1999),Heterozygous Load
Boltonia_021,0.19000004709849708,0.154258994794306,0.1072385320469117,Rice Lake (1999),Pop_12,B. decurrens,TRUE,TRUE,21,2011-2666-1,18A,United States,Illinois,Fulton,40.4925,-89.9022222,40.46699902833787,-89.9485498557629,NA,"Rice Lake, Maternal lines = 30, Seedheads = 90; 3 packets",2/29/24,3/10/24,1999-10-14T00:00:00Z,Smith,-89.9022222,40.4925,12 - Rice Lake (1999),Heterozygous Load
Boltonia_022,0.07574537296514869,0.06777767540424748,0.051725444015178125,Beardstown (1997),Pop_07,B. decurrens,TRUE,TRUE,22,2011-2636-1,23,United States,Illinois,Cass,40.010555600000004,-90.4458333,40.0178975293398,-90.42445029519196,NA,"Beardstown, Maternal lines = 52, Seedheads = 53; 3 packets",3/1/24,3/18/24,1997-11-21T00:00:00Z,Smith,-90.4458333,40.010555600000004,7 - Beardstown (1997),Heterozygous Load
Boltonia_023,0.16911029369052832,0.1386090069694437,0.09631634402826271,Anderson Lake (1997),Pop_10,B. decurrens,TRUE,TRUE,23,2011-2664-1,29,United States,Illinois,Fulton,40.2047222,-90.1994444,40.20744447961278,-90.1871999885973,NA,"Anderson Lake, Maternal lines = 31, Seedheads = 31",2/29/24,3/7/24,1997-11-21T00:00:00Z,Smith,-90.1994444,40.2047222,10 - Anderson Lake (1997),Heterozygous Load
Boltonia_024,0.1819163750484722,0.14713982981131826,0.1028930713660999,Hennepin Bridge (1999),Pop_17,B. decurrens,TRUE,TRUE,24,2011-2623-1,25C,United States,Illinois,Hennepin,NA,NA,41.34414603458205,-89.55849691836283,NA,"Hennepin Bridge, Maternal lines = 30, Seedheads = 90; 6 packets",2/29/24,3/7/24,1999-11-11T00:00:00Z,Smith,-89.55849691836283,41.34414603458205,17 - Hennepin Bridge (1999),Heterozygous Load
Boltonia_025,0.1912041986740203,0.15405826955096777,0.10924254006294376,Frederick Borrow Pit (1999),Pop_08,B. decurrens,TRUE,TRUE,25,2011-2675-1,25A,United States,Illinois,Schuyler,40.0672223,-90.4275,40.07010712467176,-90.42899627731744,NA,"Frederick Borrow Pit, Maternal lines = 30, Seedheads = 90; 3 packets",2/29/24,3/6/24,1999-10-07T00:00:00Z,Smith,-90.4275,40.0672223,8 - Frederick Borrow Pit (1999),Heterozygous Load
Boltonia_026,0.17684700681201262,0.14276171610211322,0.10090283660103713,McClugage Bridge (1999),Pop_14,B. decurrens,TRUE,TRUE,26,2011-2618-1,7B,United States,Illinois,Peoria,40.7222223,-89.5519444,40.69352232924267,-89.59142458669179,NA,"McClugage Bridge, Maternal lines = 30, Seedheads = 90; 4 packets",2/29/24,3/6/24,1999-11-11T00:00:00Z,Smith,-89.5519444,40.7222223,14 - McClugage Bridge (1999),Heterozygous Load
Boltonia_027,0.17343236577320817,0.13762347893043061,0.08907161401841483,Gilbert Lake (1997),Pop_04,B. decurrens,TRUE,TRUE,27,2011-2598-1,L3B,United States,Illinois,Jersey,NA,NA,38.96139842380207,-90.51481032460988,NA,"Gilbert Lake, Maternal lines = 32, Seedheads = 98; 6 packets",2/29/24,3/8/24,1997-11-08T00:00:00Z,Smith,-90.51481032460988,38.96139842380207,4 - Gilbert Lake (1997),Heterozygous Load
Boltonia_028,0.17695219345550683,0.14534646493231282,0.10181187116501043,McClugage Bridge (1999),Pop_14,B. decurrens,TRUE,TRUE,28,2011-2618-1,20C,United States,Illinois,Peoria,40.7222223,-89.5519444,40.69352232924267,-89.59142458669179,NA,"McClugage Bridge, Maternal lines = 30, Seedheads = 90; 4 packets",2/29/24,3/8/24,1999-11-11T00:00:00Z,Smith,-89.5519444,40.7222223,14 - McClugage Bridge (1999),Heterozygous Load
Boltonia_029,0.18112826019721712,0.14746066114288348,0.10305146375224676,Woodford County (1999),Pop_15,B. decurrens,TRUE,TRUE,29,2011-2650-1,20C,United States,Illinois,Woodford,40.8852777,-89.4583333,40.84668797480775,-89.0297386240063,NA,"Woodford County, Maternal lines = 30, Seedheads = 90; 6 packets",3/1/24,3/20/24,1999-11-11T00:00:00Z,Smith,-89.4583333,40.8852777,15 - Woodford County (1999),Heterozygous Load
Boltonia_030,0.17929141881082575,0.14564919808619997,0.10275533885640697,Cooper Park (2000),Pop_13,B. decurrens,TRUE,TRUE,30,2011-2661-1,20B,United States,Illinois,Tazewell,NA,NA,40.69584983597212,-89.54394792156027,NA,"Cooper park South, Maternal lines = 43, Seedheads = 73; 4 packets",3/1/24,3/10/24,2000-10-01T00:00:00Z,Smith,-89.54394792156027,40.69584983597212,13 - Cooper Park (2000),Heterozygous Load
Boltonia_031,0.17803545888850686,0.1425461832588566,0.09970456376670868,Meredosia Lake (1999),Pop_06,B. decurrens,TRUE,TRUE,31,2011-2620-1,14C,United States,Illinois,Morgan,39.8672223,-90.5533333,39.87546015928839,-90.55308508241012,NA,"Meredosia Lake, Maternal lines = 30, Seedheads = 90; 5 packets",3/1/24,3/7/24,1999-10-07T00:00:00Z,Smith,-90.5533333,39.8672223,6 - Meredosia Lake (1999),Heterozygous Load
Boltonia_032,0.172305141742927,0.14037769251525184,0.09741131748032147,Smith Lake (1998),Pop_05,B. decurrens,TRUE,TRUE,32,2011-2638-1,15C,United States,Illinois,Scott,39.7852777,-90.5902777,39.78656976625663,-90.58910563509704,Smith Lake,NA,2/29/24,3/7/24,1998-11-11T00:00:00Z,Smith,-90.5902777,39.7852777,5 - Smith Lake (1998),Heterozygous Load
Boltonia_033,0.17627397509745463,0.14164127437495475,0.09869911644595032,Sparland (1999),Pop_16,B. decurrens,TRUE,TRUE,33,2011-2629-1,17B,United States,Illinois,Marshal,41.045,-89.4311111,41.02868892611459,-89.43846248262098,NA,"Sparland, Maternal lines = 30, Seedheads = 90; 3 packets",2/29/24,3/7/24,1999-11-11T00:00:00Z,Smith,-89.4311111,41.045,16 - Sparland (1999),Heterozygous Load
Boltonia_034,0.18542835298125637,0.15138138454349814,0.106122898718399,Horseshoe Lake (2000),Pop_02,B. decurrens,TRUE,TRUE,34,2011-2609-1,18C,United States,Illinois,Madison,38.6891666,-90.0972222,38.69652811427051,-90.085926104309,NA,"Horseshoe Lake, Maternal lines = 30, Seedheads = 90; 3 packets",2/29/24,3/7/24,2000-11-01T00:00:00Z,Smith,-90.0972222,38.6891666,2 - Horseshoe Lake (2000),Heterozygous Load
Boltonia_035,0.19585125038660017,0.16045186213795418,0.1126720795542976,Fairmont City (1997),Pop_01,B. decurrens,TRUE,TRUE,35,2011-2599-1,24,United States,Illinois,Saint Clair,38.6494444,-90.1161111,38.6515072789885,-90.10298738781108,NA,"Fairmont City, Maternal lines = 28, Seedheads = 28; 2 packets",2/29/24,3/9/24,1997-12-05T00:00:00Z,Smith,-90.1161111,38.6494444,1 - Fairmont City (1997),Heterozygous Load
Boltonia_036,0.19775873951862197,0.16100138862381458,0.11510994497586238,Fairmont City (1997),Pop_01,B. decurrens,TRUE,TRUE,36,2011-2599-1,9,United States,Illinois,Saint Clair,38.6494444,-90.1161111,38.6515072789885,-90.10298738781108,NA,"Fairmont City, Maternal lines = 28, Seedheads = 28; 2 packets",2/29/24,3/9/24,1997-12-05T00:00:00Z,Smith,-90.1161111,38.6494444,1 - Fairmont City (1997),Heterozygous Load
Boltonia_037,0.14866797600488568,0.12263489723525657,0.08757032966276194,Cooper Park (2000),Pop_13,B. decurrens,TRUE,TRUE,37,2011-2661-1,12A,United States,Illinois,Tazewell,NA,NA,40.69584983597212,-89.54394792156027,NA,"Cooper park South, Maternal lines = 43, Seedheads = 73; 4 packets",3/1/24,3/10/24,2000-10-01T00:00:00Z,Smith,-89.54394792156027,40.69584983597212,13 - Cooper Park (2000),Heterozygous Load
Boltonia_038,0.1752958963079488,0.1432273328551027,0.09838921829914124,Smith Lake (1998),Pop_05,B. decurrens,TRUE,TRUE,38,2011-2638-1,22A,United States,Illinois,Scott,39.7852777,-90.5902777,39.78656976625663,-90.58910563509704,Smith Lake,NA,3/1/24,3/10/24,1998-11-11T00:00:00Z,Smith,-90.5902777,39.7852777,5 - Smith Lake (1998),Heterozygous Load
Boltonia_039,0.16900039719732543,0.1360110958282055,0.09444318189643892,Meredosia Lake (1999),Pop_06,B. decurrens,TRUE,TRUE,39,2011-2620-1,30B,United States,Illinois,Morgan,39.8672223,-90.5533333,39.87546015928839,-90.55308508241012,NA,"Meredosia Lake, Maternal lines = 30, Seedheads = 90; 5 packets",2/29/24,3/19/24,1999-10-07T00:00:00Z,Smith,-90.5533333,39.8672223,6 - Meredosia Lake (1999),Heterozygous Load
Boltonia_040,0.16961110770955298,0.13811048443885776,0.09602710575790757,McClugage Bridge (1999),Pop_14,B. decurrens,TRUE,TRUE,40,2011-2618-1,3C,United States,Illinois,Peoria,40.7222223,-89.5519444,40.69352232924267,-89.59142458669179,NA,"McClugage Bridge, Maternal lines = 30, Seedheads = 90; 4 packets",2/29/24,3/9/24,1999-11-11T00:00:00Z,Smith,-89.5519444,40.7222223,14 - McClugage Bridge (1999),Heterozygous Load
Boltonia_042,0.17966035703800692,0.14739978545433008,0.1038296524320118,Horseshoe Lake (2000),Pop_02,B. decurrens,TRUE,TRUE,42,2011-2609-1,18C,United States,Illinois,Madison,38.6891666,-90.0972222,38.69652811427051,-90.085926104309,NA,"Horseshoe Lake, Maternal lines = 30, Seedheads = 90; 3 packets",2/29/24,3/7/24,2000-11-01T00:00:00Z,Smith,-90.0972222,38.6891666,2 - Horseshoe Lake (2000),Heterozygous Load
Boltonia_043,0.15383625108522786,0.12701959209998093,0.08885124200290616,Anderson Lake (2000),Pop_11,B. decurrens,TRUE,TRUE,43,2011-2613-1,1A,United States,Illinois,Fulton,40.2047222,-90.1994444,40.20813714639404,-90.18724497777134,NA,"Anderson Lake, Maternal lines = 30, Seedheads = 61; 2 packets",2/29/24,3/7/24,2000-10-01T00:00:00Z,Smith,-90.1994444,40.2047222,11 - Anderson Lake (2000),Heterozygous Load
Boltonia_044,0.17919251196694314,0.14641096683755733,0.10172923165919467,Beardstown (1997),Pop_07,B. decurrens,TRUE,TRUE,44,2011-2636-1,18,United States,Illinois,Cass,40.010555600000004,-90.4458333,40.0178975293398,-90.42445029519196,NA,"Beardstown, Maternal lines = 52, Seedheads = 53; 3 packets",2/29/24,3/7/24,1997-11-21T00:00:00Z,Smith,-90.4458333,40.010555600000004,7 - Beardstown (1997),Heterozygous Load
Boltonia_045,0.15201824909767128,0.12465860255743703,0.08807993994862577,Anderson Lake (1997),Pop_10,B. decurrens,TRUE,TRUE,45,2011-2664-1,12,United States,Illinois,Fulton,40.2047222,-90.1994444,40.20744447961278,-90.1871999885973,NA,"Anderson Lake, Maternal lines = 31, Seedheads = 31",2/29/24,3/7/24,1997-11-21T00:00:00Z,Smith,-90.1994444,40.2047222,10 - Anderson Lake (1997),Heterozygous Load
Boltonia_046,0.17481863153746763,0.14149648895353045,0.09807932015233216,Frederick Borrow Pit (1999),Pop_08,B. decurrens,TRUE,TRUE,46,2011-2675-1,19B,United States,Illinois,Schuyler,40.0672223,-90.4275,40.07010712467176,-90.42899627731744,NA,"Frederick Borrow Pit, Maternal lines = 30, Seedheads = 90; 3 packets",2/29/24,3/7/24,1999-10-07T00:00:00Z,Smith,-90.4275,40.0672223,8 - Frederick Borrow Pit (1999),Heterozygous Load
Boltonia_047,0.16214913582107596,0.12921934333230228,0.09022168047435077,Smith Lake (1998),Pop_05,B. decurrens,TRUE,TRUE,47,2011-2638-1,6A,United States,Illinois,Scott,39.7852777,-90.5902777,39.78656976625663,-90.58910563509704,Smith Lake,NA,2/29/24,3/7/24,1998-11-11T00:00:00Z,Smith,-90.5902777,39.7852777,5 - Smith Lake (1998),Heterozygous Load
Boltonia_048,0.1669233534757906,0.13679425333500056,0.09650228291634816,Frederick Borrow Pit (1999),Pop_08,B. decurrens,TRUE,TRUE,48,2011-2675-1,9B,United States,Illinois,Schuyler,40.0672223,-90.4275,40.07010712467176,-90.42899627731744,NA,"Frederick Borrow Pit, Maternal lines = 30, Seedheads = 90; 3 packets",2/29/24,3/7/24,1999-10-07T00:00:00Z,Smith,-90.4275,40.0672223,8 - Frederick Borrow Pit (1999),Heterozygous Load
Boltonia_050,0.18477682377155344,0.14970812575271966,0.10332004214614797,Meredosia Lake (1999),Pop_06,B. decurrens,TRUE,TRUE,50,2011-2620-1,12B,United States,Illinois,Morgan,39.8672223,-90.5533333,39.87546015928839,-90.55308508241012,NA,"Meredosia Lake, Maternal lines = 30, Seedheads = 90; 5 packets",2/29/24,3/6/24,1999-10-07T00:00:00Z,Smith,-90.5533333,39.8672223,6 - Meredosia Lake (1999),Heterozygous Load
Boltonia_051,0.17737137007958076,0.14412237000572561,0.10220440881763528,West Alton (1999),Pop_03,B. decurrens,TRUE,TRUE,51,2011-2635-1,2,United States,Illinois,Alton,NA,NA,38.86501904919102,-90.22302347588696,NA,"West Alton, Maternal lines = 32, Seedheads = 32; 2 packets",2/29/24,3/7/24,1999-11-07T00:00:00Z,Smith,-90.22302347588696,38.86501904919102,3 - West Alton (1999),Heterozygous Load
Boltonia_052,0.18694335463755352,0.15211518338389854,0.10617110509679152,West Alton (1999),Pop_03,B. decurrens,TRUE,TRUE,52,2011-2635-1,21,United States,Illinois,Alton,NA,NA,38.86501904919102,-90.22302347588696,NA,"West Alton, Maternal lines = 32, Seedheads = 32; 2 packets",2/29/24,3/8/24,1999-11-07T00:00:00Z,Smith,-90.22302347588696,38.86501904919102,3 - West Alton (1999),Heterozygous Load
Boltonia_053,0.17337270767689802,0.14202462668395316,0.10123339462430014,Hennepin Bridge (1999),Pop_17,B. decurrens,TRUE,TRUE,53,2011-2623-1,19A,United States,Illinois,Hennepin,NA,NA,41.34414603458205,-89.55849691836283,NA,"Hennepin Bridge, Maternal lines = 30, Seedheads = 90; 6 packets",2/29/24,3/6/24,1999-11-11T00:00:00Z,Smith,-89.55849691836283,41.34414603458205,17 - Hennepin Bridge (1999),Heterozygous Load
Boltonia_054,0.15869367608479612,0.1305438008805586,0.0918951304671198,McClugage Bridge (1999),Pop_14,B. decurrens,TRUE,TRUE,54,2011-2618-1,2C,United States,Illinois,Peoria,40.7222223,-89.5519444,40.69352232924267,-89.59142458669179,NA,"McClugage Bridge, Maternal lines = 30, Seedheads = 90; 4 packets",2/29/24,3/6/24,1999-11-11T00:00:00Z,Smith,-89.5519444,40.7222223,14 - McClugage Bridge (1999),Heterozygous Load
Boltonia_055,0.1596105268280889,0.1308942474119606,0.09074506401118387,Anderson Lake (1997),Pop_10,B. decurrens,TRUE,TRUE,55,2011-2664-1,10,United States,Illinois,Fulton,40.2047222,-90.1994444,40.20744447961278,-90.1871999885973,NA,"Anderson Lake, Maternal lines = 31, Seedheads = 31",3/1/24,Unknown,1997-11-21T00:00:00Z,Smith,-90.1994444,40.2047222,10 - Anderson Lake (1997),Heterozygous Load
Boltonia_056,0.17264111102214727,0.1388146680794214,0.09711519258448167,Hennepin Bridge (1999),Pop_17,B. decurrens,TRUE,TRUE,56,2011-2623-1,27B,United States,Illinois,Hennepin,NA,NA,41.34414603458205,-89.55849691836283,NA,"Hennepin Bridge, Maternal lines = 30, Seedheads = 90; 6 packets",2/29/24,3/5/24,1999-11-11T00:00:00Z,Smith,-89.55849691836283,41.34414603458205,17 - Hennepin Bridge (1999),Heterozygous Load
Boltonia_057,0.17542934204969518,0.14247379054814444,0.09940843887086888,Hennepin Bridge (1999),Pop_17,B. decurrens,TRUE,TRUE,57,2011-2623-1,25C,United States,Illinois,Hennepin,NA,NA,41.34414603458205,-89.55849691836283,NA,"Hennepin Bridge, Maternal lines = 30, Seedheads = 90; 6 packets",2/29/24,3/7/24,1999-11-11T00:00:00Z,Smith,-89.55849691836283,41.34414603458205,17 - Hennepin Bridge (1999),Heterozygous Load
Boltonia_058,0.15186596395709012,0.12345096051964805,0.08144811960691142,Gilbert Lake (1997),Pop_04,B. decurrens,TRUE,TRUE,58,2011-2598-1,L7B,United States,Illinois,Jersey,NA,NA,38.96139842380207,-90.51481032460988,NA,"Gilbert Lake, Maternal lines = 32, Seedheads = 98; 6 packets",2/29/24,3/7/24,1997-11-08T00:00:00Z,Smith,-90.51481032460988,38.96139842380207,4 - Gilbert Lake (1997),Heterozygous Load
Boltonia_059,0.17993980812072286,0.14801018762874385,0.10407068432397441,Meredosia Lake (1999),Pop_06,B. decurrens,TRUE,TRUE,59,2011-2620-1,7B,United States,Illinois,Morgan,39.8672223,-90.5533333,39.87546015928839,-90.55308508241012,NA,"Meredosia Lake, Maternal lines = 30, Seedheads = 90; 5 packets",3/1/24,3/10/24,1999-10-07T00:00:00Z,Smith,-90.5533333,39.8672223,6 - Meredosia Lake (1999),Heterozygous Load
Boltonia_060,0.1745486001541691,0.14320923467742466,0.10132292075560055,Hennepin Bridge (1999),Pop_17,B. decurrens,TRUE,TRUE,60,2011-2623-1,28C,United States,Illinois,Hennepin,NA,NA,41.34414603458205,-89.55849691836283,NA,"Hennepin Bridge, Maternal lines = 30, Seedheads = 90; 6 packets",3/1/24,3/8/24,1999-11-11T00:00:00Z,Smith,-89.55849691836283,41.34414603458205,17 - Hennepin Bridge (1999),Heterozygous Load
Boltonia_061,0.1628697428265064,0.13522464774365084,0.09622681789696232,Anderson Lake (2000),Pop_11,B. decurrens,TRUE,TRUE,61,2011-2613-1,17A,United States,Illinois,Fulton,40.2047222,-90.1994444,40.20813714639404,-90.18724497777134,NA,"Anderson Lake, Maternal lines = 30, Seedheads = 61; 2 packets",3/2/24,3/13/24,2000-10-01T00:00:00Z,Smith,-90.1994444,40.2047222,11 - Anderson Lake (2000),Heterozygous Load
Boltonia_062,0.15623827443666272,0.12856945422477278,0.09169541832806506,Anderson Lake (1997),Pop_10,B. decurrens,TRUE,TRUE,62,2011-2664-1,12,United States,Illinois,Fulton,40.2047222,-90.1994444,40.20744447961278,-90.1871999885973,NA,"Anderson Lake, Maternal lines = 31, Seedheads = 31",2/29/24,3/6/24,1997-11-21T00:00:00Z,Smith,-90.1994444,40.2047222,10 - Anderson Lake (1997),Heterozygous Load
Boltonia_063,0.17299748965010525,0.1412398238882783,0.09852695080883417,Woodford County (1999),Pop_15,B. decurrens,TRUE,TRUE,63,2011-2650-1,10C,United States,Illinois,Woodford,40.8852777,-89.4583333,40.84668797480775,-89.0297386240063,NA,"Woodford County, Maternal lines = 30, Seedheads = 90; 6 packets",3/1/24,3/13/24,1999-11-11T00:00:00Z,Smith,-89.4583333,40.8852777,15 - Woodford County (1999),Heterozygous Load
Boltonia_064,0.17971687523451127,0.14661498265865522,0.10473180037050045,Fairmont City (1997),Pop_01,B. decurrens,TRUE,TRUE,64,2011-2599-1,7,United States,Illinois,Saint Clair,38.6494444,-90.1161111,38.6515072789885,-90.10298738781108,NA,"Fairmont City, Maternal lines = 28, Seedheads = 28; 2 packets",3/1/24,3/8/24,1997-12-05T00:00:00Z,Smith,-90.1161111,38.6494444,1 - Fairmont City (1997),Heterozygous Load
Boltonia_065,0.16868640721674572,0.13562280765256765,0.09595823950306111,Hennepin Bridge (1999),Pop_17,B. decurrens,TRUE,TRUE,65,2011-2623-1,21A,United States,Illinois,Hennepin,NA,NA,41.34414603458205,-89.55849691836283,NA,"Hennepin Bridge, Maternal lines = 30, Seedheads = 90; 6 packets",2/29/24,3/8/24,1999-11-11T00:00:00Z,Smith,-89.55849691836283,41.34414603458205,17 - Hennepin Bridge (1999),Heterozygous Load
Boltonia_066,0.17590503687027348,0.14142080566505866,0.09854072405980345,Sparland (1999),Pop_16,B. decurrens,TRUE,TRUE,66,2011-2629-1,14A,United States,Illinois,Marshal,41.045,-89.4311111,41.02868892611459,-89.43846248262098,NA,"Sparland, Maternal lines = 30, Seedheads = 90; 3 packets",2/29/24,3/8/24,1999-11-11T00:00:00Z,Smith,-89.4311111,41.045,16 - Sparland (1999),Heterozygous Load
Boltonia_067,0.18130880443605044,0.1464619707928318,0.09815507303266327,Gilbert Lake (1997),Pop_04,B. decurrens,TRUE,TRUE,67,2011-2598-1,L4B,United States,Illinois,Jersey,NA,NA,38.96139842380207,-90.51481032460988,NA,"Gilbert Lake, Maternal lines = 32, Seedheads = 98; 6 packets",2/29/24,3/5/24,1997-11-08T00:00:00Z,Smith,-90.51481032460988,38.96139842380207,4 - Gilbert Lake (1997),Heterozygous Load
Boltonia_070,0.18274687854710556,0.1477831377633285,0.10411889070236693,Cooper Park (2000),Pop_13,B. decurrens,TRUE,TRUE,70,2011-2661-1,4A,United States,Illinois,Tazewell,NA,NA,40.69584983597212,-89.54394792156027,NA,"Cooper park South, Maternal lines = 43, Seedheads = 73; 4 packets",2/29/24,3/7/24,2000-10-01T00:00:00Z,Smith,-89.54394792156027,40.69584983597212,13 - Cooper Park (2000),Heterozygous Load
Boltonia_071,0.1784483557129692,0.1449318521345978,0.09970456376670868,Meredosia Lake (1999),Pop_06,B. decurrens,TRUE,TRUE,71,2011-2620-1,19A,United States,Illinois,Morgan,39.8672223,-90.5533333,39.87546015928839,-90.55308508241012,NA,"Meredosia Lake, Maternal lines = 30, Seedheads = 90; 5 packets",3/1/24,3/9/24,1999-10-07T00:00:00Z,Smith,-90.5533333,39.8672223,6 - Meredosia Lake (1999),Heterozygous Load
Boltonia_072,0.16710389771462392,0.1373256816431829,0.09652982941828675,Horseshoe Lake (2000),Pop_02,B. decurrens,TRUE,TRUE,72,2011-2609-1,X1,United States,Illinois,Madison,38.6891666,-90.0972222,38.69652811427051,-90.085926104309,NA,"Horseshoe Lake, Maternal lines = 30, Seedheads = 90; 3 packets",2/29/24,3/8/24,2000-11-01T00:00:00Z,Smith,-90.0972222,38.6891666,2 - Horseshoe Lake (2000),Heterozygous Load
Boltonia_073,0.1750729634217372,0.1420641136170689,0.09829280554235618,Sparland (1999),Pop_16,B. decurrens,TRUE,TRUE,73,2011-2629-1,3B,United States,Illinois,Marshal,41.045,-89.4311111,41.02868892611459,-89.43846248262098,NA,"Sparland, Maternal lines = 30, Seedheads = 90; 3 packets",2/29/24,3/8/24,1999-11-11T00:00:00Z,Smith,-89.4311111,41.045,16 - Sparland (1999),Heterozygous Load
Boltonia_074,0.17803231898870106,0.14464721715838866,0.10088906335006784,Rice Lake (1999),Pop_12,B. decurrens,TRUE,TRUE,74,2011-2666-1,19C,United States,Illinois,Fulton,40.4925,-89.9022222,40.46699902833787,-89.9485498557629,NA,"Rice Lake, Maternal lines = 30, Seedheads = 90; 3 packets",2/29/24,3/8/24,1999-10-14T00:00:00Z,Smith,-89.9022222,40.4925,12 - Rice Lake (1999),Heterozygous Load
Boltonia_075,0.18276100809623164,0.1490450743341516,0.10467670736662328,Smith Lake (1998),Pop_05,B. decurrens,TRUE,TRUE,75,2011-2638-1,24B,United States,Illinois,Scott,39.7852777,-90.5902777,39.78656976625663,-90.58910563509704,Smith Lake,NA,2/29/24,3/7/24,1998-11-11T00:00:00Z,Smith,-90.5902777,39.7852777,5 - Smith Lake (1998),Heterozygous Load
Boltonia_076,0.1802333887525649,0.1471875431888331,0.1022250686940892,Meredosia Lake (1999),Pop_06,B. decurrens,TRUE,TRUE,76,2011-2620-1,20A,United States,Illinois,Morgan,39.8672223,-90.5533333,39.87546015928839,-90.55308508241012,NA,"Meredosia Lake, Maternal lines = 30, Seedheads = 90; 5 packets",2/29/24,3/7/24,1999-10-07T00:00:00Z,Smith,-90.5533333,39.8672223,6 - Meredosia Lake (1999),Heterozygous Load
Boltonia_077,0.17536811400348215,0.14322568756622286,0.10155706602207852,Woodford County (1999),Pop_15,B. decurrens,TRUE,TRUE,77,2011-2650-1,19C,United States,Illinois,Woodford,40.8852777,-89.4583333,40.84668797480775,-89.0297386240063,NA,"Woodford County, Maternal lines = 30, Seedheads = 90; 6 packets",2/29/24,3/8/24,1999-11-11T00:00:00Z,Smith,-89.4583333,40.8852777,15 - Woodford County (1999),Heterozygous Load
Boltonia_078,0.18948039368063765,0.15381312150787435,0.10657052937490101,Frederick Landing (2011),Pop_09,B. decurrens,TRUE,TRUE,78,2011-2659-1,11A,United States,Illinois,Frederick,NA,NA,40.07116308939078,-90.429571958886,NA,"Frederick Landing, Maternal lines = 15, Seedheads = 44; 2 packets",2/29/24,3/7/24,2011-12-01T00:00:00Z,Smith,-90.429571958886,40.07116308939078,9 - Frederick Landing (2011),Heterozygous Load
Boltonia_079,0.16559831575774417,0.13496304681175922,0.09265954589591555,Frederick Borrow Pit (1999),Pop_08,B. decurrens,TRUE,TRUE,79,2011-2675-1,29B,United States,Illinois,Schuyler,40.0672223,-90.4275,40.07010712467176,-90.42899627731744,NA,"Frederick Borrow Pit, Maternal lines = 30, Seedheads = 90; 3 packets",2/29/24,3/8/24,1999-10-07T00:00:00Z,Smith,-90.4275,40.0672223,8 - Frederick Borrow Pit (1999),Heterozygous Load
Boltonia_080,0.16962837715848486,0.13755931266411756,0.09619238476953908,Woodford County (1999),Pop_15,B. decurrens,TRUE,TRUE,80,2011-2650-1,27B,United States,Illinois,Woodford,40.8852777,-89.4583333,40.84668797480775,-89.0297386240063,NA,"Woodford County, Maternal lines = 30, Seedheads = 90; 6 packets",2/29/24,3/12/24,1999-11-11T00:00:00Z,Smith,-89.4583333,40.8852777,15 - Woodford County (1999),Heterozygous Load
Boltonia_081,0.17390021084427196,0.14177947864085977,0.09889882858500507,Hennepin Bridge (1999),Pop_17,B. decurrens,TRUE,TRUE,81,2011-2623-1,28C,United States,Illinois,Hennepin,NA,NA,41.34414603458205,-89.55849691836283,NA,"Hennepin Bridge, Maternal lines = 30, Seedheads = 90; 6 packets",2/29/24,3/8/24,1999-11-11T00:00:00Z,Smith,-89.55849691836283,41.34414603458205,17 - Hennepin Bridge (1999),Heterozygous Load
Boltonia_083,0.1692421694823718,0.13535627085403656,0.09085525001893822,Gilbert Lake (1997),Pop_04,B. decurrens,TRUE,TRUE,83,2011-2598-1,S11C,United States,Illinois,Jersey,NA,NA,38.96139842380207,-90.51481032460988,NA,"Gilbert Lake, Maternal lines = 32, Seedheads = 98; 6 packets",2/29/24,3/17/34,1997-11-08T00:00:00Z,Smith,-90.51481032460988,38.96139842380207,4 - Gilbert Lake (1997),Heterozygous Load
Boltonia_084,0.17906534602480834,0.14548466919821781,0.102073562933427,Frederick Borrow Pit (1999),Pop_08,B. decurrens,TRUE,TRUE,84,2011-2675-1,5A,United States,Illinois,Schuyler,40.0672223,-90.4275,40.07010712467176,-90.42899627731744,NA,"Frederick Borrow Pit, Maternal lines = 30, Seedheads = 90; 3 packets",2/29/24,3/8/24,1999-10-07T00:00:00Z,Smith,-90.4275,40.0672223,8 - Frederick Borrow Pit (1999),Heterozygous Load
Boltonia_085,0.18092259675993738,0.1485333894925271,0.10368503329683422,Woodford County (1999),Pop_15,B. decurrens,TRUE,TRUE,85,2011-2650-1,1A,United States,Illinois,Woodford,40.8852777,-89.4583333,40.84668797480775,-89.0297386240063,NA,"Woodford County, Maternal lines = 30, Seedheads = 90; 6 packets",2/29/24,3/6/24,1999-11-11T00:00:00Z,Smith,-89.4583333,40.8852777,15 - Woodford County (1999),Heterozygous Load
Boltonia_086,0.17214814675263712,0.14009470282792252,0.09948419175119999,Smith Lake (1998),Pop_05,B. decurrens,TRUE,TRUE,86,2011-2638-1,30B,United States,Illinois,Scott,39.7852777,-90.5902777,39.78656976625663,-90.58910563509704,Smith Lake,NA,2/29/24,Unknown,1998-11-11T00:00:00Z,Smith,-90.5902777,39.7852777,5 - Smith Lake (1998),Heterozygous Load
Boltonia_087,0.1804594615385823,0.14603419568407822,0.10357484728907988,Sparland (1999),Pop_16,B. decurrens,TRUE,TRUE,87,2011-2629-1,17B,United States,Illinois,Marshal,41.045,-89.4311111,41.02868892611459,-89.43846248262098,NA,"Sparland, Maternal lines = 30, Seedheads = 90; 3 packets",2/29/24,3/7/24,1999-11-11T00:00:00Z,Smith,-89.4311111,41.045,16 - Sparland (1999),Heterozygous Load
Boltonia_088,0.18234968122167222,0.1457512059967489,0.100944156353945,Anderson Lake (1997),Pop_10,B. decurrens,TRUE,TRUE,88,2011-2664-1,7,United States,Illinois,Fulton,40.2047222,-90.1994444,40.20744447961278,-90.1871999885973,NA,"Anderson Lake, Maternal lines = 31, Seedheads = 31",2/29/24,3/8/24,1997-11-21T00:00:00Z,Smith,-90.1994444,40.2047222,10 - Anderson Lake (1997),Heterozygous Load
Boltonia_089,0.17803231898870106,0.1451918077776096,0.10161215902595569,Sparland (1999),Pop_16,B. decurrens,TRUE,TRUE,89,2011-2629-1,1C,United States,Illinois,Marshal,41.045,-89.4311111,41.02868892611459,-89.43846248262098,NA,"Sparland, Maternal lines = 30, Seedheads = 90; 3 packets",2/29/24,3/7/24,1999-11-11T00:00:00Z,Smith,-89.4311111,41.045,16 - Sparland (1999),Heterozygous Load
Boltonia_090,0.17538224355260823,0.14280284832410875,0.09930513948859919,Sparland (1999),Pop_16,B. decurrens,TRUE,TRUE,90,2011-2629-1,1C,United States,Illinois,Marshal,41.045,-89.4311111,41.02868892611459,-89.43846248262098,NA,"Sparland, Maternal lines = 30, Seedheads = 90; 3 packets",2/29/24,Unknown,1999-11-11T00:00:00Z,Smith,-89.4311111,41.045,16 - Sparland (1999),Heterozygous Load
Boltonia_091,0.16608971007735143,0.1353299462319594,0.0903456397330744,Gilbert Lake (1997),Pop_04,B. decurrens,TRUE,TRUE,91,2011-2598-1,L9D,United States,Illinois,Jersey,NA,NA,38.96139842380207,-90.51481032460988,NA,"Gilbert Lake, Maternal lines = 32, Seedheads = 98; 6 packets",2/29/24,3/7/24,1997-11-08T00:00:00Z,Smith,-90.51481032460988,38.96139842380207,4 - Gilbert Lake (1997),Heterozygous Load
Boltonia_092,0.16555435716046302,0.13563267938584656,0.0956758878581906,Anderson Lake (2000),Pop_11,B. decurrens,TRUE,TRUE,92,2011-2613-1,14B,United States,Illinois,Fulton,40.2047222,-90.1994444,40.20813714639404,-90.18724497777134,NA,"Anderson Lake, Maternal lines = 30, Seedheads = 61; 2 packets",2/29/24,3/8/24,2000-10-01T00:00:00Z,Smith,-90.1994444,40.2047222,11 - Anderson Lake (2000),Heterozygous Load
Boltonia_093,0.1812397266403229,0.14797892714002725,0.10254185346638293,Rice Lake (1999),Pop_12,B. decurrens,TRUE,TRUE,93,2011-2666-1,7B,United States,Illinois,Fulton,40.4925,-89.9022222,40.46699902833787,-89.9485498557629,NA,"Rice Lake, Maternal lines = 30, Seedheads = 90; 3 packets",2/29/24,3/5/24,1999-10-14T00:00:00Z,Smith,-89.9022222,40.4925,12 - Rice Lake (1999),Heterozygous Load
Boltonia_094,0.18926374059403764,0.15351696950950647,0.10522763740539498,Smith Lake (1998),Pop_05,B. decurrens,TRUE,TRUE,94,2011-2638-1,12C,United States,Illinois,Scott,39.7852777,-90.5902777,39.78656976625663,-90.58910563509704,Smith Lake,NA,2/29/24,3/8/24,1998-11-11T00:00:00Z,Smith,-90.5902777,39.7852777,5 - Smith Lake (1998),Heterozygous Load
Boltonia_095,0.1884081178969579,0.15370453244180612,0.10727296517433492,Rice Lake (1999),Pop_12,B. decurrens,TRUE,TRUE,95,2011-2666-1,18A,United States,Illinois,Fulton,40.4925,-89.9022222,40.46699902833787,-89.9485498557629,NA,"Rice Lake, Maternal lines = 30, Seedheads = 90; 3 packets",2/29/24,3/21/24,1999-10-14T00:00:00Z,Smith,-89.9022222,40.4925,12 - Rice Lake (1999),Heterozygous Load
Boltonia_096,0.17175722922681538,0.14018848429407235,0.09807932015233216,Meredosia Lake (1999),Pop_06,B. decurrens,TRUE,TRUE,96,2011-2620-1,19A,United States,Illinois,Morgan,39.8672223,-90.5533333,39.87546015928839,-90.55308508241012,NA,"Meredosia Lake, Maternal lines = 30, Seedheads = 90; 5 packets",3/1/24,3/10/24,1999-10-07T00:00:00Z,Smith,-90.5533333,39.8672223,6 - Meredosia Lake (1999),Heterozygous Load
Boltonia_097,0.12688492110216762,0.10778122922822789,0.07750208320420911,Frederick Landing (2011),Pop_09,B. decurrens,TRUE,TRUE,97,2011-2659-1,1B,United States,Illinois,Frederick,NA,NA,40.07116308939078,-90.429571958886,NA,"Frederick Landing, Maternal lines = 15, Seedheads = 44; 2 packets",2/29/24,3/7/24,2011-12-01T00:00:00Z,Smith,-90.429571958886,40.07116308939078,9 - Frederick Landing (2011),Heterozygous Load
Boltonia_098,0.18199173264381133,0.14731093985481972,0.10240412095669,McClugage Bridge (1999),Pop_14,B. decurrens,TRUE,TRUE,98,2011-2618-1,25A,United States,Illinois,Peoria,40.7222223,-89.5519444,40.69352232924267,-89.59142458669179,NA,"McClugage Bridge, Maternal lines = 30, Seedheads = 90; 4 packets",2/29/24,3/8/24,1999-11-11T00:00:00Z,Smith,-89.5519444,40.7222223,14 - McClugage Bridge (1999),Heterozygous Load
Boltonia_099,0.18035898474479678,0.1474261100764072,0.10337513515002514,Rice Lake (1999),Pop_12,B. decurrens,TRUE,TRUE,99,2011-2666-1,21C,United States,Illinois,Fulton,40.4925,-89.9022222,40.46699902833787,-89.9485498557629,NA,"Rice Lake, Maternal lines = 30, Seedheads = 90; 3 packets",2/29/24,3/6/24,1999-10-14T00:00:00Z,Smith,-89.9022222,40.4925,12 - Rice Lake (1999),Heterozygous Load
Boltonia_100,0.15442184239900905,0.12607684157184318,0.0872810913924068,Anderson Lake (2000),Pop_11,B. decurrens,TRUE,TRUE,100,2011-2613-1,1A,United States,Illinois,Fulton,40.2047222,-90.1994444,40.20813714639404,-90.18724497777134,NA,"Anderson Lake, Maternal lines = 30, Seedheads = 61; 2 packets",2/29/24,3/14/24,2000-10-01T00:00:00Z,Smith,-90.1994444,40.2047222,11 - Anderson Lake (2000),Heterozygous Load
Boltonia_101,0.18570309421426362,0.14988746224062022,0.10356107403811059,Frederick Borrow Pit (1999),Pop_08,B. decurrens,TRUE,TRUE,101,2011-2675-1,21C,United States,Illinois,Schuyler,40.0672223,-90.4275,40.07010712467176,-90.42899627731744,NA,"Frederick Borrow Pit, Maternal lines = 30, Seedheads = 90; 3 packets",3/1/24,3/8/24,1999-10-07T00:00:00Z,Smith,-90.4275,40.0672223,8 - Frederick Borrow Pit (1999),Heterozygous Load
Boltonia_102,0.14945609085614078,0.12062270893523484,0.08159962536757363,Gilbert Lake (1997),Pop_04,B. decurrens,TRUE,TRUE,102,2011-2598-1,L4B,United States,Illinois,Jersey,NA,NA,38.96139842380207,-90.51481032460988,NA,"Gilbert Lake, Maternal lines = 32, Seedheads = 98; 6 packets",2/29/24,3/7/24,1997-11-08T00:00:00Z,Smith,-90.51481032460988,38.96139842380207,4 - Gilbert Lake (1997),Heterozygous Load
Boltonia_103,0.1429612081078493,0.11748349775253539,0.07813565274879657,Gilbert Lake (1997),Pop_04,B. decurrens,TRUE,TRUE,103,2011-2598-1,L5A,United States,Illinois,Jersey,NA,NA,38.96139842380207,-90.51481032460988,NA,"Gilbert Lake, Maternal lines = 32, Seedheads = 98; 6 packets",2/29/24,3/7/24,1997-11-08T00:00:00Z,Smith,-90.51481032460988,38.96139842380207,4 - Gilbert Lake (1997),Heterozygous Load
Boltonia_105,0.17928984886092283,0.14441852200409347,0.10057916520325876,McClugage Bridge (1999),Pop_14,B. decurrens,TRUE,TRUE,105,2011-2618-1,7B,United States,Illinois,Peoria,40.7222223,-89.5519444,40.69352232924267,-89.59142458669179,NA,"McClugage Bridge, Maternal lines = 30, Seedheads = 90; 4 packets",2/29/24,3/7/24,1999-11-11T00:00:00Z,Smith,-89.5519444,40.7222223,14 - McClugage Bridge (1999),Heterozygous Load
Boltonia_106,0.1716159337355545,0.1392276355882566,0.09623370452244695,Anderson Lake (2000),Pop_11,B. decurrens,TRUE,TRUE,106,2011-2613-1,22A,United States,Illinois,Fulton,40.2047222,-90.1994444,40.20813714639404,-90.18724497777134,NA,"Anderson Lake, Maternal lines = 30, Seedheads = 61; 2 packets",2/29/24,3/8/24,2000-10-01T00:00:00Z,Smith,-90.1994444,40.2047222,11 - Anderson Lake (2000),Heterozygous Load
Boltonia_107,0.17726775338598946,0.1430825474336784,0.09919495348084485,Woodford County (1999),Pop_15,B. decurrens,TRUE,TRUE,107,2011-2650-1,30C,United States,Illinois,Woodford,40.8852777,-89.4583333,40.84668797480775,-89.0297386240063,NA,"Woodford County, Maternal lines = 30, Seedheads = 90; 6 packets",2/29/24,3/8/24,1999-11-11T00:00:00Z,Smith,-89.4583333,40.8852777,15 - Woodford County (1999),Heterozygous Load
Boltonia_108,0.16947452206800082,0.13745236888692916,0.09498033868424134,McClugage Bridge (1999),Pop_14,B. decurrens,TRUE,TRUE,108,2011-2618-1,27C,United States,Illinois,Peoria,40.7222223,-89.5519444,40.69352232924267,-89.59142458669179,NA,"McClugage Bridge, Maternal lines = 30, Seedheads = 90; 4 packets",2/29/24,3/8/24,1999-11-11T00:00:00Z,Smith,-89.5519444,40.7222223,14 - McClugage Bridge (1999),Heterozygous Load
Boltonia_109,0.1776398315129764,0.14468341351374475,0.10212176931181952,Meredosia Lake (1999),Pop_06,B. decurrens,TRUE,TRUE,109,2011-2620-1,13A,United States,Illinois,Morgan,39.8672223,-90.5533333,39.87546015928839,-90.55308508241012,NA,"Meredosia Lake, Maternal lines = 30, Seedheads = 90; 5 packets",3/1/24,3/7/24,1999-10-07T00:00:00Z,Smith,-90.5533333,39.8672223,6 - Meredosia Lake (1999),Heterozygous Load
Boltonia_110,0.16978851204858053,0.13894135532316765,0.0960477656343615,Anderson Lake (1997),Pop_10,B. decurrens,TRUE,TRUE,110,2011-2664-1,1,United States,Illinois,Fulton,40.2047222,-90.1994444,40.20744447961278,-90.1871999885973,NA,"Anderson Lake, Maternal lines = 31, Seedheads = 31",2/29/24,3/10/24,1997-11-21T00:00:00Z,Smith,-90.1994444,40.2047222,10 - Anderson Lake (1997),Heterozygous Load
Boltonia_111,0.1824941166127389,0.14739155900993095,0.10260383309574475,Rice Lake (1999),Pop_12,B. decurrens,TRUE,TRUE,111,2011-2666-1,28A,United States,Illinois,Fulton,40.4925,-89.9022222,40.46699902833787,-89.9485498557629,NA,"Rice Lake, Maternal lines = 30, Seedheads = 90; 3 packets",2/29/24,3/7/24,1999-10-14T00:00:00Z,Smith,-89.9022222,40.4925,12 - Rice Lake (1999),Heterozygous Load
Boltonia_112,0.17786904419879962,0.14595357652896696,0.10190828392179548,Rice Lake (1999),Pop_12,B. decurrens,TRUE,TRUE,112,2011-2666-1,3B,United States,Illinois,Fulton,40.4925,-89.9022222,40.46699902833787,-89.9485498557629,NA,"Rice Lake, Maternal lines = 30, Seedheads = 90; 3 packets",2/29/24,3/10/24,1999-10-14T00:00:00Z,Smith,-89.9022222,40.4925,12 - Rice Lake (1999),Heterozygous Load
Boltonia_113,0.1813511930834287,0.14541556706526532,0.09968390389025474,Anderson Lake (1997),Pop_10,B. decurrens,TRUE,TRUE,113,2011-2664-1,7,United States,Illinois,Fulton,40.2047222,-90.1994444,40.20744447961278,-90.1871999885973,NA,"Anderson Lake, Maternal lines = 31, Seedheads = 31",2/29/24,3/8/24,1997-11-21T00:00:00Z,Smith,-90.1994444,40.2047222,10 - Anderson Lake (1997),Heterozygous Load
Boltonia_114,0.19655301799319583,0.159780584274987,0.11234152153103458,Fairmont City (1997),Pop_01,B. decurrens,TRUE,TRUE,114,2011-2599-1,27,United States,Illinois,Saint Clair,38.6494444,-90.1161111,38.6515072789885,-90.10298738781108,NA,"Fairmont City, Maternal lines = 28, Seedheads = 28; 2 packets",3/1/24,3/9/24,1997-12-05T00:00:00Z,Smith,-90.1161111,38.6494444,1 - Fairmont City (1997),Heterozygous Load
Boltonia_115,0.1879622521245347,0.1519588809403155,0.10581988719707457,Frederick Landing (2011),Pop_09,B. decurrens,TRUE,TRUE,115,2011-2659-1,10C,United States,Illinois,Frederick,NA,NA,40.07116308939078,-90.429571958886,NA,"Frederick Landing, Maternal lines = 15, Seedheads = 44; 2 packets",2/29/24,3/7/24,2011-12-01T00:00:00Z,Smith,-90.429571958886,40.07116308939078,9 - Frederick Landing (2011),Heterozygous Load
Boltonia_116,0.16527961592745574,0.13406636437225647,0.09540042283880476,McClugage Bridge (1999),Pop_14,B. decurrens,TRUE,TRUE,116,2011-2618-1,24B,United States,Illinois,Peoria,40.7222223,-89.5519444,40.69352232924267,-89.59142458669179,NA,"McClugage Bridge, Maternal lines = 30, Seedheads = 90; 4 packets",2/29/24,3/7/24,1999-11-11T00:00:00Z,Smith,-89.5519444,40.7222223,14 - McClugage Bridge (1999),Heterozygous Load
Boltonia_117,0.17729601248424162,0.14492198040131887,0.1003037001838729,Rice Lake (1999),Pop_12,B. decurrens,TRUE,TRUE,117,2011-2666-1,16B,United States,Illinois,Fulton,40.4925,-89.9022222,40.46699902833787,-89.9485498557629,NA,"Rice Lake, Maternal lines = 30, Seedheads = 90; 3 packets",3/1/24,3/7/24,1999-10-14T00:00:00Z,Smith,-89.9022222,40.4925,12 - Rice Lake (1999),Heterozygous Load
Boltonia_118,0.18015018140771127,0.14687329301278718,0.10001446191351776,Frederick Borrow Pit (1999),Pop_08,B. decurrens,TRUE,TRUE,118,2011-2675-1,23A,United States,Illinois,Schuyler,40.0672223,-90.4275,40.07010712467176,-90.42899627731744,NA,"Frederick Borrow Pit, Maternal lines = 30, Seedheads = 90; 3 packets",2/29/24,3/7/24,1999-10-07T00:00:00Z,Smith,-90.4275,40.0672223,8 - Frederick Borrow Pit (1999),Heterozygous Load
Boltonia_119,0.18337799840807079,0.1478588210518003,0.10206667630794235,Frederick Borrow Pit (1999),Pop_08,B. decurrens,TRUE,TRUE,119,2011-2675-1,18A,United States,Illinois,Schuyler,40.0672223,-90.4275,40.07010712467176,-90.42899627731744,NA,"Frederick Borrow Pit, Maternal lines = 30, Seedheads = 90; 3 packets",3/2/24,3/10/24,1999-10-07T00:00:00Z,Smith,-90.4275,40.0672223,8 - Frederick Borrow Pit (1999),Heterozygous Load
Boltonia_120,0.14923472791983208,0.12282739603419568,0.08487765909826527,Anderson Lake (1997),Pop_10,B. decurrens,TRUE,TRUE,120,2011-2664-1,9,United States,Illinois,Fulton,40.2047222,-90.1994444,40.20744447961278,-90.1871999885973,NA,"Anderson Lake, Maternal lines = 31, Seedheads = 31",2/29/24,3/8/24,1997-11-21T00:00:00Z,Smith,-90.1994444,40.2047222,10 - Anderson Lake (1997),Heterozygous Load
Boltonia_121,0.13833613569391,0.1146700537680406,0.08049776529003023,Anderson Lake (1997),Pop_10,B. decurrens,TRUE,TRUE,121,2011-2664-1,8,United States,Illinois,Fulton,40.2047222,-90.1994444,40.20744447961278,-90.1871999885973,NA,"Anderson Lake, Maternal lines = 31, Seedheads = 31",2/29/24,3/6/24,1997-11-21T00:00:00Z,Smith,-90.1994444,40.2047222,10 - Anderson Lake (1997),Heterozygous Load
Boltonia_123,0.1768611363611387,0.14222041606065192,0.09903656109469798,Woodford County (1999),Pop_15,B. decurrens,TRUE,TRUE,123,2011-2650-1,11B,United States,Illinois,Woodford,40.8852777,-89.4583333,40.84668797480775,-89.0297386240063,NA,"Woodford County, Maternal lines = 30, Seedheads = 90; 6 packets",3/1/24,3/9/24,1999-11-11T00:00:00Z,Smith,-89.4583333,40.8852777,15 - Woodford County (1999),Heterozygous Load
Boltonia_124,0.17891306088422718,0.1454682163094196,0.10084085697167532,Woodford County (1999),Pop_15,B. decurrens,TRUE,TRUE,124,2011-2650-1,8B,United States,Illinois,Woodford,40.8852777,-89.4583333,40.84668797480775,-89.0297386240063,NA,"Woodford County, Maternal lines = 30, Seedheads = 90; 6 packets",2/29/24,3/12/24,1999-11-11T00:00:00Z,Smith,-89.4583333,40.8852777,15 - Woodford County (1999),Heterozygous Load
Boltonia_125,0.15935305504401354,0.13073300910173807,0.09331377531695693,Sparland (1999),Pop_16,B. decurrens,TRUE,TRUE,125,2011-2629-1,14A,United States,Illinois,Marshal,41.045,-89.4311111,41.02868892611459,-89.43846248262098,NA,"Sparland, Maternal lines = 30, Seedheads = 90; 3 packets",2/29/24,3/7/24,1999-11-11T00:00:00Z,Smith,-89.4311111,41.045,16 - Sparland (1999),Heterozygous Load
Boltonia_126,0.17759901281550106,0.14347412618707592,0.10253496684089829,West Alton (1999),Pop_03,B. decurrens,TRUE,TRUE,127,2011-2635-1,8,United States,Illinois,Alton,NA,NA,38.86501904919102,-90.22302347588696,NA,"West Alton, Maternal lines = 32, Seedheads = 32; 2 packets",2/29/24,Unknown,1999-11-07T00:00:00Z,Smith,-90.22302347588696,38.86501904919102,3 - West Alton (1999),Heterozygous Load
Boltonia_127,0.1814767890756606,0.1460029351953616,0.10128848762817731,Cooper Park (2000),Pop_13,B. decurrens,TRUE,TRUE,126,2011-2661-1,10B,United States,Illinois,Tazewell,NA,NA,40.69584983597212,-89.54394792156027,NA,"Cooper park South, Maternal lines = 43, Seedheads = 73; 4 packets",3/1/24,3/10/24,2000-10-01T00:00:00Z,Smith,-89.54394792156027,40.69584983597212,13 - Cooper Park (2000),Heterozygous Load
Boltonia_128,0.17990683917276198,0.14592396132913016,0.10303080387579282,Cooper Park (2000),Pop_13,B. decurrens,TRUE,TRUE,128,2011-2661-1,26A,United States,Illinois,Tazewell,NA,NA,40.69584983597212,-89.54394792156027,NA,"Cooper park South, Maternal lines = 43, Seedheads = 73; 4 packets",3/2/24,3/12/24,2000-10-01T00:00:00Z,Smith,-89.54394792156027,40.69584983597212,13 - Cooper Park (2000),Heterozygous Load
Boltonia_129,0.18453348153660418,0.14853668007028675,0.10318230963645504,Frederick Borrow Pit (1999),Pop_08,B. decurrens,TRUE,TRUE,129,2011-2675-1,15B,United States,Illinois,Schuyler,40.0672223,-90.4275,40.07010712467176,-90.42899627731744,NA,"Frederick Borrow Pit, Maternal lines = 30, Seedheads = 90; 3 packets",2/29/24,3/6/24,1999-10-07T00:00:00Z,Smith,-90.4275,40.0672223,8 - Frederick Borrow Pit (1999),Heterozygous Load
Boltonia_130,0.17889108158558661,0.14503550533402654,0.10177055141210256,Sparland (1999),Pop_16,B. decurrens,TRUE,TRUE,130,2011-2629-1,22B,United States,Illinois,Marshal,41.045,-89.4311111,41.02868892611459,-89.43846248262098,NA,"Sparland, Maternal lines = 30, Seedheads = 90; 3 packets",2/29/24,3/12/24,1999-11-11T00:00:00Z,Smith,-89.4311111,41.045,16 - Sparland (1999),Heterozygous Load
Boltonia_131,0.15094283341418574,0.12420121224884666,0.08777692842730134,Hennepin Bridge (1999),Pop_17,B. decurrens,TRUE,TRUE,131,2011-2623-1,12A,United States,Illinois,Hennepin,NA,NA,41.34414603458205,-89.55849691836283,NA,"Hennepin Bridge, Maternal lines = 30, Seedheads = 90; 6 packets",2/29/24,3/8/24,1999-11-11T00:00:00Z,Smith,-89.55849691836283,41.34414603458205,17 - Hennepin Bridge (1999),Heterozygous Load
Boltonia_132,0.14568193128957255,0.11810048108246846,0.08451955457306365,Sparland (1999),Pop_16,B. decurrens,TRUE,TRUE,132,2011-2629-1,19C,United States,Illinois,Marshal,41.045,-89.4311111,41.02868892611459,-89.43846248262098,NA,"Sparland, Maternal lines = 30, Seedheads = 90; 3 packets",2/29/24,3/12/24,1999-11-11T00:00:00Z,Smith,-89.4311111,41.045,16 - Sparland (1999),Heterozygous Load
Boltonia_133,0.1793259577086895,0.1458120816853023,0.10138490038496237,Frederick Borrow Pit (1999),Pop_08,B. decurrens,TRUE,TRUE,133,2011-2675-1,25A,United States,Illinois,Schuyler,40.0672223,-90.4275,40.07010712467176,-90.42899627731744,NA,"Frederick Borrow Pit, Maternal lines = 30, Seedheads = 90; 3 packets",2/28/24,3/21/24,1999-10-07T00:00:00Z,Smith,-90.4275,40.0672223,8 - Frederick Borrow Pit (1999),Heterozygous Load
Boltonia_134,0.17322827228583135,0.1417909956630185,0.10037256643871936,Hennepin Bridge (1999),Pop_17,B. decurrens,TRUE,TRUE,134,2011-2623-1,1B,United States,Illinois,Hennepin,NA,NA,41.34414603458205,-89.55849691836283,NA,"Hennepin Bridge, Maternal lines = 30, Seedheads = 90; 6 packets",2/29/24,3/7/24,1999-11-11T00:00:00Z,Smith,-89.55849691836283,41.34414603458205,17 - Hennepin Bridge (1999),Heterozygous Load
Boltonia_135,0.09954581349309144,0.08424701709126088,0.06203472236569359,Sparland (1999),Pop_16,B. decurrens,TRUE,TRUE,135,2011-2629-1,5A,United States,Illinois,Marshal,41.045,-89.4311111,41.02868892611459,-89.43846248262098,NA,"Sparland, Maternal lines = 30, Seedheads = 90; 3 packets",2/29/24,3/14/24,1999-11-11T00:00:00Z,Smith,-89.4311111,41.045,16 - Sparland (1999),Heterozygous Load
Boltonia_136,0.18188497605041423,0.14731916629921882,0.10266581272510657,Smith Lake (1998),Pop_05,B. decurrens,TRUE,TRUE,136,2011-2638-1,18A,United States,Illinois,Scott,39.7852777,-90.5902777,39.78656976625663,-90.58910563509704,Smith Lake,NA,2/29/24,3/6/24,1998-11-11T00:00:00Z,Smith,-90.5902777,39.7852777,5 - Smith Lake (1998),Heterozygous Load
Boltonia_137,0.18086136871372435,0.14791147029595456,0.10350598103423342,Sparland (1999),Pop_16,B. decurrens,TRUE,TRUE,137,2011-2629-1,17B,United States,Illinois,Marshal,41.045,-89.4311111,41.02868892611459,-89.43846248262098,NA,"Sparland, Maternal lines = 30, Seedheads = 90; 3 packets",2/29/24,3/8/24,1999-11-11T00:00:00Z,Smith,-89.4311111,41.045,16 - Sparland (1999),Heterozygous Load
Boltonia_138,0.18008581346169245,0.14550441266477568,0.10099236273233753,Frederick Borrow Pit (1999),Pop_08,B. decurrens,TRUE,TRUE,138,2011-2675-1,27C,United States,Illinois,Schuyler,40.0672223,-90.4275,40.07010712467176,-90.42899627731744,NA,"Frederick Borrow Pit, Maternal lines = 30, Seedheads = 90; 3 packets",2/29/24,3/8/24,1999-10-07T00:00:00Z,Smith,-90.4275,40.0672223,8 - Frederick Borrow Pit (1999),Heterozygous Load
Boltonia_139,0.18132136403527363,0.14737675141001258,0.10529650366024144,Horseshoe Lake (2000),Pop_02,B. decurrens,TRUE,TRUE,139,2011-2609-1,11C,United States,Illinois,Madison,38.6891666,-90.0972222,38.69652811427051,-90.085926104309,NA,"Horseshoe Lake, Maternal lines = 30, Seedheads = 90; 3 packets",2/29/24,3/10/24,2000-11-01T00:00:00Z,Smith,-90.0972222,38.6891666,2 - Horseshoe Lake (2000),Heterozygous Load
Boltonia_140,0.16705522926763408,0.13457475863612134,0.09239785412749899,Frederick Landing (2011),Pop_09,B. decurrens,TRUE,TRUE,140,2011-2659-1,14A,United States,Illinois,Frederick,NA,NA,40.07116308939078,-90.429571958886,NA,"Frederick Landing, Maternal lines = 15, Seedheads = 44; 2 packets",2/28/24,3/5/24,2011-12-01T00:00:00Z,Smith,-90.429571958886,40.07116308939078,9 - Frederick Landing (2011),Heterozygous Load
Boltonia_141,0.16830961924005006,0.13688474422339075,0.09760414299389156,Horseshoe Lake (2000),Pop_02,B. decurrens,TRUE,TRUE,141,2011-2609-1,X2,United States,Illinois,Madison,38.6891666,-90.0972222,38.69652811427051,-90.085926104309,NA,"Horseshoe Lake, Maternal lines = 30, Seedheads = 90; 3 packets",2/29/24,3/10/24,2000-11-01T00:00:00Z,Smith,-90.0972222,38.6891666,2 - Horseshoe Lake (2000),Heterozygous Load
Boltonia_142,0.17606517176036912,0.14250505103686106,0.1006755779600438,Woodford County (1999),Pop_15,B. decurrens,TRUE,TRUE,142,2011-2650-1,19C,United States,Illinois,Woodford,40.8852777,-89.4583333,40.84668797480775,-89.0297386240063,NA,"Woodford County, Maternal lines = 30, Seedheads = 90; 6 packets",2/29/24,3/8/24,1999-11-11T00:00:00Z,Smith,-89.4583333,40.8852777,15 - Woodford County (1999),Heterozygous Load
Boltonia_143,0.1423913162930971,0.11815642090438239,0.08454021444951759,Hennepin Bridge (1999),Pop_17,B. decurrens,TRUE,TRUE,143,2011-2623-1,18B,United States,Illinois,Hennepin,NA,NA,41.34414603458205,-89.55849691836283,NA,"Hennepin Bridge, Maternal lines = 30, Seedheads = 90; 6 packets",2/29/24,3/8/24,1999-11-11T00:00:00Z,Smith,-89.55849691836283,41.34414603458205,17 - Hennepin Bridge (1999),Heterozygous Load
Boltonia_144,0.1581960019655773,0.13001072728349644,0.09148193293804104,Smith Lake (1998),Pop_05,B. decurrens,TRUE,TRUE,144,2011-2638-1,16A,United States,Illinois,Scott,39.7852777,-90.5902777,39.78656976625663,-90.58910563509704,Smith Lake,NA,3/1/24,3/9/24,1998-11-11T00:00:00Z,Smith,-90.5902777,39.7852777,5 - Smith Lake (1998),Heterozygous Load
Boltonia_145,0.17739805922793003,0.14356626236434594,0.10201158330406518,West Alton (1999),Pop_03,B. decurrens,TRUE,TRUE,145,2011-2635-1,24,United States,Illinois,Alton,NA,NA,38.86501904919102,-90.22302347588696,NA,"West Alton, Maternal lines = 32, Seedheads = 32; 2 packets",2/29/24,3/7/24,1999-11-07T00:00:00Z,Smith,-90.22302347588696,38.86501904919102,3 - West Alton (1999),Heterozygous Load
Boltonia_146,0.1549195165182279,0.12833746849271796,0.09083459014248428,Smith Lake (1998),Pop_05,B. decurrens,TRUE,TRUE,146,2011-2638-1,28A,United States,Illinois,Scott,39.7852777,-90.5902777,39.78656976625663,-90.58910563509704,Smith Lake,NA,2/29/24,3/8/24,1998-11-11T00:00:00Z,Smith,-90.5902777,39.7852777,5 - Smith Lake (1998),Heterozygous Load
Boltonia_147,0.18178606920653162,0.14631389479364787,0.10123339462430014,Rice Lake (1999),Pop_12,B. decurrens,TRUE,TRUE,147,2011-2666-1,24A,United States,Illinois,Fulton,40.4925,-89.9022222,40.46699902833787,-89.9485498557629,NA,"Rice Lake, Maternal lines = 30, Seedheads = 90; 3 packets",2/29/24,3/7/24,1999-10-14T00:00:00Z,Smith,-89.9022222,40.4925,12 - Rice Lake (1999),Heterozygous Load
Boltonia_148,0.1815599964205142,0.14575285128562873,0.1006755779600438,Frederick Borrow Pit (1999),Pop_08,B. decurrens,TRUE,TRUE,148,2011-2675-1,10A,United States,Illinois,Schuyler,40.0672223,-90.4275,40.07010712467176,-90.42899627731744,NA,"Frederick Borrow Pit, Maternal lines = 30, Seedheads = 90; 3 packets",2/29/24,3/7/24,1999-10-07T00:00:00Z,Smith,-90.4275,40.0672223,8 - Frederick Borrow Pit (1999),Heterozygous Load
Boltonia_150,0.16906633509324717,0.1390236197671587,0.0978176283839156,Woodford County (1999),Pop_15,B. decurrens,TRUE,TRUE,150,2011-2650-1,1A,United States,Illinois,Woodford,40.8852777,-89.4583333,40.84668797480775,-89.0297386240063,NA,"Woodford County, Maternal lines = 30, Seedheads = 90; 6 packets",2/29/24,3/5/24,1999-11-11T00:00:00Z,Smith,-89.4583333,40.8852777,15 - Woodford County (1999),Heterozygous Load
Boltonia_151,0.16830176949053555,0.13787027226240384,0.09642653003601705,Smith Lake (1998),Pop_05,B. decurrens,TRUE,TRUE,151,2011-2638-1,8B,United States,Illinois,Scott,39.7852777,-90.5902777,39.78656976625663,-90.58910563509704,Smith Lake,NA,2/29/24,3/7/24,1998-11-11T00:00:00Z,Smith,-90.5902777,39.7852777,5 - Smith Lake (1998),Heterozygous Load
Boltonia_152,0.18015960110712867,0.144717964580221,0.09908476747309052,Frederick Borrow Pit (1999),Pop_08,B. decurrens,TRUE,TRUE,152,2011-2675-1,18A,United States,Illinois,Schuyler,40.0672223,-90.4275,40.07010712467176,-90.42899627731744,NA,"Frederick Borrow Pit, Maternal lines = 30, Seedheads = 90; 3 packets",3/2/24,3/12/24,1999-10-07T00:00:00Z,Smith,-90.4275,40.0672223,8 - Frederick Borrow Pit (1999),Heterozygous Load
Boltonia_153,0.18709563977813468,0.15184042014096835,0.10671514851007857,West Alton (1999),Pop_03,B. decurrens,TRUE,TRUE,153,2011-2635-1,35?,United States,Illinois,Alton,NA,NA,38.86501904919102,-90.22302347588696,NA,"West Alton, Maternal lines = 32, Seedheads = 32; 2 packets",2/29/24,3/8/24,1999-11-07T00:00:00Z,Smith,-90.22302347588696,38.86501904919102,3 - West Alton (1999),Heterozygous Load
Boltonia_154,0.17783921515064455,0.14350538667579255,0.10015219442321069,Hennepin Bridge (1999),Pop_17,B. decurrens,TRUE,TRUE,154,2011-2623-1,18B,United States,Illinois,Hennepin,NA,NA,41.34414603458205,-89.55849691836283,NA,"Hennepin Bridge, Maternal lines = 30, Seedheads = 90; 6 packets",2/29/24,3/7/24,1999-11-11T00:00:00Z,Smith,-89.55849691836283,41.34414603458205,17 - Hennepin Bridge (1999),Heterozygous Load
Boltonia_155,0.18856825278705355,0.15233729738267446,0.11010336824852454,Fairmont City (1997),Pop_01,B. decurrens,TRUE,TRUE,155,2011-2599-1,3,United States,Illinois,Saint Clair,38.6494444,-90.1161111,38.6515072789885,-90.10298738781108,NA,"Fairmont City, Maternal lines = 28, Seedheads = 28; 2 packets",2/29/24,3/7/24,1997-12-05T00:00:00Z,Smith,-90.1161111,38.6494444,1 - Fairmont City (1997),Heterozygous Load
Boltonia_157,0.1839337606736969,0.14889041717944837,0.10425662321205986,Frederick Landing (2011),Pop_09,B. decurrens,TRUE,TRUE,157,2011-2659-1,5A,United States,Illinois,Frederick,NA,NA,40.07116308939078,-90.429571958886,NA,"Frederick Landing, Maternal lines = 15, Seedheads = 44; 2 packets",2/29/24,3/9/24,2011-12-01T00:00:00Z,Smith,-90.429571958886,40.07116308939078,9 - Frederick Landing (2011),Heterozygous Load
Boltonia_158,0.15003854227011615,0.12334401674245964,0.08677148110654298,Anderson Lake (2000),Pop_11,B. decurrens,TRUE,TRUE,158,2011-2613-1,14B,United States,Illinois,Fulton,40.2047222,-90.1994444,40.20813714639404,-90.18724497777134,NA,"Anderson Lake, Maternal lines = 30, Seedheads = 61; 2 packets",2/29/24,3/8/24,2000-10-01T00:00:00Z,Smith,-90.1994444,40.2047222,11 - Anderson Lake (2000),Heterozygous Load
Boltonia_159,0.17993195837120837,0.14545176342062138,0.10179121128855649,Rice Lake (1999),Pop_12,B. decurrens,TRUE,TRUE,159,2011-2666-1,21C,United States,Illinois,Fulton,40.4925,-89.9022222,40.46699902833787,-89.9485498557629,NA,"Rice Lake, Maternal lines = 30, Seedheads = 90; 3 packets",2/29/24,3/7/24,1999-10-14T00:00:00Z,Smith,-89.9022222,40.4925,12 - Rice Lake (1999),Heterozygous Load
Boltonia_160,0.1728420646097183,0.14009634811680235,0.09793470101715458,Smith Lake (1998),Pop_05,B. decurrens,TRUE,TRUE,160,2011-2638-1,11B,United States,Illinois,Scott,39.7852777,-90.5902777,39.78656976625663,-90.58910563509704,Smith Lake,NA,2/29/24,3/8/24,1998-11-11T00:00:00Z,Smith,-90.5902777,39.7852777,5 - Smith Lake (1998),Heterozygous Load
Boltonia_161,0.15359761869998728,0.12716437752140522,0.09141306668319457,McClugage Bridge (1999),Pop_14,B. decurrens,TRUE,TRUE,161,2011-2618-1,12A,United States,Illinois,Peoria,40.7222223,-89.5519444,40.69352232924267,-89.59142458669179,NA,"McClugage Bridge, Maternal lines = 30, Seedheads = 90; 4 packets",2/29/24,3/8/24,1999-11-11T00:00:00Z,Smith,-89.5519444,40.7222223,14 - McClugage Bridge (1999),Heterozygous Load
Boltonia_162,0.15449249014463948,0.12859084298021048,0.09087590989539215,Frederick Landing (2011),Pop_09,B. decurrens,TRUE,TRUE,162,2011-2659-1,2A,United States,Illinois,Frederick,NA,NA,40.07116308939078,-90.429571958886,NA,"Frederick Landing, Maternal lines = 15, Seedheads = 44; 2 packets",2/29/24,3/7/24,2011-12-01T00:00:00Z,Smith,-90.429571958886,40.07116308939078,9 - Frederick Landing (2011),Heterozygous Load
Boltonia_163,0.1773195617327851,0.14335072952108932,0.1022388419450585,Sparland (1999),Pop_16,B. decurrens,TRUE,TRUE,163,2011-2629-1,15A,United States,Illinois,Marshal,41.045,-89.4311111,41.02868892611459,-89.43846248262098,NA,"Sparland, Maternal lines = 30, Seedheads = 90; 3 packets",2/29/24,3/7/24,1999-11-11T00:00:00Z,Smith,-89.4311111,41.045,16 - Sparland (1999),Heterozygous Load
Boltonia_164,0.18134020343410842,0.1468222890575127,0.10059982507971268,Frederick Borrow Pit (1999),Pop_08,B. decurrens,TRUE,TRUE,164,2011-2675-1,10A,United States,Illinois,Schuyler,40.0672223,-90.4275,40.07010712467176,-90.42899627731744,NA,"Frederick Borrow Pit, Maternal lines = 30, Seedheads = 90; 3 packets",3/1/24,3/10/24,1999-10-07T00:00:00Z,Smith,-90.4275,40.0672223,8 - Frederick Borrow Pit (1999),Heterozygous Load
Boltonia_165,0.1750745333716401,0.1429377620122541,0.100944156353945,Horseshoe Lake (2000),Pop_02,B. decurrens,TRUE,TRUE,165,2011-2609-1,15A,United States,Illinois,Madison,38.6891666,-90.0972222,38.69652811427051,-90.085926104309,NA,"Horseshoe Lake, Maternal lines = 30, Seedheads = 90; 3 packets",3/1/24,3/9/24,2000-11-01T00:00:00Z,Smith,-90.0972222,38.6891666,2 - Horseshoe Lake (2000),Heterozygous Load
Boltonia_167,0.18622588753192887,0.14928693179948535,0.10336136189905584,Frederick Borrow Pit (1999),Pop_08,B. decurrens,TRUE,TRUE,167,2011-2675-1,19B,United States,Illinois,Schuyler,40.0672223,-90.4275,40.07010712467176,-90.42899627731744,NA,"Frederick Borrow Pit, Maternal lines = 30, Seedheads = 90; 3 packets",2/29/24,3/8/24,1999-10-07T00:00:00Z,Smith,-90.4275,40.0672223,8 - Frederick Borrow Pit (1999),Heterozygous Load
Boltonia_168,0.1756475650861981,0.14234710330439818,0.10069623783649774,Cooper Park (2000),Pop_13,B. decurrens,TRUE,TRUE,168,2011-2661-1,22A,United States,Illinois,Tazewell,NA,NA,40.69584983597212,-89.54394792156027,NA,"Cooper park South, Maternal lines = 43, Seedheads = 73; 4 packets",2/29/24,3/7/24,2000-10-01T00:00:00Z,Smith,-89.54394792156027,40.69584983597212,13 - Cooper Park (2000),Heterozygous Load
Boltonia_169,0.19275530917808412,0.156231696161212,0.11103994931443643,Fairmont City (1997),Pop_01,B. decurrens,TRUE,TRUE,169,2011-2599-1,4,United States,Illinois,Saint Clair,38.6494444,-90.1161111,38.6515072789885,-90.10298738781108,NA,"Fairmont City, Maternal lines = 28, Seedheads = 28; 2 packets",2/29/24,3/7/24,1997-12-05T00:00:00Z,Smith,-90.1161111,38.6494444,1 - Fairmont City (1997),Heterozygous Load
Boltonia_170,0.17975612398208374,0.14634515528236447,0.10303769050127747,Woodford County (1999),Pop_15,B. decurrens,TRUE,TRUE,170,2011-2650-1,27B,United States,Illinois,Woodford,40.8852777,-89.4583333,40.84668797480775,-89.0297386240063,NA,"Woodford County, Maternal lines = 30, Seedheads = 90; 6 packets",2/29/24,3/12/24,1999-11-11T00:00:00Z,Smith,-89.4583333,40.8852777,15 - Woodford County (1999),Heterozygous Load
Boltonia_171,0.17670414137084886,0.14102758162278134,0.0893333057868314,Gilbert Lake (1997),Pop_04,B. decurrens,TRUE,TRUE,171,2011-2598-1,S8A,United States,Illinois,Jersey,NA,NA,38.96139842380207,-90.51481032460988,NA,"Gilbert Lake, Maternal lines = 32, Seedheads = 98; 6 packets",2/29/24,3/6/24,1997-11-08T00:00:00Z,Smith,-90.51481032460988,38.96139842380207,4 - Gilbert Lake (1997),Heterozygous Load
Boltonia_172,0.13247708265629243,0.11072958690086805,0.07817697250170444,Anderson Lake (2000),Pop_11,B. decurrens,TRUE,TRUE,172,2011-2613-1,24A,United States,Illinois,Fulton,40.2047222,-90.1994444,40.20813714639404,-90.18724497777134,NA,"Anderson Lake, Maternal lines = 30, Seedheads = 61; 2 packets",2/29/24,3/8/24,2000-10-01T00:00:00Z,Smith,-90.1994444,40.2047222,11 - Anderson Lake (2000),Heterozygous Load
Boltonia_173,0.1910110948359638,0.1541076282173624,0.10589564007740566,Beardstown (1997),Pop_07,B. decurrens,TRUE,TRUE,173,2011-2636-1,19,United States,Illinois,Cass,40.010555600000004,-90.4458333,40.0178975293398,-90.42445029519196,NA,"Beardstown, Maternal lines = 52, Seedheads = 53; 3 packets",2/29/24,3/15/24,1997-11-21T00:00:00Z,Smith,-90.4458333,40.010555600000004,7 - Beardstown (1997),Heterozygous Load
Boltonia_174,0.18374065683564036,0.14712337692252006,0.10361616704198776,Frederick Borrow Pit (1999),Pop_08,B. decurrens,TRUE,TRUE,174,2011-2675-1,5A,United States,Illinois,Schuyler,40.0672223,-90.4275,40.07010712467176,-90.42899627731744,NA,"Frederick Borrow Pit, Maternal lines = 30, Seedheads = 90; 3 packets",2/29/24,3/7/24,1999-10-07T00:00:00Z,Smith,-90.4275,40.0672223,8 - Frederick Borrow Pit (1999),Heterozygous Load
Boltonia_175,0.16917780153635298,0.13859913523616477,0.09772810225261519,McClugage Bridge (1999),Pop_14,B. decurrens,TRUE,TRUE,175,2011-2618-1,26A,United States,Illinois,Peoria,40.7222223,-89.5519444,40.69352232924267,-89.59142458669179,NA,"McClugage Bridge, Maternal lines = 30, Seedheads = 90; 4 packets",2/29/24,3/7/24,1999-11-11T00:00:00Z,Smith,-89.5519444,40.7222223,14 - McClugage Bridge (1999),Heterozygous Load
Boltonia_176,0.1946941973081639,0.1571283786007147,0.11055099890502655,Fairmont City (1997),Pop_01,B. decurrens,TRUE,TRUE,176,2011-2599-1,11,United States,Illinois,Saint Clair,38.6494444,-90.1161111,38.6515072789885,-90.10298738781108,NA,"Fairmont City, Maternal lines = 28, Seedheads = 28; 2 packets",2/29/24,3/7/24,1997-12-05T00:00:00Z,Smith,-90.1161111,38.6494444,1 - Fairmont City (1997),Heterozygous Load
Boltonia_177,0.17366157845903138,0.13933786994320463,0.09774187550358449,McClugage Bridge (1999),Pop_14,B. decurrens,TRUE,TRUE,177,2011-2618-1,4A,United States,Illinois,Peoria,40.7222223,-89.5519444,40.69352232924267,-89.59142458669179,NA,"McClugage Bridge, Maternal lines = 30, Seedheads = 90; 4 packets",2/29/24,3/8/24,1999-11-11T00:00:00Z,Smith,-89.5519444,40.7222223,14 - McClugage Bridge (1999),Heterozygous Load
Boltonia_178,0.19947940461219882,0.16085989378014992,0.11484136658196117,Fairmont City (1997),Pop_01,B. decurrens,TRUE,TRUE,178,2011-2599-1,11,United States,Illinois,Saint Clair,38.6494444,-90.1161111,38.6515072789885,-90.10298738781108,NA,"Fairmont City, Maternal lines = 28, Seedheads = 28; 2 packets",2/29/24,3/7/24,1997-12-05T00:00:00Z,Smith,-90.1161111,38.6494444,1 - Fairmont City (1997),Heterozygous Load
Boltonia_179,0.16886695145557906,0.13668730955781216,0.09442940864546963,Anderson Lake (2000),Pop_11,B. decurrens,TRUE,TRUE,179,2011-2613-1,3A,United States,Illinois,Fulton,40.2047222,-90.1994444,40.20813714639404,-90.18724497777134,NA,"Anderson Lake, Maternal lines = 30, Seedheads = 61; 2 packets",2/29/24,3/9/24,2000-10-01T00:00:00Z,Smith,-90.1994444,40.2047222,11 - Anderson Lake (2000),Heterozygous Load
Boltonia_180,0.1764184104885213,0.1442227326273947,0.10155017939659387,Sparland (1999),Pop_16,B. decurrens,TRUE,TRUE,180,2011-2629-1,1C,United States,Illinois,Marshal,41.045,-89.4311111,41.02868892611459,-89.43846248262098,NA,"Sparland, Maternal lines = 30, Seedheads = 90; 3 packets",2/29/24,3/6/24,1999-11-11T00:00:00Z,Smith,-89.4311111,41.045,16 - Sparland (1999),Heterozygous Load
Boltonia_181,0.1785676719055895,0.14532014031023568,0.10202535655503447,McClugage Bridge (1999),Pop_14,B. decurrens,TRUE,TRUE,181,2011-2618-1,1B,United States,Illinois,Peoria,40.7222223,-89.5519444,40.69352232924267,-89.59142458669179,NA,"McClugage Bridge, Maternal lines = 30, Seedheads = 90; 4 packets",2/28/24,3/12/24,1999-11-11T00:00:00Z,Smith,-89.5519444,40.7222223,14 - McClugage Bridge (1999),Heterozygous Load
Boltonia_182,0.15273571620329596,0.12666420970193948,0.08982225619624128,Hennepin Bridge (1999),Pop_17,B. decurrens,TRUE,TRUE,182,2011-2623-1,11A,United States,Illinois,Hennepin,NA,NA,41.34414603458205,-89.55849691836283,NA,"Hennepin Bridge, Maternal lines = 30, Seedheads = 90; 6 packets",2/29/24,3/8/24,1999-11-11T00:00:00Z,Smith,-89.55849691836283,41.34414603458205,17 - Hennepin Bridge (1999),Heterozygous Load
Boltonia_183,0.17928670896111706,0.1444201672929733,0.10088217672458319,Beardstown (1997),Pop_07,B. decurrens,TRUE,TRUE,183,2011-2636-1,22,United States,Illinois,Cass,40.010555600000004,-90.4458333,40.0178975293398,-90.42445029519196,NA,"Beardstown, Maternal lines = 52, Seedheads = 53; 3 packets",2/29/24,3/7/24,1997-11-21T00:00:00Z,Smith,-90.4458333,40.010555600000004,7 - Beardstown (1997),Heterozygous Load
Boltonia_184,0.17158139483769072,0.1400453441615279,0.09840299155011054,Horseshoe Lake (2000),Pop_02,B. decurrens,TRUE,TRUE,184,2011-2609-1,18C,United States,Illinois,Madison,38.6891666,-90.0972222,38.69652811427051,-90.085926104309,NA,"Horseshoe Lake, Maternal lines = 30, Seedheads = 90; 3 packets",2/29/24,3/10/24,2000-11-01T00:00:00Z,Smith,-90.0972222,38.6891666,2 - Horseshoe Lake (2000),Heterozygous Load
Boltonia_185,0.16789358251578193,0.1377551020408163,0.09703943970415056,Woodford County (1999),Pop_15,B. decurrens,TRUE,TRUE,185,2011-2650-1,21A,United States,Illinois,Woodford,40.8852777,-89.4583333,40.84668797480775,-89.0297386240063,NA,"Woodford County, Maternal lines = 30, Seedheads = 90; 6 packets",2/29/24,3/9/24,1999-11-11T00:00:00Z,Smith,-89.4583333,40.8852777,15 - Woodford County (1999),Heterozygous Load
Boltonia_186,0.16161064300438174,0.13144212860894117,0.0931898160582333,Cooper Park (2000),Pop_13,B. decurrens,TRUE,TRUE,186,2011-2661-1,12A,United States,Illinois,Tazewell,NA,NA,40.69584983597212,-89.54394792156027,NA,"Cooper park South, Maternal lines = 43, Seedheads = 73; 4 packets",3/1/24,3/8/24,2000-10-01T00:00:00Z,Smith,-89.54394792156027,40.69584983597212,13 - Cooper Park (2000),Heterozygous Load
Boltonia_187,0.17259087262525452,0.1398791699846659,0.09729424484708248,Frederick Borrow Pit (1999),Pop_08,B. decurrens,TRUE,TRUE,187,2011-2675-1,16A,United States,Illinois,Schuyler,40.0672223,-90.4275,40.07010712467176,-90.42899627731744,NA,"Frederick Borrow Pit, Maternal lines = 30, Seedheads = 90; 3 packets",2/29/24,3/6/24,1999-10-07T00:00:00Z,Smith,-90.4275,40.0672223,8 - Frederick Borrow Pit (1999),Heterozygous Load
Boltonia_188,0.18380816468146502,0.14843796273749746,0.10258317321929082,Frederick Borrow Pit (1999),Pop_08,B. decurrens,TRUE,TRUE,188,2011-2675-1,3C,United States,Illinois,Schuyler,40.0672223,-90.4275,40.07010712467176,-90.42899627731744,NA,"Frederick Borrow Pit, Maternal lines = 30, Seedheads = 90; 3 packets",2/29/24,3/7/24,1999-10-07T00:00:00Z,Smith,-90.4275,40.0672223,8 - Frederick Borrow Pit (1999),Heterozygous Load
Boltonia_189,0.1858600892045535,0.15040901881552363,0.10537225654057256,Rice Lake (1999),Pop_12,B. decurrens,TRUE,TRUE,189,2011-2666-1,3B,United States,Illinois,Fulton,40.4925,-89.9022222,40.46699902833787,-89.9485498557629,NA,"Rice Lake, Maternal lines = 30, Seedheads = 90; 3 packets",2/29/24,3/7/24,1999-10-14T00:00:00Z,Smith,-89.9022222,40.4925,12 - Rice Lake (1999),Heterozygous Load
Boltonia_190,0.16293882062223394,0.13221212380469763,0.08723288501401429,Gilbert Lake (1997),Pop_04,B. decurrens,TRUE,TRUE,190,2011-2598-1,L12A,United States,Illinois,Jersey,NA,NA,38.96139842380207,-90.51481032460988,NA,"Gilbert Lake, Maternal lines = 32, Seedheads = 98; 6 packets",2/29/24,3/8/24,1997-11-08T00:00:00Z,Smith,-90.51481032460988,38.96139842380207,4 - Gilbert Lake (1997),Heterozygous Load
Boltonia_191,0.174085464932814,0.14179428624077817,0.10163281890240963,Sparland (1999),Pop_16,B. decurrens,TRUE,TRUE,191,2011-2629-1,11B,United States,Illinois,Marshal,41.045,-89.4311111,41.02868892611459,-89.43846248262098,NA,"Sparland, Maternal lines = 30, Seedheads = 90; 3 packets",2/29/24,3/14/24,1999-11-11T00:00:00Z,Smith,-89.4311111,41.045,16 - Sparland (1999),Heterozygous Load
Boltonia_192,0.16822327199539064,0.13644216151471875,0.0959720127540304,Smith Lake (1998),Pop_05,B. decurrens,TRUE,TRUE,192,2011-2638-1,6A,United States,Illinois,Scott,39.7852777,-90.5902777,39.78656976625663,-90.58910563509704,Smith Lake,NA,2/29/24,3/6/24,1998-11-11T00:00:00Z,Smith,-90.5902777,39.7852777,5 - Smith Lake (1998),Heterozygous Load
Boltonia_193,0.16427641793950354,0.13336711659833234,0.09278350515463918,Anderson Lake (1997),Pop_10,B. decurrens,TRUE,TRUE,193,2011-2664-1,16,United States,Illinois,Fulton,40.2047222,-90.1994444,40.20744447961278,-90.1871999885973,NA,"Anderson Lake, Maternal lines = 31, Seedheads = 31",2/29/24,3/7/24,1997-11-21T00:00:00Z,Smith,-90.1994444,40.2047222,10 - Anderson Lake (1997),Heterozygous Load
Boltonia_194,0.17820187357821413,0.1447031569803026,0.10142622013787024,Beardstown (1997),Pop_07,B. decurrens,TRUE,TRUE,194,2011-2636-1,30,United States,Illinois,Cass,40.010555600000004,-90.4458333,40.0178975293398,-90.42445029519196,NA,"Beardstown, Maternal lines = 52, Seedheads = 53; 3 packets",2/29/24,3/7/24,1997-11-21T00:00:00Z,Smith,-90.4458333,40.010555600000004,7 - Beardstown (1997),Heterozygous Load
Boltonia_195,0.1603028747352672,0.1316214650968417,0.09177805783388082,Sparland (1999),Pop_16,B. decurrens,TRUE,TRUE,195,2011-2629-1,7C,United States,Illinois,Marshal,41.045,-89.4311111,41.02868892611459,-89.43846248262098,NA,"Sparland, Maternal lines = 30, Seedheads = 90; 3 packets",2/29/24,3/7/24,1999-11-11T00:00:00Z,Smith,-89.4311111,41.045,16 - Sparland (1999),Heterozygous Load
Boltonia_196,0.19651847909533207,0.1604386998269156,0.11448326205675957,Fairmont City (1997),Pop_01,B. decurrens,TRUE,TRUE,196,2011-2599-1,19,United States,Illinois,Saint Clair,38.6494444,-90.1161111,38.6515072789885,-90.10298738781108,NA,"Fairmont City, Maternal lines = 28, Seedheads = 28; 2 packets",3/1/24,3/10/24,1997-12-05T00:00:00Z,Smith,-90.1161111,38.6494444,1 - Fairmont City (1997),Heterozygous Load
Boltonia_197,0.17098167397478348,0.13921940914385747,0.09599267263048433,Frederick Landing (2011),Pop_09,B. decurrens,TRUE,TRUE,197,2011-2659-1,5A,United States,Illinois,Frederick,NA,NA,40.07116308939078,-90.429571958886,NA,"Frederick Landing, Maternal lines = 15, Seedheads = 44; 2 packets",2/29/24,3/7/24,2011-12-01T00:00:00Z,Smith,-90.429571958886,40.07116308939078,9 - Frederick Landing (2011),Heterozygous Load
Boltonia_198,0.1723914889875864,0.13948594594238856,0.09887816870855112,Meredosia Lake (1999),Pop_06,B. decurrens,TRUE,TRUE,198,2011-2620-1,15B,United States,Illinois,Morgan,39.8672223,-90.5533333,39.87546015928839,-90.55308508241012,NA,"Meredosia Lake, Maternal lines = 30, Seedheads = 90; 5 packets",2/29/24,3/9/24,1999-10-07T00:00:00Z,Smith,-90.5533333,39.8672223,6 - Meredosia Lake (1999),Heterozygous Load
Boltonia_200,0.17886282248733443,0.14527242693272086,0.10271401910349909,Meredosia Lake (1999),Pop_06,B. decurrens,TRUE,TRUE,200,2011-2620-1,30B,United States,Illinois,Morgan,39.8672223,-90.5533333,39.87546015928839,-90.55308508241012,NA,"Meredosia Lake, Maternal lines = 30, Seedheads = 90; 5 packets",2/29/24,3/9/24,1999-10-07T00:00:00Z,Smith,-90.5533333,39.8672223,6 - Meredosia Lake (1999),Heterozygous Load
Boltonia_201,0.15926984769915992,0.1300173084390157,0.09230144137071393,Woodford County (1999),Pop_15,B. decurrens,TRUE,TRUE,201,2011-2650-1,8B,United States,Illinois,Woodford,40.8852777,-89.4583333,40.84668797480775,-89.0297386240063,NA,"Woodford County, Maternal lines = 30, Seedheads = 90; 6 packets",2/29/24,3/7/24,1999-11-11T00:00:00Z,Smith,-89.4583333,40.8852777,15 - Woodford County (1999),Heterozygous Load
Boltonia_202,0.18069495402401708,0.1466528243028911,0.10168102528080215,Rice Lake (1999),Pop_12,B. decurrens,TRUE,TRUE,202,2011-2666-1,7B,United States,Illinois,Fulton,40.4925,-89.9022222,40.46699902833787,-89.9485498557629,NA,"Rice Lake, Maternal lines = 30, Seedheads = 90; 3 packets",2/29/24,3/6/24,1999-10-14T00:00:00Z,Smith,-89.9022222,40.4925,12 - Rice Lake (1999),Heterozygous Load
Boltonia_203,0.18098696470595624,0.14836886060454493,0.10616421847130687,Horseshoe Lake (2000),Pop_02,B. decurrens,TRUE,TRUE,203,2011-2609-1,X1,United States,Illinois,Madison,38.6891666,-90.0972222,38.69652811427051,-90.085926104309,NA,"Horseshoe Lake, Maternal lines = 30, Seedheads = 90; 3 packets",2/29/24,3/15/24,2000-11-01T00:00:00Z,Smith,-90.0972222,38.6891666,2 - Horseshoe Lake (2000),Heterozygous Load
Boltonia_204,0.1703835230617791,0.13897097052300442,0.09772121562713056,Meredosia Lake (1999),Pop_06,B. decurrens,TRUE,TRUE,204,2011-2620-1,6A,United States,Illinois,Morgan,39.8672223,-90.5533333,39.87546015928839,-90.55308508241012,NA,"Meredosia Lake, Maternal lines = 30, Seedheads = 90; 5 packets",3/1/24,3/8/24,1999-10-07T00:00:00Z,Smith,-90.5533333,39.8672223,6 - Meredosia Lake (1999),Heterozygous Load
Boltonia_205,0.13461692437394324,0.1132863658201107,0.08298383708998754,Hennepin Bridge (1999),Pop_17,B. decurrens,TRUE,TRUE,205,2011-2623-1,27B,United States,Illinois,Hennepin,NA,NA,41.34414603458205,-89.55849691836283,NA,"Hennepin Bridge, Maternal lines = 30, Seedheads = 90; 6 packets",2/29/24,3/7/24,1999-11-11T00:00:00Z,Smith,-89.55849691836283,41.34414603458205,17 - Hennepin Bridge (1999),Heterozygous Load
Boltonia_207,0.17948609259878517,0.14505031293394494,0.10024172055451108,Rice Lake (1999),Pop_12,B. decurrens,TRUE,TRUE,207,2011-2666-1,6B,United States,Illinois,Fulton,40.4925,-89.9022222,40.46699902833787,-89.9485498557629,NA,"Rice Lake, Maternal lines = 30, Seedheads = 90; 3 packets",2/29/24,3/9/24,1999-10-14T00:00:00Z,Smith,-89.9022222,40.4925,12 - Rice Lake (1999),Heterozygous Load
Boltonia_208,0.17683915706249814,0.14415527578332205,0.10232836807635891,Sparland (1999),Pop_16,B. decurrens,TRUE,TRUE,208,2011-2629-1,3B,United States,Illinois,Marshal,41.045,-89.4311111,41.02868892611459,-89.43846248262098,NA,"Sparland, Maternal lines = 30, Seedheads = 90; 3 packets",2/29/24,3/9/24,1999-11-11T00:00:00Z,Smith,-89.4311111,41.045,16 - Sparland (1999),Heterozygous Load
Boltonia_209,0.1363171801187824,0.11103232005475522,0.08076634368393144,Hennepin Bridge (1999),Pop_17,B. decurrens,TRUE,TRUE,209,2011-2623-1,11A,United States,Illinois,Hennepin,NA,NA,41.34414603458205,-89.55849691836283,NA,"Hennepin Bridge, Maternal lines = 30, Seedheads = 90; 6 packets",3/2/24,3/12/24,1999-11-11T00:00:00Z,Smith,-89.55849691836283,41.34414603458205,17 - Hennepin Bridge (1999),Heterozygous Load
Boltonia_210,0.17923961046403009,0.14498121080099244,0.10074444421489026,Gilbert Lake (1997),Pop_04,B. decurrens,TRUE,TRUE,210,2011-2598-1,S16A,United States,Illinois,Jersey,NA,NA,38.96139842380207,-90.51481032460988,NA,"Gilbert Lake, Maternal lines = 32, Seedheads = 98; 6 packets",2/29/24,3/7/24,1997-11-08T00:00:00Z,Smith,-90.51481032460988,38.96139842380207,4 - Gilbert Lake (1997),Heterozygous Load
Boltonia_211,0.18588049855329117,0.15190294111840158,0.10988299623301585,West Alton (1999),Pop_03,B. decurrens,TRUE,TRUE,211,2011-2635-1,31,United States,Illinois,Alton,NA,NA,38.86501904919102,-90.22302347588696,NA,"West Alton, Maternal lines = 32, Seedheads = 32; 2 packets",2/29/24,3/10/24,1999-11-07T00:00:00Z,Smith,-90.22302347588696,38.86501904919102,3 - West Alton (1999),Heterozygous Load
Boltonia_212,0.18054266888343593,0.14597331999552482,0.10236968782926678,Frederick Borrow Pit (1999),Pop_08,B. decurrens,TRUE,TRUE,212,2011-2675-1,10A,United States,Illinois,Schuyler,40.0672223,-90.4275,40.07010712467176,-90.42899627731744,NA,"Frederick Borrow Pit, Maternal lines = 30, Seedheads = 90; 3 packets",3/1/24,Unknown,1999-10-07T00:00:00Z,Smith,-90.4275,40.0672223,8 - Frederick Borrow Pit (1999),Heterozygous Load
Boltonia_213,0.18307185817700558,0.14869791838050925,0.10555130880317336,West Alton (1999),Pop_03,B. decurrens,TRUE,TRUE,213,2011-2635-1,35?,United States,Illinois,Alton,NA,NA,38.86501904919102,-90.22302347588696,NA,"West Alton, Maternal lines = 32, Seedheads = 32; 2 packets",2/29/24,3/7/24,1999-11-07T00:00:00Z,Smith,-90.22302347588696,38.86501904919102,3 - West Alton (1999),Heterozygous Load
Boltonia_214,0.17545603119804448,0.14343957512059968,0.1030721236287007,Horseshoe Lake (2000),Pop_02,B. decurrens,TRUE,TRUE,214,2011-2609-1,7C,United States,Illinois,Madison,38.6891666,-90.0972222,38.69652811427051,-90.085926104309,NA,"Horseshoe Lake, Maternal lines = 30, Seedheads = 90; 3 packets",3/1/24,3/10/24,2000-11-01T00:00:00Z,Smith,-90.0972222,38.6891666,2 - Horseshoe Lake (2000),Heterozygous Load
Boltonia_215,0.16450249072552095,0.13454678872516437,0.09488392592745629,Anderson Lake (1997),Pop_10,B. decurrens,TRUE,TRUE,215,2011-2664-1,1,United States,Illinois,Fulton,40.2047222,-90.1994444,40.20744447961278,-90.1871999885973,NA,"Anderson Lake, Maternal lines = 31, Seedheads = 31",2/29/24,3/7/24,1997-11-21T00:00:00Z,Smith,-90.1994444,40.2047222,10 - Anderson Lake (1997),Heterozygous Load
Boltonia_217,0.1785551123063663,0.1443510651600208,0.10024172055451108,Woodford County (1999),Pop_15,B. decurrens,TRUE,TRUE,217,2011-2650-1,18A,United States,Illinois,Woodford,40.8852777,-89.4583333,40.84668797480775,-89.0297386240063,NA,"Woodford County, Maternal lines = 30, Seedheads = 90; 6 packets",2/29/24,3/7/24,1999-11-11T00:00:00Z,Smith,-89.4583333,40.8852777,15 - Woodford County (1999),Heterozygous Load
Boltonia_218,0.1594017234910034,0.1294809442641939,0.08807305332314112,Gilbert Lake (1997),Pop_04,B. decurrens,TRUE,TRUE,218,2011-2598-1,L14A,United States,Illinois,Jersey,NA,NA,38.96139842380207,-90.51481032460988,NA,"Gilbert Lake, Maternal lines = 32, Seedheads = 98; 6 packets",2/29/24,3/8/24,1997-11-08T00:00:00Z,Smith,-90.51481032460988,38.96139842380207,4 - Gilbert Lake (1997),Heterozygous Load
Boltonia_219,0.1636562877278586,0.13261851015801354,0.0936649932166739,Cooper Park (2000),Pop_13,B. decurrens,TRUE,TRUE,219,2011-2661-1,25A,United States,Illinois,Tazewell,NA,NA,40.69584983597212,-89.54394792156027,NA,"Cooper park South, Maternal lines = 43, Seedheads = 73; 4 packets",2/29/24,3/7/24,2000-10-01T00:00:00Z,Smith,-89.54394792156027,40.69584983597212,13 - Cooper Park (2000),Heterozygous Load
Boltonia_220,0.17819088392889382,0.14478542142429368,0.09995936890964059,Frederick Borrow Pit (1999),Pop_08,B. decurrens,TRUE,TRUE,220,2011-2675-1,12B,United States,Illinois,Schuyler,40.0672223,-90.4275,40.07010712467176,-90.42899627731744,NA,"Frederick Borrow Pit, Maternal lines = 30, Seedheads = 90; 3 packets",3/1/24,3/8/24,1999-10-07T00:00:00Z,Smith,-90.4275,40.0672223,8 - Frederick Borrow Pit (1999),Heterozygous Load
Boltonia_221,0.17973414468344315,0.14488907462372244,0.10136424050850842,Sparland (1999),Pop_16,B. decurrens,TRUE,TRUE,221,2011-2629-1,14A,United States,Illinois,Marshal,41.045,-89.4311111,41.02868892611459,-89.43846248262098,NA,"Sparland, Maternal lines = 30, Seedheads = 90; 3 packets",2/29/24,3/8/24,1999-11-11T00:00:00Z,Smith,-89.4311111,41.045,16 - Sparland (1999),Heterozygous Load
Boltonia_222,0.18085351896420984,0.145971674706645,0.09993870903318665,Cooper Park (2000),Pop_13,B. decurrens,TRUE,TRUE,222,2011-2661-1,15A,United States,Illinois,Tazewell,NA,NA,40.69584983597212,-89.54394792156027,NA,"Cooper park South, Maternal lines = 43, Seedheads = 73; 4 packets",2/29/24,3/8/24,2000-10-01T00:00:00Z,Smith,-89.54394792156027,40.69584983597212,13 - Cooper Park (2000),Heterozygous Load
Boltonia_224,0.17421420082485167,0.1414076433540201,0.1002141740525725,Smith Lake (1998),Pop_05,B. decurrens,TRUE,TRUE,224,2011-2638-1,12C,United States,Illinois,Scott,39.7852777,-90.5902777,39.78656976625663,-90.58910563509704,Smith Lake,NA,2/29/24,3/9/24,1998-11-11T00:00:00Z,Smith,-90.5902777,39.7852777,5 - Smith Lake (1998),Heterozygous Load
Boltonia_225,0.1668998042272471,0.13442668263693738,0.08814191957798759,Gilbert Lake (1997),Pop_04,B. decurrens,TRUE,TRUE,225,2011-2598-1,S6B,United States,Illinois,Jersey,NA,NA,38.96139842380207,-90.51481032460988,NA,"Gilbert Lake, Maternal lines = 32, Seedheads = 98; 6 packets",2/29/24,3/8/24,1997-11-08T00:00:00Z,Smith,-90.51481032460988,38.96139842380207,4 - Gilbert Lake (1997),Heterozygous Load
Boltonia_226,0.1897457152142275,0.15325701386649468,0.10900839479646579,Fairmont City (1997),Pop_01,B. decurrens,TRUE,TRUE,226,2011-2599-1,4,United States,Illinois,Saint Clair,38.6494444,-90.1161111,38.6515072789885,-90.10298738781108,NA,"Fairmont City, Maternal lines = 28, Seedheads = 28; 2 packets",2/29/24,3/8/24,1997-12-05T00:00:00Z,Smith,-90.1161111,38.6494444,1 - Fairmont City (1997),Heterozygous Load
Boltonia_227,0.15715041533024682,0.12912227128839282,0.09142683993416387,Anderson Lake (2000),Pop_11,B. decurrens,TRUE,TRUE,227,2011-2613-1,18A,United States,Illinois,Fulton,40.2047222,-90.1994444,40.20813714639404,-90.18724497777134,NA,"Anderson Lake, Maternal lines = 30, Seedheads = 61; 2 packets",2/29/24,3/16/24,2000-10-01T00:00:00Z,Smith,-90.1994444,40.2047222,11 - Anderson Lake (2000),Heterozygous Load
Boltonia_228,0.17404464623533863,0.14196375099539976,0.0986371368165885,Sparland (1999),Pop_16,B. decurrens,TRUE,TRUE,228,2011-2629-1,30A,United States,Illinois,Marshal,41.045,-89.4311111,41.02868892611459,-89.43846248262098,NA,"Sparland, Maternal lines = 30, Seedheads = 90; 3 packets",2/29/24,3/9/24,1999-11-11T00:00:00Z,Smith,-89.4311111,41.045,16 - Sparland (1999),Heterozygous Load
Boltonia_229,0.1800120258162562,0.14676634923559878,0.10448388185305318,McClugage Bridge (1999),Pop_14,B. decurrens,TRUE,TRUE,229,2011-2618-1,26A,United States,Illinois,Peoria,40.7222223,-89.5519444,40.69352232924267,-89.59142458669179,NA,"McClugage Bridge, Maternal lines = 30, Seedheads = 90; 4 packets",2/29/24,3/6/24,1999-11-11T00:00:00Z,Smith,-89.5519444,40.7222223,14 - McClugage Bridge (1999),Heterozygous Load
Boltonia_230,0.1731591944901038,0.14060967824730666,0.10052407219938159,McClugage Bridge (1999),Pop_14,B. decurrens,TRUE,TRUE,230,2011-2618-1,1B,United States,Illinois,Peoria,40.7222223,-89.5519444,40.69352232924267,-89.59142458669179,NA,"McClugage Bridge, Maternal lines = 30, Seedheads = 90; 4 packets",2/29/24,3/6/24,1999-11-11T00:00:00Z,Smith,-89.5519444,40.7222223,14 - McClugage Bridge (1999),Heterozygous Load
Boltonia_231,0.1863985820212477,0.15190294111840158,0.10449765510402248,Rice Lake (1999),Pop_12,B. decurrens,TRUE,TRUE,231,2011-2666-1,11B,United States,Illinois,Fulton,40.4925,-89.9022222,40.46699902833787,-89.9485498557629,NA,"Rice Lake, Maternal lines = 30, Seedheads = 90; 3 packets",2/29/24,3/6/24,1999-10-14T00:00:00Z,Smith,-89.9022222,40.4925,12 - Rice Lake (1999),Heterozygous Load
Boltonia_232,0.17690823485822568,0.14445965422608903,0.10084085697167532,Woodford County (1999),Pop_15,B. decurrens,TRUE,TRUE,232,2011-2650-1,6B,United States,Illinois,Woodford,40.8852777,-89.4583333,40.84668797480775,-89.0297386240063,NA,"Woodford County, Maternal lines = 30, Seedheads = 90; 6 packets",2/29/24,3/7/24,1999-11-11T00:00:00Z,Smith,-89.4583333,40.8852777,15 - Woodford County (1999),Heterozygous Load
Boltonia_233,0.16628438386531086,0.13592883138421444,0.09451204815128539,Hennepin Bridge (1999),Pop_17,B. decurrens,TRUE,TRUE,233,2011-2623-1,14B,United States,Illinois,Hennepin,NA,NA,41.34414603458205,-89.55849691836283,NA,"Hennepin Bridge, Maternal lines = 30, Seedheads = 90; 6 packets",2/29/24,3/8/24,1999-11-11T00:00:00Z,Smith,-89.55849691836283,41.34414603458205,17 - Hennepin Bridge (1999),Heterozygous Load
Boltonia_234,0.1844047456445665,0.1474030760320897,0.1027759987328609,Frederick Landing (2011),Pop_09,B. decurrens,TRUE,TRUE,234,2011-2659-1,15A,United States,Illinois,Frederick,NA,NA,40.07116308939078,-90.429571958886,NA,"Frederick Landing, Maternal lines = 15, Seedheads = 44; 2 packets",2/29/24,3/6/24,2011-12-01T00:00:00Z,Smith,-90.429571958886,40.07116308939078,9 - Frederick Landing (2011),Heterozygous Load
Boltonia_235,0.1838379937296201,0.14653600879242376,0.10056539195228946,Frederick Borrow Pit (1999),Pop_08,B. decurrens,TRUE,TRUE,235,2011-2675-1,15B,United States,Illinois,Schuyler,40.0672223,-90.4275,40.07010712467176,-90.42899627731744,NA,"Frederick Borrow Pit, Maternal lines = 30, Seedheads = 90; 3 packets",2/29/24,3/6/24,1999-10-07T00:00:00Z,Smith,-90.4275,40.0672223,8 - Frederick Borrow Pit (1999),Heterozygous Load
Boltonia_236,0.18411116501272445,0.1489315494014439,0.10289995799158454,Smith Lake (1998),Pop_05,B. decurrens,TRUE,TRUE,236,2011-2638-1,20C,United States,Illinois,Scott,39.7852777,-90.5902777,39.78656976625663,-90.58910563509704,Smith Lake,NA,2/29/24,3/7/24,1998-11-11T00:00:00Z,Smith,-90.5902777,39.7852777,5 - Smith Lake (1998),Heterozygous Load
Boltonia_237,0.1846072691820404,0.15111320245608725,0.10544112279541902,Frederick Landing (2011),Pop_09,B. decurrens,TRUE,TRUE,237,2011-2659-1,2A,United States,Illinois,Frederick,NA,NA,40.07116308939078,-90.429571958886,NA,"Frederick Landing, Maternal lines = 15, Seedheads = 44; 2 packets",2/29/24,3/16/24,2011-12-01T00:00:00Z,Smith,-90.429571958886,40.07116308939078,9 - Frederick Landing (2011),Heterozygous Load
Boltonia_238,0.1723082816427328,0.13962085963053392,0.0981757329091172,Frederick Landing (2011),Pop_09,B. decurrens,TRUE,TRUE,238,2011-2659-1,5A,United States,Illinois,Frederick,NA,NA,40.07116308939078,-90.429571958886,NA,"Frederick Landing, Maternal lines = 15, Seedheads = 44; 2 packets",2/28/24,3/18/24,2011-12-01T00:00:00Z,Smith,-90.429571958886,40.07116308939078,9 - Frederick Landing (2011),Heterozygous Load
Boltonia_239,0.1865131883641593,0.15048799268175506,0.10473180037050045,Frederick Landing (2011),Pop_09,B. decurrens,TRUE,TRUE,239,2011-2659-1,11A,United States,Illinois,Frederick,NA,NA,40.07116308939078,-90.429571958886,NA,"Frederick Landing, Maternal lines = 15, Seedheads = 44; 2 packets",2/29/24,3/7/24,2011-12-01T00:00:00Z,Smith,-90.429571958886,40.07116308939078,9 - Frederick Landing (2011),Heterozygous Load
Boltonia_240,0.1766680325230822,0.1438838031181515,0.10224572857054315,Cooper Park (2000),Pop_13,B. decurrens,TRUE,TRUE,240,2011-2661-1,2A,United States,Illinois,Tazewell,NA,NA,40.69584983597212,-89.54394792156027,NA,"Cooper park South, Maternal lines = 43, Seedheads = 73; 4 packets",2/29/24,3/6/24,2000-10-01T00:00:00Z,Smith,-89.54394792156027,40.69584983597212,13 - Cooper Park (2000),Heterozygous Load
Boltonia_241,0.1808959076115881,0.1482438186496785,0.10314787650903182,Rice Lake (1999),Pop_12,B. decurrens,TRUE,TRUE,241,2011-2666-1,18A,United States,Illinois,Fulton,40.4925,-89.9022222,40.46699902833787,-89.9485498557629,NA,"Rice Lake, Maternal lines = 30, Seedheads = 90; 3 packets",2/29/24,3/7/24,1999-10-14T00:00:00Z,Smith,-89.9022222,40.4925,12 - Rice Lake (1999),Heterozygous Load
Boltonia_242,0.18439061609544039,0.14885093024633264,0.10292750449352313,Frederick Landing (2011),Pop_09,B. decurrens,TRUE,TRUE,242,2011-2659-1,9A,United States,Illinois,Frederick,NA,NA,40.07116308939078,-90.429571958886,NA,"Frederick Landing, Maternal lines = 15, Seedheads = 44; 2 packets",2/29/24,3/5/24,2011-12-01T00:00:00Z,Smith,-90.429571958886,40.07116308939078,9 - Frederick Landing (2011),Heterozygous Load
Boltonia_243,0.17803545888850686,0.1455142843980546,0.10116452836945368,Rice Lake (1999),Pop_12,B. decurrens,TRUE,TRUE,243,2011-2666-1,7B,United States,Illinois,Fulton,40.4925,-89.9022222,40.46699902833787,-89.9485498557629,NA,"Rice Lake, Maternal lines = 30, Seedheads = 90; 3 packets",2/29/24,3/6/24,1999-10-14T00:00:00Z,Smith,-89.9022222,40.4925,12 - Rice Lake (1999),Heterozygous Load
Boltonia_244,0.1736301794609734,0.1416314026416758,0.10042765944259653,Meredosia Lake (1999),Pop_06,B. decurrens,TRUE,TRUE,244,2011-2620-1,12B,United States,Illinois,Morgan,39.8672223,-90.5533333,39.87546015928839,-90.55308508241012,NA,"Meredosia Lake, Maternal lines = 30, Seedheads = 90; 5 packets",2/29/24,3/8/24,1999-10-07T00:00:00Z,Smith,-90.5533333,39.8672223,6 - Meredosia Lake (1999),Heterozygous Load
Boltonia_245,0.18120361779255623,0.1464767783927502,0.10239723433120537,Meredosia Lake (1999),Pop_06,B. decurrens,TRUE,TRUE,245,2011-2620-1,27A,United States,Illinois,Morgan,39.8672223,-90.5533333,39.87546015928839,-90.55308508241012,NA,"Meredosia Lake, Maternal lines = 30, Seedheads = 90; 5 packets",3/1/24,3/9/24,1999-10-07T00:00:00Z,Smith,-90.5533333,39.8672223,6 - Meredosia Lake (1999),Heterozygous Load
Boltonia_246,0.15485357862230617,0.1273930726757004,0.09082770351699963,Anderson Lake (2000),Pop_11,B. decurrens,TRUE,TRUE,246,2011-2613-1,29A,United States,Illinois,Fulton,40.2047222,-90.1994444,40.20813714639404,-90.18724497777134,NA,"Anderson Lake, Maternal lines = 30, Seedheads = 61; 2 packets",2/29/24,3/8/24,2000-10-01T00:00:00Z,Smith,-90.1994444,40.2047222,11 - Anderson Lake (2000),Heterozygous Load
Boltonia_247,0.17533985490522996,0.14212498930562228,0.10055161870132016,West Alton (1999),Pop_03,B. decurrens,TRUE,TRUE,247,2011-2635-1,28,United States,Illinois,Alton,NA,NA,38.86501904919102,-90.22302347588696,NA,"West Alton, Maternal lines = 32, Seedheads = 32; 2 packets",2/29/24,3/6/24,1999-11-07T00:00:00Z,Smith,-90.22302347588696,38.86501904919102,3 - West Alton (1999),Heterozygous Load
Boltonia_248,0.16482119055580938,0.13701472204489665,0.09961503763540827,West Alton (1999),Pop_03,B. decurrens,TRUE,TRUE,248,2011-2635-1,26,United States,Illinois,Alton,NA,NA,38.86501904919102,-90.22302347588696,NA,"West Alton, Maternal lines = 32, Seedheads = 32; 2 packets",2/29/24,3/18/24,1999-11-07T00:00:00Z,Smith,-90.22302347588696,38.86501904919102,3 - West Alton (1999),Heterozygous Load
Boltonia_249,0.1730555777965125,0.13984955478482913,0.09903656109469798,Cooper Park (2000),Pop_13,B. decurrens,TRUE,TRUE,249,2011-2661-1,23A,United States,Illinois,Tazewell,NA,NA,40.69584983597212,-89.54394792156027,NA,"Cooper park South, Maternal lines = 43, Seedheads = 73; 4 packets",3/1/24,3/12/24,2000-10-01T00:00:00Z,Smith,-89.54394792156027,40.69584983597212,13 - Cooper Park (2000),Heterozygous Load
Boltonia_250,0.12764948670487924,0.10521128799794668,0.06939652500878045,Gilbert Lake (1997),Pop_04,B. decurrens,TRUE,TRUE,250,2011-2598-1,S6B,United States,Illinois,Jersey,NA,NA,38.96139842380207,-90.51481032460988,NA,"Gilbert Lake, Maternal lines = 32, Seedheads = 98; 6 packets",2/29/24,3/6/24,1997-11-08T00:00:00Z,Smith,-90.51481032460988,38.96139842380207,4 - Gilbert Lake (1997),Heterozygous Load
Boltonia_251,0.17814849528151558,0.14424741196059204,0.09991116253124806,Smith Lake (1998),Pop_05,B. decurrens,TRUE,TRUE,251,2011-2638-1,17A,United States,Illinois,Scott,39.7852777,-90.5902777,39.78656976625663,-90.58910563509704,Smith Lake,NA,3/1/24,3/8/24,1998-11-11T00:00:00Z,Smith,-90.5902777,39.7852777,5 - Smith Lake (1998),Heterozygous Load
Boltonia_253,0.19254493589109573,0.15501418239014406,0.11119834170058329,Frederick Borrow Pit (1999),Pop_08,B. decurrens,TRUE,TRUE,253,2011-2675-1,25A,United States,Illinois,Schuyler,40.0672223,-90.4275,40.07010712467176,-90.42899627731744,NA,"Frederick Borrow Pit, Maternal lines = 30, Seedheads = 90; 3 packets",2/29/24,3/7/24,1999-10-07T00:00:00Z,Smith,-90.4275,40.0672223,8 - Frederick Borrow Pit (1999),Heterozygous Load
Boltonia_254,0.157611980601699,0.12974583577384516,0.09387847860669793,Smith Lake (1998),Pop_05,B. decurrens,TRUE,TRUE,254,2011-2638-1,20C,United States,Illinois,Scott,39.7852777,-90.5902777,39.78656976625663,-90.58910563509704,Smith Lake,NA,2/29/24,3/7/24,1998-11-11T00:00:00Z,Smith,-90.5902777,39.7852777,5 - Smith Lake (1998),Heterozygous Load
Boltonia_255,0.19685601832445526,0.15860584801479444,0.11270651268172083,Fairmont City (1997),Pop_01,B. decurrens,TRUE,TRUE,255,2011-2599-1,27,United States,Illinois,Saint Clair,38.6494444,-90.1161111,38.6515072789885,-90.10298738781108,NA,"Fairmont City, Maternal lines = 28, Seedheads = 28; 2 packets",3/1/24,3/7/24,1997-12-05T00:00:00Z,Smith,-90.1161111,38.6494444,1 - Fairmont City (1997),Heterozygous Load
Boltonia_256,0.14973711188875963,0.1229359851002639,0.0887686024970904,Smith Lake (1998),Pop_05,B. decurrens,TRUE,TRUE,256,2011-2638-1,20C,United States,Illinois,Scott,39.7852777,-90.5902777,39.78656976625663,-90.58910563509704,Smith Lake,NA,2/29/24,3/10/24,1998-11-11T00:00:00Z,Smith,-90.5902777,39.7852777,5 - Smith Lake (1998),Heterozygous Load
Boltonia_257,0.16409901360047602,0.133785019973807,0.09429167613577671,Woodford County (1999),Pop_15,B. decurrens,TRUE,TRUE,257,2011-2650-1,1A,United States,Illinois,Woodford,40.8852777,-89.4583333,40.84668797480775,-89.0297386240063,NA,"Woodford County, Maternal lines = 30, Seedheads = 90; 6 packets",2/29/24,3/10/24,1999-11-11T00:00:00Z,Smith,-89.4583333,40.8852777,15 - Woodford County (1999),Heterozygous Load
Boltonia_258,0.1746365173487314,0.14225825770488781,0.09916740697890626,Hennepin Bridge (1999),Pop_17,B. decurrens,TRUE,TRUE,258,2011-2623-1,19A,United States,Illinois,Hennepin,NA,NA,41.34414603458205,-89.55849691836283,NA,"Hennepin Bridge, Maternal lines = 30, Seedheads = 90; 6 packets",2/29/24,3/9/24,1999-11-11T00:00:00Z,Smith,-89.55849691836283,41.34414603458205,17 - Hennepin Bridge (1999),Heterozygous Load
Boltonia_259,0.15454743839124094,0.12595509019473639,0.08467106033372587,Gilbert Lake (1997),Pop_04,B. decurrens,TRUE,TRUE,259,2011-2598-1,S10D,United States,Illinois,Jersey,NA,NA,38.96139842380207,-90.51481032460988,NA,"Gilbert Lake, Maternal lines = 32, Seedheads = 98; 6 packets",2/29/24,3/6/24,1997-11-08T00:00:00Z,Smith,-90.51481032460988,38.96139842380207,4 - Gilbert Lake (1997),Heterozygous Load
Boltonia_260,0.18881002507209996,0.1529213749350111,0.10602648596161394,Beardstown (1997),Pop_07,B. decurrens,TRUE,TRUE,260,2011-2636-1,19,United States,Illinois,Cass,40.010555600000004,-90.4458333,40.0178975293398,-90.42445029519196,NA,"Beardstown, Maternal lines = 52, Seedheads = 53; 3 packets",2/29/24,3/7/24,1997-11-21T00:00:00Z,Smith,-90.4458333,40.010555600000004,7 - Beardstown (1997),Heterozygous Load
Boltonia_261,0.17708092934754452,0.1435942322753029,0.10309967013063928,West Alton (1999),Pop_03,B. decurrens,TRUE,TRUE,261,2011-2635-1,13,United States,Illinois,Alton,NA,NA,38.86501904919102,-90.22302347588696,NA,"West Alton, Maternal lines = 32, Seedheads = 32; 2 packets",3/1/24,3/9/24,1999-11-07T00:00:00Z,Smith,-90.22302347588696,38.86501904919102,3 - West Alton (1999),Heterozygous Load
Boltonia_262,0.1823795102698273,0.14675318692456021,0.10561328843253517,Fairmont City (1997),Pop_01,B. decurrens,TRUE,TRUE,262,2011-2599-1,11,United States,Illinois,Saint Clair,38.6494444,-90.1161111,38.6515072789885,-90.10298738781108,NA,"Fairmont City, Maternal lines = 28, Seedheads = 28; 2 packets",2/29/24,3/6/24,1997-12-05T00:00:00Z,Smith,-90.1161111,38.6494444,1 - Fairmont City (1997),Heterozygous Load
Boltonia_263,0.1736223297114589,0.14021645420502932,0.097459523858714,McClugage Bridge (1999),Pop_14,B. decurrens,TRUE,TRUE,263,2011-2618-1,20C,United States,Illinois,Peoria,40.7222223,-89.5519444,40.69352232924267,-89.59142458669179,NA,"McClugage Bridge, Maternal lines = 30, Seedheads = 90; 4 packets",2/29/24,3/6/24,1999-11-11T00:00:00Z,Smith,-89.5519444,40.7222223,14 - McClugage Bridge (1999),Heterozygous Load
Boltonia_264,0.15385195058425685,0.12469808949055275,0.08185443051050555,Gilbert Lake (1997),Pop_04,B. decurrens,TRUE,TRUE,264,2011-2598-1,S15B,United States,Illinois,Jersey,NA,NA,38.96139842380207,-90.51481032460988,NA,"Gilbert Lake, Maternal lines = 32, Seedheads = 98; 6 packets",2/29/24,3/9/24,1997-11-08T00:00:00Z,Smith,-90.51481032460988,38.96139842380207,4 - Gilbert Lake (1997),Heterozygous Load
Boltonia_265,0.17465692669746907,0.14110655548901277,0.09673642818282613,Frederick Borrow Pit (1999),Pop_08,B. decurrens,TRUE,TRUE,265,2011-2675-1,12B,United States,Illinois,Schuyler,40.0672223,-90.4275,40.07010712467176,-90.42899627731744,NA,"Frederick Borrow Pit, Maternal lines = 30, Seedheads = 90; 3 packets",3/1/24,3/12/24,1999-10-07T00:00:00Z,Smith,-90.4275,40.0672223,8 - Frederick Borrow Pit (1999),Heterozygous Load
Boltonia_267,0.159965335506144,0.1303677549704177,0.08745325702952296,Gilbert Lake (1997),Pop_04,B. decurrens,TRUE,TRUE,267,2011-2598-1,S11C,United States,Illinois,Jersey,NA,NA,38.96139842380207,-90.51481032460988,NA,"Gilbert Lake, Maternal lines = 32, Seedheads = 98; 6 packets",2/29/24,3/7/24,1997-11-08T00:00:00Z,Smith,-90.51481032460988,38.96139842380207,4 - Gilbert Lake (1997),Heterozygous Load
Boltonia_268,0.15274670585261624,0.1266905343240166,0.0894228319181318,Sparland (1999),Pop_16,B. decurrens,TRUE,TRUE,268,2011-2629-1,9A,United States,Illinois,Marshal,41.045,-89.4311111,41.02868892611459,-89.43846248262098,NA,"Sparland, Maternal lines = 30, Seedheads = 90; 3 packets",2/29/24,3/9/24,1999-11-11T00:00:00Z,Smith,-89.4311111,41.045,16 - Sparland (1999),Heterozygous Load
Boltonia_269,0.18051283983528085,0.1469736556344563,0.10227327507248174,Woodford County (1999),Pop_15,B. decurrens,TRUE,TRUE,269,2011-2650-1,27B,United States,Illinois,Woodford,40.8852777,-89.4583333,40.84668797480775,-89.0297386240063,NA,"Woodford County, Maternal lines = 30, Seedheads = 90; 6 packets",2/29/24,3/6/24,1999-11-11T00:00:00Z,Smith,-89.4583333,40.8852777,15 - Woodford County (1999),Heterozygous Load
Boltonia_270,0.1819210848981809,0.14659359390321752,0.10206667630794235,Rice Lake (1999),Pop_12,B. decurrens,TRUE,TRUE,270,2011-2666-1,28A,United States,Illinois,Fulton,40.4925,-89.9022222,40.46699902833787,-89.9485498557629,NA,"Rice Lake, Maternal lines = 30, Seedheads = 90; 3 packets",2/29/24,3/7/24,1999-10-14T00:00:00Z,Smith,-89.9022222,40.4925,12 - Rice Lake (1999),Heterozygous Load
Boltonia_271,0.15237933757533798,0.12493665637812687,0.0880248469447486,Anderson Lake (2000),Pop_11,B. decurrens,TRUE,TRUE,271,2011-2613-1,1A,United States,Illinois,Fulton,40.2047222,-90.1994444,40.20813714639404,-90.18724497777134,NA,"Anderson Lake, Maternal lines = 30, Seedheads = 61; 2 packets",2/29/24,3/7/24,2000-10-01T00:00:00Z,Smith,-90.1994444,40.2047222,11 - Anderson Lake (2000),Heterozygous Load
Boltonia_272,0.18193835434711278,0.14789172682939672,0.10141244688690094,Frederick Borrow Pit (1999),Pop_08,B. decurrens,TRUE,TRUE,272,2011-2675-1,28C,United States,Illinois,Schuyler,40.0672223,-90.4275,40.07010712467176,-90.42899627731744,NA,"Frederick Borrow Pit, Maternal lines = 30, Seedheads = 90; 3 packets",2/29/24,3/8/24,1999-10-07T00:00:00Z,Smith,-90.4275,40.0672223,8 - Frederick Borrow Pit (1999),Heterozygous Load
Boltonia_273,0.17700557175220538,0.14407959249485025,0.10182564441597973,Meredosia Lake (1999),Pop_06,B. decurrens,TRUE,TRUE,273,2011-2620-1,4C,United States,Illinois,Morgan,39.8672223,-90.5533333,39.87546015928839,-90.55308508241012,NA,"Meredosia Lake, Maternal lines = 30, Seedheads = 90; 5 packets",2/29/24,3/10/24,1999-10-07T00:00:00Z,Smith,-90.5533333,39.8672223,6 - Meredosia Lake (1999),Heterozygous Load
Boltonia_274,0.1383282859443955,0.11441667928054808,0.08168915149887404,Anderson Lake (2000),Pop_11,B. decurrens,TRUE,TRUE,274,2011-2613-1,22A,United States,Illinois,Fulton,40.2047222,-90.1994444,40.20813714639404,-90.18724497777134,NA,"Anderson Lake, Maternal lines = 30, Seedheads = 61; 2 packets",2/29/24,3/8/24,2000-10-01T00:00:00Z,Smith,-90.1994444,40.2047222,11 - Anderson Lake (2000),Heterozygous Load
Boltonia_275,0.1758610782729923,0.14313190610007306,0.10035879318775007,Woodford County (1999),Pop_15,B. decurrens,TRUE,TRUE,275,2011-2650-1,15B,United States,Illinois,Woodford,40.8852777,-89.4583333,40.84668797480775,-89.0297386240063,NA,"Woodford County, Maternal lines = 30, Seedheads = 90; 6 packets",2/29/24,3/7/24,1999-11-11T00:00:00Z,Smith,-89.4583333,40.8852777,15 - Woodford County (1999),Heterozygous Load
Boltonia_276,0.18465907752883606,0.15033333552705183,0.10675646826298646,Cooper Park (2000),Pop_13,B. decurrens,TRUE,TRUE,276,2011-2661-1,4A,United States,Illinois,Tazewell,NA,NA,40.69584983597212,-89.54394792156027,NA,"Cooper park South, Maternal lines = 43, Seedheads = 73; 4 packets",2/29/24,3/7/24,2000-10-01T00:00:00Z,Smith,-89.54394792156027,40.69584983597212,13 - Cooper Park (2000),Heterozygous Load
Boltonia_277,0.13808808360925204,0.11490533007785507,0.08309402309774187,Smith Lake (1998),Pop_05,B. decurrens,TRUE,TRUE,277,2011-2638-1,15C,United States,Illinois,Scott,39.7852777,-90.5902777,39.78656976625663,-90.58910563509704,Smith Lake,NA,2/29/24,3/7/24,1998-11-11T00:00:00Z,Smith,-90.5902777,39.7852777,5 - Smith Lake (1998),Heterozygous Load
Boltonia_278,0.1556809422211337,0.1256803269518062,0.08905784076744555,Smith Lake (1998),Pop_05,B. decurrens,TRUE,TRUE,278,2011-2638-1,18A,United States,Illinois,Scott,39.7852777,-90.5902777,39.78656976625663,-90.58910563509704,Smith Lake,NA,2/29/24,3/7/24,1998-11-11T00:00:00Z,Smith,-90.5902777,39.7852777,5 - Smith Lake (1998),Heterozygous Load
Boltonia_279,0.16386195116513833,0.13259712140257587,0.08900274776356837,Gilbert Lake (1997),Pop_04,B. decurrens,TRUE,TRUE,279,2011-2598-1,S11C,United States,Illinois,Jersey,NA,NA,38.96139842380207,-90.51481032460988,NA,"Gilbert Lake, Maternal lines = 32, Seedheads = 98; 6 packets",2/29/24,3/7/24,1997-11-08T00:00:00Z,Smith,-90.51481032460988,38.96139842380207,4 - Gilbert Lake (1997),Heterozygous Load
Boltonia_280,0.15215954458893216,0.12299850607769712,0.08666129509878864,Hennepin Bridge (1999),Pop_17,B. decurrens,TRUE,TRUE,280,2011-2623-1,30C,United States,Illinois,Hennepin,NA,NA,41.34414603458205,-89.55849691836283,NA,"Hennepin Bridge, Maternal lines = 30, Seedheads = 90; 6 packets",2/29/24,3/7/24,1999-11-11T00:00:00Z,Smith,-89.55849691836283,41.34414603458205,17 - Hennepin Bridge (1999),Heterozygous Load
Boltonia_281,0.1728420646097183,0.1415688816642426,0.1013298073810852,West Alton (1999),Pop_03,B. decurrens,TRUE,TRUE,281,2011-2635-1,17,United States,Illinois,Alton,NA,NA,38.86501904919102,-90.22302347588696,NA,"West Alton, Maternal lines = 32, Seedheads = 32; 2 packets",2/29/24,3/13/24,1999-11-07T00:00:00Z,Smith,-90.22302347588696,38.86501904919102,3 - West Alton (1999),Heterozygous Load
Boltonia_282,0.16794068101286888,0.1364849390255941,0.09538664958783546,Hennepin Bridge (1999),Pop_17,B. decurrens,TRUE,TRUE,282,2011-2623-1,4A,United States,Illinois,Hennepin,NA,NA,41.34414603458205,-89.55849691836283,NA,"Hennepin Bridge, Maternal lines = 30, Seedheads = 90; 6 packets",2/29/24,3/8/24,1999-11-11T00:00:00Z,Smith,-89.55849691836283,41.34414603458205,17 - Hennepin Bridge (1999),Heterozygous Load
Boltonia_283,0.19321844439943922,0.15533665901058907,0.11151512647287702,Fairmont City (1997),Pop_01,B. decurrens,TRUE,TRUE,283,2011-2599-1,9,United States,Illinois,Saint Clair,38.6494444,-90.1161111,38.6515072789885,-90.10298738781108,NA,"Fairmont City, Maternal lines = 28, Seedheads = 28; 2 packets",2/29/24,3/10/24,1997-12-05T00:00:00Z,Smith,-90.1161111,38.6494444,1 - Fairmont City (1997),Heterozygous Load
Boltonia_284,0.17555964789163578,0.14232735983784034,0.1009579296049143,Smith Lake (1998),Pop_05,B. decurrens,TRUE,TRUE,284,2011-2638-1,24B,United States,Illinois,Scott,39.7852777,-90.5902777,39.78656976625663,-90.58910563509704,Smith Lake,NA,2/29/24,3/9/24,1998-11-11T00:00:00Z,Smith,-90.5902777,39.7852777,5 - Smith Lake (1998),Heterozygous Load
Boltonia_285,0.17708249929744743,0.14425563840499114,0.10088217672458319,Frederick Borrow Pit (1999),Pop_08,B. decurrens,TRUE,TRUE,285,2011-2675-1,9B,United States,Illinois,Schuyler,40.0672223,-90.4275,40.07010712467176,-90.42899627731744,NA,"Frederick Borrow Pit, Maternal lines = 30, Seedheads = 90; 3 packets",3/1/24,3/8/24,1999-10-07T00:00:00Z,Smith,-90.4275,40.0672223,8 - Frederick Borrow Pit (1999),Heterozygous Load
Boltonia_286,0.18134020343410842,0.14781604354092492,0.10236280120378213,Smith Lake (1998),Pop_05,B. decurrens,TRUE,TRUE,286,2011-2638-1,1C,United States,Illinois,Scott,39.7852777,-90.5902777,39.78656976625663,-90.58910563509704,Smith Lake,NA,3/1/24,3/7/24,1998-11-11T00:00:00Z,Smith,-90.5902777,39.7852777,5 - Smith Lake (1998),Heterozygous Load
Boltonia_287,0.17660837442677205,0.14480022902421208,0.09978031664703979,Frederick Borrow Pit (1999),Pop_08,B. decurrens,TRUE,TRUE,287,2011-2675-1,23A,United States,Illinois,Schuyler,40.0672223,-90.4275,40.07010712467176,-90.42899627731744,NA,"Frederick Borrow Pit, Maternal lines = 30, Seedheads = 90; 3 packets",2/29/24,3/9/24,1999-10-07T00:00:00Z,Smith,-90.4275,40.0672223,8 - Frederick Borrow Pit (1999),Heterozygous Load
Boltonia_288,0.15204179834621478,0.12593534672817852,0.08539415600961373,Gilbert Lake (1997),Pop_04,B. decurrens,TRUE,TRUE,288,2011-2598-1,L12A,United States,Illinois,Jersey,NA,NA,38.96139842380207,-90.51481032460988,NA,"Gilbert Lake, Maternal lines = 32, Seedheads = 98; 6 packets",2/28/24,3/5/24,1997-11-08T00:00:00Z,Smith,-90.51481032460988,38.96139842380207,4 - Gilbert Lake (1997),Heterozygous Load
Boltonia_289,0.1439267272981319,0.11873391730119974,0.08400305766171519,Anderson Lake (1997),Pop_10,B. decurrens,TRUE,TRUE,289,2011-2664-1,8,United States,Illinois,Fulton,40.2047222,-90.1994444,40.20744447961278,-90.1871999885973,NA,"Anderson Lake, Maternal lines = 31, Seedheads = 31",2/29/24,3/7/24,1997-11-21T00:00:00Z,Smith,-90.1994444,40.2047222,10 - Anderson Lake (1997),Heterozygous Load
Boltonia_290,0.1746412271984401,0.14251163219238033,0.09885750883209718,Woodford County (1999),Pop_15,B. decurrens,TRUE,TRUE,290,2011-2650-1,11B,United States,Illinois,Woodford,40.8852777,-89.4583333,40.84668797480775,-89.0297386240063,NA,"Woodford County, Maternal lines = 30, Seedheads = 90; 6 packets",2/29/24,3/7/24,1999-11-11T00:00:00Z,Smith,-89.4583333,40.8852777,15 - Woodford County (1999),Heterozygous Load
Boltonia_291,0.16410529340008762,0.1339166430841927,0.09383715885379006,Sparland (1999),Pop_16,B. decurrens,TRUE,TRUE,291,2011-2629-1,9A,United States,Illinois,Marshal,41.045,-89.4311111,41.02868892611459,-89.43846248262098,NA,"Sparland, Maternal lines = 30, Seedheads = 90; 3 packets",2/29/24,3/8/24,1999-11-11T00:00:00Z,Smith,-89.4311111,41.045,16 - Sparland (1999),Heterozygous Load
Boltonia_292,0.17751580547064744,0.14140928864289992,0.0981895061600865,Cooper Park (2000),Pop_13,B. decurrens,TRUE,TRUE,292,2011-2661-1,18B,United States,Illinois,Tazewell,NA,NA,40.69584983597212,-89.54394792156027,NA,"Cooper park South, Maternal lines = 43, Seedheads = 73; 4 packets",2/29/24,3/9/24,2000-10-01T00:00:00Z,Smith,-89.54394792156027,40.69584983597212,13 - Cooper Park (2000),Heterozygous Load
Boltonia_293,0.18474071492378677,0.1510408097453751,0.10488330613116267,Smith Lake (1998),Pop_05,B. decurrens,TRUE,TRUE,293,2011-2638-1,13A,United States,Illinois,Scott,39.7852777,-90.5902777,39.78656976625663,-90.58910563509704,Smith Lake,NA,2/29/24,3/7/24,1998-11-11T00:00:00Z,Smith,-90.5902777,39.7852777,5 - Smith Lake (1998),Heterozygous Load
Boltonia_294,0.1664649281041442,0.1352756516989253,0.09534532983492759,Sparland (1999),Pop_16,B. decurrens,TRUE,TRUE,294,2011-2629-1,6C,United States,Illinois,Marshal,41.045,-89.4311111,41.02868892611459,-89.43846248262098,NA,"Sparland, Maternal lines = 30, Seedheads = 90; 3 packets",2/29/24,3/7/24,1999-11-11T00:00:00Z,Smith,-89.4311111,41.045,16 - Sparland (1999),Heterozygous Load
Boltonia_295,0.1823920698690505,0.14952056282042,0.10599205283419072,Smith Lake (1998),Pop_05,B. decurrens,TRUE,TRUE,295,2011-2638-1,30B,United States,Illinois,Scott,39.7852777,-90.5902777,39.78656976625663,-90.58910563509704,Smith Lake,NA,2/29/24,3/9/24,1998-11-11T00:00:00Z,Smith,-90.5902777,39.7852777,5 - Smith Lake (1998),Heterozygous Load
Boltonia_296,0.18581142075756363,0.1510556173452935,0.10633638410842303,Cooper Park (2000),Pop_13,B. decurrens,TRUE,TRUE,296,2011-2661-1,13A,United States,Illinois,Tazewell,NA,NA,40.69584983597212,-89.54394792156027,NA,"Cooper park South, Maternal lines = 43, Seedheads = 73; 4 packets",3/1/24,3/8/24,2000-10-01T00:00:00Z,Smith,-89.54394792156027,40.69584983597212,13 - Cooper Park (2000),Heterozygous Load
Boltonia_298,0.1797090254849968,0.14367320614153434,0.10183253104146438,West Alton (1999),Pop_03,B. decurrens,TRUE,TRUE,298,2011-2635-1,15,United States,Illinois,Alton,NA,NA,38.86501904919102,-90.22302347588696,NA,"West Alton, Maternal lines = 32, Seedheads = 32; 2 packets",2/29/24,3/7/24,1999-11-07T00:00:00Z,Smith,-90.22302347588696,38.86501904919102,3 - West Alton (1999),Heterozygous Load
Boltonia_299,0.16237049875738466,0.1316444991411592,0.09057289837406772,Sparland (1999),Pop_16,B. decurrens,TRUE,TRUE,299,2011-2629-1,5A,United States,Illinois,Marshal,41.045,-89.4311111,41.02868892611459,-89.43846248262098,NA,"Sparland, Maternal lines = 30, Seedheads = 90; 3 packets",2/29/24,3/10/24,1999-11-11T00:00:00Z,Smith,-89.4311111,41.045,16 - Sparland (1999),Heterozygous Load
Boltonia_301,0.1863122347765883,0.15011286681715574,0.10411889070236693,Cooper Park (2000),Pop_13,B. decurrens,TRUE,TRUE,301,2011-2661-1,23A,United States,Illinois,Tazewell,NA,NA,40.69584983597212,-89.54394792156027,NA,"Cooper park South, Maternal lines = 43, Seedheads = 73; 4 packets",3/1/24,3/12/24,2000-10-01T00:00:00Z,Smith,-89.54394792156027,40.69584983597212,13 - Cooper Park (2000),Heterozygous Load
Boltonia_302,0.14894114728799004,0.12296889087786034,0.08634451032649491,Frederick Landing (2011),Pop_09,B. decurrens,TRUE,TRUE,302,2011-2659-1,1B,United States,Illinois,Frederick,NA,NA,40.07116308939078,-90.429571958886,NA,"Frederick Landing, Maternal lines = 15, Seedheads = 44; 2 packets",2/29/24,3/8/24,2011-12-01T00:00:00Z,Smith,-90.429571958886,40.07116308939078,9 - Frederick Landing (2011),Heterozygous Load
Boltonia_303,0.18386625282787225,0.1493988114433132,0.10524141065636428,Horseshoe Lake (2000),Pop_02,B. decurrens,TRUE,TRUE,303,2011-2609-1,X2,United States,Illinois,Madison,38.6891666,-90.0972222,38.69652811427051,-90.085926104309,NA,"Horseshoe Lake, Maternal lines = 30, Seedheads = 90; 3 packets",2/29/24,3/8/24,2000-11-01T00:00:00Z,Smith,-90.0972222,38.6891666,2 - Horseshoe Lake (2000),Heterozygous Load
Boltonia_304,0.18369826818826213,0.14867652962507158,0.10267269935059121,Woodford County (1999),Pop_15,B. decurrens,TRUE,TRUE,304,2011-2650-1,17A,United States,Illinois,Woodford,40.8852777,-89.4583333,40.84668797480775,-89.0297386240063,NA,"Woodford County, Maternal lines = 30, Seedheads = 90; 6 packets",3/1/24,3/12/24,1999-11-11T00:00:00Z,Smith,-89.4583333,40.8852777,15 - Woodford County (1999),Heterozygous Load
Boltonia_305,0.18721338602085208,0.1508121145910799,0.106122898718399,Rice Lake (1999),Pop_12,B. decurrens,TRUE,TRUE,305,2011-2666-1,3A,United States,Illinois,Fulton,40.4925,-89.9022222,40.46699902833787,-89.9485498557629,NA,"Rice Lake, Maternal lines = 30, Seedheads = 90; 3 packets",2/28/24,3/10/24,1999-10-14T00:00:00Z,Smith,-89.9022222,40.4925,12 - Rice Lake (1999),Heterozygous Load
Boltonia_306,0.16510849138803982,0.13532665565419977,0.09543485596622799,Anderson Lake (1997),Pop_10,B. decurrens,TRUE,TRUE,306,2011-2664-1,15,United States,Illinois,Fulton,40.2047222,-90.1994444,40.20744447961278,-90.1871999885973,NA,"Anderson Lake, Maternal lines = 31, Seedheads = 31",2/29/24,3/9/24,1997-11-21T00:00:00Z,Smith,-90.1994444,40.2047222,10 - Anderson Lake (1997),Heterozygous Load
Boltonia_307,0.18760744344647962,0.15227477640524123,0.10617799172227617,Frederick Landing (2011),Pop_09,B. decurrens,TRUE,TRUE,307,2011-2659-1,13A,United States,Illinois,Frederick,NA,NA,40.07116308939078,-90.429571958886,NA,"Frederick Landing, Maternal lines = 15, Seedheads = 44; 2 packets",2/29/24,3/6/24,2011-12-01T00:00:00Z,Smith,-90.429571958886,40.07116308939078,9 - Frederick Landing (2011),Heterozygous Load
Boltonia_308,0.17880630429083008,0.14533494791015406,0.10391229193782754,West Alton (1999),Pop_03,B. decurrens,TRUE,TRUE,308,2011-2635-1,4,United States,Illinois,Alton,NA,NA,38.86501904919102,-90.22302347588696,NA,"West Alton, Maternal lines = 32, Seedheads = 32; 2 packets",2/29/24,3/6/24,1999-11-07T00:00:00Z,Smith,-90.22302347588696,38.86501904919102,3 - West Alton (1999),Heterozygous Load
Boltonia_309,0.17708720914715612,0.14475087035781742,0.10301703062482354,Cooper Park (2000),Pop_13,B. decurrens,TRUE,TRUE,309,2011-2661-1,2A,United States,Illinois,Tazewell,NA,NA,40.69584983597212,-89.54394792156027,NA,"Cooper park South, Maternal lines = 43, Seedheads = 73; 4 packets",2/29/24,3/6/24,2000-10-01T00:00:00Z,Smith,-89.54394792156027,40.69584983597212,13 - Cooper Park (2000),Heterozygous Load
Boltonia_310,0.14289684016183044,0.11854470908002027,0.0850016183569889,Cooper Park (2000),Pop_13,B. decurrens,TRUE,TRUE,310,2011-2661-1,25A,United States,Illinois,Tazewell,NA,NA,40.69584983597212,-89.54394792156027,NA,"Cooper park South, Maternal lines = 43, Seedheads = 73; 4 packets",3/1/24,3/6/24,2000-10-01T00:00:00Z,Smith,-89.54394792156027,40.69584983597212,13 - Cooper Park (2000),Heterozygous Load
Boltonia_311,0.13872234337002307,0.11573126509552548,0.08144811960691142,Anderson Lake (2000),Pop_11,B. decurrens,TRUE,TRUE,311,2011-2613-1,9A,United States,Illinois,Fulton,40.2047222,-90.1994444,40.20813714639404,-90.18724497777134,NA,"Anderson Lake, Maternal lines = 30, Seedheads = 61; 2 packets",2/29/24,3/7/24,2000-10-01T00:00:00Z,Smith,-90.1994444,40.2047222,11 - Anderson Lake (2000),Heterozygous Load
Boltonia_312,0.14971042274041035,0.12424892562636147,0.08485011259632667,Anderson Lake (2000),Pop_11,B. decurrens,TRUE,TRUE,312,2011-2613-1,16A,United States,Illinois,Fulton,40.2047222,-90.1994444,40.20813714639404,-90.18724497777134,NA,"Anderson Lake, Maternal lines = 30, Seedheads = 61; 2 packets",3/1/24,3/10/24,2000-10-01T00:00:00Z,Smith,-90.1994444,40.2047222,11 - Anderson Lake (2000),Heterozygous Load
Boltonia_313,0.17742631832618222,0.1420114643729146,0.09783828826036954,Rice Lake (1999),Pop_12,B. decurrens,TRUE,TRUE,313,2011-2666-1,11B,United States,Illinois,Fulton,40.4925,-89.9022222,40.46699902833787,-89.9485498557629,NA,"Rice Lake, Maternal lines = 30, Seedheads = 90; 3 packets",2/29/24,3/6/24,1999-10-14T00:00:00Z,Smith,-89.9022222,40.4925,12 - Rice Lake (1999),Heterozygous Load
Boltonia_315,0.18634991357425784,0.15027410512737827,0.10313410325806252,Cooper Park (2000),Pop_13,B. decurrens,TRUE,TRUE,315,2011-2661-1,18B,United States,Illinois,Tazewell,NA,NA,40.69584983597212,-89.54394792156027,NA,"Cooper park South, Maternal lines = 43, Seedheads = 73; 4 packets",2/29/24,3/8/24,2000-10-01T00:00:00Z,Smith,-89.54394792156027,40.69584983597212,13 - Cooper Park (2000),Heterozygous Load
Boltonia_316,0.13826077809857087,0.11414849719313717,0.08170981137532797,Sparland (1999),Pop_16,B. decurrens,TRUE,TRUE,316,2011-2629-1,22B,United States,Illinois,Marshal,41.045,-89.4311111,41.02868892611459,-89.43846248262098,NA,"Sparland, Maternal lines = 30, Seedheads = 90; 3 packets",2/29/24,3/12/24,1999-11-11T00:00:00Z,Smith,-89.4311111,41.045,16 - Sparland (1999),Heterozygous Load
Boltonia_317,0.16907261489285877,0.13735036097638023,0.09627502427535484,McClugage Bridge (1999),Pop_14,B. decurrens,TRUE,TRUE,317,2011-2618-1,30B,United States,Illinois,Peoria,40.7222223,-89.5519444,40.69352232924267,-89.59142458669179,NA,"McClugage Bridge, Maternal lines = 30, Seedheads = 90; 4 packets",2/29/24,3/12/24,1999-11-11T00:00:00Z,Smith,-89.5519444,40.7222223,14 - McClugage Bridge (1999),Heterozygous Load
Boltonia_318,0.18015332130751707,0.14729284167714168,0.10252808021541364,Rice Lake (1999),Pop_12,B. decurrens,TRUE,TRUE,318,2011-2666-1,27A,United States,Illinois,Fulton,40.4925,-89.9022222,40.46699902833787,-89.9485498557629,NA,"Rice Lake, Maternal lines = 30, Seedheads = 90; 3 packets",2/29/24,3/8/24,1999-10-14T00:00:00Z,Smith,-89.9022222,40.4925,12 - Rice Lake (1999),Heterozygous Load
Boltonia_320,0.15842992450110918,0.12801663716115275,0.08380334552266044,Gilbert Lake (1997),Pop_04,B. decurrens,TRUE,TRUE,320,2011-2598-1,S17A,United States,Illinois,Jersey,NA,NA,38.96139842380207,-90.51481032460988,NA,"Gilbert Lake, Maternal lines = 32, Seedheads = 98; 6 packets",2/29/24,3/12/24,1997-11-08T00:00:00Z,Smith,-90.51481032460988,38.96139842380207,4 - Gilbert Lake (1997),Heterozygous Load
Boltonia_321,0.19757505537998282,0.15934622801071413,0.11394610526895715,Fairmont City (1997),Pop_01,B. decurrens,TRUE,TRUE,321,2011-2599-1,16,United States,Illinois,Saint Clair,38.6494444,-90.1161111,38.6515072789885,-90.10298738781108,NA,"Fairmont City, Maternal lines = 28, Seedheads = 28; 2 packets",3/1/24,3/8/24,1997-12-05T00:00:00Z,Smith,-90.1161111,38.6494444,1 - Fairmont City (1997),Heterozygous Load
Boltonia_322,0.1862682761793071,0.15060151761446275,0.1041739837062441,Rice Lake (1999),Pop_12,B. decurrens,TRUE,TRUE,322,2011-2666-1,19C,United States,Illinois,Fulton,40.4925,-89.9022222,40.46699902833787,-89.9485498557629,NA,"Rice Lake, Maternal lines = 30, Seedheads = 90; 3 packets",2/29/24,3/9/24,1999-10-14T00:00:00Z,Smith,-89.9022222,40.4925,12 - Rice Lake (1999),Heterozygous Load
Boltonia_323,0.18021925920343881,0.14583017986298033,0.10020040080160321,Frederick Borrow Pit (1999),Pop_08,B. decurrens,TRUE,TRUE,323,2011-2675-1,12B,United States,Illinois,Schuyler,40.0672223,-90.4275,40.07010712467176,-90.42899627731744,NA,"Frederick Borrow Pit, Maternal lines = 30, Seedheads = 90; 3 packets",3/1/24,3/8/24,1999-10-07T00:00:00Z,Smith,-90.4275,40.0672223,8 - Frederick Borrow Pit (1999),Heterozygous Load
Boltonia_324,0.1721764058508893,0.1416215309083969,0.10092349647749106,Horseshoe Lake (2000),Pop_02,B. decurrens,TRUE,TRUE,324,2011-2609-1,5C,United States,Illinois,Madison,38.6891666,-90.0972222,38.69652811427051,-90.085926104309,NA,"Horseshoe Lake, Maternal lines = 30, Seedheads = 90; 3 packets",2/29/24,3/7/24,2000-11-01T00:00:00Z,Smith,-90.0972222,38.6891666,2 - Horseshoe Lake (2000),Heterozygous Load
Boltonia_325,0.17142596979730376,0.1392062468328189,0.09658492242216392,Woodford County (1999),Pop_15,B. decurrens,TRUE,TRUE,325,2011-2650-1,21A,United States,Illinois,Woodford,40.8852777,-89.4583333,40.84668797480775,-89.0297386240063,NA,"Woodford County, Maternal lines = 30, Seedheads = 90; 6 packets",2/29/24,3/7/24,1999-11-11T00:00:00Z,Smith,-89.4583333,40.8852777,15 - Woodford County (1999),Heterozygous Load
Boltonia_326,0.17966663683761852,0.1476005106976683,0.10539980304251113,Horseshoe Lake (2000),Pop_02,B. decurrens,TRUE,TRUE,326,2011-2609-1,7C,United States,Illinois,Madison,38.6891666,-90.0972222,38.69652811427051,-90.085926104309,NA,"Horseshoe Lake, Maternal lines = 30, Seedheads = 90; 3 packets",2/29/24,3/8/24,2000-11-01T00:00:00Z,Smith,-90.0972222,38.6891666,2 - Horseshoe Lake (2000),Heterozygous Load
Boltonia_327,0.16672867968783117,0.13578733654054978,0.09492524568036416,Smith Lake (1998),Pop_05,B. decurrens,TRUE,TRUE,327,2011-2638-1,8B,United States,Illinois,Scott,39.7852777,-90.5902777,39.78656976625663,-90.58910563509704,Smith Lake,NA,2/29/24,3/6/24,1998-11-11T00:00:00Z,Smith,-90.5902777,39.7852777,5 - Smith Lake (1998),Heterozygous Load
Boltonia_329,0.1787937446916069,0.14577094946330676,0.10209422280988092,Sparland (1999),Pop_16,B. decurrens,TRUE,TRUE,329,2011-2629-1,28C,United States,Illinois,Marshal,41.045,-89.4311111,41.02868892611459,-89.43846248262098,NA,"Sparland, Maternal lines = 30, Seedheads = 90; 3 packets",2/29/24,3/7/24,1999-11-11T00:00:00Z,Smith,-89.4311111,41.045,16 - Sparland (1999),Heterozygous Load
Boltonia_330,0.17883142348927647,0.14456659800327742,0.10073755758940561,Woodford County (1999),Pop_15,B. decurrens,TRUE,TRUE,330,2011-2650-1,10C,United States,Illinois,Woodford,40.8852777,-89.4583333,40.84668797480775,-89.0297386240063,NA,"Woodford County, Maternal lines = 30, Seedheads = 90; 6 packets",3/1/24,3/8/24,1999-11-11T00:00:00Z,Smith,-89.4583333,40.8852777,15 - Woodford County (1999),Heterozygous Load
Boltonia_331,0.18902353825889415,0.15354493942046343,0.10748645056435896,Cooper Park (2000),Pop_13,B. decurrens,TRUE,TRUE,331,2011-2661-1,22A,United States,Illinois,Tazewell,NA,NA,40.69584983597212,-89.54394792156027,NA,"Cooper park South, Maternal lines = 43, Seedheads = 73; 4 packets",2/29/24,3/6/24,2000-10-01T00:00:00Z,Smith,-89.54394792156027,40.69584983597212,13 - Cooper Park (2000),Heterozygous Load
Boltonia_332,0.16082566805293244,0.1314454191867008,0.0928179382820624,Hennepin Bridge (1999),Pop_17,B. decurrens,TRUE,TRUE,332,2011-2623-1,30C,United States,Illinois,Hennepin,NA,NA,41.34414603458205,-89.55849691836283,NA,"Hennepin Bridge, Maternal lines = 30, Seedheads = 90; 6 packets",2/29/24,3/6/24,1999-11-11T00:00:00Z,Smith,-89.55849691836283,41.34414603458205,17 - Hennepin Bridge (1999),Heterozygous Load
Boltonia_334,0.18458685983330272,0.14997630784013058,0.10346466128132553,Rice Lake (1999),Pop_12,B. decurrens,TRUE,TRUE,334,2011-2666-1,6B,United States,Illinois,Fulton,40.4925,-89.9022222,40.46699902833787,-89.9485498557629,NA,"Rice Lake, Maternal lines = 30, Seedheads = 90; 3 packets",2/29/24,3/10/24,1999-10-14T00:00:00Z,Smith,-89.9022222,40.4925,12 - Rice Lake (1999),Heterozygous Load
Boltonia_335,0.1620894777247658,0.13170702011859242,0.08472615333760304,Gilbert Lake (1997),Pop_04,B. decurrens,TRUE,TRUE,335,2011-2598-1,S6B,United States,Illinois,Jersey,NA,NA,38.96139842380207,-90.51481032460988,NA,"Gilbert Lake, Maternal lines = 32, Seedheads = 98; 6 packets",2/29/24,3/25/24,1997-11-08T00:00:00Z,Smith,-90.51481032460988,38.96139842380207,4 - Gilbert Lake (1997),Heterozygous Load
Boltonia_336,0.18619448853387088,0.15185522774088675,0.10586120694998244,Smith Lake (1998),Pop_05,B. decurrens,TRUE,TRUE,336,2011-2638-1,4B,United States,Illinois,Scott,39.7852777,-90.5902777,39.78656976625663,-90.58910563509704,Smith Lake,NA,3/1/24,3/7/24,1998-11-11T00:00:00Z,Smith,-90.5902777,39.7852777,5 - Smith Lake (1998),Heterozygous Load
Boltonia_337,0.1097834568098932,0.09377653028318712,0.06676583407364557,Anderson Lake (2000),Pop_11,B. decurrens,TRUE,TRUE,337,2011-2613-1,22A,United States,Illinois,Fulton,40.2047222,-90.1994444,40.20813714639404,-90.18724497777134,NA,"Anderson Lake, Maternal lines = 30, Seedheads = 61; 2 packets",2/29/24,3/7/24,2000-10-01T00:00:00Z,Smith,-90.1994444,40.2047222,11 - Anderson Lake (2000),Heterozygous Load
Boltonia_338,0.1791359937704388,0.1458729573738557,0.10193583042373407,Woodford County (1999),Pop_15,B. decurrens,TRUE,TRUE,338,2011-2650-1,13C,United States,Illinois,Woodford,40.8852777,-89.4583333,40.84668797480775,-89.0297386240063,NA,"Woodford County, Maternal lines = 30, Seedheads = 90; 6 packets",3/1/24,3/12/24,1999-11-11T00:00:00Z,Smith,-89.4583333,40.8852777,15 - Woodford County (1999),Heterozygous Load
Boltonia_339,0.15236363807630898,0.1243805487367472,0.0874739169059769,Anderson Lake (2000),Pop_11,B. decurrens,TRUE,TRUE,339,2011-2613-1,3A,United States,Illinois,Fulton,40.2047222,-90.1994444,40.20813714639404,-90.18724497777134,NA,"Anderson Lake, Maternal lines = 30, Seedheads = 61; 2 packets",3/1/24,3/10/24,2000-10-01T00:00:00Z,Smith,-90.1994444,40.2047222,11 - Anderson Lake (2000),Heterozygous Load
Boltonia_341,0.16684328603074275,0.13784394764032668,0.09673642818282613,Anderson Lake (1997),Pop_10,B. decurrens,TRUE,TRUE,341,2011-2664-1,30,United States,Illinois,Fulton,40.2047222,-90.1994444,40.20744447961278,-90.1871999885973,NA,"Anderson Lake, Maternal lines = 31, Seedheads = 31",3/1/24,3/14/24,1997-11-21T00:00:00Z,Smith,-90.1994444,40.2047222,10 - Anderson Lake (1997),Heterozygous Load
Boltonia_342,0.17916425286869095,0.14602925981743875,0.10264515284865264,Woodford County (1999),Pop_15,B. decurrens,TRUE,TRUE,342,2011-2650-1,29B,United States,Illinois,Woodford,40.8852777,-89.4583333,40.84668797480775,-89.0297386240063,NA,"Woodford County, Maternal lines = 30, Seedheads = 90; 6 packets",3/1/24,3/10/24,1999-11-11T00:00:00Z,Smith,-89.4583333,40.8852777,15 - Woodford County (1999),Heterozygous Load
Boltonia_343,0.1899874874992739,0.15380983093011472,0.1054686692973576,Smith Lake (1998),Pop_05,B. decurrens,TRUE,TRUE,343,2011-2638-1,11B,United States,Illinois,Scott,39.7852777,-90.5902777,39.78656976625663,-90.58910563509704,Smith Lake,NA,2/29/24,3/6/24,1998-11-11T00:00:00Z,Smith,-90.5902777,39.7852777,5 - Smith Lake (1998),Heterozygous Load
Boltonia_344,0.17717512634171845,0.14540405004310658,0.10322362938936291,Sparland (1999),Pop_16,B. decurrens,TRUE,TRUE,344,2011-2629-1,5A,United States,Illinois,Marshal,41.045,-89.4311111,41.02868892611459,-89.43846248262098,NA,"Sparland, Maternal lines = 30, Seedheads = 90; 3 packets",2/29/24,3/8/24,1999-11-11T00:00:00Z,Smith,-89.4311111,41.045,16 - Sparland (1999),Heterozygous Load
Boltonia_345,0.157038948887141,0.13088437567868166,0.09301765042111715,Hennepin Bridge (1999),Pop_17,B. decurrens,TRUE,TRUE,345,2011-2623-1,6B,United States,Illinois,Hennepin,NA,NA,41.34414603458205,-89.55849691836283,NA,"Hennepin Bridge, Maternal lines = 30, Seedheads = 90; 6 packets",3/1/24,3/10/24,1999-11-11T00:00:00Z,Smith,-89.55849691836283,41.34414603458205,17 - Hennepin Bridge (1999),Heterozygous Load
Boltonia_349,0.1626326803911687,0.13471625347978597,0.09657114917119462,Smith Lake (1998),Pop_05,B. decurrens,TRUE,TRUE,349,2011-2638-1,12C,United States,Illinois,Scott,39.7852777,-90.5902777,39.78656976625663,-90.58910563509704,Smith Lake,NA,2/29/24,3/15/24,1998-11-11T00:00:00Z,Smith,-90.5902777,39.7852777,5 - Smith Lake (1998),Heterozygous Load
Boltonia_350,0.16851685262723268,0.13698181626730022,0.09436054239062316,Anderson Lake (1997),Pop_10,B. decurrens,TRUE,TRUE,350,2011-2664-1,28,United States,Illinois,Fulton,40.2047222,-90.1994444,40.20744447961278,-90.1871999885973,NA,"Anderson Lake, Maternal lines = 31, Seedheads = 31",2/29/24,3/14/24,1997-11-21T00:00:00Z,Smith,-90.1994444,40.2047222,10 - Anderson Lake (1997),Heterozygous Load
Boltonia_351,0.17443713371106329,0.14266464405820373,0.10016596767417997,Smith Lake (1998),Pop_05,B. decurrens,TRUE,TRUE,351,2011-2638-1,11B,United States,Illinois,Scott,39.7852777,-90.5902777,39.78656976625663,-90.58910563509704,Smith Lake,NA,2/29/24,3/6/24,1998-11-11T00:00:00Z,Smith,-90.5902777,39.7852777,5 - Smith Lake (1998),Heterozygous Load
Boltonia_352,0.17774187825666482,0.14453204693680116,0.10258317321929082,McClugage Bridge (1999),Pop_14,B. decurrens,TRUE,TRUE,352,2011-2618-1,7B,United States,Illinois,Peoria,40.7222223,-89.5519444,40.69352232924267,-89.59142458669179,NA,"McClugage Bridge, Maternal lines = 30, Seedheads = 90; 4 packets",2/29/24,3/6/24,1999-11-11T00:00:00Z,Smith,-89.5519444,40.7222223,14 - McClugage Bridge (1999),Heterozygous Load
Boltonia_353,0.17636189229201696,0.14484629711284708,0.10013153454675675,Hennepin Bridge (1999),Pop_17,B. decurrens,TRUE,TRUE,353,2011-2623-1,28C,United States,Illinois,Hennepin,NA,NA,41.34414603458205,-89.55849691836283,NA,"Hennepin Bridge, Maternal lines = 30, Seedheads = 90; 6 packets",2/29/24,3/5/24,1999-11-11T00:00:00Z,Smith,-89.55849691836283,41.34414603458205,17 - Hennepin Bridge (1999),Heterozygous Load
Boltonia_354,0.17619861750211552,0.142348748593278,0.09929825286311454,McClugage Bridge (1999),Pop_14,B. decurrens,TRUE,TRUE,354,2011-2618-1,20C,United States,Illinois,Peoria,40.7222223,-89.5519444,40.69352232924267,-89.59142458669179,NA,"McClugage Bridge, Maternal lines = 30, Seedheads = 90; 4 packets",2/29/24,3/6/24,1999-11-11T00:00:00Z,Smith,-89.5519444,40.7222223,14 - McClugage Bridge (1999),Heterozygous Load
Boltonia_355,0.16139398991778173,0.13467512125779044,0.09593069300112252,Anderson Lake (2000),Pop_11,B. decurrens,TRUE,TRUE,355,2011-2613-1,24A,United States,Illinois,Fulton,40.2047222,-90.1994444,40.20813714639404,-90.18724497777134,NA,"Anderson Lake, Maternal lines = 30, Seedheads = 61; 2 packets",2/28/24,3/13/24,2000-10-01T00:00:00Z,Smith,-90.1994444,40.2047222,11 - Anderson Lake (2000),Heterozygous Load
Boltonia_356,0.18188654600031712,0.14797399127338778,0.1034440014048716,Gilbert Lake (1997),Pop_04,B. decurrens,TRUE,TRUE,356,2011-2598-1,S16A,United States,Illinois,Jersey,NA,NA,38.96139842380207,-90.51481032460988,NA,"Gilbert Lake, Maternal lines = 32, Seedheads = 98; 6 packets",2/29/24,3/9/24,1997-11-08T00:00:00Z,Smith,-90.51481032460988,38.96139842380207,4 - Gilbert Lake (1997),Heterozygous Load
Boltonia_358,0.18635933327367524,0.15183877485208852,0.10517254440151781,Meredosia Lake (1999),Pop_06,B. decurrens,TRUE,TRUE,358,2011-2620-1,13A,United States,Illinois,Morgan,39.8672223,-90.5533333,39.87546015928839,-90.55308508241012,NA,"Meredosia Lake, Maternal lines = 30, Seedheads = 90; 5 packets",3/1/24,3/7/24,1999-10-07T00:00:00Z,Smith,-90.5533333,39.8672223,6 - Meredosia Lake (1999),Heterozygous Load
Boltonia_359,0.17179804792429074,0.1413615752653851,0.10163281890240963,West Alton (1999),Pop_03,B. decurrens,TRUE,TRUE,359,2011-2635-1,4,United States,Illinois,Alton,NA,NA,38.86501904919102,-90.22302347588696,NA,"West Alton, Maternal lines = 32, Seedheads = 32; 2 packets",2/29/24,3/7/24,1999-11-07T00:00:00Z,Smith,-90.22302347588696,38.86501904919102,3 - West Alton (1999),Heterozygous Load
Boltonia_360,0.1714730682943907,0.137361877998539,0.09263199939397695,Gilbert Lake (1997),Pop_04,B. decurrens,TRUE,TRUE,360,2011-2598-1,L13B,United States,Illinois,Jersey,NA,NA,38.96139842380207,-90.51481032460988,NA,"Gilbert Lake, Maternal lines = 32, Seedheads = 98; 6 packets",2/29/24,3/8/24,1997-11-08T00:00:00Z,Smith,-90.51481032460988,38.96139842380207,4 - Gilbert Lake (1997),Heterozygous Load
Boltonia_361,0.16269547838728465,0.1322483201600537,0.08836917821898092,Gilbert Lake (1997),Pop_04,B. decurrens,TRUE,TRUE,361,2011-2598-1,S16A,United States,Illinois,Jersey,NA,NA,38.96139842380207,-90.51481032460988,NA,"Gilbert Lake, Maternal lines = 32, Seedheads = 98; 6 packets",2/29/24,3/7/24,1997-11-08T00:00:00Z,Smith,-90.51481032460988,38.96139842380207,4 - Gilbert Lake (1997),Heterozygous Load
Boltonia_362,0.16492323729949776,0.1360324845836432,0.09551749547204375,Sparland (1999),Pop_16,B. decurrens,TRUE,TRUE,362,2011-2629-1,7C,United States,Illinois,Marshal,41.045,-89.4311111,41.02868892611459,-89.43846248262098,NA,"Sparland, Maternal lines = 30, Seedheads = 90; 3 packets",2/29/24,3/10/24,1999-11-11T00:00:00Z,Smith,-89.4311111,41.045,16 - Sparland (1999),Heterozygous Load
Boltonia_363,0.18455860073505054,0.14868804664723032,0.10427728308851379,Meredosia Lake (1999),Pop_06,B. decurrens,TRUE,TRUE,363,2011-2620-1,10A,United States,Illinois,Morgan,39.8672223,-90.5533333,39.87546015928839,-90.55308508241012,NA,"Meredosia Lake, Maternal lines = 30, Seedheads = 90; 5 packets",2/29/24,3/8/24,1999-10-07T00:00:00Z,Smith,-90.5533333,39.8672223,6 - Meredosia Lake (1999),Heterozygous Load
Boltonia_364,0.18245015801545772,0.1494679135762657,0.10513811127409459,Meredosia Lake (1999),Pop_06,B. decurrens,TRUE,TRUE,364,2011-2620-1,2C,United States,Illinois,Morgan,39.8672223,-90.5533333,39.87546015928839,-90.55308508241012,NA,"Meredosia Lake, Maternal lines = 30, Seedheads = 90; 5 packets",3/1/24,3/10/24,1999-10-07T00:00:00Z,Smith,-90.5533333,39.8672223,6 - Meredosia Lake (1999),Heterozygous Load
Boltonia_365,0.16700656082064422,0.13681564209043823,0.09622681789696232,Hennepin Bridge (1999),Pop_17,B. decurrens,TRUE,TRUE,365,2011-2623-1,18B,United States,Illinois,Hennepin,NA,NA,41.34414603458205,-89.55849691836283,NA,"Hennepin Bridge, Maternal lines = 30, Seedheads = 90; 6 packets",2/29/24,3/7/24,1999-11-11T00:00:00Z,Smith,-89.55849691836283,41.34414603458205,17 - Hennepin Bridge (1999),Heterozygous Load
Boltonia_366,0.15918507040440338,0.13125950154328098,0.09325179568759512,Cooper Park (2000),Pop_13,B. decurrens,TRUE,TRUE,366,2011-2644-1,30,United States,Illinois,Tazewell,NA,NA,40.69971137108869,-89.54002817279506,NA,"Cooper Park, Maternal lines = 13, Seedheads = 47; 3 packets",2/29/24,3/7/24,1995-01-01T00:00:00Z,Smith,-89.54002817279506,40.69971137108869,13 - Cooper Park (2000),Heterozygous Load
Boltonia_367,0.1670238302695761,0.13571494382983765,0.09080015701506106,Gilbert Lake (1997),Pop_04,B. decurrens,TRUE,TRUE,367,2011-2598-1,L14A,United States,Illinois,Jersey,NA,NA,38.96139842380207,-90.51481032460988,NA,"Gilbert Lake, Maternal lines = 32, Seedheads = 98; 6 packets",2/29/24,3/10/24,1997-11-08T00:00:00Z,Smith,-90.51481032460988,38.96139842380207,4 - Gilbert Lake (1997),Heterozygous Load
Boltonia_368,0.1975938947788176,0.16110833240100297,0.1166318892079692,Fairmont City (1997),Pop_01,B. decurrens,TRUE,TRUE,368,2011-2599-1,7,United States,Illinois,Saint Clair,38.6494444,-90.1161111,38.6515072789885,-90.10298738781108,NA,"Fairmont City, Maternal lines = 28, Seedheads = 28; 2 packets",2/29/24,3/6/24,1997-12-05T00:00:00Z,Smith,-90.1161111,38.6494444,1 - Fairmont City (1997),Heterozygous Load
Boltonia_370,0.18167617271332873,0.1491602445557391,0.10489707938213196,Woodford County (1999),Pop_15,B. decurrens,TRUE,TRUE,370,2011-2650-1,11B,United States,Illinois,Woodford,40.8852777,-89.4583333,40.84668797480775,-89.0297386240063,NA,"Woodford County, Maternal lines = 30, Seedheads = 90; 6 packets",3/1/24,3/10/24,1999-11-11T00:00:00Z,Smith,-89.4583333,40.8852777,15 - Woodford County (1999),Heterozygous Load
Boltonia_371,0.1832492625160331,0.14731423043257935,0.10346466128132553,Frederick Landing (2011),Pop_09,B. decurrens,TRUE,TRUE,371,2011-2659-1,10C,United States,Illinois,Frederick,NA,NA,40.07116308939078,-90.429571958886,NA,"Frederick Landing, Maternal lines = 15, Seedheads = 44; 2 packets",2/29/24,3/7/24,2011-12-01T00:00:00Z,Smith,-90.429571958886,40.07116308939078,9 - Frederick Landing (2011),Heterozygous Load
Boltonia_372,0.14268960677464781,0.11845750876938974,0.08463662720630263,Frederick Landing (2011),Pop_09,B. decurrens,TRUE,TRUE,372,2011-2659-1,1B,United States,Illinois,Frederick,NA,NA,40.07116308939078,-90.429571958886,NA,"Frederick Landing, Maternal lines = 15, Seedheads = 44; 2 packets",2/28/24,3/7/24,2011-12-01T00:00:00Z,Smith,-90.429571958886,40.07116308939078,9 - Frederick Landing (2011),Heterozygous Load
Boltonia_373,0.16985758984430807,0.13932635292104587,0.09823082591299437,Smith Lake (1998),Pop_05,B. decurrens,TRUE,TRUE,373,2011-2638-1,28A,United States,Illinois,Scott,39.7852777,-90.5902777,39.78656976625663,-90.58910563509704,Smith Lake,NA,3/1/24,3/7/24,1998-11-11T00:00:00Z,Smith,-90.5902777,39.7852777,5 - Smith Lake (1998),Heterozygous Load
Boltonia_374,0.15742986641296275,0.13035294737049932,0.08954679117685543,Anderson Lake (1997),Pop_10,B. decurrens,TRUE,TRUE,374,2011-2664-1,14,United States,Illinois,Fulton,40.2047222,-90.1994444,40.20744447961278,-90.1871999885973,NA,"Anderson Lake, Maternal lines = 31, Seedheads = 31",2/29/24,3/18/24,1997-11-21T00:00:00Z,Smith,-90.1994444,40.2047222,10 - Anderson Lake (1997),Heterozygous Load
Boltonia_375,0.1733993968252473,0.13955998394198052,0.09686727406703441,Sparland (1999),Pop_16,B. decurrens,TRUE,TRUE,375,2011-2629-1,28C,United States,Illinois,Marshal,41.045,-89.4311111,41.02868892611459,-89.43846248262098,NA,"Sparland, Maternal lines = 30, Seedheads = 90; 3 packets",2/29/24,3/7/24,1999-11-11T00:00:00Z,Smith,-89.4311111,41.045,16 - Sparland (1999),Heterozygous Load
Boltonia_376,0.1806933840741142,0.14730106812154078,0.1022388419450585,Smith Lake (1998),Pop_05,B. decurrens,TRUE,TRUE,376,2011-2638-1,21C,United States,Illinois,Scott,39.7852777,-90.5902777,39.78656976625663,-90.58910563509704,Smith Lake,NA,3/1/24,Unknown,1998-11-11T00:00:00Z,Smith,-90.5902777,39.7852777,5 - Smith Lake (1998),Heterozygous Load
Boltonia_377,0.17365372870951687,0.14069852384681703,0.09786583476230812,Frederick Borrow Pit (1999),Pop_08,B. decurrens,TRUE,TRUE,377,2011-2675-1,5A,United States,Illinois,Schuyler,40.0672223,-90.4275,40.07010712467176,-90.42899627731744,NA,"Frederick Borrow Pit, Maternal lines = 30, Seedheads = 90; 3 packets",2/29/24,3/6/24,1999-10-07T00:00:00Z,Smith,-90.4275,40.0672223,8 - Frederick Borrow Pit (1999),Heterozygous Load
Boltonia_378,0.1654428907173572,0.1342506367267965,0.09367876646764318,Beardstown (1997),Pop_07,B. decurrens,TRUE,TRUE,378,2011-2636-1,18,United States,Illinois,Cass,40.010555600000004,-90.4458333,40.0178975293398,-90.42445029519196,NA,"Beardstown, Maternal lines = 52, Seedheads = 53; 3 packets",2/29/24,3/7/24,1997-11-21T00:00:00Z,Smith,-90.4458333,40.010555600000004,7 - Beardstown (1997),Heterozygous Load
Boltonia_379,0.1856261666690216,0.1496653482418443,0.10468359399210793,Rice Lake (1999),Pop_12,B. decurrens,TRUE,TRUE,379,2011-2666-1,26C,United States,Illinois,Fulton,40.4925,-89.9022222,40.46699902833787,-89.9485498557629,NA,"Rice Lake, Maternal lines = 30, Seedheads = 90; 3 packets",3/1/24,3/10/24,1999-10-14T00:00:00Z,Smith,-89.9022222,40.4925,12 - Rice Lake (1999),Heterozygous Load
Boltonia_380,0.18182845785390989,0.14775516785237153,0.1039949314436433,Meredosia Lake (1999),Pop_06,B. decurrens,TRUE,TRUE,380,2011-2620-1,6A,United States,Illinois,Morgan,39.8672223,-90.5533333,39.87546015928839,-90.55308508241012,NA,"Meredosia Lake, Maternal lines = 30, Seedheads = 90; 5 packets",3/1/24,3/8/24,1999-10-07T00:00:00Z,Smith,-90.5533333,39.8672223,6 - Meredosia Lake (1999),Heterozygous Load
Boltonia_381,0.17333188897942267,0.14078407886856775,0.09767989587422267,Meredosia Lake (1999),Pop_06,B. decurrens,TRUE,TRUE,381,2011-2620-1,10A,United States,Illinois,Morgan,39.8672223,-90.5533333,39.87546015928839,-90.55308508241012,NA,"Meredosia Lake, Maternal lines = 30, Seedheads = 90; 5 packets",2/29/24,3/9/24,1999-10-07T00:00:00Z,Smith,-90.5533333,39.8672223,6 - Meredosia Lake (1999),Heterozygous Load
Boltonia_382,0.18443614464262445,0.14863868798083568,0.10188762404534155,Smith Lake (1998),Pop_05,B. decurrens,TRUE,TRUE,382,2011-2638-1,4B,United States,Illinois,Scott,39.7852777,-90.5902777,39.78656976625663,-90.58910563509704,Smith Lake,NA,2/29/24,3/9/24,1998-11-11T00:00:00Z,Smith,-90.5902777,39.7852777,5 - Smith Lake (1998),Heterozygous Load
Boltonia_383,0.1717415297277864,0.140588289491869,0.09846497117947235,McClugage Bridge (1999),Pop_14,B. decurrens,TRUE,TRUE,383,2011-2618-1,24B,United States,Illinois,Peoria,40.7222223,-89.5519444,40.69352232924267,-89.59142458669179,NA,"McClugage Bridge, Maternal lines = 30, Seedheads = 90; 4 packets",2/29/24,3/12/24,1999-11-11T00:00:00Z,Smith,-89.5519444,40.7222223,14 - McClugage Bridge (1999),Heterozygous Load
Boltonia_384,0.17086549768196896,0.13842308932602387,0.09141995330867922,Gilbert Lake (1997),Pop_04,B. decurrens,TRUE,TRUE,384,2011-2598-1,S25D,United States,Illinois,Jersey,NA,NA,38.96139842380207,-90.51481032460988,NA,"Gilbert Lake, Maternal lines = 32, Seedheads = 98; 6 packets",2/29/24,3/7/24,1997-11-08T00:00:00Z,Smith,-90.51481032460988,38.96139842380207,4 - Gilbert Lake (1997),Heterozygous Load
Boltonia_385,0.18523367919329695,0.15026423339409933,0.10374701292619604,Smith Lake (1998),Pop_05,B. decurrens,TRUE,TRUE,385,2011-2638-1,3A,United States,Illinois,Scott,39.7852777,-90.5902777,39.78656976625663,-90.58910563509704,Smith Lake,NA,3/1/24,3/8/24,1998-11-11T00:00:00Z,Smith,-90.5902777,39.7852777,5 - Smith Lake (1998),Heterozygous Load
Boltonia_386,0.18264954165312586,0.1489990062455166,0.10548932917381154,Hennepin Bridge (1999),Pop_17,B. decurrens,TRUE,TRUE,386,2011-2623-1,1B,United States,Illinois,Hennepin,NA,NA,41.34414603458205,-89.55849691836283,NA,"Hennepin Bridge, Maternal lines = 30, Seedheads = 90; 6 packets",2/29/24,3/8/24,1999-11-11T00:00:00Z,Smith,-89.55849691836283,41.34414603458205,17 - Hennepin Bridge (1999),Heterozygous Load
Boltonia_387,0.18137788223177798,0.14738991372105115,0.10273467897995303,Frederick Landing (2011),Pop_09,B. decurrens,TRUE,TRUE,387,2011-2659-1,12B,United States,Illinois,Frederick,NA,NA,40.07116308939078,-90.429571958886,NA,"Frederick Landing, Maternal lines = 15, Seedheads = 44; 2 packets",2/29/24,3/6/24,2011-12-01T00:00:00Z,Smith,-90.429571958886,40.07116308939078,9 - Frederick Landing (2011),Heterozygous Load
Boltonia_388,0.16438003463309486,0.1361312019164325,0.09316915618177937,Anderson Lake (1997),Pop_10,B. decurrens,TRUE,TRUE,388,2011-2664-1,14,United States,Illinois,Fulton,40.2047222,-90.1994444,40.20744447961278,-90.1871999885973,NA,"Anderson Lake, Maternal lines = 31, Seedheads = 31",3/1/24,3/10/24,1997-11-21T00:00:00Z,Smith,-90.1994444,40.2047222,10 - Anderson Lake (1997),Heterozygous Load
Boltonia_389,0.1674681260920964,0.1362545985824191,0.09536598971138152,McClugage Bridge (1999),Pop_14,B. decurrens,TRUE,TRUE,389,2011-2618-1,5A,United States,Illinois,Peoria,40.7222223,-89.5519444,40.69352232924267,-89.59142458669179,NA,"McClugage Bridge, Maternal lines = 30, Seedheads = 90; 4 packets",2/29/24,3/7/24,1999-11-11T00:00:00Z,Smith,-89.5519444,40.7222223,14 - McClugage Bridge (1999),Heterozygous Load
Boltonia_390,0.12875002158681118,0.10832581984744881,0.07702001942028387,Anderson Lake (1997),Pop_10,B. decurrens,TRUE,TRUE,390,2011-2664-1,8,United States,Illinois,Fulton,40.2047222,-90.1994444,40.20744447961278,-90.1871999885973,NA,"Anderson Lake, Maternal lines = 31, Seedheads = 31",2/29/24,3/8/24,1997-11-21T00:00:00Z,Smith,-90.1994444,40.2047222,10 - Anderson Lake (1997),Heterozygous Load
Boltonia_392,0.18008110361198373,0.14792792318475279,0.1026107197212294,Smith Lake (1998),Pop_05,B. decurrens,TRUE,TRUE,392,2011-2638-1,3A,United States,Illinois,Scott,39.7852777,-90.5902777,39.78656976625663,-90.58910563509704,Smith Lake,NA,3/1/24,3/7/24,1998-11-11T00:00:00Z,Smith,-90.5902777,39.7852777,5 - Smith Lake (1998),Heterozygous Load
Boltonia_393,0.15432450550502932,0.12623478930430604,0.09056601174858307,Woodford County (1999),Pop_15,B. decurrens,TRUE,TRUE,393,2011-2650-1,15B,United States,Illinois,Woodford,40.8852777,-89.4583333,40.84668797480775,-89.0297386240063,NA,"Woodford County, Maternal lines = 30, Seedheads = 90; 6 packets",2/29/24,3/7/24,1999-11-11T00:00:00Z,Smith,-89.4583333,40.8852777,15 - Woodford County (1999),Heterozygous Load
Boltonia_394,0.16387765066416732,0.13280442780143337,0.09283859815851635,Anderson Lake (1997),Pop_10,B. decurrens,TRUE,TRUE,394,2011-2664-1,26,United States,Illinois,Fulton,40.2047222,-90.1994444,40.20744447961278,-90.1871999885973,NA,"Anderson Lake, Maternal lines = 31, Seedheads = 31",3/1/24,3/7/24,1997-11-21T00:00:00Z,Smith,-90.1994444,40.2047222,10 - Anderson Lake (1997),Heterozygous Load
Boltonia_395,0.14497702378317107,0.11994155933898874,0.08446446156918648,Sparland (1999),Pop_16,B. decurrens,TRUE,TRUE,395,2011-2629-1,7C,United States,Illinois,Marshal,41.045,-89.4311111,41.02868892611459,-89.43846248262098,NA,"Sparland, Maternal lines = 30, Seedheads = 90; 3 packets",2/29/24,3/6/24,1999-11-11T00:00:00Z,Smith,-89.4311111,41.045,16 - Sparland (1999),Heterozygous Load
Boltonia_396,0.1711700679631313,0.14033326971549664,0.10004889504094099,Fairmont City (1997),Pop_01,B. decurrens,TRUE,TRUE,396,2011-2599-1,3,United States,Illinois,Saint Clair,38.6494444,-90.1161111,38.6515072789885,-90.10298738781108,NA,"Fairmont City, Maternal lines = 28, Seedheads = 28; 2 packets",2/29/24,3/7/24,1997-12-05T00:00:00Z,Smith,-90.1161111,38.6494444,1 - Fairmont City (1997),Heterozygous Load
Boltonia_397,0.14488596668880296,0.11948252374151853,0.08436804881240144,Anderson Lake (1997),Pop_10,B. decurrens,TRUE,TRUE,397,2011-2664-1,11,United States,Illinois,Fulton,40.2047222,-90.1994444,40.20744447961278,-90.1871999885973,NA,"Anderson Lake, Maternal lines = 31, Seedheads = 31",2/29/24,3/10/24,1997-11-21T00:00:00Z,Smith,-90.1994444,40.2047222,10 - Anderson Lake (1997),Heterozygous Load
Boltonia_398,0.17762413201394744,0.14332934076565162,0.10054473207583552,Frederick Borrow Pit (1999),Pop_08,B. decurrens,TRUE,TRUE,398,2011-2675-1,3C,United States,Illinois,Schuyler,40.0672223,-90.4275,40.07010712467176,-90.42899627731744,NA,"Frederick Borrow Pit, Maternal lines = 30, Seedheads = 90; 3 packets",2/29/24,3/8/24,1999-10-07T00:00:00Z,Smith,-90.4275,40.0672223,8 - Frederick Borrow Pit (1999),Heterozygous Load
Boltonia_399,0.17383741284815601,0.14102264575614187,0.09967701726477009,Sparland (1999),Pop_16,B. decurrens,TRUE,TRUE,399,2011-2629-1,15A,United States,Illinois,Marshal,41.045,-89.4311111,41.02868892611459,-89.43846248262098,NA,"Sparland, Maternal lines = 30, Seedheads = 90; 3 packets",2/29/24,3/9/24,1999-11-11T00:00:00Z,Smith,-89.4311111,41.045,16 - Sparland (1999),Heterozygous Load
Boltonia_400,0.15812221432014104,0.12983139079559589,0.09029054672919723,Anderson Lake (1997),Pop_10,B. decurrens,TRUE,TRUE,400,2011-2664-1,1,United States,Illinois,Fulton,40.2047222,-90.1994444,40.20744447961278,-90.1871999885973,NA,"Anderson Lake, Maternal lines = 31, Seedheads = 31",2/29/24,3/7/24,1997-11-21T00:00:00Z,Smith,-90.1994444,40.2047222,10 - Anderson Lake (1997),Heterozygous Load
Boltonia_401,0.17089689668002694,0.13848561030345707,0.09693614032188087,McClugage Bridge (1999),Pop_14,B. decurrens,TRUE,TRUE,401,2011-2618-1,25A,United States,Illinois,Peoria,40.7222223,-89.5519444,40.69352232924267,-89.59142458669179,NA,"McClugage Bridge, Maternal lines = 30, Seedheads = 90; 4 packets",2/29/24,3/12/24,1999-11-11T00:00:00Z,Smith,-89.5519444,40.7222223,14 - McClugage Bridge (1999),Heterozygous Load
Boltonia_402,0.18503272560572592,0.14889699833496767,0.10215620243924274,Rice Lake (1999),Pop_12,B. decurrens,TRUE,TRUE,402,2011-2666-1,11B,United States,Illinois,Fulton,40.4925,-89.9022222,40.46699902833787,-89.9485498557629,NA,"Rice Lake, Maternal lines = 30, Seedheads = 90; 3 packets",2/29/24,3/6/24,1999-10-14T00:00:00Z,Smith,-89.9022222,40.4925,12 - Rice Lake (1999),Heterozygous Load
Boltonia_403,0.1875305159012376,0.15138302983237797,0.10423596333560592,Frederick Landing (2011),Pop_09,B. decurrens,TRUE,TRUE,403,2011-2659-1,15A,United States,Illinois,Frederick,NA,NA,40.07116308939078,-90.429571958886,NA,"Frederick Landing, Maternal lines = 15, Seedheads = 44; 2 packets",2/29/24,3/5/24,2011-12-01T00:00:00Z,Smith,-90.429571958886,40.07116308939078,9 - Frederick Landing (2011),Heterozygous Load
Boltonia_404,0.17954732064499823,0.14696213861229754,0.10320985613839363,Cooper Park (2000),Pop_13,B. decurrens,TRUE,TRUE,404,2011-2661-1,12A,United States,Illinois,Tazewell,NA,NA,40.69584983597212,-89.54394792156027,NA,"Cooper park South, Maternal lines = 43, Seedheads = 73; 4 packets",3/1/24,3/8/24,2000-10-01T00:00:00Z,Smith,-89.54394792156027,40.69584983597212,13 - Cooper Park (2000),Heterozygous Load
Boltonia_405,0.16383683196669194,0.13462905316915544,0.09314160967984078,Smith Lake (1998),Pop_05,B. decurrens,TRUE,TRUE,405,2011-2638-1,26C,United States,Illinois,Scott,39.7852777,-90.5902777,39.78656976625663,-90.58910563509704,Smith Lake,NA,2/29/24,3/8/24,1998-11-11T00:00:00Z,Smith,-90.5902777,39.7852777,5 - Smith Lake (1998),Heterozygous Load
Boltonia_408,0.16709290806530364,0.13481497081257526,0.09419526337899166,Anderson Lake (1997),Pop_10,B. decurrens,TRUE,TRUE,408,2011-2664-1,13,United States,Illinois,Fulton,40.2047222,-90.1994444,40.20744447961278,-90.1871999885973,NA,"Anderson Lake, Maternal lines = 31, Seedheads = 31",3/2/24,3/12/24,1997-11-21T00:00:00Z,Smith,-90.1994444,40.2047222,10 - Anderson Lake (1997),Heterozygous Load
Boltonia_409,0.18591974730086364,0.15199178671791194,0.10536536991508791,Cooper Park (2000),Pop_13,B. decurrens,TRUE,TRUE,409,2011-2661-1,8A,United States,Illinois,Tazewell,NA,NA,40.69584983597212,-89.54394792156027,NA,"Cooper park South, Maternal lines = 43, Seedheads = 73; 4 packets",3/1/24,3/10/24,2000-10-01T00:00:00Z,Smith,-89.54394792156027,40.69584983597212,13 - Cooper Park (2000),Heterozygous Load
Boltonia_411,0.18164320376536786,0.14732739274361792,0.10190828392179548,Rice Lake (1999),Pop_12,B. decurrens,TRUE,TRUE,411,2011-2666-1,13C,United States,Illinois,Fulton,40.4925,-89.9022222,40.46699902833787,-89.9485498557629,NA,"Rice Lake, Maternal lines = 30, Seedheads = 90; 3 packets",2/29/24,3/16/24,1999-10-14T00:00:00Z,Smith,-89.9022222,40.4925,12 - Rice Lake (1999),Heterozygous Load
Boltonia_412,0.1830310394795302,0.14818787882776457,0.10306523700321606,Frederick Landing (2011),Pop_09,B. decurrens,TRUE,TRUE,412,2011-2659-1,5A,United States,Illinois,Frederick,NA,NA,40.07116308939078,-90.429571958886,NA,"Frederick Landing, Maternal lines = 15, Seedheads = 44; 2 packets",2/29/24,3/8/24,2011-12-01T00:00:00Z,Smith,-90.429571958886,40.07116308939078,9 - Frederick Landing (2011),Heterozygous Load
Boltonia_413,0.18165576336459105,0.14687000243502754,0.10320296951290898,Sparland (1999),Pop_16,B. decurrens,TRUE,TRUE,413,2011-2629-1,30A,United States,Illinois,Marshal,41.045,-89.4311111,41.02868892611459,-89.43846248262098,NA,"Sparland, Maternal lines = 30, Seedheads = 90; 3 packets",2/29/24,3/6/24,1999-11-11T00:00:00Z,Smith,-89.4311111,41.045,16 - Sparland (1999),Heterozygous Load
Boltonia_415,0.16910558384081964,0.13814503550533402,0.09763168949583015,Sparland (1999),Pop_16,B. decurrens,TRUE,TRUE,415,2011-2629-1,2B,United States,Illinois,Marshal,41.045,-89.4311111,41.02868892611459,-89.43846248262098,NA,"Sparland, Maternal lines = 30, Seedheads = 90; 3 packets",2/29/24,3/7/24,1999-11-11T00:00:00Z,Smith,-89.4311111,41.045,16 - Sparland (1999),Heterozygous Load
Boltonia_417,0.17604947226134013,0.14141751508729902,0.09843742467753376,Beardstown (1997),Pop_07,B. decurrens,TRUE,TRUE,417,2011-2636-1,26,United States,Illinois,Cass,40.010555600000004,-90.4458333,40.0178975293398,-90.42445029519196,NA,"Beardstown, Maternal lines = 52, Seedheads = 53; 3 packets",2/29/24,3/8/24,1997-11-21T00:00:00Z,Smith,-90.4458333,40.010555600000004,7 - Beardstown (1997),Heterozygous Load
Boltonia_418,0.17963209793975474,0.14666105074729022,0.10449765510402248,West Alton (1999),Pop_03,B. decurrens,TRUE,TRUE,418,2011-2635-1,31,United States,Illinois,Alton,NA,NA,38.86501904919102,-90.22302347588696,NA,"West Alton, Maternal lines = 32, Seedheads = 32; 2 packets",2/29/24,3/12/24,1999-11-07T00:00:00Z,Smith,-90.22302347588696,38.86501904919102,3 - West Alton (1999),Heterozygous Load
Boltonia_420,0.17780467625278076,0.14335402009884896,0.09823771253847902,Frederick Landing (2011),Pop_09,B. decurrens,TRUE,TRUE,420,2011-2659-1,14A,United States,Illinois,Frederick,NA,NA,40.07116308939078,-90.429571958886,NA,"Frederick Landing, Maternal lines = 15, Seedheads = 44; 2 packets",2/29/24,3/6/24,2011-12-01T00:00:00Z,Smith,-90.429571958886,40.07116308939078,9 - Frederick Landing (2011),Heterozygous Load
Boltonia_421,0.17715471699298074,0.14343299396508039,0.1001108746703028,Frederick Borrow Pit (1999),Pop_08,B. decurrens,TRUE,TRUE,421,2011-2675-1,16A,United States,Illinois,Schuyler,40.0672223,-90.4275,40.07010712467176,-90.42899627731744,NA,"Frederick Borrow Pit, Maternal lines = 30, Seedheads = 90; 3 packets",2/29/24,3/6/24,1999-10-07T00:00:00Z,Smith,-90.4275,40.0672223,8 - Frederick Borrow Pit (1999),Heterozygous Load
Boltonia_422,0.17079327998643562,0.13867481852463656,0.0992156133572988,West Alton (1999),Pop_03,B. decurrens,TRUE,TRUE,422,2011-2635-1,13,United States,Illinois,Alton,NA,NA,38.86501904919102,-90.22302347588696,NA,"West Alton, Maternal lines = 32, Seedheads = 32; 2 packets",3/1/24,3/9/24,1999-11-07T00:00:00Z,Smith,-90.22302347588696,38.86501904919102,3 - West Alton (1999),Heterozygous Load
Boltonia_423,0.1721842556004038,0.1410555515337383,0.10088217672458319,West Alton (1999),Pop_03,B. decurrens,TRUE,TRUE,423,2011-2635-1,28,United States,Illinois,Alton,NA,NA,38.86501904919102,-90.22302347588696,NA,"West Alton, Maternal lines = 32, Seedheads = 32; 2 packets",2/29/24,3/10/24,1999-11-07T00:00:00Z,Smith,-90.22302347588696,38.86501904919102,3 - West Alton (1999),Heterozygous Load
Boltonia_424,0.1662467050676413,0.13369946495205629,0.08772872204890882,Gilbert Lake (1997),Pop_04,B. decurrens,TRUE,TRUE,424,2011-2598-1,L1B,United States,Illinois,Jersey,NA,NA,38.96139842380207,-90.51481032460988,NA,"Gilbert Lake, Maternal lines = 32, Seedheads = 98; 6 packets",2/29/24,3/7/24,1997-11-08T00:00:00Z,Smith,-90.51481032460988,38.96139842380207,4 - Gilbert Lake (1997),Heterozygous Load
Boltonia_425,0.1775644739176373,0.14529546097703835,0.10208044955891164,Meredosia Lake (1999),Pop_06,B. decurrens,TRUE,TRUE,425,2011-2620-1,20B,United States,Illinois,Morgan,39.8672223,-90.5533333,39.87546015928839,-90.55308508241012,NA,"Meredosia Lake, Maternal lines = 30, Seedheads = 90; 5 packets",3/1/24,3/10/24,1999-10-07T00:00:00Z,Smith,-90.5533333,39.8672223,6 - Meredosia Lake (1999),Heterozygous Load
Boltonia_426,0.18161965451682438,0.14822572047200047,0.10392606518879684,Cooper Park (2000),Pop_13,B. decurrens,TRUE,TRUE,426,2011-2661-1,18B,United States,Illinois,Tazewell,NA,NA,40.69584983597212,-89.54394792156027,NA,"Cooper park South, Maternal lines = 43, Seedheads = 73; 4 packets",2/29/24,3/7/24,2000-10-01T00:00:00Z,Smith,-89.54394792156027,40.69584983597212,13 - Cooper Park (2000),Heterozygous Load
Boltonia_427,0.1521265756409713,0.12526900473185082,0.08923689303004635,Anderson Lake (1997),Pop_10,B. decurrens,TRUE,TRUE,427,2011-2664-1,26,United States,Illinois,Fulton,40.2047222,-90.1994444,40.20744447961278,-90.1871999885973,NA,"Anderson Lake, Maternal lines = 31, Seedheads = 31",3/1/24,3/8/24,1997-11-21T00:00:00Z,Smith,-90.1994444,40.2047222,10 - Anderson Lake (1997),Heterozygous Load
Boltonia_428,0.18643155096920858,0.1509651264569033,0.10421530345915198,Frederick Landing (2011),Pop_09,B. decurrens,TRUE,TRUE,428,2011-2659-1,3C,United States,Illinois,Frederick,NA,NA,40.07116308939078,-90.429571958886,NA,"Frederick Landing, Maternal lines = 15, Seedheads = 44; 2 packets",2/29/24,NA,2011-12-01T00:00:00Z,Smith,-90.429571958886,40.07116308939078,9 - Frederick Landing (2011),Heterozygous Load
Boltonia_429,0.17690666490832277,0.141934135795563,0.09962192426089292,Meredosia Lake (1999),Pop_06,B. decurrens,TRUE,TRUE,429,2011-2620-1,19A,United States,Illinois,Morgan,39.8672223,-90.5533333,39.87546015928839,-90.55308508241012,NA,"Meredosia Lake, Maternal lines = 30, Seedheads = 90; 5 packets",2/29/24,3/7/24,1999-10-07T00:00:00Z,Smith,-90.5533333,39.8672223,6 - Meredosia Lake (1999),Heterozygous Load
Boltonia_430,0.15396027712755686,0.12404490980526361,0.08042889903518377,Gilbert Lake (1997),Pop_04,B. decurrens,TRUE,TRUE,430,2011-2598-1,L3B,United States,Illinois,Jersey,NA,NA,38.96139842380207,-90.51481032460988,NA,"Gilbert Lake, Maternal lines = 32, Seedheads = 98; 6 packets",2/29/24,3/12/24,1997-11-08T00:00:00Z,Smith,-90.51481032460988,38.96139842380207,4 - Gilbert Lake (1997),Heterozygous Load
Boltonia_431,0.1532694991702815,0.1256276777076519,0.0872810913924068,Anderson Lake (2000),Pop_11,B. decurrens,TRUE,TRUE,431,2011-2613-1,6A,United States,Illinois,Fulton,40.2047222,-90.1994444,40.20813714639404,-90.18724497777134,NA,"Anderson Lake, Maternal lines = 30, Seedheads = 61; 2 packets",2/29/24,3/7/24,2000-10-01T00:00:00Z,Smith,-90.1994444,40.2047222,11 - Anderson Lake (2000),Heterozygous Load
Boltonia_432,0.1450680808775392,0.12030023231478983,0.08438182206337073,Anderson Lake (1997),Pop_10,B. decurrens,TRUE,TRUE,432,2011-2664-1,9,United States,Illinois,Fulton,40.2047222,-90.1994444,40.20744447961278,-90.1871999885973,NA,"Anderson Lake, Maternal lines = 31, Seedheads = 31",2/29/24,3/18/24,1997-11-21T00:00:00Z,Smith,-90.1994444,40.2047222,10 - Anderson Lake (1997),Heterozygous Load
Boltonia_433,0.17740276907763874,0.142837399390585,0.10040011294065795,Meredosia Lake (1999),Pop_06,B. decurrens,TRUE,TRUE,433,2011-2620-1,20B,United States,Illinois,Morgan,39.8672223,-90.5533333,39.87546015928839,-90.55308508241012,NA,"Meredosia Lake, Maternal lines = 30, Seedheads = 90; 5 packets",3/1/24,3/10/24,1999-10-07T00:00:00Z,Smith,-90.5533333,39.8672223,6 - Meredosia Lake (1999),Heterozygous Load
Boltonia_434,0.14480432929385223,0.11907284681044297,0.0837689123952372,Anderson Lake (1997),Pop_10,B. decurrens,TRUE,TRUE,434,2011-2664-1,12,United States,Illinois,Fulton,40.2047222,-90.1994444,40.20744447961278,-90.1871999885973,NA,"Anderson Lake, Maternal lines = 31, Seedheads = 31",2/29/24,3/16/24,1997-11-21T00:00:00Z,Smith,-90.1994444,40.2047222,10 - Anderson Lake (1997),Heterozygous Load
Boltonia_435,0.16053993717060488,0.12516535153242206,0.06923813262263358,Gilbert Lake (1997),Pop_04,B. decurrens,TRUE,TRUE,435,2011-2598-1,S8A,United States,Illinois,Jersey,NA,NA,38.96139842380207,-90.51481032460988,NA,"Gilbert Lake, Maternal lines = 32, Seedheads = 98; 6 packets",2/29/24,3/7/24,1997-11-08T00:00:00Z,Smith,-90.51481032460988,38.96139842380207,4 - Gilbert Lake (1997),Heterozygous Load
Boltonia_436,0.13522920483607367,0.11218237698175046,0.08021541364515973,Smith Lake (1998),Pop_05,B. decurrens,TRUE,TRUE,436,2011-2638-1,17A,United States,Illinois,Scott,39.7852777,-90.5902777,39.78656976625663,-90.58910563509704,Smith Lake,NA,3/1/24,3/10/24,1998-11-11T00:00:00Z,Smith,-90.5902777,39.7852777,5 - Smith Lake (1998),Heterozygous Load
Boltonia_437,0.178699547697433,0.14605722972839572,0.10294127774449242,Cooper Park (2000),Pop_13,B. decurrens,TRUE,TRUE,437,2011-2661-1,5A,United States,Illinois,Tazewell,NA,NA,40.69584983597212,-89.54394792156027,NA,"Cooper park South, Maternal lines = 43, Seedheads = 73; 4 packets",2/29/24,3/6/24,2000-10-01T00:00:00Z,Smith,-89.54394792156027,40.69584983597212,13 - Cooper Park (2000),Heterozygous Load
Boltonia_438,0.18581456065736943,0.14842315513757906,0.1025969464702601,Frederick Borrow Pit (1999),Pop_08,B. decurrens,TRUE,TRUE,438,2011-2675-1,15B,United States,Illinois,Schuyler,40.0672223,-90.4275,40.07010712467176,-90.42899627731744,NA,"Frederick Borrow Pit, Maternal lines = 30, Seedheads = 90; 3 packets",2/29/24,3/6/24,1999-10-07T00:00:00Z,Smith,-90.4275,40.0672223,8 - Frederick Borrow Pit (1999),Heterozygous Load
Boltonia_441,0.16125426437642376,0.13076097901269504,0.08657176896748824,Gilbert Lake (1997),Pop_04,B. decurrens,TRUE,TRUE,441,2011-2598-1,L7B,United States,Illinois,Jersey,NA,NA,38.96139842380207,-90.51481032460988,NA,"Gilbert Lake, Maternal lines = 32, Seedheads = 98; 6 packets",2/29/24,3/7/24,1997-11-08T00:00:00Z,Smith,-90.51481032460988,38.96139842380207,4 - Gilbert Lake (1997),Heterozygous Load
Boltonia_442,0.1658086890447326,0.13253295513626281,0.08241913380024654,Gilbert Lake (1997),Pop_04,B. decurrens,TRUE,TRUE,442,2011-2598-1,S8A,United States,Illinois,Jersey,NA,NA,38.96139842380207,-90.51481032460988,NA,"Gilbert Lake, Maternal lines = 32, Seedheads = 98; 6 packets",2/29/24,3/7/24,1997-11-08T00:00:00Z,Smith,-90.51481032460988,38.96139842380207,4 - Gilbert Lake (1997),Heterozygous Load
Boltonia_443,0.17458156910212996,0.14216612152761782,0.1012265079988155,West Alton (1999),Pop_03,B. decurrens,TRUE,TRUE,443,2011-2635-1,11,United States,Illinois,Alton,NA,NA,38.86501904919102,-90.22302347588696,NA,"West Alton, Maternal lines = 32, Seedheads = 32; 2 packets",2/29/24,3/7/24,1999-11-07T00:00:00Z,Smith,-90.22302347588696,38.86501904919102,3 - West Alton (1999),Heterozygous Load
Boltonia_444,0.17936677640616489,0.14772884323029437,0.1039949314436433,Meredosia Lake (1999),Pop_06,B. decurrens,TRUE,TRUE,444,2011-2620-1,27A,United States,Illinois,Morgan,39.8672223,-90.5533333,39.87546015928839,-90.55308508241012,NA,"Meredosia Lake, Maternal lines = 30, Seedheads = 90; 5 packets",3/1/24,3/8/24,1999-10-07T00:00:00Z,Smith,-90.5533333,39.8672223,6 - Meredosia Lake (1999),Heterozygous Load
Boltonia_445,0.15731996991975986,0.12851845026949832,0.08998064858238815,Hennepin Bridge (1999),Pop_17,B. decurrens,TRUE,TRUE,445,2011-2623-1,7A,United States,Illinois,Hennepin,NA,NA,41.34414603458205,-89.55849691836283,NA,"Hennepin Bridge, Maternal lines = 30, Seedheads = 90; 6 packets",2/29/24,3/10/24,1999-11-11T00:00:00Z,Smith,-89.55849691836283,41.34414603458205,17 - Hennepin Bridge (1999),Heterozygous Load
Boltonia_446,0.17322199248621978,0.14087621504583775,0.09823082591299437,West Alton (1999),Pop_03,B. decurrens,TRUE,TRUE,446,2011-2635-1,21,United States,Illinois,Alton,NA,NA,38.86501904919102,-90.22302347588696,NA,"West Alton, Maternal lines = 32, Seedheads = 32; 2 packets",2/29/24,3/7/24,1999-11-07T00:00:00Z,Smith,-90.22302347588696,38.86501904919102,3 - West Alton (1999),Heterozygous Load
Boltonia_448,0.1566072126638439,0.12798044080579668,0.08600706567774724,Gilbert Lake (1997),Pop_04,B. decurrens,TRUE,TRUE,448,2011-2598-1,S17A,United States,Illinois,Jersey,NA,NA,38.96139842380207,-90.51481032460988,NA,"Gilbert Lake, Maternal lines = 32, Seedheads = 98; 6 packets",2/29/24,3/7/24,1997-11-08T00:00:00Z,Smith,-90.51481032460988,38.96139842380207,4 - Gilbert Lake (1997),Heterozygous Load
Boltonia_449,0.17166303223264145,0.14023126180494772,0.0969843467002734,McClugage Bridge (1999),Pop_14,B. decurrens,TRUE,TRUE,449,2011-2618-1,3C,United States,Illinois,Peoria,40.7222223,-89.5519444,40.69352232924267,-89.59142458669179,NA,"McClugage Bridge, Maternal lines = 30, Seedheads = 90; 4 packets",2/29/24,3/12/24,1999-11-11T00:00:00Z,Smith,-89.5519444,40.7222223,14 - McClugage Bridge (1999),Heterozygous Load
Boltonia_452,0.14554220574821458,0.12069345635706717,0.08568339427996888,Horseshoe Lake (2000),Pop_02,B. decurrens,TRUE,TRUE,452,2011-2609-1,9C,United States,Illinois,Madison,38.6891666,-90.0972222,38.69652811427051,-90.085926104309,NA,"Horseshoe Lake, Maternal lines = 30, Seedheads = 90; 3 packets",3/1/24,3/12/24,2000-11-01T00:00:00Z,Smith,-90.0972222,38.6891666,2 - Horseshoe Lake (2000),Heterozygous Load
Boltonia_453,0.16182258624127305,0.13103738754450506,0.08945726504555503,Gilbert Lake (1997),Pop_04,B. decurrens,TRUE,TRUE,453,2011-2598-1,22C,United States,Illinois,Jersey,NA,NA,38.96139842380207,-90.51481032460988,NA,"Gilbert Lake, Maternal lines = 32, Seedheads = 98; 6 packets",2/29/24,3/7/24,1997-11-08T00:00:00Z,Smith,-90.51481032460988,38.96139842380207,4 - Gilbert Lake (1997),Heterozygous Load
Boltonia_454,0.15896370746809468,0.13056518963599628,0.0926388860194616,McClugage Bridge (1999),Pop_14,B. decurrens,TRUE,TRUE,454,2011-2618-1,15A,United States,Illinois,Peoria,40.7222223,-89.5519444,40.69352232924267,-89.59142458669179,NA,"McClugage Bridge, Maternal lines = 30, Seedheads = 90; 4 packets",2/29/24,3/12/24,1999-11-11T00:00:00Z,Smith,-89.5519444,40.7222223,14 - McClugage Bridge (1999),Heterozygous Load
Boltonia_455,0.17334444857864587,0.14174821815214314,0.09833412529526407,Meredosia Lake (1999),Pop_06,B. decurrens,TRUE,TRUE,455,2011-2620-1,26C,United States,Illinois,Morgan,39.8672223,-90.5533333,39.87546015928839,-90.55308508241012,NA,"Meredosia Lake, Maternal lines = 30, Seedheads = 90; 5 packets",2/29/24,3/9/24,1999-10-07T00:00:00Z,Smith,-90.5533333,39.8672223,6 - Meredosia Lake (1999),Heterozygous Load
Boltonia_456,0.16805999720548917,0.13639609342608375,0.09084836339345358,Gilbert Lake (1997),Pop_04,B. decurrens,TRUE,TRUE,456,2011-2598-1,L4B,United States,Illinois,Jersey,NA,NA,38.96139842380207,-90.51481032460988,NA,"Gilbert Lake, Maternal lines = 32, Seedheads = 98; 6 packets",2/29/24,3/7/24,1997-11-08T00:00:00Z,Smith,-90.51481032460988,38.96139842380207,4 - Gilbert Lake (1997),Heterozygous Load
Boltonia_457,0.1867172818515361,0.15195559036255585,0.1080718137305539,West Alton (1999),Pop_03,B. decurrens,TRUE,TRUE,457,2011-2635-1,24,United States,Illinois,Alton,NA,NA,38.86501904919102,-90.22302347588696,NA,"West Alton, Maternal lines = 32, Seedheads = 32; 2 packets",2/29/24,3/10/24,1999-11-07T00:00:00Z,Smith,-90.22302347588696,38.86501904919102,3 - West Alton (1999),Heterozygous Load
Boltonia_458,0.16206592847622234,0.13408446254993453,0.09633700390471665,McClugage Bridge (1999),Pop_14,B. decurrens,TRUE,TRUE,458,2011-2618-1,12A,United States,Illinois,Peoria,40.7222223,-89.5519444,40.69352232924267,-89.59142458669179,NA,"McClugage Bridge, Maternal lines = 30, Seedheads = 90; 4 packets",2/29/24,3/8/24,1999-11-11T00:00:00Z,Smith,-89.5519444,40.7222223,14 - McClugage Bridge (1999),Heterozygous Load
Boltonia_459,0.1691589621375182,0.13721544728823487,0.09579984711691424,Cooper Park (2000),Pop_13,B. decurrens,TRUE,TRUE,459,2011-2661-1,29B,United States,Illinois,Tazewell,NA,NA,40.69584983597212,-89.54394792156027,NA,"Cooper park South, Maternal lines = 43, Seedheads = 73; 4 packets",2/29/24,3/6/24,2000-10-01T00:00:00Z,Smith,-89.54394792156027,40.69584983597212,13 - Cooper Park (2000),Heterozygous Load
Boltonia_460,0.1874206194080347,0.1524080448045068,0.10750022381532826,Smith Lake (1998),Pop_05,B. decurrens,TRUE,TRUE,460,2011-2638-1,13A,United States,Illinois,Scott,39.7852777,-90.5902777,39.78656976625663,-90.58910563509704,Smith Lake,NA,2/29/24,3/7/24,1998-11-11T00:00:00Z,Smith,-90.5902777,39.7852777,5 - Smith Lake (1998),Heterozygous Load
Boltonia_461,0.18342195700535197,0.14943994366530874,0.10592318657934426,Fairmont City (1997),Pop_01,B. decurrens,TRUE,TRUE,461,2011-2599-1,6,United States,Illinois,Saint Clair,38.6494444,-90.1161111,38.6515072789885,-90.10298738781108,NA,"Fairmont City, Maternal lines = 28, Seedheads = 28; 2 packets",2/29/24,3/18/24,1997-12-05T00:00:00Z,Smith,-90.1161111,38.6494444,1 - Fairmont City (1997),Heterozygous Load
Boltonia_462,0.1341977477498693,0.111015867165957,0.07872790254047614,Anderson Lake (1997),Pop_10,B. decurrens,TRUE,TRUE,462,2011-2664-1,10,United States,Illinois,Fulton,40.2047222,-90.1994444,40.20744447961278,-90.1871999885973,NA,"Anderson Lake, Maternal lines = 31, Seedheads = 31",3/1/24,3/15/24,1997-11-21T00:00:00Z,Smith,-90.1994444,40.2047222,10 - Anderson Lake (1997),Heterozygous Load
Boltonia_463,0.17909674502286632,0.14543201995406355,0.10108188886363793,Meredosia Lake (1999),Pop_06,B. decurrens,TRUE,TRUE,463,2011-2620-1,14C,United States,Illinois,Morgan,39.8672223,-90.5533333,39.87546015928839,-90.55308508241012,NA,"Meredosia Lake, Maternal lines = 30, Seedheads = 90; 5 packets",2/29/24,3/7/24,1999-10-07T00:00:00Z,Smith,-90.5533333,39.8672223,6 - Meredosia Lake (1999),Heterozygous Load
Boltonia_465,0.16819658284704134,0.13704104666697378,0.09580673374239888,Frederick Landing (2011),Pop_09,B. decurrens,TRUE,TRUE,465,2011-2659-1,4A,United States,Illinois,Frederick,NA,NA,40.07116308939078,-90.429571958886,NA,"Frederick Landing, Maternal lines = 15, Seedheads = 44; 2 packets",2/29/24,3/8/24,2011-12-01T00:00:00Z,Smith,-90.429571958886,40.07116308939078,9 - Frederick Landing (2011),Heterozygous Load
Boltonia_466,0.20244817987858008,0.16412414691771582,0.11497221246616945,Fairmont City (1997),Pop_01,B. decurrens,TRUE,TRUE,466,2011-2599-1,16,United States,Illinois,Saint Clair,38.6494444,-90.1161111,38.6515072789885,-90.10298738781108,NA,"Fairmont City, Maternal lines = 28, Seedheads = 28; 2 packets",3/1/24,3/8/24,1997-12-05T00:00:00Z,Smith,-90.1161111,38.6494444,1 - Fairmont City (1997),Heterozygous Load
Boltonia_467,0.17057191705012692,0.13823059052708475,0.0979829073955471,West Alton (1999),Pop_03,B. decurrens,TRUE,TRUE,467,2011-2635-1,6,United States,Illinois,Alton,NA,NA,38.86501904919102,-90.22302347588696,NA,"West Alton, Maternal lines = 32, Seedheads = 32; 2 packets",2/29/24,3/7/24,1999-11-07T00:00:00Z,Smith,-90.22302347588696,38.86501904919102,3 - West Alton (1999),Heterozygous Load
Boltonia_468,0.16211145702340637,0.13153261949733133,0.08576603378578462,Gilbert Lake (1997),Pop_04,B. decurrens,TRUE,TRUE,468,2011-2598-1,L7B,United States,Illinois,Jersey,NA,NA,38.96139842380207,-90.51481032460988,NA,"Gilbert Lake, Maternal lines = 32, Seedheads = 98; 6 packets",2/29/24,3/12/24,1997-11-08T00:00:00Z,Smith,-90.51481032460988,38.96139842380207,4 - Gilbert Lake (1997),Heterozygous Load
Boltonia_001,0.09390655344187968,0.06966153117164312,0.0245439332272793,Fairmont City (1997),Pop_01,B. decurrens,TRUE,TRUE,1,2011-2599-1,2,United States,Illinois,Saint Clair,38.6494444,-90.1161111,38.6515072789885,-90.10298738781108,NA,"Fairmont City, Maternal lines = 28, Seedheads = 28; 2 packets",2/29/24,3/7/24,1997-12-05T00:00:00Z,Smith,-90.1161111,38.6494444,1 - Fairmont City (1997),Homozygous Load
Boltonia_002,0.1083343930495178,0.07973398969391046,0.03145121858837951,Fairmont City (1997),Pop_01,B. decurrens,TRUE,TRUE,2,2011-2599-1,2,United States,Illinois,Saint Clair,38.6494444,-90.1161111,38.6515072789885,-90.10298738781108,NA,"Fairmont City, Maternal lines = 28, Seedheads = 28; 2 packets",2/29/24,3/6/24,1997-12-05T00:00:00Z,Smith,-90.1161111,38.6494444,1 - Fairmont City (1997),Homozygous Load
Boltonia_004,0.09148255079180423,0.06784348695944034,0.025094863266051003,Frederick Landing (2011),Pop_09,B. decurrens,TRUE,TRUE,4,2011-2659-1,12B,United States,Illinois,Frederick,NA,NA,40.07116308939078,-90.429571958886,NA,"Frederick Landing, Maternal lines = 15, Seedheads = 44; 2 packets",2/29/24,3/6/24,2011-12-01T00:00:00Z,Smith,-90.429571958886,40.07116308939078,9 - Frederick Landing (2011),Homozygous Load
Boltonia_005,0.10251772865927848,0.07540523465110004,0.03021162600114318,Anderson Lake (2000),Pop_11,B. decurrens,TRUE,TRUE,5,2011-2613-1,8A,United States,Illinois,Fulton,40.2047222,-90.1994444,40.20813714639404,-90.18724497777134,NA,"Anderson Lake, Maternal lines = 30, Seedheads = 61; 2 packets",2/29/24,3/7/24,2000-10-01T00:00:00Z,Smith,-90.1994444,40.2047222,11 - Anderson Lake (2000),Homozygous Load
Boltonia_006,0.10295888458199298,0.07616206753581795,0.03046643114407509,Anderson Lake (1997),Pop_10,B. decurrens,TRUE,TRUE,6,2011-2664-1,14,United States,Illinois,Fulton,40.2047222,-90.1994444,40.20744447961278,-90.1871999885973,NA,"Anderson Lake, Maternal lines = 31, Seedheads = 31",2/29/24,3/12/24,1997-11-21T00:00:00Z,Smith,-90.1994444,40.2047222,10 - Anderson Lake (1997),Homozygous Load
Boltonia_007,0.08805692010367949,0.06514356790765323,0.023648671914275287,Cooper Park (2000),Pop_13,B. decurrens,TRUE,TRUE,7,2011-2661-1,7B,United States,Illinois,Tazewell,NA,NA,40.69584983597212,-89.54394792156027,NA,"Cooper park South, Maternal lines = 43, Seedheads = 73; 4 packets",2/29/24,3/9/24,2000-10-01T00:00:00Z,Smith,-89.54394792156027,40.69584983597212,13 - Cooper Park (2000),Homozygous Load
Boltonia_008,0.10321321646626257,0.07641708731219027,0.02895137353745291,West Alton (1999),Pop_03,B. decurrens,TRUE,TRUE,8,2011-2635-1,28,United States,Illinois,Alton,NA,NA,38.86501904919102,-90.22302347588696,NA,"West Alton, Maternal lines = 32, Seedheads = 32; 2 packets",2/29/24,3/6/24,1999-11-07T00:00:00Z,Smith,-90.22302347588696,38.86501904919102,3 - West Alton (1999),Homozygous Load
Boltonia_009,0.0865968666939838,0.06528506275131787,0.026141630339717236,Gilbert Lake (1997),Pop_04,B. decurrens,TRUE,TRUE,9,2011-2598-1,L1B,United States,Illinois,Jersey,NA,NA,38.96139842380207,-90.51481032460988,NA,"Gilbert Lake, Maternal lines = 32, Seedheads = 98; 6 packets",2/29/24,3/7/24,1997-11-08T00:00:00Z,Smith,-90.51481032460988,38.96139842380207,4 - Gilbert Lake (1997),Homozygous Load
Boltonia_012,0.07634352387815305,0.05729553995090458,0.022918689612902783,Gilbert Lake (1997),Pop_04,B. decurrens,TRUE,TRUE,12,2011-2598-1,L13B,United States,Illinois,Jersey,NA,NA,38.96139842380207,-90.51481032460988,NA,"Gilbert Lake, Maternal lines = 32, Seedheads = 98; 6 packets",2/29/24,3/10/24,1997-11-08T00:00:00Z,Smith,-90.51481032460988,38.96139842380207,4 - Gilbert Lake (1997),Homozygous Load
Boltonia_013,0.09090951907724625,0.06666216954372849,0.02447506697243284,Sparland (1999),Pop_16,B. decurrens,TRUE,TRUE,13,2011-2629-1,28C,United States,Illinois,Marshal,41.045,-89.4311111,41.02868892611459,-89.43846248262098,NA,"Sparland, Maternal lines = 30, Seedheads = 90; 3 packets",2/29/24,3/7/24,1999-11-11T00:00:00Z,Smith,-89.4311111,41.045,16 - Sparland (1999),Homozygous Load
Boltonia_014,0.11438654992519189,0.08516673357508112,0.035390368365597176,Anderson Lake (2000),Pop_11,B. decurrens,TRUE,TRUE,14,2011-2613-1,14B,United States,Illinois,Fulton,40.2047222,-90.1994444,40.20813714639404,-90.18724497777134,NA,"Anderson Lake, Maternal lines = 30, Seedheads = 61; 2 packets",3/1/24,3/10/24,2000-10-01T00:00:00Z,Smith,-90.1994444,40.2047222,11 - Anderson Lake (2000),Homozygous Load
Boltonia_015,0.12070716823426164,0.08991503728224602,0.0390265066214904,Hennepin Bridge (1999),Pop_17,B. decurrens,TRUE,TRUE,15,2011-2623-1,30C,United States,Illinois,Hennepin,NA,NA,41.34414603458205,-89.55849691836283,NA,"Hennepin Bridge, Maternal lines = 30, Seedheads = 90; 6 packets",2/28/24,3/8/24,1999-11-11T00:00:00Z,Smith,-89.55849691836283,41.34414603458205,17 - Hennepin Bridge (1999),Homozygous Load
Boltonia_016,0.09766187360961312,0.07328939315164956,0.026196723343594405,West Alton (1999),Pop_03,B. decurrens,TRUE,TRUE,16,2011-2635-1,17,United States,Illinois,Alton,NA,NA,38.86501904919102,-90.22302347588696,NA,"West Alton, Maternal lines = 32, Seedheads = 32; 2 packets",3/1/24,3/12/24,1999-11-07T00:00:00Z,Smith,-90.22302347588696,38.86501904919102,3 - West Alton (1999),Homozygous Load
Boltonia_017,0.09692399715525078,0.07091030543142765,0.027195284038868114,Anderson Lake (1997),Pop_10,B. decurrens,TRUE,TRUE,17,2011-2664-1,7,United States,Illinois,Fulton,40.2047222,-90.1994444,40.20744447961278,-90.1871999885973,NA,"Anderson Lake, Maternal lines = 31, Seedheads = 31",2/29/24,3/7/24,1997-11-21T00:00:00Z,Smith,-90.1994444,40.2047222,10 - Anderson Lake (1997),Homozygous Load
Boltonia_019,0.08967396850366505,0.06644992727823151,0.023931023559145784,Frederick Borrow Pit (1999),Pop_08,B. decurrens,TRUE,TRUE,19,2011-2675-1,2A,United States,Illinois,Schuyler,40.0672223,-90.4275,40.07010712467176,-90.42899627731744,NA,"Frederick Borrow Pit, Maternal lines = 30, Seedheads = 90; 3 packets",2/29/24,3/8/24,1999-10-07T00:00:00Z,Smith,-90.4275,40.0672223,8 - Frederick Borrow Pit (1999),Homozygous Load
Boltonia_020,0.08709297086329976,0.0647437627098566,0.024116962447231233,Woodford County (1999),Pop_15,B. decurrens,TRUE,TRUE,20,2011-2650-1,18A,United States,Illinois,Woodford,40.8852777,-89.4583333,40.84668797480775,-89.0297386240063,NA,"Woodford County, Maternal lines = 30, Seedheads = 90; 6 packets",2/29/24,3/6/24,1999-11-11T00:00:00Z,Smith,-89.4583333,40.8852777,15 - Woodford County (1999),Homozygous Load
Boltonia_021,0.08663297554175046,0.063596996360621,0.022767183852240563,Rice Lake (1999),Pop_12,B. decurrens,TRUE,TRUE,21,2011-2666-1,18A,United States,Illinois,Fulton,40.4925,-89.9022222,40.46699902833787,-89.9485498557629,NA,"Rice Lake, Maternal lines = 30, Seedheads = 90; 3 packets",2/29/24,3/10/24,1999-10-14T00:00:00Z,Smith,-89.9022222,40.4925,12 - Rice Lake (1999),Homozygous Load
Boltonia_022,0.1410317396771869,0.10299837445458673,0.04718715782079623,Beardstown (1997),Pop_07,B. decurrens,TRUE,TRUE,22,2011-2636-1,23,United States,Illinois,Cass,40.010555600000004,-90.4458333,40.0178975293398,-90.42445029519196,NA,"Beardstown, Maternal lines = 52, Seedheads = 53; 3 packets",3/1/24,3/18/24,1997-11-21T00:00:00Z,Smith,-90.4458333,40.010555600000004,7 - Beardstown (1997),Homozygous Load
Boltonia_023,0.0947747357381826,0.06920578615193256,0.025735319436123106,Anderson Lake (1997),Pop_10,B. decurrens,TRUE,TRUE,23,2011-2664-1,29,United States,Illinois,Fulton,40.2047222,-90.1994444,40.20744447961278,-90.1871999885973,NA,"Anderson Lake, Maternal lines = 31, Seedheads = 31",2/29/24,3/7/24,1997-11-21T00:00:00Z,Smith,-90.1994444,40.2047222,10 - Anderson Lake (1997),Homozygous Load
Boltonia_024,0.0918483491191796,0.06856576877768199,0.02576286593806169,Hennepin Bridge (1999),Pop_17,B. decurrens,TRUE,TRUE,24,2011-2623-1,25C,United States,Illinois,Hennepin,NA,NA,41.34414603458205,-89.55849691836283,NA,"Hennepin Bridge, Maternal lines = 30, Seedheads = 90; 6 packets",2/29/24,3/7/24,1999-11-11T00:00:00Z,Smith,-89.55849691836283,41.34414603458205,17 - Hennepin Bridge (1999),Homozygous Load
Boltonia_025,0.09785026759796095,0.07279087062106365,0.026134743714232588,Frederick Borrow Pit (1999),Pop_08,B. decurrens,TRUE,TRUE,25,2011-2675-1,25A,United States,Illinois,Schuyler,40.0672223,-90.4275,40.07010712467176,-90.42899627731744,NA,"Frederick Borrow Pit, Maternal lines = 30, Seedheads = 90; 3 packets",2/29/24,3/6/24,1999-10-07T00:00:00Z,Smith,-90.4275,40.0672223,8 - Frederick Borrow Pit (1999),Homozygous Load
Boltonia_026,0.09307918984305211,0.06921565788521149,0.025831732192908154,McClugage Bridge (1999),Pop_14,B. decurrens,TRUE,TRUE,26,2011-2618-1,7B,United States,Illinois,Peoria,40.7222223,-89.5519444,40.69352232924267,-89.59142458669179,NA,"McClugage Bridge, Maternal lines = 30, Seedheads = 90; 4 packets",2/29/24,3/6/24,1999-11-11T00:00:00Z,Smith,-89.5519444,40.7222223,14 - McClugage Bridge (1999),Homozygous Load
Boltonia_027,0.06578561078115998,0.04901315572988305,0.018807374198568958,Gilbert Lake (1997),Pop_04,B. decurrens,TRUE,TRUE,27,2011-2598-1,L3B,United States,Illinois,Jersey,NA,NA,38.96139842380207,-90.51481032460988,NA,"Gilbert Lake, Maternal lines = 32, Seedheads = 98; 6 packets",2/29/24,3/8/24,1997-11-08T00:00:00Z,Smith,-90.51481032460988,38.96139842380207,4 - Gilbert Lake (1997),Homozygous Load
Boltonia_028,0.09506517647021884,0.07031142027917262,0.02659614762170389,McClugage Bridge (1999),Pop_14,B. decurrens,TRUE,TRUE,28,2011-2618-1,20C,United States,Illinois,Peoria,40.7222223,-89.5519444,40.69352232924267,-89.59142458669179,NA,"McClugage Bridge, Maternal lines = 30, Seedheads = 90; 4 packets",2/29/24,3/8/24,1999-11-11T00:00:00Z,Smith,-89.5519444,40.7222223,14 - McClugage Bridge (1999),Homozygous Load
Boltonia_029,0.09003819688113752,0.06688757412026404,0.024082529319808,Woodford County (1999),Pop_15,B. decurrens,TRUE,TRUE,29,2011-2650-1,20C,United States,Illinois,Woodford,40.8852777,-89.4583333,40.84668797480775,-89.0297386240063,NA,"Woodford County, Maternal lines = 30, Seedheads = 90; 6 packets",3/1/24,3/20/24,1999-11-11T00:00:00Z,Smith,-89.4583333,40.8852777,15 - Woodford County (1999),Homozygous Load
Boltonia_030,0.0906175083953071,0.0664417008338324,0.023944796810115077,Cooper Park (2000),Pop_13,B. decurrens,TRUE,TRUE,30,2011-2661-1,20B,United States,Illinois,Tazewell,NA,NA,40.69584983597212,-89.54394792156027,NA,"Cooper park South, Maternal lines = 43, Seedheads = 73; 4 packets",3/1/24,3/10/24,2000-10-01T00:00:00Z,Smith,-89.54394792156027,40.69584983597212,13 - Cooper Park (2000),Homozygous Load
Boltonia_031,0.0925249975273289,0.06874675055446235,0.02535655503446756,Meredosia Lake (1999),Pop_06,B. decurrens,TRUE,TRUE,31,2011-2620-1,14C,United States,Illinois,Morgan,39.8672223,-90.5533333,39.87546015928839,-90.55308508241012,NA,"Meredosia Lake, Maternal lines = 30, Seedheads = 90; 5 packets",3/1/24,3/7/24,1999-10-07T00:00:00Z,Smith,-90.5533333,39.8672223,6 - Meredosia Lake (1999),Homozygous Load
Boltonia_032,0.09439480786168114,0.07013372908015189,0.02635511572974127,Smith Lake (1998),Pop_05,B. decurrens,TRUE,TRUE,32,2011-2638-1,15C,United States,Illinois,Scott,39.7852777,-90.5902777,39.78656976625663,-90.58910563509704,Smith Lake,NA,2/29/24,3/7/24,1998-11-11T00:00:00Z,Smith,-90.5902777,39.7852777,5 - Smith Lake (1998),Homozygous Load
Boltonia_033,0.09170862357782163,0.0685822216664802,0.025611360177399473,Sparland (1999),Pop_16,B. decurrens,TRUE,TRUE,33,2011-2629-1,17B,United States,Illinois,Marshal,41.045,-89.4311111,41.02868892611459,-89.43846248262098,NA,"Sparland, Maternal lines = 30, Seedheads = 90; 3 packets",2/29/24,3/7/24,1999-11-11T00:00:00Z,Smith,-89.4311111,41.045,16 - Sparland (1999),Homozygous Load
Boltonia_034,0.10178456205462484,0.07521767171880038,0.028131865104780007,Horseshoe Lake (2000),Pop_02,B. decurrens,TRUE,TRUE,34,2011-2609-1,18C,United States,Illinois,Madison,38.6891666,-90.0972222,38.69652811427051,-90.085926104309,NA,"Horseshoe Lake, Maternal lines = 30, Seedheads = 90; 3 packets",2/29/24,3/7/24,2000-11-01T00:00:00Z,Smith,-90.0972222,38.6891666,2 - Horseshoe Lake (2000),Homozygous Load
Boltonia_035,0.09518920251254782,0.07041013761196191,0.02439931409210173,Fairmont City (1997),Pop_01,B. decurrens,TRUE,TRUE,35,2011-2599-1,24,United States,Illinois,Saint Clair,38.6494444,-90.1161111,38.6515072789885,-90.10298738781108,NA,"Fairmont City, Maternal lines = 28, Seedheads = 28; 2 packets",2/29/24,3/9/24,1997-12-05T00:00:00Z,Smith,-90.1161111,38.6494444,1 - Fairmont City (1997),Homozygous Load
Boltonia_036,0.09494272037779275,0.07061415343305978,0.02458525298018718,Fairmont City (1997),Pop_01,B. decurrens,TRUE,TRUE,36,2011-2599-1,9,United States,Illinois,Saint Clair,38.6494444,-90.1161111,38.6515072789885,-90.10298738781108,NA,"Fairmont City, Maternal lines = 28, Seedheads = 28; 2 packets",2/29/24,3/9/24,1997-12-05T00:00:00Z,Smith,-90.1161111,38.6494444,1 - Fairmont City (1997),Homozygous Load
Boltonia_037,0.10794975532330764,0.07937367142922955,0.031878189368427574,Cooper Park (2000),Pop_13,B. decurrens,TRUE,TRUE,37,2011-2661-1,12A,United States,Illinois,Tazewell,NA,NA,40.69584983597212,-89.54394792156027,NA,"Cooper park South, Maternal lines = 43, Seedheads = 73; 4 packets",3/1/24,3/10/24,2000-10-01T00:00:00Z,Smith,-89.54394792156027,40.69584983597212,13 - Cooper Park (2000),Homozygous Load
Boltonia_038,0.09334922122635067,0.06871384477686593,0.025680226432245934,Smith Lake (1998),Pop_05,B. decurrens,TRUE,TRUE,38,2011-2638-1,22A,United States,Illinois,Scott,39.7852777,-90.5902777,39.78656976625663,-90.58910563509704,Smith Lake,NA,3/1/24,3/10/24,1998-11-11T00:00:00Z,Smith,-90.5902777,39.7852777,5 - Smith Lake (1998),Homozygous Load
Boltonia_039,0.09720030833816093,0.07288465208721347,0.02829025749092687,Meredosia Lake (1999),Pop_06,B. decurrens,TRUE,TRUE,39,2011-2620-1,30B,United States,Illinois,Morgan,39.8672223,-90.5533333,39.87546015928839,-90.55308508241012,NA,"Meredosia Lake, Maternal lines = 30, Seedheads = 90; 5 packets",2/29/24,3/19/24,1999-10-07T00:00:00Z,Smith,-90.5533333,39.8672223,6 - Meredosia Lake (1999),Homozygous Load
Boltonia_040,0.09412634642828548,0.06955952326109419,0.026272476223925513,McClugage Bridge (1999),Pop_14,B. decurrens,TRUE,TRUE,40,2011-2618-1,3C,United States,Illinois,Peoria,40.7222223,-89.5519444,40.69352232924267,-89.59142458669179,NA,"McClugage Bridge, Maternal lines = 30, Seedheads = 90; 4 packets",2/29/24,3/9/24,1999-11-11T00:00:00Z,Smith,-89.5519444,40.7222223,14 - McClugage Bridge (1999),Homozygous Load
Boltonia_042,0.1046167516794539,0.07733022264049122,0.029295704811685225,Horseshoe Lake (2000),Pop_02,B. decurrens,TRUE,TRUE,42,2011-2609-1,18C,United States,Illinois,Madison,38.6891666,-90.0972222,38.69652811427051,-90.085926104309,NA,"Horseshoe Lake, Maternal lines = 30, Seedheads = 90; 3 packets",2/29/24,3/7/24,2000-11-01T00:00:00Z,Smith,-90.0972222,38.6891666,2 - Horseshoe Lake (2000),Homozygous Load
Boltonia_043,0.10423996370275825,0.07691231926501656,0.03048709102052903,Anderson Lake (2000),Pop_11,B. decurrens,TRUE,TRUE,43,2011-2613-1,1A,United States,Illinois,Fulton,40.2047222,-90.1994444,40.20813714639404,-90.18724497777134,NA,"Anderson Lake, Maternal lines = 30, Seedheads = 61; 2 packets",2/29/24,3/7/24,2000-10-01T00:00:00Z,Smith,-90.1994444,40.2047222,11 - Anderson Lake (2000),Homozygous Load
Boltonia_044,0.08997696883492448,0.06643511967831311,0.024337334462739914,Beardstown (1997),Pop_07,B. decurrens,TRUE,TRUE,44,2011-2636-1,18,United States,Illinois,Cass,40.010555600000004,-90.4458333,40.0178975293398,-90.42445029519196,NA,"Beardstown, Maternal lines = 52, Seedheads = 53; 3 packets",2/29/24,3/7/24,1997-11-21T00:00:00Z,Smith,-90.4458333,40.010555600000004,7 - Beardstown (1997),Homozygous Load
Boltonia_045,0.1036104137916959,0.07625749429084759,0.02925438505877735,Anderson Lake (1997),Pop_10,B. decurrens,TRUE,TRUE,45,2011-2664-1,12,United States,Illinois,Fulton,40.2047222,-90.1994444,40.20744447961278,-90.1871999885973,NA,"Anderson Lake, Maternal lines = 31, Seedheads = 31",2/29/24,3/7/24,1997-11-21T00:00:00Z,Smith,-90.1994444,40.2047222,10 - Anderson Lake (1997),Homozygous Load
Boltonia_046,0.09156889803646366,0.06719030727415119,0.025101749891535647,Frederick Borrow Pit (1999),Pop_08,B. decurrens,TRUE,TRUE,46,2011-2675-1,19B,United States,Illinois,Schuyler,40.0672223,-90.4275,40.07010712467176,-90.42899627731744,NA,"Frederick Borrow Pit, Maternal lines = 30, Seedheads = 90; 3 packets",2/29/24,3/7/24,1999-10-07T00:00:00Z,Smith,-90.4275,40.0672223,8 - Frederick Borrow Pit (1999),Homozygous Load
Boltonia_047,0.10083474236337119,0.07474711909917144,0.028889393908091095,Smith Lake (1998),Pop_05,B. decurrens,TRUE,TRUE,47,2011-2638-1,6A,United States,Illinois,Scott,39.7852777,-90.5902777,39.78656976625663,-90.58910563509704,Smith Lake,NA,2/29/24,3/7/24,1998-11-11T00:00:00Z,Smith,-90.5902777,39.7852777,5 - Smith Lake (1998),Homozygous Load
Boltonia_048,0.09721443788728702,0.07202745658082646,0.02757404844052366,Frederick Borrow Pit (1999),Pop_08,B. decurrens,TRUE,TRUE,48,2011-2675-1,9B,United States,Illinois,Schuyler,40.0672223,-90.4275,40.07010712467176,-90.42899627731744,NA,"Frederick Borrow Pit, Maternal lines = 30, Seedheads = 90; 3 packets",2/29/24,3/7/24,1999-10-07T00:00:00Z,Smith,-90.4275,40.0672223,8 - Frederick Borrow Pit (1999),Homozygous Load
Boltonia_050,0.09004918653045782,0.06672139994340207,0.02508109001508171,Meredosia Lake (1999),Pop_06,B. decurrens,TRUE,TRUE,50,2011-2620-1,12B,United States,Illinois,Morgan,39.8672223,-90.5533333,39.87546015928839,-90.55308508241012,NA,"Meredosia Lake, Maternal lines = 30, Seedheads = 90; 5 packets",2/29/24,3/6/24,1999-10-07T00:00:00Z,Smith,-90.5533333,39.8672223,6 - Meredosia Lake (1999),Homozygous Load
Boltonia_051,0.10432317104761187,0.07694851562037262,0.028744774772913526,West Alton (1999),Pop_03,B. decurrens,TRUE,TRUE,51,2011-2635-1,2,United States,Illinois,Alton,NA,NA,38.86501904919102,-90.22302347588696,NA,"West Alton, Maternal lines = 32, Seedheads = 32; 2 packets",2/29/24,3/7/24,1999-11-07T00:00:00Z,Smith,-90.22302347588696,38.86501904919102,3 - West Alton (1999),Homozygous Load
Boltonia_052,0.09568059683215509,0.0711209024080448,0.025329008532528976,West Alton (1999),Pop_03,B. decurrens,TRUE,TRUE,52,2011-2635-1,21,United States,Illinois,Alton,NA,NA,38.86501904919102,-90.22302347588696,NA,"West Alton, Maternal lines = 32, Seedheads = 32; 2 packets",2/29/24,3/8/24,1999-11-07T00:00:00Z,Smith,-90.22302347588696,38.86501904919102,3 - West Alton (1999),Homozygous Load
Boltonia_053,0.09551418214244783,0.07014031023567117,0.02533589515801362,Hennepin Bridge (1999),Pop_17,B. decurrens,TRUE,TRUE,53,2011-2623-1,19A,United States,Illinois,Hennepin,NA,NA,41.34414603458205,-89.55849691836283,NA,"Hennepin Bridge, Maternal lines = 30, Seedheads = 90; 6 packets",2/29/24,3/6/24,1999-11-11T00:00:00Z,Smith,-89.55849691836283,41.34414603458205,17 - Hennepin Bridge (1999),Homozygous Load
Boltonia_054,0.09943591699988853,0.07411697345819979,0.029591829707525014,McClugage Bridge (1999),Pop_14,B. decurrens,TRUE,TRUE,54,2011-2618-1,2C,United States,Illinois,Peoria,40.7222223,-89.5519444,40.69352232924267,-89.59142458669179,NA,"McClugage Bridge, Maternal lines = 30, Seedheads = 90; 4 packets",2/29/24,3/6/24,1999-11-11T00:00:00Z,Smith,-89.5519444,40.7222223,14 - McClugage Bridge (1999),Homozygous Load
Boltonia_055,0.09980642517697261,0.07354276763914208,0.028331577243834748,Anderson Lake (1997),Pop_10,B. decurrens,TRUE,TRUE,55,2011-2664-1,10,United States,Illinois,Fulton,40.2047222,-90.1994444,40.20744447961278,-90.1871999885973,NA,"Anderson Lake, Maternal lines = 31, Seedheads = 31",3/1/24,Unknown,1997-11-21T00:00:00Z,Smith,-90.1994444,40.2047222,10 - Anderson Lake (1997),Homozygous Load
Boltonia_056,0.09458791169973767,0.0705318889890687,0.02626558959844087,Hennepin Bridge (1999),Pop_17,B. decurrens,TRUE,TRUE,56,2011-2623-1,27B,United States,Illinois,Hennepin,NA,NA,41.34414603458205,-89.55849691836283,NA,"Hennepin Bridge, Maternal lines = 30, Seedheads = 90; 6 packets",2/29/24,3/5/24,1999-11-11T00:00:00Z,Smith,-89.55849691836283,41.34414603458205,17 - Hennepin Bridge (1999),Homozygous Load
Boltonia_057,0.09226124594364193,0.06851147424464787,0.02574220606160775,Hennepin Bridge (1999),Pop_17,B. decurrens,TRUE,TRUE,57,2011-2623-1,25C,United States,Illinois,Hennepin,NA,NA,41.34414603458205,-89.55849691836283,NA,"Hennepin Bridge, Maternal lines = 30, Seedheads = 90; 6 packets",2/29/24,3/7/24,1999-11-11T00:00:00Z,Smith,-89.55849691836283,41.34414603458205,17 - Hennepin Bridge (1999),Homozygous Load
Boltonia_058,0.0819984834283938,0.06009582162436081,0.02426846820789345,Gilbert Lake (1997),Pop_04,B. decurrens,TRUE,TRUE,58,2011-2598-1,L7B,United States,Illinois,Jersey,NA,NA,38.96139842380207,-90.51481032460988,NA,"Gilbert Lake, Maternal lines = 32, Seedheads = 98; 6 packets",2/29/24,3/7/24,1997-11-08T00:00:00Z,Smith,-90.51481032460988,38.96139842380207,4 - Gilbert Lake (1997),Homozygous Load
Boltonia_059,0.09412948632809127,0.06924856366280792,0.025659566555791997,Meredosia Lake (1999),Pop_06,B. decurrens,TRUE,TRUE,59,2011-2620-1,7B,United States,Illinois,Morgan,39.8672223,-90.5533333,39.87546015928839,-90.55308508241012,NA,"Meredosia Lake, Maternal lines = 30, Seedheads = 90; 5 packets",3/1/24,3/10/24,1999-10-07T00:00:00Z,Smith,-90.5533333,39.8672223,6 - Meredosia Lake (1999),Homozygous Load
Boltonia_060,0.09504633707138405,0.07003830232512225,0.026382662231679854,Hennepin Bridge (1999),Pop_17,B. decurrens,TRUE,TRUE,60,2011-2623-1,28C,United States,Illinois,Hennepin,NA,NA,41.34414603458205,-89.55849691836283,NA,"Hennepin Bridge, Maternal lines = 30, Seedheads = 90; 6 packets",3/1/24,3/8/24,1999-11-11T00:00:00Z,Smith,-89.55849691836283,41.34414603458205,17 - Hennepin Bridge (1999),Homozygous Load
Boltonia_061,0.10010628560842623,0.07367110017176816,0.028407330124165856,Anderson Lake (2000),Pop_11,B. decurrens,TRUE,TRUE,61,2011-2613-1,17A,United States,Illinois,Fulton,40.2047222,-90.1994444,40.20813714639404,-90.18724497777134,NA,"Anderson Lake, Maternal lines = 30, Seedheads = 61; 2 packets",3/2/24,3/13/24,2000-10-01T00:00:00Z,Smith,-90.1994444,40.2047222,11 - Anderson Lake (2000),Homozygous Load
Boltonia_062,0.10240940211597847,0.07577871522681953,0.02847619637901232,Anderson Lake (1997),Pop_10,B. decurrens,TRUE,TRUE,62,2011-2664-1,12,United States,Illinois,Fulton,40.2047222,-90.1994444,40.20744447961278,-90.1871999885973,NA,"Anderson Lake, Maternal lines = 31, Seedheads = 31",2/29/24,3/6/24,1997-11-21T00:00:00Z,Smith,-90.1994444,40.2047222,10 - Anderson Lake (1997),Homozygous Load
Boltonia_063,0.0943273000158565,0.06973721446011491,0.026912932393997616,Woodford County (1999),Pop_15,B. decurrens,TRUE,TRUE,63,2011-2650-1,10C,United States,Illinois,Woodford,40.8852777,-89.4583333,40.84668797480775,-89.0297386240063,NA,"Woodford County, Maternal lines = 30, Seedheads = 90; 6 packets",3/1/24,3/13/24,1999-11-11T00:00:00Z,Smith,-89.4583333,40.8852777,15 - Woodford County (1999),Homozygous Load
Boltonia_064,0.1023937026169495,0.07572277540490559,0.02836601037125798,Fairmont City (1997),Pop_01,B. decurrens,TRUE,TRUE,64,2011-2599-1,7,United States,Illinois,Saint Clair,38.6494444,-90.1161111,38.6515072789885,-90.10298738781108,NA,"Fairmont City, Maternal lines = 28, Seedheads = 28; 2 packets",3/1/24,3/8/24,1997-12-05T00:00:00Z,Smith,-90.1161111,38.6494444,1 - Fairmont City (1997),Homozygous Load
Boltonia_065,0.0967921213634073,0.07222982711304451,0.02831091736738081,Hennepin Bridge (1999),Pop_17,B. decurrens,TRUE,TRUE,65,2011-2623-1,21A,United States,Illinois,Hennepin,NA,NA,41.34414603458205,-89.55849691836283,NA,"Hennepin Bridge, Maternal lines = 30, Seedheads = 90; 6 packets",2/29/24,3/8/24,1999-11-11T00:00:00Z,Smith,-89.55849691836283,41.34414603458205,17 - Hennepin Bridge (1999),Homozygous Load
Boltonia_066,0.09377938749974489,0.06947890410598292,0.025955691451631787,Sparland (1999),Pop_16,B. decurrens,TRUE,TRUE,66,2011-2629-1,14A,United States,Illinois,Marshal,41.045,-89.4311111,41.02868892611459,-89.43846248262098,NA,"Sparland, Maternal lines = 30, Seedheads = 90; 3 packets",2/29/24,3/8/24,1999-11-11T00:00:00Z,Smith,-89.4311111,41.045,16 - Sparland (1999),Homozygous Load
Boltonia_067,0.07685375759659509,0.057172143284917966,0.02127967274755697,Gilbert Lake (1997),Pop_04,B. decurrens,TRUE,TRUE,67,2011-2598-1,L4B,United States,Illinois,Jersey,NA,NA,38.96139842380207,-90.51481032460988,NA,"Gilbert Lake, Maternal lines = 32, Seedheads = 98; 6 packets",2/29/24,3/5/24,1997-11-08T00:00:00Z,Smith,-90.51481032460988,38.96139842380207,4 - Gilbert Lake (1997),Homozygous Load
Boltonia_070,0.0902815391160868,0.06679708323187385,0.024440633845009607,Cooper Park (2000),Pop_13,B. decurrens,TRUE,TRUE,70,2011-2661-1,4A,United States,Illinois,Tazewell,NA,NA,40.69584983597212,-89.54394792156027,NA,"Cooper park South, Maternal lines = 43, Seedheads = 73; 4 packets",2/29/24,3/7/24,2000-10-01T00:00:00Z,Smith,-89.54394792156027,40.69584983597212,13 - Cooper Park (2000),Homozygous Load
Boltonia_071,0.0935423250644072,0.06865790495495198,0.02570777293418452,Meredosia Lake (1999),Pop_06,B. decurrens,TRUE,TRUE,71,2011-2620-1,19A,United States,Illinois,Morgan,39.8672223,-90.5533333,39.87546015928839,-90.55308508241012,NA,"Meredosia Lake, Maternal lines = 30, Seedheads = 90; 5 packets",3/1/24,3/9/24,1999-10-07T00:00:00Z,Smith,-90.5533333,39.8672223,6 - Meredosia Lake (1999),Homozygous Load
Boltonia_072,0.10798272427126851,0.07972411796063153,0.03076255603991488,Horseshoe Lake (2000),Pop_02,B. decurrens,TRUE,TRUE,72,2011-2609-1,X1,United States,Illinois,Madison,38.6891666,-90.0972222,38.69652811427051,-90.085926104309,NA,"Horseshoe Lake, Maternal lines = 30, Seedheads = 90; 3 packets",2/29/24,3/8/24,2000-11-01T00:00:00Z,Smith,-90.0972222,38.6891666,2 - Horseshoe Lake (2000),Homozygous Load
Boltonia_073,0.0935234856655724,0.06955623268333454,0.026107197212294004,Sparland (1999),Pop_16,B. decurrens,TRUE,TRUE,73,2011-2629-1,3B,United States,Illinois,Marshal,41.045,-89.4311111,41.02868892611459,-89.43846248262098,NA,"Sparland, Maternal lines = 30, Seedheads = 90; 3 packets",2/29/24,3/8/24,1999-11-11T00:00:00Z,Smith,-89.4311111,41.045,16 - Sparland (1999),Homozygous Load
Boltonia_074,0.0933068325789724,0.06768224864921783,0.02467477911148758,Rice Lake (1999),Pop_12,B. decurrens,TRUE,TRUE,74,2011-2666-1,19C,United States,Illinois,Fulton,40.4925,-89.9022222,40.46699902833787,-89.9485498557629,NA,"Rice Lake, Maternal lines = 30, Seedheads = 90; 3 packets",2/29/24,3/8/24,1999-10-14T00:00:00Z,Smith,-89.9022222,40.4925,12 - Rice Lake (1999),Homozygous Load
Boltonia_075,0.09044167400618246,0.06676417745427742,0.0244544070959789,Smith Lake (1998),Pop_05,B. decurrens,TRUE,TRUE,75,2011-2638-1,24B,United States,Illinois,Scott,39.7852777,-90.5902777,39.78656976625663,-90.58910563509704,Smith Lake,NA,2/29/24,3/7/24,1998-11-11T00:00:00Z,Smith,-90.5902777,39.7852777,5 - Smith Lake (1998),Homozygous Load
Boltonia_076,0.09334608132654487,0.06816596357988536,0.025329008532528976,Meredosia Lake (1999),Pop_06,B. decurrens,TRUE,TRUE,76,2011-2620-1,20A,United States,Illinois,Morgan,39.8672223,-90.5533333,39.87546015928839,-90.55308508241012,NA,"Meredosia Lake, Maternal lines = 30, Seedheads = 90; 5 packets",2/29/24,3/7/24,1999-10-07T00:00:00Z,Smith,-90.5533333,39.8672223,6 - Meredosia Lake (1999),Homozygous Load
Boltonia_077,0.09245277983179556,0.0677480602044107,0.025528720671583717,Woodford County (1999),Pop_15,B. decurrens,TRUE,TRUE,77,2011-2650-1,19C,United States,Illinois,Woodford,40.8852777,-89.4583333,40.84668797480775,-89.0297386240063,NA,"Woodford County, Maternal lines = 30, Seedheads = 90; 6 packets",2/29/24,3/8/24,1999-11-11T00:00:00Z,Smith,-89.4583333,40.8852777,15 - Woodford County (1999),Homozygous Load
Boltonia_078,0.08693911577281568,0.06423043257935228,0.02312528837744217,Frederick Landing (2011),Pop_09,B. decurrens,TRUE,TRUE,78,2011-2659-1,11A,United States,Illinois,Frederick,NA,NA,40.07116308939078,-90.429571958886,NA,"Frederick Landing, Maternal lines = 15, Seedheads = 44; 2 packets",2/29/24,3/7/24,2011-12-01T00:00:00Z,Smith,-90.429571958886,40.07116308939078,9 - Frederick Landing (2011),Homozygous Load
Boltonia_079,0.09558325993817537,0.07157500213887555,0.028042338973479606,Frederick Borrow Pit (1999),Pop_08,B. decurrens,TRUE,TRUE,79,2011-2675-1,29B,United States,Illinois,Schuyler,40.0672223,-90.4275,40.07010712467176,-90.42899627731744,NA,"Frederick Borrow Pit, Maternal lines = 30, Seedheads = 90; 3 packets",2/29/24,3/8/24,1999-10-07T00:00:00Z,Smith,-90.4275,40.0672223,8 - Frederick Borrow Pit (1999),Homozygous Load
Boltonia_080,0.09696952570243483,0.07122126502971392,0.027429429305346087,Woodford County (1999),Pop_15,B. decurrens,TRUE,TRUE,80,2011-2650-1,27B,United States,Illinois,Woodford,40.8852777,-89.4583333,40.84668797480775,-89.0297386240063,NA,"Woodford County, Maternal lines = 30, Seedheads = 90; 6 packets",2/29/24,3/12/24,1999-11-11T00:00:00Z,Smith,-89.4583333,40.8852777,15 - Woodford County (1999),Homozygous Load
Boltonia_081,0.09424723257080866,0.069561168549974,0.02587993857130068,Hennepin Bridge (1999),Pop_17,B. decurrens,TRUE,TRUE,81,2011-2623-1,28C,United States,Illinois,Hennepin,NA,NA,41.34414603458205,-89.55849691836283,NA,"Hennepin Bridge, Maternal lines = 30, Seedheads = 90; 6 packets",2/29/24,3/8/24,1999-11-11T00:00:00Z,Smith,-89.55849691836283,41.34414603458205,17 - Hennepin Bridge (1999),Homozygous Load
Boltonia_083,0.07570612421757622,0.056757530487202945,0.021858149288267258,Gilbert Lake (1997),Pop_04,B. decurrens,TRUE,TRUE,83,2011-2598-1,S11C,United States,Illinois,Jersey,NA,NA,38.96139842380207,-90.51481032460988,NA,"Gilbert Lake, Maternal lines = 32, Seedheads = 98; 6 packets",2/29/24,3/17/34,1997-11-08T00:00:00Z,Smith,-90.51481032460988,38.96139842380207,4 - Gilbert Lake (1997),Homozygous Load
Boltonia_084,0.09333666162712748,0.06967304819380186,0.025390988161890792,Frederick Borrow Pit (1999),Pop_08,B. decurrens,TRUE,TRUE,84,2011-2675-1,5A,United States,Illinois,Schuyler,40.0672223,-90.4275,40.07010712467176,-90.42899627731744,NA,"Frederick Borrow Pit, Maternal lines = 30, Seedheads = 90; 3 packets",2/29/24,3/8/24,1999-10-07T00:00:00Z,Smith,-90.4275,40.0672223,8 - Frederick Borrow Pit (1999),Homozygous Load
Boltonia_085,0.08976659554793606,0.0657227095933504,0.024461293721463547,Woodford County (1999),Pop_15,B. decurrens,TRUE,TRUE,85,2011-2650-1,1A,United States,Illinois,Woodford,40.8852777,-89.4583333,40.84668797480775,-89.0297386240063,NA,"Woodford County, Maternal lines = 30, Seedheads = 90; 6 packets",2/29/24,3/6/24,1999-11-11T00:00:00Z,Smith,-89.4583333,40.8852777,15 - Woodford County (1999),Homozygous Load
Boltonia_086,0.09675758246554353,0.07170497996038144,0.026809633011727924,Smith Lake (1998),Pop_05,B. decurrens,TRUE,TRUE,86,2011-2638-1,30B,United States,Illinois,Scott,39.7852777,-90.5902777,39.78656976625663,-90.58910563509704,Smith Lake,NA,2/29/24,Unknown,1998-11-11T00:00:00Z,Smith,-90.5902777,39.7852777,5 - Smith Lake (1998),Homozygous Load
Boltonia_087,0.0891653047351259,0.06597608408084292,0.02437865421564779,Sparland (1999),Pop_16,B. decurrens,TRUE,TRUE,87,2011-2629-1,17B,United States,Illinois,Marshal,41.045,-89.4311111,41.02868892611459,-89.43846248262098,NA,"Sparland, Maternal lines = 30, Seedheads = 90; 3 packets",2/29/24,3/7/24,1999-11-11T00:00:00Z,Smith,-89.4311111,41.045,16 - Sparland (1999),Homozygous Load
Boltonia_088,0.09070542558986942,0.06688099296474476,0.023924136933661137,Anderson Lake (1997),Pop_10,B. decurrens,TRUE,TRUE,88,2011-2664-1,7,United States,Illinois,Fulton,40.2047222,-90.1994444,40.20744447961278,-90.1871999885973,NA,"Anderson Lake, Maternal lines = 31, Seedheads = 31",2/29/24,3/8/24,1997-11-21T00:00:00Z,Smith,-90.1994444,40.2047222,10 - Anderson Lake (1997),Homozygous Load
Boltonia_089,0.09159244728500714,0.06774970549329051,0.02543230791479867,Sparland (1999),Pop_16,B. decurrens,TRUE,TRUE,89,2011-2629-1,1C,United States,Illinois,Marshal,41.045,-89.4311111,41.02868892611459,-89.43846248262098,NA,"Sparland, Maternal lines = 30, Seedheads = 90; 3 packets",2/29/24,3/7/24,1999-11-11T00:00:00Z,Smith,-89.4311111,41.045,16 - Sparland (1999),Homozygous Load
Boltonia_090,0.09356901421275647,0.06896721926435843,0.025845505443877446,Sparland (1999),Pop_16,B. decurrens,TRUE,TRUE,90,2011-2629-1,1C,United States,Illinois,Marshal,41.045,-89.4311111,41.02868892611459,-89.43846248262098,NA,"Sparland, Maternal lines = 30, Seedheads = 90; 3 packets",2/29/24,Unknown,1999-11-11T00:00:00Z,Smith,-89.4311111,41.045,16 - Sparland (1999),Homozygous Load
Boltonia_091,0.07679095960047914,0.056762466353842404,0.02174107665502827,Gilbert Lake (1997),Pop_04,B. decurrens,TRUE,TRUE,91,2011-2598-1,L9D,United States,Illinois,Jersey,NA,NA,38.96139842380207,-90.51481032460988,NA,"Gilbert Lake, Maternal lines = 32, Seedheads = 98; 6 packets",2/29/24,3/7/24,1997-11-08T00:00:00Z,Smith,-90.51481032460988,38.96139842380207,4 - Gilbert Lake (1997),Homozygous Load
Boltonia_092,0.0972207176868986,0.07185305595956538,0.027284810170168514,Anderson Lake (2000),Pop_11,B. decurrens,TRUE,TRUE,92,2011-2613-1,14B,United States,Illinois,Fulton,40.2047222,-90.1994444,40.20813714639404,-90.18724497777134,NA,"Anderson Lake, Maternal lines = 30, Seedheads = 61; 2 packets",2/29/24,3/8/24,2000-10-01T00:00:00Z,Smith,-90.1994444,40.2047222,11 - Anderson Lake (2000),Homozygous Load
Boltonia_093,0.09189544761626657,0.06715411091879513,0.025108636517020295,Rice Lake (1999),Pop_12,B. decurrens,TRUE,TRUE,93,2011-2666-1,7B,United States,Illinois,Fulton,40.4925,-89.9022222,40.46699902833787,-89.9485498557629,NA,"Rice Lake, Maternal lines = 30, Seedheads = 90; 3 packets",2/29/24,3/5/24,1999-10-14T00:00:00Z,Smith,-89.9022222,40.4925,12 - Rice Lake (1999),Homozygous Load
Boltonia_094,0.08799098220775775,0.06465162653258659,0.023380093520374082,Smith Lake (1998),Pop_05,B. decurrens,TRUE,TRUE,94,2011-2638-1,12C,United States,Illinois,Scott,39.7852777,-90.5902777,39.78656976625663,-90.58910563509704,Smith Lake,NA,2/29/24,3/8/24,1998-11-11T00:00:00Z,Smith,-90.5902777,39.7852777,5 - Smith Lake (1998),Homozygous Load
Boltonia_095,0.08991731073861434,0.06597279350308327,0.02404809619238477,Rice Lake (1999),Pop_12,B. decurrens,TRUE,TRUE,95,2011-2666-1,18A,United States,Illinois,Fulton,40.4925,-89.9022222,40.46699902833787,-89.9485498557629,NA,"Rice Lake, Maternal lines = 30, Seedheads = 90; 3 packets",2/29/24,3/21/24,1999-10-14T00:00:00Z,Smith,-89.9022222,40.4925,12 - Rice Lake (1999),Homozygous Load
Boltonia_096,0.09766815340922472,0.07223147240192433,0.02745697580728467,Meredosia Lake (1999),Pop_06,B. decurrens,TRUE,TRUE,96,2011-2620-1,19A,United States,Illinois,Morgan,39.8672223,-90.5533333,39.87546015928839,-90.55308508241012,NA,"Meredosia Lake, Maternal lines = 30, Seedheads = 90; 5 packets",3/1/24,3/10/24,1999-10-07T00:00:00Z,Smith,-90.5533333,39.8672223,6 - Meredosia Lake (1999),Homozygous Load
Boltonia_097,0.11563309014809338,0.08455797668954715,0.03546612124592828,Frederick Landing (2011),Pop_09,B. decurrens,TRUE,TRUE,97,2011-2659-1,1B,United States,Illinois,Frederick,NA,NA,40.07116308939078,-90.429571958886,NA,"Frederick Landing, Maternal lines = 15, Seedheads = 44; 2 packets",2/29/24,3/7/24,2011-12-01T00:00:00Z,Smith,-90.429571958886,40.07116308939078,9 - Frederick Landing (2011),Homozygous Load
Boltonia_098,0.08974932609900418,0.06682998900947028,0.024578366354702532,McClugage Bridge (1999),Pop_14,B. decurrens,TRUE,TRUE,98,2011-2618-1,25A,United States,Illinois,Peoria,40.7222223,-89.5519444,40.69352232924267,-89.59142458669179,NA,"McClugage Bridge, Maternal lines = 30, Seedheads = 90; 4 packets",2/29/24,3/8/24,1999-11-11T00:00:00Z,Smith,-89.5519444,40.7222223,14 - McClugage Bridge (1999),Homozygous Load
Boltonia_099,0.09310587899140138,0.06874345997670271,0.025094863266051003,Rice Lake (1999),Pop_12,B. decurrens,TRUE,TRUE,99,2011-2666-1,21C,United States,Illinois,Fulton,40.4925,-89.9022222,40.46699902833787,-89.9485498557629,NA,"Rice Lake, Maternal lines = 30, Seedheads = 90; 3 packets",2/29/24,3/6/24,1999-10-14T00:00:00Z,Smith,-89.9022222,40.4925,12 - Rice Lake (1999),Homozygous Load
Boltonia_100,0.10307192097500169,0.07556153709468308,0.02994993423272662,Anderson Lake (2000),Pop_11,B. decurrens,TRUE,TRUE,100,2011-2613-1,1A,United States,Illinois,Fulton,40.2047222,-90.1994444,40.20813714639404,-90.18724497777134,NA,"Anderson Lake, Maternal lines = 30, Seedheads = 61; 2 packets",2/29/24,3/14/24,2000-10-01T00:00:00Z,Smith,-90.1994444,40.2047222,11 - Anderson Lake (2000),Homozygous Load
Boltonia_101,0.0888199157564882,0.06542162172834307,0.02288425648547955,Frederick Borrow Pit (1999),Pop_08,B. decurrens,TRUE,TRUE,101,2011-2675-1,21C,United States,Illinois,Schuyler,40.0672223,-90.4275,40.07010712467176,-90.42899627731744,NA,"Frederick Borrow Pit, Maternal lines = 30, Seedheads = 90; 3 packets",3/1/24,3/8/24,1999-10-07T00:00:00Z,Smith,-90.4275,40.0672223,8 - Frederick Borrow Pit (1999),Homozygous Load
Boltonia_102,0.09142917249510568,0.06857399522208109,0.02793903959120991,Gilbert Lake (1997),Pop_04,B. decurrens,TRUE,TRUE,102,2011-2598-1,L4B,United States,Illinois,Jersey,NA,NA,38.96139842380207,-90.51481032460988,NA,"Gilbert Lake, Maternal lines = 32, Seedheads = 98; 6 packets",2/29/24,3/7/24,1997-11-08T00:00:00Z,Smith,-90.51481032460988,38.96139842380207,4 - Gilbert Lake (1997),Homozygous Load
Boltonia_103,0.08232503300819671,0.06040842651152689,0.024681665736972225,Gilbert Lake (1997),Pop_04,B. decurrens,TRUE,TRUE,103,2011-2598-1,L5A,United States,Illinois,Jersey,NA,NA,38.96139842380207,-90.51481032460988,NA,"Gilbert Lake, Maternal lines = 32, Seedheads = 98; 6 packets",2/29/24,3/7/24,1997-11-08T00:00:00Z,Smith,-90.51481032460988,38.96139842380207,4 - Gilbert Lake (1997),Homozygous Load
Boltonia_105,0.09224240654480716,0.06888660010924719,0.02585927869484674,McClugage Bridge (1999),Pop_14,B. decurrens,TRUE,TRUE,105,2011-2618-1,7B,United States,Illinois,Peoria,40.7222223,-89.5519444,40.69352232924267,-89.59142458669179,NA,"McClugage Bridge, Maternal lines = 30, Seedheads = 90; 4 packets",2/29/24,3/7/24,1999-11-11T00:00:00Z,Smith,-89.5519444,40.7222223,14 - McClugage Bridge (1999),Homozygous Load
Boltonia_106,0.09468053874400868,0.06943777188398739,0.026045217582932188,Anderson Lake (2000),Pop_11,B. decurrens,TRUE,TRUE,106,2011-2613-1,22A,United States,Illinois,Fulton,40.2047222,-90.1994444,40.20813714639404,-90.18724497777134,NA,"Anderson Lake, Maternal lines = 30, Seedheads = 61; 2 packets",2/29/24,3/8/24,2000-10-01T00:00:00Z,Smith,-90.1994444,40.2047222,11 - Anderson Lake (2000),Homozygous Load
Boltonia_107,0.09235073308810716,0.06797346478094624,0.02514995626992817,Woodford County (1999),Pop_15,B. decurrens,TRUE,TRUE,107,2011-2650-1,30C,United States,Illinois,Woodford,40.8852777,-89.4583333,40.84668797480775,-89.0297386240063,NA,"Woodford County, Maternal lines = 30, Seedheads = 90; 6 packets",2/29/24,3/8/24,1999-11-11T00:00:00Z,Smith,-89.4583333,40.8852777,15 - Woodford County (1999),Homozygous Load
Boltonia_108,0.09535090735254638,0.07064376863289656,0.02733301654856104,McClugage Bridge (1999),Pop_14,B. decurrens,TRUE,TRUE,108,2011-2618-1,27C,United States,Illinois,Peoria,40.7222223,-89.5519444,40.69352232924267,-89.59142458669179,NA,"McClugage Bridge, Maternal lines = 30, Seedheads = 90; 4 packets",2/29/24,3/8/24,1999-11-11T00:00:00Z,Smith,-89.5519444,40.7222223,14 - McClugage Bridge (1999),Homozygous Load
Boltonia_109,0.0945408132026507,0.06946903237270399,0.025163729520897463,Meredosia Lake (1999),Pop_06,B. decurrens,TRUE,TRUE,109,2011-2620-1,13A,United States,Illinois,Morgan,39.8672223,-90.5533333,39.87546015928839,-90.55308508241012,NA,"Meredosia Lake, Maternal lines = 30, Seedheads = 90; 5 packets",3/1/24,3/7/24,1999-10-07T00:00:00Z,Smith,-90.5533333,39.8672223,6 - Meredosia Lake (1999),Homozygous Load
Boltonia_110,0.09664140617272902,0.07052695312242924,0.026609920872673182,Anderson Lake (1997),Pop_10,B. decurrens,TRUE,TRUE,110,2011-2664-1,1,United States,Illinois,Fulton,40.2047222,-90.1994444,40.20744447961278,-90.1871999885973,NA,"Anderson Lake, Maternal lines = 31, Seedheads = 31",2/29/24,3/10/24,1997-11-21T00:00:00Z,Smith,-90.1994444,40.2047222,10 - Anderson Lake (1997),Homozygous Load
Boltonia_111,0.09065832709278247,0.06583952510381773,0.024110075821746586,Rice Lake (1999),Pop_12,B. decurrens,TRUE,TRUE,111,2011-2666-1,28A,United States,Illinois,Fulton,40.4925,-89.9022222,40.46699902833787,-89.9485498557629,NA,"Rice Lake, Maternal lines = 30, Seedheads = 90; 3 packets",2/29/24,3/7/24,1999-10-14T00:00:00Z,Smith,-89.9022222,40.4925,12 - Rice Lake (1999),Homozygous Load
Boltonia_112,0.08990161123958534,0.06606163910259363,0.024172055451108402,Rice Lake (1999),Pop_12,B. decurrens,TRUE,TRUE,112,2011-2666-1,3B,United States,Illinois,Fulton,40.4925,-89.9022222,40.46699902833787,-89.9485498557629,NA,"Rice Lake, Maternal lines = 30, Seedheads = 90; 3 packets",2/29/24,3/10/24,1999-10-14T00:00:00Z,Smith,-89.9022222,40.4925,12 - Rice Lake (1999),Homozygous Load
Boltonia_113,0.08933956917434764,0.06561412052728217,0.024537046601794656,Anderson Lake (1997),Pop_10,B. decurrens,TRUE,TRUE,113,2011-2664-1,7,United States,Illinois,Fulton,40.2047222,-90.1994444,40.20744447961278,-90.1871999885973,NA,"Anderson Lake, Maternal lines = 31, Seedheads = 31",2/29/24,3/8/24,1997-11-21T00:00:00Z,Smith,-90.1994444,40.2047222,10 - Anderson Lake (1997),Homozygous Load
Boltonia_114,0.09496783957623912,0.07115216289676142,0.02487449125054232,Fairmont City (1997),Pop_01,B. decurrens,TRUE,TRUE,114,2011-2599-1,27,United States,Illinois,Saint Clair,38.6494444,-90.1161111,38.6515072789885,-90.10298738781108,NA,"Fairmont City, Maternal lines = 28, Seedheads = 28; 2 packets",3/1/24,3/9/24,1997-12-05T00:00:00Z,Smith,-90.1161111,38.6494444,1 - Fairmont City (1997),Homozygous Load
Boltonia_115,0.08724054615417222,0.06424853075703033,0.022636337968032286,Frederick Landing (2011),Pop_09,B. decurrens,TRUE,TRUE,115,2011-2659-1,10C,United States,Illinois,Frederick,NA,NA,40.07116308939078,-90.429571958886,NA,"Frederick Landing, Maternal lines = 15, Seedheads = 44; 2 packets",2/29/24,3/7/24,2011-12-01T00:00:00Z,Smith,-90.429571958886,40.07116308939078,9 - Frederick Landing (2011),Homozygous Load
Boltonia_116,0.09670106426903917,0.07199784138098968,0.027215943915322054,McClugage Bridge (1999),Pop_14,B. decurrens,TRUE,TRUE,116,2011-2618-1,24B,United States,Illinois,Peoria,40.7222223,-89.5519444,40.69352232924267,-89.59142458669179,NA,"McClugage Bridge, Maternal lines = 30, Seedheads = 90; 4 packets",2/29/24,3/7/24,1999-11-11T00:00:00Z,Smith,-89.5519444,40.7222223,14 - McClugage Bridge (1999),Homozygous Load
Boltonia_117,0.09291277515334485,0.06812812193564946,0.025659566555791997,Rice Lake (1999),Pop_12,B. decurrens,TRUE,TRUE,117,2011-2666-1,16B,United States,Illinois,Fulton,40.4925,-89.9022222,40.46699902833787,-89.9485498557629,NA,"Rice Lake, Maternal lines = 30, Seedheads = 90; 3 packets",3/1/24,3/7/24,1999-10-14T00:00:00Z,Smith,-89.9022222,40.4925,12 - Rice Lake (1999),Homozygous Load
Boltonia_118,0.08994085998715781,0.06590862723677023,0.023758857922029628,Frederick Borrow Pit (1999),Pop_08,B. decurrens,TRUE,TRUE,118,2011-2675-1,23A,United States,Illinois,Schuyler,40.0672223,-90.4275,40.07010712467176,-90.42899627731744,NA,"Frederick Borrow Pit, Maternal lines = 30, Seedheads = 90; 3 packets",2/29/24,3/7/24,1999-10-07T00:00:00Z,Smith,-90.4275,40.0672223,8 - Frederick Borrow Pit (1999),Homozygous Load
Boltonia_119,0.08784968671649687,0.0647207286655391,0.024227148454985574,Frederick Borrow Pit (1999),Pop_08,B. decurrens,TRUE,TRUE,119,2011-2675-1,18A,United States,Illinois,Schuyler,40.0672223,-90.4275,40.07010712467176,-90.42899627731744,NA,"Frederick Borrow Pit, Maternal lines = 30, Seedheads = 90; 3 packets",3/2/24,3/10/24,1999-10-07T00:00:00Z,Smith,-90.4275,40.0672223,8 - Frederick Borrow Pit (1999),Homozygous Load
Boltonia_120,0.10554145217226119,0.07635621162363687,0.030976041429938917,Anderson Lake (1997),Pop_10,B. decurrens,TRUE,TRUE,120,2011-2664-1,9,United States,Illinois,Fulton,40.2047222,-90.1994444,40.20744447961278,-90.1871999885973,NA,"Anderson Lake, Maternal lines = 31, Seedheads = 31",2/29/24,3/8/24,1997-11-21T00:00:00Z,Smith,-90.1994444,40.2047222,10 - Anderson Lake (1997),Homozygous Load
Boltonia_121,0.10973007851319465,0.08121804026350947,0.032732130928523714,Anderson Lake (1997),Pop_10,B. decurrens,TRUE,TRUE,121,2011-2664-1,8,United States,Illinois,Fulton,40.2047222,-90.1994444,40.20744447961278,-90.1871999885973,NA,"Anderson Lake, Maternal lines = 31, Seedheads = 31",2/29/24,3/6/24,1997-11-21T00:00:00Z,Smith,-90.1994444,40.2047222,10 - Anderson Lake (1997),Homozygous Load
Boltonia_123,0.09029880856501869,0.06636930812312025,0.02477119186827263,Woodford County (1999),Pop_15,B. decurrens,TRUE,TRUE,123,2011-2650-1,11B,United States,Illinois,Woodford,40.8852777,-89.4583333,40.84668797480775,-89.0297386240063,NA,"Woodford County, Maternal lines = 30, Seedheads = 90; 6 packets",3/1/24,3/9/24,1999-11-11T00:00:00Z,Smith,-89.4583333,40.8852777,15 - Woodford County (1999),Homozygous Load
Boltonia_124,0.09204302290713903,0.06774970549329051,0.025528720671583717,Woodford County (1999),Pop_15,B. decurrens,TRUE,TRUE,124,2011-2650-1,8B,United States,Illinois,Woodford,40.8852777,-89.4583333,40.84668797480775,-89.0297386240063,NA,"Woodford County, Maternal lines = 30, Seedheads = 90; 6 packets",2/29/24,3/12/24,1999-11-11T00:00:00Z,Smith,-89.4583333,40.8852777,15 - Woodford County (1999),Homozygous Load
Boltonia_125,0.10327444451247561,0.0761357429137408,0.030204739375658533,Sparland (1999),Pop_16,B. decurrens,TRUE,TRUE,125,2011-2629-1,14A,United States,Illinois,Marshal,41.045,-89.4311111,41.02868892611459,-89.43846248262098,NA,"Sparland, Maternal lines = 30, Seedheads = 90; 3 packets",2/29/24,3/7/24,1999-11-11T00:00:00Z,Smith,-89.4311111,41.045,16 - Sparland (1999),Homozygous Load
Boltonia_126,0.10103098610123351,0.0744460312341641,0.027815080332486277,West Alton (1999),Pop_03,B. decurrens,TRUE,TRUE,127,2011-2635-1,8,United States,Illinois,Alton,NA,NA,38.86501904919102,-90.22302347588696,NA,"West Alton, Maternal lines = 32, Seedheads = 32; 2 packets",2/29/24,Unknown,1999-11-07T00:00:00Z,Smith,-90.22302347588696,38.86501904919102,3 - West Alton (1999),Homozygous Load
Boltonia_127,0.09066931674210275,0.06724953767382477,0.024020549690446185,Cooper Park (2000),Pop_13,B. decurrens,TRUE,TRUE,126,2011-2661-1,10B,United States,Illinois,Tazewell,NA,NA,40.69584983597212,-89.54394792156027,NA,"Cooper park South, Maternal lines = 43, Seedheads = 73; 4 packets",3/1/24,3/10/24,2000-10-01T00:00:00Z,Smith,-89.54394792156027,40.69584983597212,13 - Cooper Park (2000),Homozygous Load
Boltonia_128,0.0906253581448216,0.06724624709606512,0.024805624995695857,Cooper Park (2000),Pop_13,B. decurrens,TRUE,TRUE,128,2011-2661-1,26A,United States,Illinois,Tazewell,NA,NA,40.69584983597212,-89.54394792156027,NA,"Cooper park South, Maternal lines = 43, Seedheads = 73; 4 packets",3/2/24,3/12/24,2000-10-01T00:00:00Z,Smith,-89.54394792156027,40.69584983597212,13 - Cooper Park (2000),Homozygous Load
Boltonia_129,0.08846667702833602,0.06518305484076894,0.02402743631593083,Frederick Borrow Pit (1999),Pop_08,B. decurrens,TRUE,TRUE,129,2011-2675-1,15B,United States,Illinois,Schuyler,40.0672223,-90.4275,40.07010712467176,-90.42899627731744,NA,"Frederick Borrow Pit, Maternal lines = 30, Seedheads = 90; 3 packets",2/29/24,3/6/24,1999-10-07T00:00:00Z,Smith,-90.4275,40.0672223,8 - Frederick Borrow Pit (1999),Homozygous Load
Boltonia_130,0.09075409403685929,0.06762795411618372,0.02514995626992817,Sparland (1999),Pop_16,B. decurrens,TRUE,TRUE,130,2011-2629-1,22B,United States,Illinois,Marshal,41.045,-89.4311111,41.02868892611459,-89.43846248262098,NA,"Sparland, Maternal lines = 30, Seedheads = 90; 3 packets",2/29/24,3/12/24,1999-11-11T00:00:00Z,Smith,-89.4311111,41.045,16 - Sparland (1999),Homozygous Load
Boltonia_131,0.10754784814816559,0.07946087173986008,0.0320159218781205,Hennepin Bridge (1999),Pop_17,B. decurrens,TRUE,TRUE,131,2011-2623-1,12A,United States,Illinois,Hennepin,NA,NA,41.34414603458205,-89.55849691836283,NA,"Hennepin Bridge, Maternal lines = 30, Seedheads = 90; 6 packets",2/29/24,3/8/24,1999-11-11T00:00:00Z,Smith,-89.55849691836283,41.34414603458205,17 - Hennepin Bridge (1999),Homozygous Load
Boltonia_132,0.10963588151902073,0.08153558101731502,0.03324862783987218,Sparland (1999),Pop_16,B. decurrens,TRUE,TRUE,132,2011-2629-1,19C,United States,Illinois,Marshal,41.045,-89.4311111,41.02868892611459,-89.43846248262098,NA,"Sparland, Maternal lines = 30, Seedheads = 90; 3 packets",2/29/24,3/12/24,1999-11-11T00:00:00Z,Smith,-89.4311111,41.045,16 - Sparland (1999),Homozygous Load
Boltonia_133,0.0892861908776491,0.0658526874148563,0.023352547018435497,Frederick Borrow Pit (1999),Pop_08,B. decurrens,TRUE,TRUE,133,2011-2675-1,25A,United States,Illinois,Schuyler,40.0672223,-90.4275,40.07010712467176,-90.42899627731744,NA,"Frederick Borrow Pit, Maternal lines = 30, Seedheads = 90; 3 packets",2/28/24,3/21/24,1999-10-07T00:00:00Z,Smith,-90.4275,40.0672223,8 - Frederick Borrow Pit (1999),Homozygous Load
Boltonia_134,0.0957873534255522,0.06973227859347544,0.026417095359103086,Hennepin Bridge (1999),Pop_17,B. decurrens,TRUE,TRUE,134,2011-2623-1,1B,United States,Illinois,Hennepin,NA,NA,41.34414603458205,-89.55849691836283,NA,"Hennepin Bridge, Maternal lines = 30, Seedheads = 90; 6 packets",2/29/24,3/7/24,1999-11-11T00:00:00Z,Smith,-89.55849691836283,41.34414603458205,17 - Hennepin Bridge (1999),Homozygous Load
Boltonia_135,0.12948632809127061,0.09566038605058276,0.04233208685412061,Sparland (1999),Pop_16,B. decurrens,TRUE,TRUE,135,2011-2629-1,5A,United States,Illinois,Marshal,41.045,-89.4311111,41.02868892611459,-89.43846248262098,NA,"Sparland, Maternal lines = 30, Seedheads = 90; 3 packets",2/29/24,3/14/24,1999-11-11T00:00:00Z,Smith,-89.4311111,41.045,16 - Sparland (1999),Homozygous Load
Boltonia_136,0.08996283928579839,0.06628704367912919,0.023855270678814672,Smith Lake (1998),Pop_05,B. decurrens,TRUE,TRUE,136,2011-2638-1,18A,United States,Illinois,Scott,39.7852777,-90.5902777,39.78656976625663,-90.58910563509704,Smith Lake,NA,2/29/24,3/6/24,1998-11-11T00:00:00Z,Smith,-90.5902777,39.7852777,5 - Smith Lake (1998),Homozygous Load
Boltonia_137,0.09104924461860422,0.06720346958518977,0.024172055451108402,Sparland (1999),Pop_16,B. decurrens,TRUE,TRUE,137,2011-2629-1,17B,United States,Illinois,Marshal,41.045,-89.4311111,41.02868892611459,-89.43846248262098,NA,"Sparland, Maternal lines = 30, Seedheads = 90; 3 packets",2/29/24,3/8/24,1999-11-11T00:00:00Z,Smith,-89.4311111,41.045,16 - Sparland (1999),Homozygous Load
Boltonia_138,0.09173217282636512,0.06864474264391342,0.02517750277186676,Frederick Borrow Pit (1999),Pop_08,B. decurrens,TRUE,TRUE,138,2011-2675-1,27C,United States,Illinois,Schuyler,40.0672223,-90.4275,40.07010712467176,-90.42899627731744,NA,"Frederick Borrow Pit, Maternal lines = 30, Seedheads = 90; 3 packets",2/29/24,3/8/24,1999-10-07T00:00:00Z,Smith,-90.4275,40.0672223,8 - Frederick Borrow Pit (1999),Homozygous Load
Boltonia_139,0.10254755770743355,0.07565367327195309,0.02775998732860911,Horseshoe Lake (2000),Pop_02,B. decurrens,TRUE,TRUE,139,2011-2609-1,11C,United States,Illinois,Madison,38.6891666,-90.0972222,38.69652811427051,-90.085926104309,NA,"Horseshoe Lake, Maternal lines = 30, Seedheads = 90; 3 packets",2/29/24,3/10/24,2000-11-01T00:00:00Z,Smith,-90.0972222,38.6891666,2 - Horseshoe Lake (2000),Homozygous Load
Boltonia_140,0.09265373341936659,0.06906922717490736,0.026671900502035,Frederick Landing (2011),Pop_09,B. decurrens,TRUE,TRUE,140,2011-2659-1,14A,United States,Illinois,Frederick,NA,NA,40.07116308939078,-90.429571958886,NA,"Frederick Landing, Maternal lines = 15, Seedheads = 44; 2 packets",2/28/24,3/5/24,2011-12-01T00:00:00Z,Smith,-90.429571958886,40.07116308939078,9 - Frederick Landing (2011),Homozygous Load
Boltonia_141,0.1091146581512584,0.0806849666664473,0.030810762418307405,Horseshoe Lake (2000),Pop_02,B. decurrens,TRUE,TRUE,141,2011-2609-1,X2,United States,Illinois,Madison,38.6891666,-90.0972222,38.69652811427051,-90.085926104309,NA,"Horseshoe Lake, Maternal lines = 30, Seedheads = 90; 3 packets",2/29/24,3/10/24,2000-11-01T00:00:00Z,Smith,-90.0972222,38.6891666,2 - Horseshoe Lake (2000),Homozygous Load
Boltonia_142,0.09248103893004775,0.06891621530908397,0.025501174169645133,Woodford County (1999),Pop_15,B. decurrens,TRUE,TRUE,142,2011-2650-1,19C,United States,Illinois,Woodford,40.8852777,-89.4583333,40.84668797480775,-89.0297386240063,NA,"Woodford County, Maternal lines = 30, Seedheads = 90; 6 packets",2/29/24,3/8/24,1999-11-11T00:00:00Z,Smith,-89.4583333,40.8852777,15 - Woodford County (1999),Homozygous Load
Boltonia_143,0.10894353361184245,0.0799972359146819,0.03320730808696431,Hennepin Bridge (1999),Pop_17,B. decurrens,TRUE,TRUE,143,2011-2623-1,18B,United States,Illinois,Hennepin,NA,NA,41.34414603458205,-89.55849691836283,NA,"Hennepin Bridge, Maternal lines = 30, Seedheads = 90; 6 packets",2/29/24,3/8/24,1999-11-11T00:00:00Z,Smith,-89.55849691836283,41.34414603458205,17 - Hennepin Bridge (1999),Homozygous Load
Boltonia_144,0.09990533202085522,0.07406596950292532,0.028517516131920197,Smith Lake (1998),Pop_05,B. decurrens,TRUE,TRUE,144,2011-2638-1,16A,United States,Illinois,Scott,39.7852777,-90.5902777,39.78656976625663,-90.58910563509704,Smith Lake,NA,3/1/24,3/9/24,1998-11-11T00:00:00Z,Smith,-90.5902777,39.7852777,5 - Smith Lake (1998),Homozygous Load
Boltonia_145,0.10165268626278136,0.07591856478160436,0.028331577243834748,West Alton (1999),Pop_03,B. decurrens,TRUE,TRUE,145,2011-2635-1,24,United States,Illinois,Alton,NA,NA,38.86501904919102,-90.22302347588696,NA,"West Alton, Maternal lines = 32, Seedheads = 32; 2 packets",2/29/24,3/7/24,1999-11-07T00:00:00Z,Smith,-90.22302347588696,38.86501904919102,3 - West Alton (1999),Homozygous Load
Boltonia_146,0.10467640977576406,0.07751120441727158,0.03072812291249165,Smith Lake (1998),Pop_05,B. decurrens,TRUE,TRUE,146,2011-2638-1,28A,United States,Illinois,Scott,39.7852777,-90.5902777,39.78656976625663,-90.58910563509704,Smith Lake,NA,2/29/24,3/8/24,1998-11-11T00:00:00Z,Smith,-90.5902777,39.7852777,5 - Smith Lake (1998),Homozygous Load
Boltonia_147,0.08872885866212009,0.0660287333249972,0.024481953597917484,Rice Lake (1999),Pop_12,B. decurrens,TRUE,TRUE,147,2011-2666-1,24A,United States,Illinois,Fulton,40.4925,-89.9022222,40.46699902833787,-89.9485498557629,NA,"Rice Lake, Maternal lines = 30, Seedheads = 90; 3 packets",2/29/24,3/7/24,1999-10-14T00:00:00Z,Smith,-89.9022222,40.4925,12 - Rice Lake (1999),Homozygous Load
Boltonia_148,0.08929090072735779,0.06666216954372849,0.024481953597917484,Frederick Borrow Pit (1999),Pop_08,B. decurrens,TRUE,TRUE,148,2011-2675-1,10A,United States,Illinois,Schuyler,40.0672223,-90.4275,40.07010712467176,-90.42899627731744,NA,"Frederick Borrow Pit, Maternal lines = 30, Seedheads = 90; 3 packets",2/29/24,3/7/24,1999-10-07T00:00:00Z,Smith,-90.4275,40.0672223,8 - Frederick Borrow Pit (1999),Homozygous Load
Boltonia_150,0.09557384023875798,0.07036900538996638,0.026885385892059032,Woodford County (1999),Pop_15,B. decurrens,TRUE,TRUE,150,2011-2650-1,1A,United States,Illinois,Woodford,40.8852777,-89.4583333,40.84668797480775,-89.0297386240063,NA,"Woodford County, Maternal lines = 30, Seedheads = 90; 6 packets",2/29/24,3/5/24,1999-11-11T00:00:00Z,Smith,-89.4583333,40.8852777,15 - Woodford County (1999),Homozygous Load
Boltonia_151,0.09654249932884641,0.07106167200837123,0.026362002355225917,Smith Lake (1998),Pop_05,B. decurrens,TRUE,TRUE,151,2011-2638-1,8B,United States,Illinois,Scott,39.7852777,-90.5902777,39.78656976625663,-90.58910563509704,Smith Lake,NA,2/29/24,3/7/24,1998-11-11T00:00:00Z,Smith,-90.5902777,39.7852777,5 - Smith Lake (1998),Homozygous Load
Boltonia_152,0.0886126823693056,0.0653327761288327,0.024316674586285975,Frederick Borrow Pit (1999),Pop_08,B. decurrens,TRUE,TRUE,152,2011-2675-1,18A,United States,Illinois,Schuyler,40.0672223,-90.4275,40.07010712467176,-90.42899627731744,NA,"Frederick Borrow Pit, Maternal lines = 30, Seedheads = 90; 3 packets",3/2/24,3/12/24,1999-10-07T00:00:00Z,Smith,-90.4275,40.0672223,8 - Frederick Borrow Pit (1999),Homozygous Load
Boltonia_153,0.09931189095755955,0.0729471730646467,0.026720106880427523,West Alton (1999),Pop_03,B. decurrens,TRUE,TRUE,153,2011-2635-1,35?,United States,Illinois,Alton,NA,NA,38.86501904919102,-90.22302347588696,NA,"West Alton, Maternal lines = 32, Seedheads = 32; 2 packets",2/29/24,3/8/24,1999-11-07T00:00:00Z,Smith,-90.22302347588696,38.86501904919102,3 - West Alton (1999),Homozygous Load
Boltonia_154,0.09333666162712748,0.06919262384089399,0.025521834046099073,Hennepin Bridge (1999),Pop_17,B. decurrens,TRUE,TRUE,154,2011-2623-1,18B,United States,Illinois,Hennepin,NA,NA,41.34414603458205,-89.55849691836283,NA,"Hennepin Bridge, Maternal lines = 30, Seedheads = 90; 6 packets",2/29/24,3/7/24,1999-11-11T00:00:00Z,Smith,-89.55849691836283,41.34414603458205,17 - Hennepin Bridge (1999),Homozygous Load
Boltonia_155,0.09712809064262759,0.07244042408966166,0.02563202005385341,Fairmont City (1997),Pop_01,B. decurrens,TRUE,TRUE,155,2011-2599-1,3,United States,Illinois,Saint Clair,38.6494444,-90.1161111,38.6515072789885,-90.10298738781108,NA,"Fairmont City, Maternal lines = 28, Seedheads = 28; 2 packets",2/29/24,3/7/24,1997-12-05T00:00:00Z,Smith,-90.1161111,38.6494444,1 - Fairmont City (1997),Homozygous Load
Boltonia_157,0.08890783295105054,0.0663725987008799,0.024599026231156472,Frederick Landing (2011),Pop_09,B. decurrens,TRUE,TRUE,157,2011-2659-1,5A,United States,Illinois,Frederick,NA,NA,40.07116308939078,-90.429571958886,NA,"Frederick Landing, Maternal lines = 15, Seedheads = 44; 2 packets",2/29/24,3/9/24,2011-12-01T00:00:00Z,Smith,-90.429571958886,40.07116308939078,9 - Frederick Landing (2011),Homozygous Load
Boltonia_158,0.10410494801110896,0.07754740077262766,0.031161980318024366,Anderson Lake (2000),Pop_11,B. decurrens,TRUE,TRUE,158,2011-2613-1,14B,United States,Illinois,Fulton,40.2047222,-90.1994444,40.20813714639404,-90.18724497777134,NA,"Anderson Lake, Maternal lines = 30, Seedheads = 61; 2 packets",2/29/24,3/8/24,2000-10-01T00:00:00Z,Smith,-90.1994444,40.2047222,11 - Anderson Lake (2000),Homozygous Load
Boltonia_159,0.09134753510015495,0.06804750278053821,0.024757418617303337,Rice Lake (1999),Pop_12,B. decurrens,TRUE,TRUE,159,2011-2666-1,21C,United States,Illinois,Fulton,40.4925,-89.9022222,40.46699902833787,-89.9485498557629,NA,"Rice Lake, Maternal lines = 30, Seedheads = 90; 3 packets",2/29/24,3/7/24,1999-10-14T00:00:00Z,Smith,-89.9022222,40.4925,12 - Rice Lake (1999),Homozygous Load
Boltonia_160,0.098468827859703,0.07300969404207991,0.027973472718633142,Smith Lake (1998),Pop_05,B. decurrens,TRUE,TRUE,160,2011-2638-1,11B,United States,Illinois,Scott,39.7852777,-90.5902777,39.78656976625663,-90.58910563509704,Smith Lake,NA,2/29/24,3/8/24,1998-11-11T00:00:00Z,Smith,-90.5902777,39.7852777,5 - Smith Lake (1998),Homozygous Load
Boltonia_161,0.10432003114780608,0.07730718859617372,0.03083830892024599,McClugage Bridge (1999),Pop_14,B. decurrens,TRUE,TRUE,161,2011-2618-1,12A,United States,Illinois,Peoria,40.7222223,-89.5519444,40.69352232924267,-89.59142458669179,NA,"McClugage Bridge, Maternal lines = 30, Seedheads = 90; 4 packets",2/29/24,3/8/24,1999-11-11T00:00:00Z,Smith,-89.5519444,40.7222223,14 - McClugage Bridge (1999),Homozygous Load
Boltonia_162,0.1028364284895669,0.07570303193834774,0.029598716333009662,Frederick Landing (2011),Pop_09,B. decurrens,TRUE,TRUE,162,2011-2659-1,2A,United States,Illinois,Frederick,NA,NA,40.07116308939078,-90.429571958886,NA,"Frederick Landing, Maternal lines = 15, Seedheads = 44; 2 packets",2/29/24,3/7/24,2011-12-01T00:00:00Z,Smith,-90.429571958886,40.07116308939078,9 - Frederick Landing (2011),Homozygous Load
Boltonia_163,0.09294260420149993,0.06898860801979612,0.02497090400732737,Sparland (1999),Pop_16,B. decurrens,TRUE,TRUE,163,2011-2629-1,15A,United States,Illinois,Marshal,41.045,-89.4311111,41.02868892611459,-89.43846248262098,NA,"Sparland, Maternal lines = 30, Seedheads = 90; 3 packets",2/29/24,3/7/24,1999-11-11T00:00:00Z,Smith,-89.4311111,41.045,16 - Sparland (1999),Homozygous Load
Boltonia_164,0.08894865164852589,0.06584281568157738,0.02423403508047022,Frederick Borrow Pit (1999),Pop_08,B. decurrens,TRUE,TRUE,164,2011-2675-1,10A,United States,Illinois,Schuyler,40.0672223,-90.4275,40.07010712467176,-90.42899627731744,NA,"Frederick Borrow Pit, Maternal lines = 30, Seedheads = 90; 3 packets",3/1/24,3/10/24,1999-10-07T00:00:00Z,Smith,-90.4275,40.0672223,8 - Frederick Borrow Pit (1999),Homozygous Load
Boltonia_165,0.10543626552876698,0.07869581241074308,0.02888250728260645,Horseshoe Lake (2000),Pop_02,B. decurrens,TRUE,TRUE,165,2011-2609-1,15A,United States,Illinois,Madison,38.6891666,-90.0972222,38.69652811427051,-90.085926104309,NA,"Horseshoe Lake, Maternal lines = 30, Seedheads = 90; 3 packets",3/1/24,3/9/24,2000-11-01T00:00:00Z,Smith,-90.0972222,38.6891666,2 - Horseshoe Lake (2000),Homozygous Load
Boltonia_167,0.08562506770408956,0.06336336533968634,0.022856709983540967,Frederick Borrow Pit (1999),Pop_08,B. decurrens,TRUE,TRUE,167,2011-2675-1,19B,United States,Illinois,Schuyler,40.0672223,-90.4275,40.07010712467176,-90.42899627731744,NA,"Frederick Borrow Pit, Maternal lines = 30, Seedheads = 90; 3 packets",2/29/24,3/8/24,1999-10-07T00:00:00Z,Smith,-90.4275,40.0672223,8 - Frederick Borrow Pit (1999),Homozygous Load
Boltonia_168,0.09337434042479704,0.06897544570875755,0.024936470879904138,Cooper Park (2000),Pop_13,B. decurrens,TRUE,TRUE,168,2011-2661-1,22A,United States,Illinois,Tazewell,NA,NA,40.69584983597212,-89.54394792156027,NA,"Cooper park South, Maternal lines = 43, Seedheads = 73; 4 packets",2/29/24,3/7/24,2000-10-01T00:00:00Z,Smith,-89.54394792156027,40.69584983597212,13 - Cooper Park (2000),Homozygous Load
Boltonia_169,0.09571199583021306,0.0715634851167168,0.0255562671735223,Fairmont City (1997),Pop_01,B. decurrens,TRUE,TRUE,169,2011-2599-1,4,United States,Illinois,Saint Clair,38.6494444,-90.1161111,38.6515072789885,-90.10298738781108,NA,"Fairmont City, Maternal lines = 28, Seedheads = 28; 2 packets",2/29/24,3/7/24,1997-12-05T00:00:00Z,Smith,-90.1161111,38.6494444,1 - Fairmont City (1997),Homozygous Load
Boltonia_170,0.09121408935840858,0.0668925099869035,0.024330447837255267,Woodford County (1999),Pop_15,B. decurrens,TRUE,TRUE,170,2011-2650-1,27B,United States,Illinois,Woodford,40.8852777,-89.4583333,40.84668797480775,-89.0297386240063,NA,"Woodford County, Maternal lines = 30, Seedheads = 90; 6 packets",2/29/24,3/12/24,1999-11-11T00:00:00Z,Smith,-89.4583333,40.8852777,15 - Woodford County (1999),Homozygous Load
Boltonia_171,0.05068740256498415,0.0365468018874754,0.013504672575391332,Gilbert Lake (1997),Pop_04,B. decurrens,TRUE,TRUE,171,2011-2598-1,S8A,United States,Illinois,Jersey,NA,NA,38.96139842380207,-90.51481032460988,NA,"Gilbert Lake, Maternal lines = 32, Seedheads = 98; 6 packets",2/29/24,3/6/24,1997-11-08T00:00:00Z,Smith,-90.51481032460988,38.96139842380207,4 - Gilbert Lake (1997),Homozygous Load
Boltonia_172,0.1140458707962629,0.08396731798169123,0.035445461369474345,Anderson Lake (2000),Pop_11,B. decurrens,TRUE,TRUE,172,2011-2613-1,24A,United States,Illinois,Fulton,40.2047222,-90.1994444,40.20813714639404,-90.18724497777134,NA,"Anderson Lake, Maternal lines = 30, Seedheads = 61; 2 packets",2/29/24,3/8/24,2000-10-01T00:00:00Z,Smith,-90.1994444,40.2047222,11 - Anderson Lake (2000),Homozygous Load
Boltonia_173,0.08497667839419244,0.0628253558759847,0.022601904840609054,Beardstown (1997),Pop_07,B. decurrens,TRUE,TRUE,173,2011-2636-1,19,United States,Illinois,Cass,40.010555600000004,-90.4458333,40.0178975293398,-90.42445029519196,NA,"Beardstown, Maternal lines = 52, Seedheads = 53; 3 packets",2/29/24,3/15/24,1997-11-21T00:00:00Z,Smith,-90.4458333,40.010555600000004,7 - Beardstown (1997),Homozygous Load
Boltonia_174,0.08833480123649254,0.06644992727823151,0.024089415945292646,Frederick Borrow Pit (1999),Pop_08,B. decurrens,TRUE,TRUE,174,2011-2675-1,5A,United States,Illinois,Schuyler,40.0672223,-90.4275,40.07010712467176,-90.42899627731744,NA,"Frederick Borrow Pit, Maternal lines = 30, Seedheads = 90; 3 packets",2/29/24,3/7/24,1999-10-07T00:00:00Z,Smith,-90.4275,40.0672223,8 - Frederick Borrow Pit (1999),Homozygous Load
Boltonia_175,0.09580305292458118,0.07033116374573048,0.02703689165272125,McClugage Bridge (1999),Pop_14,B. decurrens,TRUE,TRUE,175,2011-2618-1,26A,United States,Illinois,Peoria,40.7222223,-89.5519444,40.69352232924267,-89.59142458669179,NA,"McClugage Bridge, Maternal lines = 30, Seedheads = 90; 4 packets",2/29/24,3/7/24,1999-11-11T00:00:00Z,Smith,-89.5519444,40.7222223,14 - McClugage Bridge (1999),Homozygous Load
Boltonia_176,0.09444504625857389,0.07030154854589368,0.024612799482125764,Fairmont City (1997),Pop_01,B. decurrens,TRUE,TRUE,176,2011-2599-1,11,United States,Illinois,Saint Clair,38.6494444,-90.1161111,38.6515072789885,-90.10298738781108,NA,"Fairmont City, Maternal lines = 28, Seedheads = 28; 2 packets",2/29/24,3/7/24,1997-12-05T00:00:00Z,Smith,-90.1161111,38.6494444,1 - Fairmont City (1997),Homozygous Load
Boltonia_177,0.09502906762245217,0.07190899578147932,0.026024557706478248,McClugage Bridge (1999),Pop_14,B. decurrens,TRUE,TRUE,177,2011-2618-1,4A,United States,Illinois,Peoria,40.7222223,-89.5519444,40.69352232924267,-89.59142458669179,NA,"McClugage Bridge, Maternal lines = 30, Seedheads = 90; 4 packets",2/29/24,3/8/24,1999-11-11T00:00:00Z,Smith,-89.5519444,40.7222223,14 - McClugage Bridge (1999),Homozygous Load
Boltonia_178,0.09250458817859122,0.06931272992912095,0.023931023559145784,Fairmont City (1997),Pop_01,B. decurrens,TRUE,TRUE,178,2011-2599-1,11,United States,Illinois,Saint Clair,38.6494444,-90.1161111,38.6515072789885,-90.10298738781108,NA,"Fairmont City, Maternal lines = 28, Seedheads = 28; 2 packets",2/29/24,3/7/24,1997-12-05T00:00:00Z,Smith,-90.1161111,38.6494444,1 - Fairmont City (1997),Homozygous Load
Boltonia_179,0.09596789766438553,0.07104521911957301,0.026885385892059032,Anderson Lake (2000),Pop_11,B. decurrens,TRUE,TRUE,179,2011-2613-1,3A,United States,Illinois,Fulton,40.2047222,-90.1994444,40.20813714639404,-90.18724497777134,NA,"Anderson Lake, Maternal lines = 30, Seedheads = 61; 2 packets",2/29/24,3/9/24,2000-10-01T00:00:00Z,Smith,-90.1994444,40.2047222,11 - Anderson Lake (2000),Homozygous Load
Boltonia_180,0.09493487062827825,0.06957926672765204,0.02576286593806169,Sparland (1999),Pop_16,B. decurrens,TRUE,TRUE,180,2011-2629-1,1C,United States,Illinois,Marshal,41.045,-89.4311111,41.02868892611459,-89.43846248262098,NA,"Sparland, Maternal lines = 30, Seedheads = 90; 3 packets",2/29/24,3/6/24,1999-11-11T00:00:00Z,Smith,-89.4311111,41.045,16 - Sparland (1999),Homozygous Load
Boltonia_181,0.09379194709896807,0.0703476166345287,0.026403322108133793,McClugage Bridge (1999),Pop_14,B. decurrens,TRUE,TRUE,181,2011-2618-1,1B,United States,Illinois,Peoria,40.7222223,-89.5519444,40.69352232924267,-89.59142458669179,NA,"McClugage Bridge, Maternal lines = 30, Seedheads = 90; 4 packets",2/28/24,3/12/24,1999-11-11T00:00:00Z,Smith,-89.5519444,40.7222223,14 - McClugage Bridge (1999),Homozygous Load
Boltonia_182,0.10643004381730178,0.0783683999236586,0.031086227437693258,Hennepin Bridge (1999),Pop_17,B. decurrens,TRUE,TRUE,182,2011-2623-1,11A,United States,Illinois,Hennepin,NA,NA,41.34414603458205,-89.55849691836283,NA,"Hennepin Bridge, Maternal lines = 30, Seedheads = 90; 6 packets",2/29/24,3/8/24,1999-11-11T00:00:00Z,Smith,-89.55849691836283,41.34414603458205,17 - Hennepin Bridge (1999),Homozygous Load
Boltonia_183,0.0925328472768434,0.06884546788725164,0.025714659559669166,Beardstown (1997),Pop_07,B. decurrens,TRUE,TRUE,183,2011-2636-1,22,United States,Illinois,Cass,40.010555600000004,-90.4458333,40.0178975293398,-90.42445029519196,NA,"Beardstown, Maternal lines = 52, Seedheads = 53; 3 packets",2/29/24,3/7/24,1997-11-21T00:00:00Z,Smith,-90.4458333,40.010555600000004,7 - Beardstown (1997),Homozygous Load
Boltonia_184,0.10729508621379892,0.0796681781387176,0.03039756488922863,Horseshoe Lake (2000),Pop_02,B. decurrens,TRUE,TRUE,184,2011-2609-1,18C,United States,Illinois,Madison,38.6891666,-90.0972222,38.69652811427051,-90.085926104309,NA,"Horseshoe Lake, Maternal lines = 30, Seedheads = 90; 3 packets",2/29/24,3/10/24,2000-11-01T00:00:00Z,Smith,-90.0972222,38.6891666,2 - Horseshoe Lake (2000),Homozygous Load
Boltonia_185,0.09878281784028271,0.07227754049055933,0.027525842062131135,Woodford County (1999),Pop_15,B. decurrens,TRUE,TRUE,185,2011-2650-1,21A,United States,Illinois,Woodford,40.8852777,-89.4583333,40.84668797480775,-89.0297386240063,NA,"Woodford County, Maternal lines = 30, Seedheads = 90; 6 packets",2/29/24,3/9/24,1999-11-11T00:00:00Z,Smith,-89.4583333,40.8852777,15 - Woodford County (1999),Homozygous Load
Boltonia_186,0.10153180012025816,0.0748589987429993,0.029722675591733295,Cooper Park (2000),Pop_13,B. decurrens,TRUE,TRUE,186,2011-2661-1,12A,United States,Illinois,Tazewell,NA,NA,40.69584983597212,-89.54394792156027,NA,"Cooper park South, Maternal lines = 43, Seedheads = 73; 4 packets",3/1/24,3/8/24,2000-10-01T00:00:00Z,Smith,-89.54394792156027,40.69584983597212,13 - Cooper Park (2000),Homozygous Load
Boltonia_187,0.0943273000158565,0.07004652876952135,0.026499734864918842,Frederick Borrow Pit (1999),Pop_08,B. decurrens,TRUE,TRUE,187,2011-2675-1,16A,United States,Illinois,Schuyler,40.0672223,-90.4275,40.07010712467176,-90.42899627731744,NA,"Frederick Borrow Pit, Maternal lines = 30, Seedheads = 90; 3 packets",2/29/24,3/6/24,1999-10-07T00:00:00Z,Smith,-90.4275,40.0672223,8 - Frederick Borrow Pit (1999),Homozygous Load
Boltonia_188,0.08708826101359106,0.06476021559865482,0.023538485906520946,Frederick Borrow Pit (1999),Pop_08,B. decurrens,TRUE,TRUE,188,2011-2675-1,3C,United States,Illinois,Schuyler,40.0672223,-90.4275,40.07010712467176,-90.42899627731744,NA,"Frederick Borrow Pit, Maternal lines = 30, Seedheads = 90; 3 packets",2/29/24,3/7/24,1999-10-07T00:00:00Z,Smith,-90.4275,40.0672223,8 - Frederick Borrow Pit (1999),Homozygous Load
Boltonia_189,0.08855145432309255,0.06521596061836538,0.023228587759711865,Rice Lake (1999),Pop_12,B. decurrens,TRUE,TRUE,189,2011-2666-1,3B,United States,Illinois,Fulton,40.4925,-89.9022222,40.46699902833787,-89.9485498557629,NA,"Rice Lake, Maternal lines = 30, Seedheads = 90; 3 packets",2/29/24,3/7/24,1999-10-14T00:00:00Z,Smith,-89.9022222,40.4925,12 - Rice Lake (1999),Homozygous Load
Boltonia_190,0.0742617703069095,0.05511224160738142,0.02205097480183735,Gilbert Lake (1997),Pop_04,B. decurrens,TRUE,TRUE,190,2011-2598-1,L12A,United States,Illinois,Jersey,NA,NA,38.96139842380207,-90.51481032460988,NA,"Gilbert Lake, Maternal lines = 32, Seedheads = 98; 6 packets",2/29/24,3/8/24,1997-11-08T00:00:00Z,Smith,-90.51481032460988,38.96139842380207,4 - Gilbert Lake (1997),Homozygous Load
Boltonia_191,0.09523002121002319,0.07071287076584906,0.02618983671810976,Sparland (1999),Pop_16,B. decurrens,TRUE,TRUE,191,2011-2629-1,11B,United States,Illinois,Marshal,41.045,-89.4311111,41.02868892611459,-89.43846248262098,NA,"Sparland, Maternal lines = 30, Seedheads = 90; 3 packets",2/29/24,3/14/24,1999-11-11T00:00:00Z,Smith,-89.4311111,41.045,16 - Sparland (1999),Homozygous Load
Boltonia_192,0.09854575540494503,0.07301956577535884,0.027973472718633142,Smith Lake (1998),Pop_05,B. decurrens,TRUE,TRUE,192,2011-2638-1,6A,United States,Illinois,Scott,39.7852777,-90.5902777,39.78656976625663,-90.58910563509704,Smith Lake,NA,2/29/24,3/6/24,1998-11-11T00:00:00Z,Smith,-90.5902777,39.7852777,5 - Smith Lake (1998),Homozygous Load
Boltonia_193,0.09839661016416966,0.07353947706138243,0.02866213526709777,Anderson Lake (1997),Pop_10,B. decurrens,TRUE,TRUE,193,2011-2664-1,16,United States,Illinois,Fulton,40.2047222,-90.1994444,40.20744447961278,-90.1871999885973,NA,"Anderson Lake, Maternal lines = 31, Seedheads = 31",2/29/24,3/7/24,1997-11-21T00:00:00Z,Smith,-90.1994444,40.2047222,10 - Anderson Lake (1997),Homozygous Load
Boltonia_194,0.09060651874598681,0.06706691060816458,0.02488137787602697,Beardstown (1997),Pop_07,B. decurrens,TRUE,TRUE,194,2011-2636-1,30,United States,Illinois,Cass,40.010555600000004,-90.4458333,40.0178975293398,-90.42445029519196,NA,"Beardstown, Maternal lines = 52, Seedheads = 53; 3 packets",2/29/24,3/7/24,1997-11-21T00:00:00Z,Smith,-90.4458333,40.010555600000004,7 - Beardstown (1997),Homozygous Load
Boltonia_195,0.09945004654901463,0.07325484208517331,0.02888250728260645,Sparland (1999),Pop_16,B. decurrens,TRUE,TRUE,195,2011-2629-1,7C,United States,Illinois,Marshal,41.045,-89.4311111,41.02868892611459,-89.43846248262098,NA,"Sparland, Maternal lines = 30, Seedheads = 90; 3 packets",2/29/24,3/7/24,1999-11-11T00:00:00Z,Smith,-89.4311111,41.045,16 - Sparland (1999),Homozygous Load
Boltonia_196,0.0937589781510072,0.06946080592830489,0.024144508949169818,Fairmont City (1997),Pop_01,B. decurrens,TRUE,TRUE,196,2011-2599-1,19,United States,Illinois,Saint Clair,38.6494444,-90.1161111,38.6515072789885,-90.10298738781108,NA,"Fairmont City, Maternal lines = 28, Seedheads = 28; 2 packets",3/1/24,3/10/24,1997-12-05T00:00:00Z,Smith,-90.1161111,38.6494444,1 - Fairmont City (1997),Homozygous Load
Boltonia_197,0.09426921186944924,0.06882407913181396,0.026272476223925513,Frederick Landing (2011),Pop_09,B. decurrens,TRUE,TRUE,197,2011-2659-1,5A,United States,Illinois,Frederick,NA,NA,40.07116308939078,-90.429571958886,NA,"Frederick Landing, Maternal lines = 15, Seedheads = 44; 2 packets",2/29/24,3/7/24,2011-12-01T00:00:00Z,Smith,-90.429571958886,40.07116308939078,9 - Frederick Landing (2011),Homozygous Load
Boltonia_198,0.09821292602553053,0.07291097670929061,0.02757404844052366,Meredosia Lake (1999),Pop_06,B. decurrens,TRUE,TRUE,198,2011-2620-1,15B,United States,Illinois,Morgan,39.8672223,-90.5533333,39.87546015928839,-90.55308508241012,NA,"Meredosia Lake, Maternal lines = 30, Seedheads = 90; 5 packets",2/29/24,3/9/24,1999-10-07T00:00:00Z,Smith,-90.5533333,39.8672223,6 - Meredosia Lake (1999),Homozygous Load
Boltonia_200,0.09338533007411734,0.06976682965995169,0.02513618301895888,Meredosia Lake (1999),Pop_06,B. decurrens,TRUE,TRUE,200,2011-2620-1,30B,United States,Illinois,Morgan,39.8672223,-90.5533333,39.87546015928839,-90.55308508241012,NA,"Meredosia Lake, Maternal lines = 30, Seedheads = 90; 5 packets",2/29/24,3/9/24,1999-10-07T00:00:00Z,Smith,-90.5533333,39.8672223,6 - Meredosia Lake (1999),Homozygous Load
Boltonia_201,0.10068873702240161,0.07382575732647138,0.029164858927476948,Woodford County (1999),Pop_15,B. decurrens,TRUE,TRUE,201,2011-2650-1,8B,United States,Illinois,Woodford,40.8852777,-89.4583333,40.84668797480775,-89.0297386240063,NA,"Woodford County, Maternal lines = 30, Seedheads = 90; 6 packets",2/29/24,3/7/24,1999-11-11T00:00:00Z,Smith,-89.4583333,40.8852777,15 - Woodford County (1999),Homozygous Load
Boltonia_202,0.09043225430676508,0.0666703959881276,0.024392427466617083,Rice Lake (1999),Pop_12,B. decurrens,TRUE,TRUE,202,2011-2666-1,7B,United States,Illinois,Fulton,40.4925,-89.9022222,40.46699902833787,-89.9485498557629,NA,"Rice Lake, Maternal lines = 30, Seedheads = 90; 3 packets",2/29/24,3/6/24,1999-10-14T00:00:00Z,Smith,-89.9022222,40.4925,12 - Rice Lake (1999),Homozygous Load
Boltonia_203,0.10166210596219874,0.0750432710975393,0.027684234448278,Horseshoe Lake (2000),Pop_02,B. decurrens,TRUE,TRUE,203,2011-2609-1,X1,United States,Illinois,Madison,38.6891666,-90.0972222,38.69652811427051,-90.085926104309,NA,"Horseshoe Lake, Maternal lines = 30, Seedheads = 90; 3 packets",2/29/24,3/15/24,2000-11-01T00:00:00Z,Smith,-90.0972222,38.6891666,2 - Horseshoe Lake (2000),Homozygous Load
Boltonia_204,0.09669635441933049,0.07214427209129379,0.028304030741896163,Meredosia Lake (1999),Pop_06,B. decurrens,TRUE,TRUE,204,2011-2620-1,6A,United States,Illinois,Morgan,39.8672223,-90.5533333,39.87546015928839,-90.55308508241012,NA,"Meredosia Lake, Maternal lines = 30, Seedheads = 90; 5 packets",3/1/24,3/8/24,1999-10-07T00:00:00Z,Smith,-90.5533333,39.8672223,6 - Meredosia Lake (1999),Homozygous Load
Boltonia_205,0.11395638365179767,0.08344905198454745,0.034274735037084475,Hennepin Bridge (1999),Pop_17,B. decurrens,TRUE,TRUE,205,2011-2623-1,27B,United States,Illinois,Hennepin,NA,NA,41.34414603458205,-89.55849691836283,NA,"Hennepin Bridge, Maternal lines = 30, Seedheads = 90; 6 packets",2/29/24,3/7/24,1999-11-11T00:00:00Z,Smith,-89.55849691836283,41.34414603458205,17 - Hennepin Bridge (1999),Homozygous Load
Boltonia_207,0.0912925868535535,0.068261390334915,0.025218822524774635,Rice Lake (1999),Pop_12,B. decurrens,TRUE,TRUE,207,2011-2666-1,6B,United States,Illinois,Fulton,40.4925,-89.9022222,40.46699902833787,-89.9485498557629,NA,"Rice Lake, Maternal lines = 30, Seedheads = 90; 3 packets",2/29/24,3/9/24,1999-10-14T00:00:00Z,Smith,-89.9022222,40.4925,12 - Rice Lake (1999),Homozygous Load
Boltonia_208,0.09425351237042026,0.06952003632797847,0.025535607297068365,Sparland (1999),Pop_16,B. decurrens,TRUE,TRUE,208,2011-2629-1,3B,United States,Illinois,Marshal,41.045,-89.4311111,41.02868892611459,-89.43846248262098,NA,"Sparland, Maternal lines = 30, Seedheads = 90; 3 packets",2/29/24,3/9/24,1999-11-11T00:00:00Z,Smith,-89.4311111,41.045,16 - Sparland (1999),Homozygous Load
Boltonia_209,0.11269728382967299,0.08358890153933228,0.03420586878223802,Hennepin Bridge (1999),Pop_17,B. decurrens,TRUE,TRUE,209,2011-2623-1,11A,United States,Illinois,Hennepin,NA,NA,41.34414603458205,-89.55849691836283,NA,"Hennepin Bridge, Maternal lines = 30, Seedheads = 90; 6 packets",3/2/24,3/12/24,1999-11-11T00:00:00Z,Smith,-89.55849691836283,41.34414603458205,17 - Hennepin Bridge (1999),Homozygous Load
Boltonia_210,0.09417030502556663,0.0692699524182456,0.02622426984553299,Gilbert Lake (1997),Pop_04,B. decurrens,TRUE,TRUE,210,2011-2598-1,S16A,United States,Illinois,Jersey,NA,NA,38.96139842380207,-90.51481032460988,NA,"Gilbert Lake, Maternal lines = 32, Seedheads = 98; 6 packets",2/29/24,3/7/24,1997-11-08T00:00:00Z,Smith,-90.51481032460988,38.96139842380207,4 - Gilbert Lake (1997),Homozygous Load
Boltonia_211,0.0993636993043552,0.07390144061494318,0.026417095359103086,West Alton (1999),Pop_03,B. decurrens,TRUE,TRUE,211,2011-2635-1,31,United States,Illinois,Alton,NA,NA,38.86501904919102,-90.22302347588696,NA,"West Alton, Maternal lines = 32, Seedheads = 32; 2 packets",2/29/24,3/10/24,1999-11-07T00:00:00Z,Smith,-90.22302347588696,38.86501904919102,3 - West Alton (1999),Homozygous Load
Boltonia_212,0.09009471507764187,0.06769870153801605,0.024998450509265954,Frederick Borrow Pit (1999),Pop_08,B. decurrens,TRUE,TRUE,212,2011-2675-1,10A,United States,Illinois,Schuyler,40.0672223,-90.4275,40.07010712467176,-90.42899627731744,NA,"Frederick Borrow Pit, Maternal lines = 30, Seedheads = 90; 3 packets",3/1/24,Unknown,1999-10-07T00:00:00Z,Smith,-90.4275,40.0672223,8 - Frederick Borrow Pit (1999),Homozygous Load
Boltonia_213,0.09987236307289435,0.07403635430308854,0.02696802539787479,West Alton (1999),Pop_03,B. decurrens,TRUE,TRUE,213,2011-2635-1,35?,United States,Illinois,Alton,NA,NA,38.86501904919102,-90.22302347588696,NA,"West Alton, Maternal lines = 32, Seedheads = 32; 2 packets",2/29/24,3/7/24,1999-11-07T00:00:00Z,Smith,-90.22302347588696,38.86501904919102,3 - West Alton (1999),Homozygous Load
Boltonia_214,0.10325089526393212,0.07633811344595884,0.028896280533575742,Horseshoe Lake (2000),Pop_02,B. decurrens,TRUE,TRUE,214,2011-2609-1,7C,United States,Illinois,Madison,38.6891666,-90.0972222,38.69652811427051,-90.085926104309,NA,"Horseshoe Lake, Maternal lines = 30, Seedheads = 90; 3 packets",3/1/24,3/10/24,2000-11-01T00:00:00Z,Smith,-90.0972222,38.6891666,2 - Horseshoe Lake (2000),Homozygous Load
Boltonia_215,0.09840132001387836,0.07171485169366038,0.02735367642501498,Anderson Lake (1997),Pop_10,B. decurrens,TRUE,TRUE,215,2011-2664-1,1,United States,Illinois,Fulton,40.2047222,-90.1994444,40.20744447961278,-90.1871999885973,NA,"Anderson Lake, Maternal lines = 31, Seedheads = 31",2/29/24,3/7/24,1997-11-21T00:00:00Z,Smith,-90.1994444,40.2047222,10 - Anderson Lake (1997),Homozygous Load
Boltonia_217,0.09041812475763898,0.06670494705460385,0.024309787960801327,Woodford County (1999),Pop_15,B. decurrens,TRUE,TRUE,217,2011-2650-1,18A,United States,Illinois,Woodford,40.8852777,-89.4583333,40.84668797480775,-89.0297386240063,NA,"Woodford County, Maternal lines = 30, Seedheads = 90; 6 packets",2/29/24,3/7/24,1999-11-11T00:00:00Z,Smith,-89.4583333,40.8852777,15 - Woodford County (1999),Homozygous Load
Boltonia_218,0.07539841403660809,0.05692699524182456,0.0222369136899228,Gilbert Lake (1997),Pop_04,B. decurrens,TRUE,TRUE,218,2011-2598-1,L14A,United States,Illinois,Jersey,NA,NA,38.96139842380207,-90.51481032460988,NA,"Gilbert Lake, Maternal lines = 32, Seedheads = 98; 6 packets",2/29/24,3/8/24,1997-11-08T00:00:00Z,Smith,-90.51481032460988,38.96139842380207,4 - Gilbert Lake (1997),Homozygous Load
Boltonia_219,0.09747975942087687,0.07243384293414237,0.027291696795653162,Cooper Park (2000),Pop_13,B. decurrens,TRUE,TRUE,219,2011-2661-1,25A,United States,Illinois,Tazewell,NA,NA,40.69584983597212,-89.54394792156027,NA,"Cooper park South, Maternal lines = 43, Seedheads = 73; 4 packets",2/29/24,3/7/24,2000-10-01T00:00:00Z,Smith,-89.54394792156027,40.69584983597212,13 - Cooper Park (2000),Homozygous Load
Boltonia_220,0.09220943759684629,0.06872536179902468,0.02574220606160775,Frederick Borrow Pit (1999),Pop_08,B. decurrens,TRUE,TRUE,220,2011-2675-1,12B,United States,Illinois,Schuyler,40.0672223,-90.4275,40.07010712467176,-90.42899627731744,NA,"Frederick Borrow Pit, Maternal lines = 30, Seedheads = 90; 3 packets",3/1/24,3/8/24,1999-10-07T00:00:00Z,Smith,-90.4275,40.0672223,8 - Frederick Borrow Pit (1999),Homozygous Load
Boltonia_221,0.09276990971218109,0.06848350433369091,0.025122409767989587,Sparland (1999),Pop_16,B. decurrens,TRUE,TRUE,221,2011-2629-1,14A,United States,Illinois,Marshal,41.045,-89.4311111,41.02868892611459,-89.43846248262098,NA,"Sparland, Maternal lines = 30, Seedheads = 90; 3 packets",2/29/24,3/8/24,1999-11-11T00:00:00Z,Smith,-89.4311111,41.045,16 - Sparland (1999),Homozygous Load
Boltonia_222,0.09194097616345062,0.06675595100987831,0.024557706478248592,Cooper Park (2000),Pop_13,B. decurrens,TRUE,TRUE,222,2011-2661-1,15A,United States,Illinois,Tazewell,NA,NA,40.69584983597212,-89.54394792156027,NA,"Cooper park South, Maternal lines = 43, Seedheads = 73; 4 packets",2/29/24,3/8/24,2000-10-01T00:00:00Z,Smith,-89.54394792156027,40.69584983597212,13 - Cooper Park (2000),Homozygous Load
Boltonia_224,0.09602598581079277,0.07061250814417995,0.02627936284941016,Smith Lake (1998),Pop_05,B. decurrens,TRUE,TRUE,224,2011-2638-1,12C,United States,Illinois,Scott,39.7852777,-90.5902777,39.78656976625663,-90.58910563509704,Smith Lake,NA,2/29/24,3/9/24,1998-11-11T00:00:00Z,Smith,-90.5902777,39.7852777,5 - Smith Lake (1998),Homozygous Load
Boltonia_225,0.0718142184082906,0.05303588704104667,0.020460164314884063,Gilbert Lake (1997),Pop_04,B. decurrens,TRUE,TRUE,225,2011-2598-1,S6B,United States,Illinois,Jersey,NA,NA,38.96139842380207,-90.51481032460988,NA,"Gilbert Lake, Maternal lines = 32, Seedheads = 98; 6 packets",2/29/24,3/8/24,1997-11-08T00:00:00Z,Smith,-90.51481032460988,38.96139842380207,4 - Gilbert Lake (1997),Homozygous Load
Boltonia_226,0.0976760031587392,0.07245194111182042,0.026417095359103086,Fairmont City (1997),Pop_01,B. decurrens,TRUE,TRUE,226,2011-2599-1,4,United States,Illinois,Saint Clair,38.6494444,-90.1161111,38.6515072789885,-90.10298738781108,NA,"Fairmont City, Maternal lines = 28, Seedheads = 28; 2 packets",2/29/24,3/8/24,1997-12-05T00:00:00Z,Smith,-90.1161111,38.6494444,1 - Fairmont City (1997),Homozygous Load
Boltonia_227,0.10189131864802194,0.07540523465110004,0.02967446921334077,Anderson Lake (2000),Pop_11,B. decurrens,TRUE,TRUE,227,2011-2613-1,18A,United States,Illinois,Fulton,40.2047222,-90.1994444,40.20813714639404,-90.18724497777134,NA,"Anderson Lake, Maternal lines = 30, Seedheads = 61; 2 packets",2/29/24,3/16/24,2000-10-01T00:00:00Z,Smith,-90.1994444,40.2047222,11 - Anderson Lake (2000),Homozygous Load
Boltonia_228,0.09383747564615214,0.06968950108260008,0.026678787127519643,Sparland (1999),Pop_16,B. decurrens,TRUE,TRUE,228,2011-2629-1,30A,United States,Illinois,Marshal,41.045,-89.4311111,41.02868892611459,-89.43846248262098,NA,"Sparland, Maternal lines = 30, Seedheads = 90; 3 packets",2/29/24,3/9/24,1999-11-11T00:00:00Z,Smith,-89.4311111,41.045,16 - Sparland (1999),Homozygous Load
Boltonia_229,0.09091265897705204,0.06701919723064975,0.024309787960801327,McClugage Bridge (1999),Pop_14,B. decurrens,TRUE,TRUE,229,2011-2618-1,26A,United States,Illinois,Peoria,40.7222223,-89.5519444,40.69352232924267,-89.59142458669179,NA,"McClugage Bridge, Maternal lines = 30, Seedheads = 90; 4 packets",2/29/24,3/6/24,1999-11-11T00:00:00Z,Smith,-89.5519444,40.7222223,14 - McClugage Bridge (1999),Homozygous Load
Boltonia_230,0.09569001653157248,0.0706240251663387,0.02666501387655035,McClugage Bridge (1999),Pop_14,B. decurrens,TRUE,TRUE,230,2011-2618-1,1B,United States,Illinois,Peoria,40.7222223,-89.5519444,40.69352232924267,-89.59142458669179,NA,"McClugage Bridge, Maternal lines = 30, Seedheads = 90; 4 packets",2/29/24,3/6/24,1999-11-11T00:00:00Z,Smith,-89.5519444,40.7222223,14 - McClugage Bridge (1999),Homozygous Load
Boltonia_231,0.08866292076619835,0.0647289551099382,0.023414526647797314,Rice Lake (1999),Pop_12,B. decurrens,TRUE,TRUE,231,2011-2666-1,11B,United States,Illinois,Fulton,40.4925,-89.9022222,40.46699902833787,-89.9485498557629,NA,"Rice Lake, Maternal lines = 30, Seedheads = 90; 3 packets",2/29/24,3/6/24,1999-10-14T00:00:00Z,Smith,-89.9022222,40.4925,12 - Rice Lake (1999),Homozygous Load
Boltonia_232,0.09138992374753321,0.06699122731969279,0.024984677258296662,Woodford County (1999),Pop_15,B. decurrens,TRUE,TRUE,232,2011-2650-1,6B,United States,Illinois,Woodford,40.8852777,-89.4583333,40.84668797480775,-89.0297386240063,NA,"Woodford County, Maternal lines = 30, Seedheads = 90; 6 packets",2/29/24,3/7/24,1999-11-11T00:00:00Z,Smith,-89.4583333,40.8852777,15 - Woodford County (1999),Homozygous Load
Boltonia_233,0.09777961985233051,0.0726263417330815,0.028228277861565055,Hennepin Bridge (1999),Pop_17,B. decurrens,TRUE,TRUE,233,2011-2623-1,14B,United States,Illinois,Hennepin,NA,NA,41.34414603458205,-89.55849691836283,NA,"Hennepin Bridge, Maternal lines = 30, Seedheads = 90; 6 packets",2/29/24,3/8/24,1999-11-11T00:00:00Z,Smith,-89.55849691836283,41.34414603458205,17 - Hennepin Bridge (1999),Homozygous Load
Boltonia_234,0.08764873312892586,0.06552033906113236,0.023834610802360736,Frederick Landing (2011),Pop_09,B. decurrens,TRUE,TRUE,234,2011-2659-1,15A,United States,Illinois,Frederick,NA,NA,40.07116308939078,-90.429571958886,NA,"Frederick Landing, Maternal lines = 15, Seedheads = 44; 2 packets",2/29/24,3/6/24,2011-12-01T00:00:00Z,Smith,-90.429571958886,40.07116308939078,9 - Frederick Landing (2011),Homozygous Load
Boltonia_235,0.08617926001981277,0.06438179915629587,0.02402743631593083,Frederick Borrow Pit (1999),Pop_08,B. decurrens,TRUE,TRUE,235,2011-2675-1,15B,United States,Illinois,Schuyler,40.0672223,-90.4275,40.07010712467176,-90.42899627731744,NA,"Frederick Borrow Pit, Maternal lines = 30, Seedheads = 90; 3 packets",2/29/24,3/6/24,1999-10-07T00:00:00Z,Smith,-90.4275,40.0672223,8 - Frederick Borrow Pit (1999),Homozygous Load
Boltonia_236,0.08922182293163025,0.06730218691797905,0.025239482401228575,Smith Lake (1998),Pop_05,B. decurrens,TRUE,TRUE,236,2011-2638-1,20C,United States,Illinois,Scott,39.7852777,-90.5902777,39.78656976625663,-90.58910563509704,Smith Lake,NA,2/29/24,3/7/24,1998-11-11T00:00:00Z,Smith,-90.5902777,39.7852777,5 - Smith Lake (1998),Homozygous Load
Boltonia_237,0.08724996585358961,0.06418930035735675,0.02347650627715913,Frederick Landing (2011),Pop_09,B. decurrens,TRUE,TRUE,237,2011-2659-1,2A,United States,Illinois,Frederick,NA,NA,40.07116308939078,-90.429571958886,NA,"Frederick Landing, Maternal lines = 15, Seedheads = 44; 2 packets",2/29/24,3/16/24,2011-12-01T00:00:00Z,Smith,-90.429571958886,40.07116308939078,9 - Frederick Landing (2011),Homozygous Load
Boltonia_238,0.0956648973331261,0.0712278461852332,0.027271036919199222,Frederick Landing (2011),Pop_09,B. decurrens,TRUE,TRUE,238,2011-2659-1,5A,United States,Illinois,Frederick,NA,NA,40.07116308939078,-90.429571958886,NA,"Frederick Landing, Maternal lines = 15, Seedheads = 44; 2 packets",2/28/24,3/18/24,2011-12-01T00:00:00Z,Smith,-90.429571958886,40.07116308939078,9 - Frederick Landing (2011),Homozygous Load
Boltonia_239,0.09011669437628245,0.06637753456751937,0.02435799433919385,Frederick Landing (2011),Pop_09,B. decurrens,TRUE,TRUE,239,2011-2659-1,11A,United States,Illinois,Frederick,NA,NA,40.07116308939078,-90.429571958886,NA,"Frederick Landing, Maternal lines = 15, Seedheads = 44; 2 packets",2/29/24,3/7/24,2011-12-01T00:00:00Z,Smith,-90.429571958886,40.07116308939078,9 - Frederick Landing (2011),Homozygous Load
Boltonia_240,0.09211524060267237,0.06828113380147287,0.025384101536406144,Cooper Park (2000),Pop_13,B. decurrens,TRUE,TRUE,240,2011-2661-1,2A,United States,Illinois,Tazewell,NA,NA,40.69584983597212,-89.54394792156027,NA,"Cooper park South, Maternal lines = 43, Seedheads = 73; 4 packets",2/29/24,3/6/24,2000-10-01T00:00:00Z,Smith,-89.54394792156027,40.69584983597212,13 - Cooper Park (2000),Homozygous Load
Boltonia_241,0.09234916313820427,0.0673285115400562,0.025218822524774635,Rice Lake (1999),Pop_12,B. decurrens,TRUE,TRUE,241,2011-2666-1,18A,United States,Illinois,Fulton,40.4925,-89.9022222,40.46699902833787,-89.9485498557629,NA,"Rice Lake, Maternal lines = 30, Seedheads = 90; 3 packets",2/29/24,3/7/24,1999-10-14T00:00:00Z,Smith,-89.9022222,40.4925,12 - Rice Lake (1999),Homozygous Load
Boltonia_242,0.08830340223843457,0.06539529710626592,0.02393791018463043,Frederick Landing (2011),Pop_09,B. decurrens,TRUE,TRUE,242,2011-2659-1,9A,United States,Illinois,Frederick,NA,NA,40.07116308939078,-90.429571958886,NA,"Frederick Landing, Maternal lines = 15, Seedheads = 44; 2 packets",2/29/24,3/5/24,2011-12-01T00:00:00Z,Smith,-90.429571958886,40.07116308939078,9 - Frederick Landing (2011),Homozygous Load
Boltonia_243,0.09138992374753321,0.06721005074070906,0.025143069644443527,Rice Lake (1999),Pop_12,B. decurrens,TRUE,TRUE,243,2011-2666-1,7B,United States,Illinois,Fulton,40.4925,-89.9022222,40.46699902833787,-89.9485498557629,NA,"Rice Lake, Maternal lines = 30, Seedheads = 90; 3 packets",2/29/24,3/6/24,1999-10-14T00:00:00Z,Smith,-89.9022222,40.4925,12 - Rice Lake (1999),Homozygous Load
Boltonia_244,0.09811558913155081,0.07247168457837827,0.028035452347994958,Meredosia Lake (1999),Pop_06,B. decurrens,TRUE,TRUE,244,2011-2620-1,12B,United States,Illinois,Morgan,39.8672223,-90.5533333,39.87546015928839,-90.55308508241012,NA,"Meredosia Lake, Maternal lines = 30, Seedheads = 90; 5 packets",2/29/24,3/8/24,1999-10-07T00:00:00Z,Smith,-90.5533333,39.8672223,6 - Meredosia Lake (1999),Homozygous Load
Boltonia_245,0.09166623493044337,0.06812154078013018,0.0255562671735223,Meredosia Lake (1999),Pop_06,B. decurrens,TRUE,TRUE,245,2011-2620-1,27A,United States,Illinois,Morgan,39.8672223,-90.5533333,39.87546015928839,-90.55308508241012,NA,"Meredosia Lake, Maternal lines = 30, Seedheads = 90; 5 packets",3/1/24,3/9/24,1999-10-07T00:00:00Z,Smith,-90.5533333,39.8672223,6 - Meredosia Lake (1999),Homozygous Load
Boltonia_246,0.10327130461266981,0.07614067878038026,0.02917863217844624,Anderson Lake (2000),Pop_11,B. decurrens,TRUE,TRUE,246,2011-2613-1,29A,United States,Illinois,Fulton,40.2047222,-90.1994444,40.20813714639404,-90.18724497777134,NA,"Anderson Lake, Maternal lines = 30, Seedheads = 61; 2 packets",2/29/24,3/8/24,2000-10-01T00:00:00Z,Smith,-90.1994444,40.2047222,11 - Anderson Lake (2000),Homozygous Load
Boltonia_247,0.10348952764917271,0.07692548157605512,0.029405890819439565,West Alton (1999),Pop_03,B. decurrens,TRUE,TRUE,247,2011-2635-1,28,United States,Illinois,Alton,NA,NA,38.86501904919102,-90.22302347588696,NA,"West Alton, Maternal lines = 32, Seedheads = 32; 2 packets",2/29/24,3/6/24,1999-11-07T00:00:00Z,Smith,-90.22302347588696,38.86501904919102,3 - West Alton (1999),Homozygous Load
Boltonia_248,0.11021362308328742,0.08081494448795319,0.030907175175092453,West Alton (1999),Pop_03,B. decurrens,TRUE,TRUE,248,2011-2635-1,26,United States,Illinois,Alton,NA,NA,38.86501904919102,-90.22302347588696,NA,"West Alton, Maternal lines = 32, Seedheads = 32; 2 packets",2/29/24,3/18/24,1999-11-07T00:00:00Z,Smith,-90.22302347588696,38.86501904919102,3 - West Alton (1999),Homozygous Load
Boltonia_249,0.09426764191954634,0.06988364517041902,0.025886825196785323,Cooper Park (2000),Pop_13,B. decurrens,TRUE,TRUE,249,2011-2661-1,23A,United States,Illinois,Tazewell,NA,NA,40.69584983597212,-89.54394792156027,NA,"Cooper park South, Maternal lines = 43, Seedheads = 73; 4 packets",3/1/24,3/12/24,2000-10-01T00:00:00Z,Smith,-89.54394792156027,40.69584983597212,13 - Cooper Park (2000),Homozygous Load
Boltonia_250,0.09263175412072601,0.06887837366484807,0.030714349661522356,Gilbert Lake (1997),Pop_04,B. decurrens,TRUE,TRUE,250,2011-2598-1,S6B,United States,Illinois,Jersey,NA,NA,38.96139842380207,-90.51481032460988,NA,"Gilbert Lake, Maternal lines = 32, Seedheads = 98; 6 packets",2/29/24,3/6/24,1997-11-08T00:00:00Z,Smith,-90.51481032460988,38.96139842380207,4 - Gilbert Lake (1997),Homozygous Load
Boltonia_251,0.0931969360857695,0.06931766579576042,0.025728432810638458,Smith Lake (1998),Pop_05,B. decurrens,TRUE,TRUE,251,2011-2638-1,17A,United States,Illinois,Scott,39.7852777,-90.5902777,39.78656976625663,-90.58910563509704,Smith Lake,NA,3/1/24,3/8/24,1998-11-11T00:00:00Z,Smith,-90.5902777,39.7852777,5 - Smith Lake (1998),Homozygous Load
Boltonia_253,0.09559738948730145,0.07161942493863073,0.02574220606160775,Frederick Borrow Pit (1999),Pop_08,B. decurrens,TRUE,TRUE,253,2011-2675-1,25A,United States,Illinois,Schuyler,40.0672223,-90.4275,40.07010712467176,-90.42899627731744,NA,"Frederick Borrow Pit, Maternal lines = 30, Seedheads = 90; 3 packets",2/29/24,3/7/24,1999-10-07T00:00:00Z,Smith,-90.4275,40.0672223,8 - Frederick Borrow Pit (1999),Homozygous Load
Boltonia_254,0.10274694134510168,0.07650757820058046,0.02954362332913249,Smith Lake (1998),Pop_05,B. decurrens,TRUE,TRUE,254,2011-2638-1,20C,United States,Illinois,Scott,39.7852777,-90.5902777,39.78656976625663,-90.58910563509704,Smith Lake,NA,2/29/24,3/7/24,1998-11-11T00:00:00Z,Smith,-90.5902777,39.7852777,5 - Smith Lake (1998),Homozygous Load
Boltonia_255,0.09264588366985209,0.06946409650606454,0.024702325613426165,Fairmont City (1997),Pop_01,B. decurrens,TRUE,TRUE,255,2011-2599-1,27,United States,Illinois,Saint Clair,38.6494444,-90.1161111,38.6515072789885,-90.10298738781108,NA,"Fairmont City, Maternal lines = 28, Seedheads = 28; 2 packets",3/1/24,3/7/24,1997-12-05T00:00:00Z,Smith,-90.1161111,38.6494444,1 - Fairmont City (1997),Homozygous Load
Boltonia_256,0.10481456536721913,0.07917952734141061,0.030955381553484977,Smith Lake (1998),Pop_05,B. decurrens,TRUE,TRUE,256,2011-2638-1,20C,United States,Illinois,Scott,39.7852777,-90.5902777,39.78656976625663,-90.58910563509704,Smith Lake,NA,2/29/24,3/10/24,1998-11-11T00:00:00Z,Smith,-90.5902777,39.7852777,5 - Smith Lake (1998),Homozygous Load
Boltonia_257,0.09963373068765376,0.07337165759564064,0.02904778629423796,Woodford County (1999),Pop_15,B. decurrens,TRUE,TRUE,257,2011-2650-1,1A,United States,Illinois,Woodford,40.8852777,-89.4583333,40.84668797480775,-89.0297386240063,NA,"Woodford County, Maternal lines = 30, Seedheads = 90; 6 packets",2/29/24,3/10/24,1999-11-11T00:00:00Z,Smith,-89.4583333,40.8852777,15 - Woodford County (1999),Homozygous Load
Boltonia_258,0.09485480318323042,0.06965824059388348,0.02598323795357037,Hennepin Bridge (1999),Pop_17,B. decurrens,TRUE,TRUE,258,2011-2623-1,19A,United States,Illinois,Hennepin,NA,NA,41.34414603458205,-89.55849691836283,NA,"Hennepin Bridge, Maternal lines = 30, Seedheads = 90; 6 packets",2/29/24,3/9/24,1999-11-11T00:00:00Z,Smith,-89.55849691836283,41.34414603458205,17 - Hennepin Bridge (1999),Homozygous Load
Boltonia_259,0.0832371739017808,0.06113728948528783,0.024736758740849397,Gilbert Lake (1997),Pop_04,B. decurrens,TRUE,TRUE,259,2011-2598-1,S10D,United States,Illinois,Jersey,NA,NA,38.96139842380207,-90.51481032460988,NA,"Gilbert Lake, Maternal lines = 32, Seedheads = 98; 6 packets",2/29/24,3/6/24,1997-11-08T00:00:00Z,Smith,-90.51481032460988,38.96139842380207,4 - Gilbert Lake (1997),Homozygous Load
Boltonia_260,0.08631584566136495,0.06374342707092512,0.023214814508742573,Beardstown (1997),Pop_07,B. decurrens,TRUE,TRUE,260,2011-2636-1,19,United States,Illinois,Cass,40.010555600000004,-90.4458333,40.0178975293398,-90.42445029519196,NA,"Beardstown, Maternal lines = 52, Seedheads = 53; 3 packets",2/29/24,3/7/24,1997-11-21T00:00:00Z,Smith,-90.4458333,40.010555600000004,7 - Beardstown (1997),Homozygous Load
Boltonia_261,0.10365751228878287,0.07671323931055815,0.029598716333009662,West Alton (1999),Pop_03,B. decurrens,TRUE,TRUE,261,2011-2635-1,13,United States,Illinois,Alton,NA,NA,38.86501904919102,-90.22302347588696,NA,"West Alton, Maternal lines = 32, Seedheads = 32; 2 packets",3/1/24,3/9/24,1999-11-07T00:00:00Z,Smith,-90.22302347588696,38.86501904919102,3 - West Alton (1999),Homozygous Load
Boltonia_262,0.10062279912647987,0.07578529638233882,0.02816629823220324,Fairmont City (1997),Pop_01,B. decurrens,TRUE,TRUE,262,2011-2599-1,11,United States,Illinois,Saint Clair,38.6494444,-90.1161111,38.6515072789885,-90.10298738781108,NA,"Fairmont City, Maternal lines = 28, Seedheads = 28; 2 packets",2/29/24,3/6/24,1997-12-05T00:00:00Z,Smith,-90.1161111,38.6494444,1 - Fairmont City (1997),Homozygous Load
Boltonia_263,0.0938688746442101,0.06978821841538937,0.026100310586809356,McClugage Bridge (1999),Pop_14,B. decurrens,TRUE,TRUE,263,2011-2618-1,20C,United States,Illinois,Peoria,40.7222223,-89.5519444,40.69352232924267,-89.59142458669179,NA,"McClugage Bridge, Maternal lines = 30, Seedheads = 90; 4 packets",2/29/24,3/6/24,1999-11-11T00:00:00Z,Smith,-89.5519444,40.7222223,14 - McClugage Bridge (1999),Homozygous Load
Boltonia_264,0.06997737702189923,0.0523119599339252,0.020770062461693144,Gilbert Lake (1997),Pop_04,B. decurrens,TRUE,TRUE,264,2011-2598-1,S15B,United States,Illinois,Jersey,NA,NA,38.96139842380207,-90.51481032460988,NA,"Gilbert Lake, Maternal lines = 32, Seedheads = 98; 6 packets",2/29/24,3/9/24,1997-11-08T00:00:00Z,Smith,-90.51481032460988,38.96139842380207,4 - Gilbert Lake (1997),Homozygous Load
Boltonia_265,0.09347481721858256,0.06978657312650956,0.02677519988430469,Frederick Borrow Pit (1999),Pop_08,B. decurrens,TRUE,TRUE,265,2011-2675-1,12B,United States,Illinois,Schuyler,40.0672223,-90.4275,40.07010712467176,-90.42899627731744,NA,"Frederick Borrow Pit, Maternal lines = 30, Seedheads = 90; 3 packets",3/1/24,3/12/24,1999-10-07T00:00:00Z,Smith,-90.4275,40.0672223,8 - Frederick Borrow Pit (1999),Homozygous Load
Boltonia_267,0.07654918731543277,0.056769047509361695,0.02214050093313775,Gilbert Lake (1997),Pop_04,B. decurrens,TRUE,TRUE,267,2011-2598-1,S11C,United States,Illinois,Jersey,NA,NA,38.96139842380207,-90.51481032460988,NA,"Gilbert Lake, Maternal lines = 32, Seedheads = 98; 6 packets",2/29/24,3/7/24,1997-11-08T00:00:00Z,Smith,-90.51481032460988,38.96139842380207,4 - Gilbert Lake (1997),Homozygous Load
Boltonia_268,0.10259936605422922,0.07544636687309558,0.030128986495327425,Sparland (1999),Pop_16,B. decurrens,TRUE,TRUE,268,2011-2629-1,9A,United States,Illinois,Marshal,41.045,-89.4311111,41.02868892611459,-89.43846248262098,NA,"Sparland, Maternal lines = 30, Seedheads = 90; 3 packets",2/29/24,3/9/24,1999-11-11T00:00:00Z,Smith,-89.4311111,41.045,16 - Sparland (1999),Homozygous Load
Boltonia_269,0.0919676653117999,0.06630514185680722,0.024082529319808,Woodford County (1999),Pop_15,B. decurrens,TRUE,TRUE,269,2011-2650-1,27B,United States,Illinois,Woodford,40.8852777,-89.4583333,40.84668797480775,-89.0297386240063,NA,"Woodford County, Maternal lines = 30, Seedheads = 90; 6 packets",2/29/24,3/6/24,1999-11-11T00:00:00Z,Smith,-89.4583333,40.8852777,15 - Woodford County (1999),Homozygous Load
Boltonia_270,0.09042754445705638,0.06675924158763796,0.024778078493757273,Rice Lake (1999),Pop_12,B. decurrens,TRUE,TRUE,270,2011-2666-1,28A,United States,Illinois,Fulton,40.4925,-89.9022222,40.46699902833787,-89.9485498557629,NA,"Rice Lake, Maternal lines = 30, Seedheads = 90; 3 packets",2/29/24,3/7/24,1999-10-14T00:00:00Z,Smith,-89.9022222,40.4925,12 - Rice Lake (1999),Homozygous Load
Boltonia_271,0.10377211863169446,0.07685802473198244,0.03049397764601368,Anderson Lake (2000),Pop_11,B. decurrens,TRUE,TRUE,271,2011-2613-1,1A,United States,Illinois,Fulton,40.2047222,-90.1994444,40.20813714639404,-90.18724497777134,NA,"Anderson Lake, Maternal lines = 30, Seedheads = 61; 2 packets",2/29/24,3/7/24,2000-10-01T00:00:00Z,Smith,-90.1994444,40.2047222,11 - Anderson Lake (2000),Homozygous Load
Boltonia_272,0.08752156718679106,0.06524557581820216,0.02439931409210173,Frederick Borrow Pit (1999),Pop_08,B. decurrens,TRUE,TRUE,272,2011-2675-1,28C,United States,Illinois,Schuyler,40.0672223,-90.4275,40.07010712467176,-90.42899627731744,NA,"Frederick Borrow Pit, Maternal lines = 30, Seedheads = 90; 3 packets",2/29/24,3/8/24,1999-10-07T00:00:00Z,Smith,-90.4275,40.0672223,8 - Frederick Borrow Pit (1999),Homozygous Load
Boltonia_273,0.09487678248187101,0.070907014853668,0.026864726015605092,Meredosia Lake (1999),Pop_06,B. decurrens,TRUE,TRUE,273,2011-2620-1,4C,United States,Illinois,Morgan,39.8672223,-90.5533333,39.87546015928839,-90.55308508241012,NA,"Meredosia Lake, Maternal lines = 30, Seedheads = 90; 5 packets",2/29/24,3/10/24,1999-10-07T00:00:00Z,Smith,-90.5533333,39.8672223,6 - Meredosia Lake (1999),Homozygous Load
Boltonia_274,0.1117898527857976,0.08317264345273744,0.03355852598668126,Anderson Lake (2000),Pop_11,B. decurrens,TRUE,TRUE,274,2011-2613-1,22A,United States,Illinois,Fulton,40.2047222,-90.1994444,40.20813714639404,-90.18724497777134,NA,"Anderson Lake, Maternal lines = 30, Seedheads = 61; 2 packets",2/29/24,3/8/24,2000-10-01T00:00:00Z,Smith,-90.1994444,40.2047222,11 - Anderson Lake (2000),Homozygous Load
Boltonia_275,0.09201633375878976,0.06843250037841644,0.02535655503446756,Woodford County (1999),Pop_15,B. decurrens,TRUE,TRUE,275,2011-2650-1,15B,United States,Illinois,Woodford,40.8852777,-89.4583333,40.84668797480775,-89.0297386240063,NA,"Woodford County, Maternal lines = 30, Seedheads = 90; 6 packets",2/29/24,3/7/24,1999-11-11T00:00:00Z,Smith,-89.4583333,40.8852777,15 - Woodford County (1999),Homozygous Load
Boltonia_276,0.08947929471570562,0.06563057341608039,0.02410318919626194,Cooper Park (2000),Pop_13,B. decurrens,TRUE,TRUE,276,2011-2661-1,4A,United States,Illinois,Tazewell,NA,NA,40.69584983597212,-89.54394792156027,NA,"Cooper park South, Maternal lines = 43, Seedheads = 73; 4 packets",2/29/24,3/7/24,2000-10-01T00:00:00Z,Smith,-89.54394792156027,40.69584983597212,13 - Cooper Park (2000),Homozygous Load
Boltonia_277,0.11196411722501935,0.08335527051839763,0.033820217755097824,Smith Lake (1998),Pop_05,B. decurrens,TRUE,TRUE,277,2011-2638-1,15C,United States,Illinois,Scott,39.7852777,-90.5902777,39.78656976625663,-90.58910563509704,Smith Lake,NA,2/29/24,3/7/24,1998-11-11T00:00:00Z,Smith,-90.5902777,39.7852777,5 - Smith Lake (1998),Homozygous Load
Boltonia_278,0.10319437706742778,0.07696496850917084,0.03047331776955974,Smith Lake (1998),Pop_05,B. decurrens,TRUE,TRUE,278,2011-2638-1,18A,United States,Illinois,Scott,39.7852777,-90.5902777,39.78656976625663,-90.58910563509704,Smith Lake,NA,2/29/24,3/7/24,1998-11-11T00:00:00Z,Smith,-90.5902777,39.7852777,5 - Smith Lake (1998),Homozygous Load
Boltonia_279,0.08016478194180823,0.05958742736049596,0.024034322941415477,Gilbert Lake (1997),Pop_04,B. decurrens,TRUE,TRUE,279,2011-2598-1,S11C,United States,Illinois,Jersey,NA,NA,38.96139842380207,-90.51481032460988,NA,"Gilbert Lake, Maternal lines = 32, Seedheads = 98; 6 packets",2/29/24,3/7/24,1997-11-08T00:00:00Z,Smith,-90.51481032460988,38.96139842380207,4 - Gilbert Lake (1997),Homozygous Load
Boltonia_280,0.10480671561770463,0.07777445063804303,0.030445771267621154,Hennepin Bridge (1999),Pop_17,B. decurrens,TRUE,TRUE,280,2011-2623-1,30C,United States,Illinois,Hennepin,NA,NA,41.34414603458205,-89.55849691836283,NA,"Hennepin Bridge, Maternal lines = 30, Seedheads = 90; 6 packets",2/29/24,3/7/24,1999-11-11T00:00:00Z,Smith,-89.55849691836283,41.34414603458205,17 - Hennepin Bridge (1999),Homozygous Load
Boltonia_281,0.10467012997615247,0.07773496370492732,0.03004634698951167,West Alton (1999),Pop_03,B. decurrens,TRUE,TRUE,281,2011-2635-1,17,United States,Illinois,Alton,NA,NA,38.86501904919102,-90.22302347588696,NA,"West Alton, Maternal lines = 32, Seedheads = 32; 2 packets",2/29/24,3/13/24,1999-11-07T00:00:00Z,Smith,-90.22302347588696,38.86501904919102,3 - West Alton (1999),Homozygous Load
Boltonia_282,0.09750016876961456,0.07223311769080415,0.027649801320854768,Hennepin Bridge (1999),Pop_17,B. decurrens,TRUE,TRUE,282,2011-2623-1,4A,United States,Illinois,Hennepin,NA,NA,41.34414603458205,-89.55849691836283,NA,"Hennepin Bridge, Maternal lines = 30, Seedheads = 90; 6 packets",2/29/24,3/8/24,1999-11-11T00:00:00Z,Smith,-89.55849691836283,41.34414603458205,17 - Hennepin Bridge (1999),Homozygous Load
Boltonia_283,0.09575438447759133,0.0718777352927627,0.025322121907044328,Fairmont City (1997),Pop_01,B. decurrens,TRUE,TRUE,283,2011-2599-1,9,United States,Illinois,Saint Clair,38.6494444,-90.1161111,38.6515072789885,-90.10298738781108,NA,"Fairmont City, Maternal lines = 28, Seedheads = 28; 2 packets",2/29/24,3/10/24,1997-12-05T00:00:00Z,Smith,-90.1161111,38.6494444,1 - Fairmont City (1997),Homozygous Load
Boltonia_284,0.09341986897198111,0.06961217250524847,0.025459854416737253,Smith Lake (1998),Pop_05,B. decurrens,TRUE,TRUE,284,2011-2638-1,24B,United States,Illinois,Scott,39.7852777,-90.5902777,39.78656976625663,-90.58910563509704,Smith Lake,NA,2/29/24,3/9/24,1998-11-11T00:00:00Z,Smith,-90.5902777,39.7852777,5 - Smith Lake (1998),Homozygous Load
Boltonia_285,0.09120309970908828,0.06629362483464847,0.02467477911148758,Frederick Borrow Pit (1999),Pop_08,B. decurrens,TRUE,TRUE,285,2011-2675-1,9B,United States,Illinois,Schuyler,40.0672223,-90.4275,40.07010712467176,-90.42899627731744,NA,"Frederick Borrow Pit, Maternal lines = 30, Seedheads = 90; 3 packets",3/1/24,3/8/24,1999-10-07T00:00:00Z,Smith,-90.4275,40.0672223,8 - Frederick Borrow Pit (1999),Homozygous Load
Boltonia_286,0.09270240186635645,0.068750041132222,0.02605899083390148,Smith Lake (1998),Pop_05,B. decurrens,TRUE,TRUE,286,2011-2638-1,1C,United States,Illinois,Scott,39.7852777,-90.5902777,39.78656976625663,-90.58910563509704,Smith Lake,NA,3/1/24,3/7/24,1998-11-11T00:00:00Z,Smith,-90.5902777,39.7852777,5 - Smith Lake (1998),Homozygous Load
Boltonia_287,0.09316553708771153,0.06835681708994465,0.026072764084870772,Frederick Borrow Pit (1999),Pop_08,B. decurrens,TRUE,TRUE,287,2011-2675-1,23A,United States,Illinois,Schuyler,40.0672223,-90.4275,40.07010712467176,-90.42899627731744,NA,"Frederick Borrow Pit, Maternal lines = 30, Seedheads = 90; 3 packets",2/29/24,3/9/24,1999-10-07T00:00:00Z,Smith,-90.4275,40.0672223,8 - Frederick Borrow Pit (1999),Homozygous Load
Boltonia_288,0.08371914852197067,0.061165259396244794,0.024681665736972225,Gilbert Lake (1997),Pop_04,B. decurrens,TRUE,TRUE,288,2011-2598-1,L12A,United States,Illinois,Jersey,NA,NA,38.96139842380207,-90.51481032460988,NA,"Gilbert Lake, Maternal lines = 32, Seedheads = 98; 6 packets",2/28/24,3/5/24,1997-11-08T00:00:00Z,Smith,-90.51481032460988,38.96139842380207,4 - Gilbert Lake (1997),Homozygous Load
Boltonia_289,0.10735788420991486,0.0796303364944817,0.031554517970649204,Anderson Lake (1997),Pop_10,B. decurrens,TRUE,TRUE,289,2011-2664-1,8,United States,Illinois,Fulton,40.2047222,-90.1994444,40.20744447961278,-90.1871999885973,NA,"Anderson Lake, Maternal lines = 31, Seedheads = 31",2/29/24,3/7/24,1997-11-21T00:00:00Z,Smith,-90.1994444,40.2047222,10 - Anderson Lake (1997),Homozygous Load
Boltonia_290,0.09300697214751877,0.06908897064146523,0.026114083837778652,Woodford County (1999),Pop_15,B. decurrens,TRUE,TRUE,290,2011-2650-1,11B,United States,Illinois,Woodford,40.8852777,-89.4583333,40.84668797480775,-89.0297386240063,NA,"Woodford County, Maternal lines = 30, Seedheads = 90; 6 packets",2/29/24,3/7/24,1999-11-11T00:00:00Z,Smith,-89.4583333,40.8852777,15 - Woodford County (1999),Homozygous Load
Boltonia_291,0.0974671998216537,0.0723515784901513,0.02756716181503901,Sparland (1999),Pop_16,B. decurrens,TRUE,TRUE,291,2011-2629-1,9A,United States,Illinois,Marshal,41.045,-89.4311111,41.02868892611459,-89.43846248262098,NA,"Sparland, Maternal lines = 30, Seedheads = 90; 3 packets",2/29/24,3/8/24,1999-11-11T00:00:00Z,Smith,-89.4311111,41.045,16 - Sparland (1999),Homozygous Load
Boltonia_292,0.09407296813158691,0.07008272512487743,0.027119531158537005,Cooper Park (2000),Pop_13,B. decurrens,TRUE,TRUE,292,2011-2661-1,18B,United States,Illinois,Tazewell,NA,NA,40.69584983597212,-89.54394792156027,NA,"Cooper park South, Maternal lines = 43, Seedheads = 73; 4 packets",2/29/24,3/9/24,2000-10-01T00:00:00Z,Smith,-89.54394792156027,40.69584983597212,13 - Cooper Park (2000),Homozygous Load
Boltonia_293,0.09016850272307811,0.06662103732173295,0.024006776439476893,Smith Lake (1998),Pop_05,B. decurrens,TRUE,TRUE,293,2011-2638-1,13A,United States,Illinois,Scott,39.7852777,-90.5902777,39.78656976625663,-90.58910563509704,Smith Lake,NA,2/29/24,3/7/24,1998-11-11T00:00:00Z,Smith,-90.5902777,39.7852777,5 - Smith Lake (1998),Homozygous Load
Boltonia_294,0.09851906625659575,0.07264608519963935,0.02775998732860911,Sparland (1999),Pop_16,B. decurrens,TRUE,TRUE,294,2011-2629-1,6C,United States,Illinois,Marshal,41.045,-89.4311111,41.02868892611459,-89.43846248262098,NA,"Sparland, Maternal lines = 30, Seedheads = 90; 3 packets",2/29/24,3/7/24,1999-11-11T00:00:00Z,Smith,-89.4311111,41.045,16 - Sparland (1999),Homozygous Load
Boltonia_295,0.09169449402869555,0.06808040855813463,0.02443374721952496,Smith Lake (1998),Pop_05,B. decurrens,TRUE,TRUE,295,2011-2638-1,30B,United States,Illinois,Scott,39.7852777,-90.5902777,39.78656976625663,-90.58910563509704,Smith Lake,NA,2/29/24,3/9/24,1998-11-11T00:00:00Z,Smith,-90.5902777,39.7852777,5 - Smith Lake (1998),Homozygous Load
Boltonia_296,0.09022031106987376,0.0666934300324451,0.024330447837255267,Cooper Park (2000),Pop_13,B. decurrens,TRUE,TRUE,296,2011-2661-1,13A,United States,Illinois,Tazewell,NA,NA,40.69584983597212,-89.54394792156027,NA,"Cooper park South, Maternal lines = 43, Seedheads = 73; 4 packets",3/1/24,3/8/24,2000-10-01T00:00:00Z,Smith,-89.54394792156027,40.69584983597212,13 - Cooper Park (2000),Homozygous Load
Boltonia_298,0.09996499011716536,0.07581820215993525,0.02884807415518322,West Alton (1999),Pop_03,B. decurrens,TRUE,TRUE,298,2011-2635-1,15,United States,Illinois,Alton,NA,NA,38.86501904919102,-90.22302347588696,NA,"West Alton, Maternal lines = 32, Seedheads = 32; 2 packets",2/29/24,3/7/24,1999-11-07T00:00:00Z,Smith,-90.22302347588696,38.86501904919102,3 - West Alton (1999),Homozygous Load
Boltonia_299,0.09901517042591171,0.07328939315164956,0.029151085676507656,Sparland (1999),Pop_16,B. decurrens,TRUE,TRUE,299,2011-2629-1,5A,United States,Illinois,Marshal,41.045,-89.4311111,41.02868892611459,-89.43846248262098,NA,"Sparland, Maternal lines = 30, Seedheads = 90; 3 packets",2/29/24,3/10/24,1999-11-11T00:00:00Z,Smith,-89.4311111,41.045,16 - Sparland (1999),Homozygous Load
Boltonia_301,0.08809145900154326,0.06582636279277916,0.023331887141981558,Cooper Park (2000),Pop_13,B. decurrens,TRUE,TRUE,301,2011-2661-1,23A,United States,Illinois,Tazewell,NA,NA,40.69584983597212,-89.54394792156027,NA,"Cooper park South, Maternal lines = 43, Seedheads = 73; 4 packets",3/1/24,3/12/24,2000-10-01T00:00:00Z,Smith,-89.54394792156027,40.69584983597212,13 - Cooper Park (2000),Homozygous Load
Boltonia_302,0.10456494333265826,0.0775276573060698,0.031217073321901535,Frederick Landing (2011),Pop_09,B. decurrens,TRUE,TRUE,302,2011-2659-1,1B,United States,Illinois,Frederick,NA,NA,40.07116308939078,-90.429571958886,NA,"Frederick Landing, Maternal lines = 15, Seedheads = 44; 2 packets",2/29/24,3/8/24,2011-12-01T00:00:00Z,Smith,-90.429571958886,40.07116308939078,9 - Frederick Landing (2011),Homozygous Load
Boltonia_303,0.10214094068258282,0.07531145318495021,0.027209057289837406,Horseshoe Lake (2000),Pop_02,B. decurrens,TRUE,TRUE,303,2011-2609-1,X2,United States,Illinois,Madison,38.6891666,-90.0972222,38.69652811427051,-90.085926104309,NA,"Horseshoe Lake, Maternal lines = 30, Seedheads = 90; 3 packets",2/29/24,3/8/24,2000-11-01T00:00:00Z,Smith,-90.0972222,38.6891666,2 - Horseshoe Lake (2000),Homozygous Load
Boltonia_304,0.08921554313201865,0.06561905639392164,0.02357291903394418,Woodford County (1999),Pop_15,B. decurrens,TRUE,TRUE,304,2011-2650-1,17A,United States,Illinois,Woodford,40.8852777,-89.4583333,40.84668797480775,-89.0297386240063,NA,"Woodford County, Maternal lines = 30, Seedheads = 90; 6 packets",3/1/24,3/12/24,1999-11-11T00:00:00Z,Smith,-89.4583333,40.8852777,15 - Woodford County (1999),Homozygous Load
Boltonia_305,0.08846039722872444,0.06494777853095446,0.02277407047772521,Rice Lake (1999),Pop_12,B. decurrens,TRUE,TRUE,305,2011-2666-1,3A,United States,Illinois,Fulton,40.4925,-89.9022222,40.46699902833787,-89.9485498557629,NA,"Rice Lake, Maternal lines = 30, Seedheads = 90; 3 packets",2/28/24,3/10/24,1999-10-14T00:00:00Z,Smith,-89.9022222,40.4925,12 - Rice Lake (1999),Homozygous Load
Boltonia_306,0.09853319580572184,0.07253749613357113,0.027271036919199222,Anderson Lake (1997),Pop_10,B. decurrens,TRUE,TRUE,306,2011-2664-1,15,United States,Illinois,Fulton,40.2047222,-90.1994444,40.20744447961278,-90.1871999885973,NA,"Anderson Lake, Maternal lines = 31, Seedheads = 31",2/29/24,3/9/24,1997-11-21T00:00:00Z,Smith,-90.1994444,40.2047222,10 - Anderson Lake (1997),Homozygous Load
Boltonia_307,0.08608506302563886,0.06346372796135545,0.02257435833867047,Frederick Landing (2011),Pop_09,B. decurrens,TRUE,TRUE,307,2011-2659-1,13A,United States,Illinois,Frederick,NA,NA,40.07116308939078,-90.429571958886,NA,"Frederick Landing, Maternal lines = 15, Seedheads = 44; 2 packets",2/29/24,3/6/24,2011-12-01T00:00:00Z,Smith,-90.429571958886,40.07116308939078,9 - Frederick Landing (2011),Homozygous Load
Boltonia_308,0.10302482247791472,0.0771146897972346,0.029192405429415532,West Alton (1999),Pop_03,B. decurrens,TRUE,TRUE,308,2011-2635-1,4,United States,Illinois,Alton,NA,NA,38.86501904919102,-90.22302347588696,NA,"West Alton, Maternal lines = 32, Seedheads = 32; 2 packets",2/29/24,3/6/24,1999-11-07T00:00:00Z,Smith,-90.22302347588696,38.86501904919102,3 - West Alton (1999),Homozygous Load
Boltonia_309,0.0910602342679245,0.06728408874030102,0.024846944748603737,Cooper Park (2000),Pop_13,B. decurrens,TRUE,TRUE,309,2011-2661-1,2A,United States,Illinois,Tazewell,NA,NA,40.69584983597212,-89.54394792156027,NA,"Cooper park South, Maternal lines = 43, Seedheads = 73; 4 packets",2/29/24,3/6/24,2000-10-01T00:00:00Z,Smith,-89.54394792156027,40.69584983597212,13 - Cooper Park (2000),Homozygous Load
Boltonia_310,0.10869548152718447,0.08001862467011958,0.032050355005543735,Cooper Park (2000),Pop_13,B. decurrens,TRUE,TRUE,310,2011-2661-1,25A,United States,Illinois,Tazewell,NA,NA,40.69584983597212,-89.54394792156027,NA,"Cooper park South, Maternal lines = 43, Seedheads = 73; 4 packets",3/1/24,3/6/24,2000-10-01T00:00:00Z,Smith,-89.54394792156027,40.69584983597212,13 - Cooper Park (2000),Homozygous Load
Boltonia_311,0.11024031223163669,0.08105515666440713,0.032677037924646546,Anderson Lake (2000),Pop_11,B. decurrens,TRUE,TRUE,311,2011-2613-1,9A,United States,Illinois,Fulton,40.2047222,-90.1994444,40.20813714639404,-90.18724497777134,NA,"Anderson Lake, Maternal lines = 30, Seedheads = 61; 2 packets",2/29/24,3/7/24,2000-10-01T00:00:00Z,Smith,-90.1994444,40.2047222,11 - Anderson Lake (2000),Homozygous Load
Boltonia_312,0.10493074166003363,0.07725618464089926,0.031120660565116486,Anderson Lake (2000),Pop_11,B. decurrens,TRUE,TRUE,312,2011-2613-1,16A,United States,Illinois,Fulton,40.2047222,-90.1994444,40.20813714639404,-90.18724497777134,NA,"Anderson Lake, Maternal lines = 30, Seedheads = 61; 2 packets",3/1/24,3/10/24,2000-10-01T00:00:00Z,Smith,-90.1994444,40.2047222,11 - Anderson Lake (2000),Homozygous Load
Boltonia_313,0.09141347299607669,0.0678862644703157,0.025205049273805343,Rice Lake (1999),Pop_12,B. decurrens,TRUE,TRUE,313,2011-2666-1,11B,United States,Illinois,Fulton,40.4925,-89.9022222,40.46699902833787,-89.9485498557629,NA,"Rice Lake, Maternal lines = 30, Seedheads = 90; 3 packets",2/29/24,3/6/24,1999-10-14T00:00:00Z,Smith,-89.9022222,40.4925,12 - Rice Lake (1999),Homozygous Load
Boltonia_315,0.08770054147572151,0.06465491711034624,0.023524712655551654,Cooper Park (2000),Pop_13,B. decurrens,TRUE,TRUE,315,2011-2661-1,18B,United States,Illinois,Tazewell,NA,NA,40.69584983597212,-89.54394792156027,NA,"Cooper park South, Maternal lines = 43, Seedheads = 73; 4 packets",2/29/24,3/8/24,2000-10-01T00:00:00Z,Smith,-89.54394792156027,40.69584983597212,13 - Cooper Park (2000),Homozygous Load
Boltonia_316,0.10975519771164102,0.08155861506163252,0.03369625849637419,Sparland (1999),Pop_16,B. decurrens,TRUE,TRUE,316,2011-2629-1,22B,United States,Illinois,Marshal,41.045,-89.4311111,41.02868892611459,-89.43846248262098,NA,"Sparland, Maternal lines = 30, Seedheads = 90; 3 packets",2/29/24,3/12/24,1999-11-11T00:00:00Z,Smith,-89.4311111,41.045,16 - Sparland (1999),Homozygous Load
Boltonia_317,0.09407453808148981,0.06952497219461794,0.02696802539787479,McClugage Bridge (1999),Pop_14,B. decurrens,TRUE,TRUE,317,2011-2618-1,30B,United States,Illinois,Peoria,40.7222223,-89.5519444,40.69352232924267,-89.59142458669179,NA,"McClugage Bridge, Maternal lines = 30, Seedheads = 90; 4 packets",2/29/24,3/12/24,1999-11-11T00:00:00Z,Smith,-89.5519444,40.7222223,14 - McClugage Bridge (1999),Homozygous Load
Boltonia_318,0.09283898750790862,0.06877965633205878,0.025294575405105744,Rice Lake (1999),Pop_12,B. decurrens,TRUE,TRUE,318,2011-2666-1,27A,United States,Illinois,Fulton,40.4925,-89.9022222,40.46699902833787,-89.9485498557629,NA,"Rice Lake, Maternal lines = 30, Seedheads = 90; 3 packets",2/29/24,3/8/24,1999-10-14T00:00:00Z,Smith,-89.9022222,40.4925,12 - Rice Lake (1999),Homozygous Load
Boltonia_320,0.06762873196716293,0.05044126647756813,0.01985414127223519,Gilbert Lake (1997),Pop_04,B. decurrens,TRUE,TRUE,320,2011-2598-1,S17A,United States,Illinois,Jersey,NA,NA,38.96139842380207,-90.51481032460988,NA,"Gilbert Lake, Maternal lines = 32, Seedheads = 98; 6 packets",2/29/24,3/12/24,1997-11-08T00:00:00Z,Smith,-90.51481032460988,38.96139842380207,4 - Gilbert Lake (1997),Homozygous Load
Boltonia_321,0.09363966195838691,0.06937031503991471,0.02384149742784538,Fairmont City (1997),Pop_01,B. decurrens,TRUE,TRUE,321,2011-2599-1,16,United States,Illinois,Saint Clair,38.6494444,-90.1161111,38.6515072789885,-90.10298738781108,NA,"Fairmont City, Maternal lines = 28, Seedheads = 28; 2 packets",3/1/24,3/8/24,1997-12-05T00:00:00Z,Smith,-90.1161111,38.6494444,1 - Fairmont City (1997),Homozygous Load
Boltonia_322,0.0892830509778433,0.06550388617233414,0.024151395574654462,Rice Lake (1999),Pop_12,B. decurrens,TRUE,TRUE,322,2011-2666-1,19C,United States,Illinois,Fulton,40.4925,-89.9022222,40.46699902833787,-89.9485498557629,NA,"Rice Lake, Maternal lines = 30, Seedheads = 90; 3 packets",2/29/24,3/9/24,1999-10-14T00:00:00Z,Smith,-89.9022222,40.4925,12 - Rice Lake (1999),Homozygous Load
Boltonia_323,0.08998795848424476,0.06727750758478174,0.025053543513143126,Frederick Borrow Pit (1999),Pop_08,B. decurrens,TRUE,TRUE,323,2011-2675-1,12B,United States,Illinois,Schuyler,40.0672223,-90.4275,40.07010712467176,-90.42899627731744,NA,"Frederick Borrow Pit, Maternal lines = 30, Seedheads = 90; 3 packets",3/1/24,3/8/24,1999-10-07T00:00:00Z,Smith,-90.4275,40.0672223,8 - Frederick Borrow Pit (1999),Homozygous Load
Boltonia_324,0.10478002646935536,0.07788633028187089,0.029151085676507656,Horseshoe Lake (2000),Pop_02,B. decurrens,TRUE,TRUE,324,2011-2609-1,5C,United States,Illinois,Madison,38.6891666,-90.0972222,38.69652811427051,-90.085926104309,NA,"Horseshoe Lake, Maternal lines = 30, Seedheads = 90; 3 packets",2/29/24,3/7/24,2000-11-01T00:00:00Z,Smith,-90.0972222,38.6891666,2 - Horseshoe Lake (2000),Homozygous Load
Boltonia_325,0.09496155977662753,0.07012550263575279,0.02700245852529802,Woodford County (1999),Pop_15,B. decurrens,TRUE,TRUE,325,2011-2650-1,21A,United States,Illinois,Woodford,40.8852777,-89.4583333,40.84668797480775,-89.0297386240063,NA,"Woodford County, Maternal lines = 30, Seedheads = 90; 6 packets",2/29/24,3/7/24,1999-11-11T00:00:00Z,Smith,-89.4583333,40.8852777,15 - Woodford County (1999),Homozygous Load
Boltonia_326,0.102602505954035,0.076502642333941,0.028214504610595763,Horseshoe Lake (2000),Pop_02,B. decurrens,TRUE,TRUE,326,2011-2609-1,7C,United States,Illinois,Madison,38.6891666,-90.0972222,38.69652811427051,-90.085926104309,NA,"Horseshoe Lake, Maternal lines = 30, Seedheads = 90; 3 packets",2/29/24,3/8/24,2000-11-01T00:00:00Z,Smith,-90.0972222,38.6891666,2 - Horseshoe Lake (2000),Homozygous Load
Boltonia_327,0.09740283187563485,0.0721459173801736,0.02755338856406972,Smith Lake (1998),Pop_05,B. decurrens,TRUE,TRUE,327,2011-2638-1,8B,United States,Illinois,Scott,39.7852777,-90.5902777,39.78656976625663,-90.58910563509704,Smith Lake,NA,2/29/24,3/6/24,1998-11-11T00:00:00Z,Smith,-90.5902777,39.7852777,5 - Smith Lake (1998),Homozygous Load
Boltonia_329,0.09103982491918683,0.0677941282930457,0.02517061614638211,Sparland (1999),Pop_16,B. decurrens,TRUE,TRUE,329,2011-2629-1,28C,United States,Illinois,Marshal,41.045,-89.4311111,41.02868892611459,-89.43846248262098,NA,"Sparland, Maternal lines = 30, Seedheads = 90; 3 packets",2/29/24,3/7/24,1999-11-11T00:00:00Z,Smith,-89.4311111,41.045,16 - Sparland (1999),Homozygous Load
Boltonia_330,0.091966095361897,0.06815938242436607,0.025611360177399473,Woodford County (1999),Pop_15,B. decurrens,TRUE,TRUE,330,2011-2650-1,10C,United States,Illinois,Woodford,40.8852777,-89.4583333,40.84668797480775,-89.0297386240063,NA,"Woodford County, Maternal lines = 30, Seedheads = 90; 6 packets",3/1/24,3/8/24,1999-11-11T00:00:00Z,Smith,-89.4583333,40.8852777,15 - Woodford County (1999),Homozygous Load
Boltonia_331,0.08700034381902874,0.06387340489243101,0.022891143110964195,Cooper Park (2000),Pop_13,B. decurrens,TRUE,TRUE,331,2011-2661-1,22A,United States,Illinois,Tazewell,NA,NA,40.69584983597212,-89.54394792156027,NA,"Cooper park South, Maternal lines = 43, Seedheads = 73; 4 packets",2/29/24,3/6/24,2000-10-01T00:00:00Z,Smith,-89.54394792156027,40.69584983597212,13 - Cooper Park (2000),Homozygous Load
Boltonia_332,0.10145958242472483,0.0744690652784816,0.028538176008374137,Hennepin Bridge (1999),Pop_17,B. decurrens,TRUE,TRUE,332,2011-2623-1,30C,United States,Illinois,Hennepin,NA,NA,41.34414603458205,-89.55849691836283,NA,"Hennepin Bridge, Maternal lines = 30, Seedheads = 90; 6 packets",2/29/24,3/6/24,1999-11-11T00:00:00Z,Smith,-89.55849691836283,41.34414603458205,17 - Hennepin Bridge (1999),Homozygous Load
Boltonia_334,0.09032863761317377,0.06643676496719295,0.023827724176876088,Rice Lake (1999),Pop_12,B. decurrens,TRUE,TRUE,334,2011-2666-1,6B,United States,Illinois,Fulton,40.4925,-89.9022222,40.46699902833787,-89.9485498557629,NA,"Rice Lake, Maternal lines = 30, Seedheads = 90; 3 packets",2/29/24,3/10/24,1999-10-14T00:00:00Z,Smith,-89.9022222,40.4925,12 - Rice Lake (1999),Homozygous Load
Boltonia_335,0.07123647684402391,0.05241725842223378,0.020887135094932133,Gilbert Lake (1997),Pop_04,B. decurrens,TRUE,TRUE,335,2011-2598-1,S6B,United States,Illinois,Jersey,NA,NA,38.96139842380207,-90.51481032460988,NA,"Gilbert Lake, Maternal lines = 32, Seedheads = 98; 6 packets",2/29/24,3/25/24,1997-11-08T00:00:00Z,Smith,-90.51481032460988,38.96139842380207,4 - Gilbert Lake (1997),Homozygous Load
Boltonia_336,0.08827828303998819,0.06570954728231183,0.023090855250018937,Smith Lake (1998),Pop_05,B. decurrens,TRUE,TRUE,336,2011-2638-1,4B,United States,Illinois,Scott,39.7852777,-90.5902777,39.78656976625663,-90.58910563509704,Smith Lake,NA,3/1/24,3/7/24,1998-11-11T00:00:00Z,Smith,-90.5902777,39.7852777,5 - Smith Lake (1998),Homozygous Load
Boltonia_337,0.1251375668602415,0.09240271406853616,0.039205558884091204,Anderson Lake (2000),Pop_11,B. decurrens,TRUE,TRUE,337,2011-2613-1,22A,United States,Illinois,Fulton,40.2047222,-90.1994444,40.20813714639404,-90.18724497777134,NA,"Anderson Lake, Maternal lines = 30, Seedheads = 61; 2 packets",2/29/24,3/7/24,2000-10-01T00:00:00Z,Smith,-90.1994444,40.2047222,11 - Anderson Lake (2000),Homozygous Load
Boltonia_338,0.09074938418715059,0.06711462398567941,0.02545296779125261,Woodford County (1999),Pop_15,B. decurrens,TRUE,TRUE,338,2011-2650-1,13C,United States,Illinois,Woodford,40.8852777,-89.4583333,40.84668797480775,-89.0297386240063,NA,"Woodford County, Maternal lines = 30, Seedheads = 90; 6 packets",3/1/24,3/12/24,1999-11-11T00:00:00Z,Smith,-89.4583333,40.8852777,15 - Woodford County (1999),Homozygous Load
Boltonia_339,0.10246278041267703,0.07520121883000218,0.029171745552961592,Anderson Lake (2000),Pop_11,B. decurrens,TRUE,TRUE,339,2011-2613-1,3A,United States,Illinois,Fulton,40.2047222,-90.1994444,40.20813714639404,-90.18724497777134,NA,"Anderson Lake, Maternal lines = 30, Seedheads = 61; 2 packets",3/1/24,3/10/24,2000-10-01T00:00:00Z,Smith,-90.1994444,40.2047222,11 - Anderson Lake (2000),Homozygous Load
Boltonia_341,0.09646714173350729,0.0709596640978223,0.026747653382366107,Anderson Lake (1997),Pop_10,B. decurrens,TRUE,TRUE,341,2011-2664-1,30,United States,Illinois,Fulton,40.2047222,-90.1994444,40.20744447961278,-90.1871999885973,NA,"Anderson Lake, Maternal lines = 31, Seedheads = 31",3/1/24,3/14/24,1997-11-21T00:00:00Z,Smith,-90.1994444,40.2047222,10 - Anderson Lake (1997),Homozygous Load
Boltonia_342,0.09221885729626368,0.06836504353434376,0.025087976640566355,Woodford County (1999),Pop_15,B. decurrens,TRUE,TRUE,342,2011-2650-1,29B,United States,Illinois,Woodford,40.8852777,-89.4583333,40.84668797480775,-89.0297386240063,NA,"Woodford County, Maternal lines = 30, Seedheads = 90; 6 packets",3/1/24,3/10/24,1999-11-11T00:00:00Z,Smith,-89.4583333,40.8852777,15 - Woodford County (1999),Homozygous Load
Boltonia_343,0.0889408018990114,0.0651188885744559,0.02323547438519651,Smith Lake (1998),Pop_05,B. decurrens,TRUE,TRUE,343,2011-2638-1,11B,United States,Illinois,Scott,39.7852777,-90.5902777,39.78656976625663,-90.58910563509704,Smith Lake,NA,2/29/24,3/6/24,1998-11-11T00:00:00Z,Smith,-90.5902777,39.7852777,5 - Smith Lake (1998),Homozygous Load
Boltonia_344,0.09313884793936225,0.06863980677727395,0.02464034598406435,Sparland (1999),Pop_16,B. decurrens,TRUE,TRUE,344,2011-2629-1,5A,United States,Illinois,Marshal,41.045,-89.4311111,41.02868892611459,-89.43846248262098,NA,"Sparland, Maternal lines = 30, Seedheads = 90; 3 packets",2/29/24,3/8/24,1999-11-11T00:00:00Z,Smith,-89.4311111,41.045,16 - Sparland (1999),Homozygous Load
Boltonia_345,0.10465443047712347,0.07724137704098086,0.03010143999338884,Hennepin Bridge (1999),Pop_17,B. decurrens,TRUE,TRUE,345,2011-2623-1,6B,United States,Illinois,Hennepin,NA,NA,41.34414603458205,-89.55849691836283,NA,"Hennepin Bridge, Maternal lines = 30, Seedheads = 90; 6 packets",3/1/24,3/10/24,1999-11-11T00:00:00Z,Smith,-89.55849691836283,41.34414603458205,17 - Hennepin Bridge (1999),Homozygous Load
Boltonia_349,0.1023905627171437,0.07626078486860723,0.029164858927476948,Smith Lake (1998),Pop_05,B. decurrens,TRUE,TRUE,349,2011-2638-1,12C,United States,Illinois,Scott,39.7852777,-90.5902777,39.78656976625663,-90.58910563509704,Smith Lake,NA,2/29/24,3/15/24,1998-11-11T00:00:00Z,Smith,-90.5902777,39.7852777,5 - Smith Lake (1998),Homozygous Load
Boltonia_350,0.09687218880845512,0.07112583827468427,0.027601594942462244,Anderson Lake (1997),Pop_10,B. decurrens,TRUE,TRUE,350,2011-2664-1,28,United States,Illinois,Fulton,40.2047222,-90.1994444,40.20744447961278,-90.1871999885973,NA,"Anderson Lake, Maternal lines = 31, Seedheads = 31",2/29/24,3/14/24,1997-11-21T00:00:00Z,Smith,-90.1994444,40.2047222,10 - Anderson Lake (1997),Homozygous Load
Boltonia_351,0.09698679515136673,0.0717790179599734,0.02734678979953033,Smith Lake (1998),Pop_05,B. decurrens,TRUE,TRUE,351,2011-2638-1,11B,United States,Illinois,Scott,39.7852777,-90.5902777,39.78656976625663,-90.58910563509704,Smith Lake,NA,2/29/24,3/6/24,1998-11-11T00:00:00Z,Smith,-90.5902777,39.7852777,5 - Smith Lake (1998),Homozygous Load
Boltonia_352,0.09219687799762309,0.06866942197711075,0.02533589515801362,McClugage Bridge (1999),Pop_14,B. decurrens,TRUE,TRUE,352,2011-2618-1,7B,United States,Illinois,Peoria,40.7222223,-89.5519444,40.69352232924267,-89.59142458669179,NA,"McClugage Bridge, Maternal lines = 30, Seedheads = 90; 4 packets",2/29/24,3/6/24,1999-11-11T00:00:00Z,Smith,-89.5519444,40.7222223,14 - McClugage Bridge (1999),Homozygous Load
Boltonia_353,0.09385474509508401,0.0694920664170215,0.026272476223925513,Hennepin Bridge (1999),Pop_17,B. decurrens,TRUE,TRUE,353,2011-2623-1,28C,United States,Illinois,Hennepin,NA,NA,41.34414603458205,-89.55849691836283,NA,"Hennepin Bridge, Maternal lines = 30, Seedheads = 90; 6 packets",2/29/24,3/5/24,1999-11-11T00:00:00Z,Smith,-89.55849691836283,41.34414603458205,17 - Hennepin Bridge (1999),Homozygous Load
Boltonia_354,0.09378252739955067,0.0694147378396699,0.026492848239434194,McClugage Bridge (1999),Pop_14,B. decurrens,TRUE,TRUE,354,2011-2618-1,20C,United States,Illinois,Peoria,40.7222223,-89.5519444,40.69352232924267,-89.59142458669179,NA,"McClugage Bridge, Maternal lines = 30, Seedheads = 90; 4 packets",2/29/24,3/6/24,1999-11-11T00:00:00Z,Smith,-89.5519444,40.7222223,14 - McClugage Bridge (1999),Homozygous Load
Boltonia_355,0.09977031632920594,0.07333217066252493,0.028028565722510314,Anderson Lake (2000),Pop_11,B. decurrens,TRUE,TRUE,355,2011-2613-1,24A,United States,Illinois,Fulton,40.2047222,-90.1994444,40.20813714639404,-90.18724497777134,NA,"Anderson Lake, Maternal lines = 30, Seedheads = 61; 2 packets",2/28/24,3/13/24,2000-10-01T00:00:00Z,Smith,-90.1994444,40.2047222,11 - Anderson Lake (2000),Homozygous Load
Boltonia_356,0.0947700258884739,0.07022421996854207,0.025687113057730582,Gilbert Lake (1997),Pop_04,B. decurrens,TRUE,TRUE,356,2011-2598-1,S16A,United States,Illinois,Jersey,NA,NA,38.96139842380207,-90.51481032460988,NA,"Gilbert Lake, Maternal lines = 32, Seedheads = 98; 6 packets",2/29/24,3/9/24,1997-11-08T00:00:00Z,Smith,-90.51481032460988,38.96139842380207,4 - Gilbert Lake (1997),Homozygous Load
Boltonia_358,0.08994242993706071,0.06646638016702973,0.023414526647797314,Meredosia Lake (1999),Pop_06,B. decurrens,TRUE,TRUE,358,2011-2620-1,13A,United States,Illinois,Morgan,39.8672223,-90.5533333,39.87546015928839,-90.55308508241012,NA,"Meredosia Lake, Maternal lines = 30, Seedheads = 90; 5 packets",3/1/24,3/7/24,1999-10-07T00:00:00Z,Smith,-90.5533333,39.8672223,6 - Meredosia Lake (1999),Homozygous Load
Boltonia_359,0.1075431382984569,0.08016834595818334,0.03115509369253972,West Alton (1999),Pop_03,B. decurrens,TRUE,TRUE,359,2011-2635-1,4,United States,Illinois,Alton,NA,NA,38.86501904919102,-90.22302347588696,NA,"West Alton, Maternal lines = 32, Seedheads = 32; 2 packets",2/29/24,3/7/24,1999-11-07T00:00:00Z,Smith,-90.22302347588696,38.86501904919102,3 - West Alton (1999),Homozygous Load
Boltonia_360,0.06771350926191945,0.05072754674265707,0.019020859588592995,Gilbert Lake (1997),Pop_04,B. decurrens,TRUE,TRUE,360,2011-2598-1,L13B,United States,Illinois,Jersey,NA,NA,38.96139842380207,-90.51481032460988,NA,"Gilbert Lake, Maternal lines = 32, Seedheads = 98; 6 packets",2/29/24,3/8/24,1997-11-08T00:00:00Z,Smith,-90.51481032460988,38.96139842380207,4 - Gilbert Lake (1997),Homozygous Load
Boltonia_361,0.07722583572358206,0.056716398265207406,0.021307219249495555,Gilbert Lake (1997),Pop_04,B. decurrens,TRUE,TRUE,361,2011-2598-1,S16A,United States,Illinois,Jersey,NA,NA,38.96139842380207,-90.51481032460988,NA,"Gilbert Lake, Maternal lines = 32, Seedheads = 98; 6 packets",2/29/24,3/7/24,1997-11-08T00:00:00Z,Smith,-90.51481032460988,38.96139842380207,4 - Gilbert Lake (1997),Homozygous Load
Boltonia_362,0.09797115374048414,0.07215085324681307,0.028028565722510314,Sparland (1999),Pop_16,B. decurrens,TRUE,TRUE,362,2011-2629-1,7C,United States,Illinois,Marshal,41.045,-89.4311111,41.02868892611459,-89.43846248262098,NA,"Sparland, Maternal lines = 30, Seedheads = 90; 3 packets",2/29/24,3/10/24,1999-11-11T00:00:00Z,Smith,-89.4311111,41.045,16 - Sparland (1999),Homozygous Load
Boltonia_363,0.09060023894637523,0.06713930331887673,0.024716098864395457,Meredosia Lake (1999),Pop_06,B. decurrens,TRUE,TRUE,363,2011-2620-1,10A,United States,Illinois,Morgan,39.8672223,-90.5533333,39.87546015928839,-90.55308508241012,NA,"Meredosia Lake, Maternal lines = 30, Seedheads = 90; 5 packets",2/29/24,3/8/24,1999-10-07T00:00:00Z,Smith,-90.5533333,39.8672223,6 - Meredosia Lake (1999),Homozygous Load
Boltonia_364,0.09339945962324342,0.06917452566321594,0.024984677258296662,Meredosia Lake (1999),Pop_06,B. decurrens,TRUE,TRUE,364,2011-2620-1,2C,United States,Illinois,Morgan,39.8672223,-90.5533333,39.87546015928839,-90.55308508241012,NA,"Meredosia Lake, Maternal lines = 30, Seedheads = 90; 5 packets",3/1/24,3/10/24,1999-10-07T00:00:00Z,Smith,-90.5533333,39.8672223,6 - Meredosia Lake (1999),Homozygous Load
Boltonia_365,0.09863838244921605,0.07340620866211689,0.027732440826670524,Hennepin Bridge (1999),Pop_17,B. decurrens,TRUE,TRUE,365,2011-2623-1,18B,United States,Illinois,Hennepin,NA,NA,41.34414603458205,-89.55849691836283,NA,"Hennepin Bridge, Maternal lines = 30, Seedheads = 90; 6 packets",2/29/24,3/7/24,1999-11-11T00:00:00Z,Smith,-89.55849691836283,41.34414603458205,17 - Hennepin Bridge (1999),Homozygous Load
Boltonia_366,0.10023345155056103,0.07428314763506176,0.028414216749650504,Cooper Park (2000),Pop_13,B. decurrens,TRUE,TRUE,366,2011-2644-1,30,United States,Illinois,Tazewell,NA,NA,40.69971137108869,-89.54002817279506,NA,"Cooper Park, Maternal lines = 13, Seedheads = 47; 3 packets",2/29/24,3/7/24,1995-01-01T00:00:00Z,Smith,-89.54002817279506,40.69971137108869,13 - Cooper Park (2000),Homozygous Load
Boltonia_367,0.07827613220862123,0.058592027588203935,0.022539925211247237,Gilbert Lake (1997),Pop_04,B. decurrens,TRUE,TRUE,367,2011-2598-1,L14A,United States,Illinois,Jersey,NA,NA,38.96139842380207,-90.51481032460988,NA,"Gilbert Lake, Maternal lines = 32, Seedheads = 98; 6 packets",2/29/24,3/10/24,1997-11-08T00:00:00Z,Smith,-90.51481032460988,38.96139842380207,4 - Gilbert Lake (1997),Homozygous Load
Boltonia_368,0.09468210869391158,0.0705401154334678,0.02467477911148758,Fairmont City (1997),Pop_01,B. decurrens,TRUE,TRUE,368,2011-2599-1,7,United States,Illinois,Saint Clair,38.6494444,-90.1161111,38.6515072789885,-90.10298738781108,NA,"Fairmont City, Maternal lines = 28, Seedheads = 28; 2 packets",2/29/24,3/6/24,1997-12-05T00:00:00Z,Smith,-90.1161111,38.6494444,1 - Fairmont City (1997),Homozygous Load
Boltonia_370,0.08931288002599837,0.0661422582577049,0.02428912808434739,Woodford County (1999),Pop_15,B. decurrens,TRUE,TRUE,370,2011-2650-1,11B,United States,Illinois,Woodford,40.8852777,-89.4583333,40.84668797480775,-89.0297386240063,NA,"Woodford County, Maternal lines = 30, Seedheads = 90; 6 packets",3/1/24,3/10/24,1999-11-11T00:00:00Z,Smith,-89.4583333,40.8852777,15 - Woodford County (1999),Homozygous Load
Boltonia_371,0.0893945174209491,0.06605341265819453,0.024075642694323354,Frederick Landing (2011),Pop_09,B. decurrens,TRUE,TRUE,371,2011-2659-1,10C,United States,Illinois,Frederick,NA,NA,40.07116308939078,-90.429571958886,NA,"Frederick Landing, Maternal lines = 15, Seedheads = 44; 2 packets",2/29/24,3/7/24,2011-12-01T00:00:00Z,Smith,-90.429571958886,40.07116308939078,9 - Frederick Landing (2011),Homozygous Load
Boltonia_372,0.10883049721883374,0.08000710764796083,0.03294561631854775,Frederick Landing (2011),Pop_09,B. decurrens,TRUE,TRUE,372,2011-2659-1,1B,United States,Illinois,Frederick,NA,NA,40.07116308939078,-90.429571958886,NA,"Frederick Landing, Maternal lines = 15, Seedheads = 44; 2 packets",2/28/24,3/7/24,2011-12-01T00:00:00Z,Smith,-90.429571958886,40.07116308939078,9 - Frederick Landing (2011),Homozygous Load
Boltonia_373,0.0984751076593146,0.0718464748040461,0.027470749058253963,Smith Lake (1998),Pop_05,B. decurrens,TRUE,TRUE,373,2011-2638-1,28A,United States,Illinois,Scott,39.7852777,-90.5902777,39.78656976625663,-90.58910563509704,Smith Lake,NA,3/1/24,3/7/24,1998-11-11T00:00:00Z,Smith,-90.5902777,39.7852777,5 - Smith Lake (1998),Homozygous Load
Boltonia_374,0.10064477842512046,0.07403306372532889,0.028965146788422207,Anderson Lake (1997),Pop_10,B. decurrens,TRUE,TRUE,374,2011-2664-1,14,United States,Illinois,Fulton,40.2047222,-90.1994444,40.20744447961278,-90.1871999885973,NA,"Anderson Lake, Maternal lines = 31, Seedheads = 31",2/29/24,3/18/24,1997-11-21T00:00:00Z,Smith,-90.1994444,40.2047222,10 - Anderson Lake (1997),Homozygous Load
Boltonia_375,0.0932000759855753,0.06890963415356469,0.025817958941938862,Sparland (1999),Pop_16,B. decurrens,TRUE,TRUE,375,2011-2629-1,28C,United States,Illinois,Marshal,41.045,-89.4311111,41.02868892611459,-89.43846248262098,NA,"Sparland, Maternal lines = 30, Seedheads = 90; 3 packets",2/29/24,3/7/24,1999-11-11T00:00:00Z,Smith,-89.4311111,41.045,16 - Sparland (1999),Homozygous Load
Boltonia_376,0.09156418818675496,0.06822519397955894,0.024523273350825363,Smith Lake (1998),Pop_05,B. decurrens,TRUE,TRUE,376,2011-2638-1,21C,United States,Illinois,Scott,39.7852777,-90.5902777,39.78656976625663,-90.58910563509704,Smith Lake,NA,3/1/24,Unknown,1998-11-11T00:00:00Z,Smith,-90.5902777,39.7852777,5 - Smith Lake (1998),Homozygous Load
Boltonia_377,0.09501179817352029,0.07022421996854207,0.026238043096502284,Frederick Borrow Pit (1999),Pop_08,B. decurrens,TRUE,TRUE,377,2011-2675-1,5A,United States,Illinois,Schuyler,40.0672223,-90.4275,40.07010712467176,-90.42899627731744,NA,"Frederick Borrow Pit, Maternal lines = 30, Seedheads = 90; 3 packets",2/29/24,3/6/24,1999-10-07T00:00:00Z,Smith,-90.4275,40.0672223,8 - Frederick Borrow Pit (1999),Homozygous Load
Boltonia_378,0.0980261019870856,0.0721228833358561,0.02748452230922326,Beardstown (1997),Pop_07,B. decurrens,TRUE,TRUE,378,2011-2636-1,18,United States,Illinois,Cass,40.010555600000004,-90.4458333,40.0178975293398,-90.42445029519196,NA,"Beardstown, Maternal lines = 52, Seedheads = 53; 3 packets",2/29/24,3/7/24,1997-11-21T00:00:00Z,Smith,-90.4458333,40.010555600000004,7 - Beardstown (1997),Homozygous Load
Boltonia_379,0.08802238120581572,0.06614719412434435,0.024413087343071023,Rice Lake (1999),Pop_12,B. decurrens,TRUE,TRUE,379,2011-2666-1,26C,United States,Illinois,Fulton,40.4925,-89.9022222,40.46699902833787,-89.9485498557629,NA,"Rice Lake, Maternal lines = 30, Seedheads = 90; 3 packets",3/1/24,3/10/24,1999-10-14T00:00:00Z,Smith,-89.9022222,40.4925,12 - Rice Lake (1999),Homozygous Load
Boltonia_380,0.09160186698442453,0.06801130642518213,0.025108636517020295,Meredosia Lake (1999),Pop_06,B. decurrens,TRUE,TRUE,380,2011-2620-1,6A,United States,Illinois,Morgan,39.8672223,-90.5533333,39.87546015928839,-90.55308508241012,NA,"Meredosia Lake, Maternal lines = 30, Seedheads = 90; 5 packets",3/1/24,3/8/24,1999-10-07T00:00:00Z,Smith,-90.5533333,39.8672223,6 - Meredosia Lake (1999),Homozygous Load
Boltonia_381,0.0984625480600914,0.07286655390953543,0.028923827035514327,Meredosia Lake (1999),Pop_06,B. decurrens,TRUE,TRUE,381,2011-2620-1,10A,United States,Illinois,Morgan,39.8672223,-90.5533333,39.87546015928839,-90.55308508241012,NA,"Meredosia Lake, Maternal lines = 30, Seedheads = 90; 5 packets",2/29/24,3/9/24,1999-10-07T00:00:00Z,Smith,-90.5533333,39.8672223,6 - Meredosia Lake (1999),Homozygous Load
Boltonia_382,0.08870687936347951,0.06746836109484103,0.024647232609548996,Smith Lake (1998),Pop_05,B. decurrens,TRUE,TRUE,382,2011-2638-1,4B,United States,Illinois,Scott,39.7852777,-90.5902777,39.78656976625663,-90.58910563509704,Smith Lake,NA,2/29/24,3/9/24,1998-11-11T00:00:00Z,Smith,-90.5902777,39.7852777,5 - Smith Lake (1998),Homozygous Load
Boltonia_383,0.09464599984614491,0.06971582570467723,0.027312356672107102,McClugage Bridge (1999),Pop_14,B. decurrens,TRUE,TRUE,383,2011-2618-1,24B,United States,Illinois,Peoria,40.7222223,-89.5519444,40.69352232924267,-89.59142458669179,NA,"McClugage Bridge, Maternal lines = 30, Seedheads = 90; 4 packets",2/29/24,3/12/24,1999-11-11T00:00:00Z,Smith,-89.5519444,40.7222223,14 - McClugage Bridge (1999),Homozygous Load
Boltonia_384,0.07599185509990376,0.05604018453560076,0.021451838384673128,Gilbert Lake (1997),Pop_04,B. decurrens,TRUE,TRUE,384,2011-2598-1,S25D,United States,Illinois,Jersey,NA,NA,38.96139842380207,-90.51481032460988,NA,"Gilbert Lake, Maternal lines = 32, Seedheads = 98; 6 packets",2/29/24,3/7/24,1997-11-08T00:00:00Z,Smith,-90.51481032460988,38.96139842380207,4 - Gilbert Lake (1997),Homozygous Load
Boltonia_385,0.08914960523609691,0.06674607927659938,0.023896590431722552,Smith Lake (1998),Pop_05,B. decurrens,TRUE,TRUE,385,2011-2638-1,3A,United States,Illinois,Scott,39.7852777,-90.5902777,39.78656976625663,-90.58910563509704,Smith Lake,NA,3/1/24,3/8/24,1998-11-11T00:00:00Z,Smith,-90.5902777,39.7852777,5 - Smith Lake (1998),Homozygous Load
Boltonia_386,0.09123763860695205,0.06695009509769725,0.02413762232368517,Hennepin Bridge (1999),Pop_17,B. decurrens,TRUE,TRUE,386,2011-2623-1,1B,United States,Illinois,Hennepin,NA,NA,41.34414603458205,-89.55849691836283,NA,"Hennepin Bridge, Maternal lines = 30, Seedheads = 90; 6 packets",2/29/24,3/8/24,1999-11-11T00:00:00Z,Smith,-89.55849691836283,41.34414603458205,17 - Hennepin Bridge (1999),Homozygous Load
Boltonia_387,0.09246533943101876,0.067496331005798,0.024716098864395457,Frederick Landing (2011),Pop_09,B. decurrens,TRUE,TRUE,387,2011-2659-1,12B,United States,Illinois,Frederick,NA,NA,40.07116308939078,-90.429571958886,NA,"Frederick Landing, Maternal lines = 15, Seedheads = 44; 2 packets",2/29/24,3/6/24,2011-12-01T00:00:00Z,Smith,-90.429571958886,40.07116308939078,9 - Frederick Landing (2011),Homozygous Load
Boltonia_388,0.097462489971945,0.0709366300535048,0.027319243297591746,Anderson Lake (1997),Pop_10,B. decurrens,TRUE,TRUE,388,2011-2664-1,14,United States,Illinois,Fulton,40.2047222,-90.1994444,40.20744447961278,-90.1871999885973,NA,"Anderson Lake, Maternal lines = 31, Seedheads = 31",3/1/24,3/10/24,1997-11-21T00:00:00Z,Smith,-90.1994444,40.2047222,10 - Anderson Lake (1997),Homozygous Load
Boltonia_389,0.09653621952923482,0.07164574956070786,0.028062998849933542,McClugage Bridge (1999),Pop_14,B. decurrens,TRUE,TRUE,389,2011-2618-1,5A,United States,Illinois,Peoria,40.7222223,-89.5519444,40.69352232924267,-89.59142458669179,NA,"McClugage Bridge, Maternal lines = 30, Seedheads = 90; 4 packets",2/29/24,3/7/24,1999-11-11T00:00:00Z,Smith,-89.5519444,40.7222223,14 - McClugage Bridge (1999),Homozygous Load
Boltonia_390,0.11447132721994842,0.08465175815569698,0.035307728859781416,Anderson Lake (1997),Pop_10,B. decurrens,TRUE,TRUE,390,2011-2664-1,8,United States,Illinois,Fulton,40.2047222,-90.1994444,40.20744447961278,-90.1871999885973,NA,"Anderson Lake, Maternal lines = 31, Seedheads = 31",2/29/24,3/8/24,1997-11-21T00:00:00Z,Smith,-90.1994444,40.2047222,10 - Anderson Lake (1997),Homozygous Load
Boltonia_392,0.09214035980111875,0.06766085989378015,0.02465411923503364,Smith Lake (1998),Pop_05,B. decurrens,TRUE,TRUE,392,2011-2638-1,3A,United States,Illinois,Scott,39.7852777,-90.5902777,39.78656976625663,-90.58910563509704,Smith Lake,NA,3/1/24,3/7/24,1998-11-11T00:00:00Z,Smith,-90.5902777,39.7852777,5 - Smith Lake (1998),Homozygous Load
Boltonia_393,0.10279246989228574,0.07580339456001685,0.02958494308204037,Woodford County (1999),Pop_15,B. decurrens,TRUE,TRUE,393,2011-2650-1,15B,United States,Illinois,Woodford,40.8852777,-89.4583333,40.84668797480775,-89.0297386240063,NA,"Woodford County, Maternal lines = 30, Seedheads = 90; 6 packets",2/29/24,3/7/24,1999-11-11T00:00:00Z,Smith,-89.4583333,40.8852777,15 - Woodford County (1999),Homozygous Load
Boltonia_394,0.10056157108026682,0.07478825132116697,0.029137312425538364,Anderson Lake (1997),Pop_10,B. decurrens,TRUE,TRUE,394,2011-2664-1,26,United States,Illinois,Fulton,40.2047222,-90.1994444,40.20744447961278,-90.1871999885973,NA,"Anderson Lake, Maternal lines = 31, Seedheads = 31",3/1/24,3/7/24,1997-11-21T00:00:00Z,Smith,-90.1994444,40.2047222,10 - Anderson Lake (1997),Homozygous Load
Boltonia_395,0.10763105549301921,0.07976854076038671,0.032587511793346145,Sparland (1999),Pop_16,B. decurrens,TRUE,TRUE,395,2011-2629-1,7C,United States,Illinois,Marshal,41.045,-89.4311111,41.02868892611459,-89.43846248262098,NA,"Sparland, Maternal lines = 30, Seedheads = 90; 3 packets",2/29/24,3/6/24,1999-11-11T00:00:00Z,Smith,-89.4311111,41.045,16 - Sparland (1999),Homozygous Load
Boltonia_396,0.10748191025224385,0.07937367142922955,0.031024247808331438,Fairmont City (1997),Pop_01,B. decurrens,TRUE,TRUE,396,2011-2599-1,3,United States,Illinois,Saint Clair,38.6494444,-90.1161111,38.6515072789885,-90.10298738781108,NA,"Fairmont City, Maternal lines = 28, Seedheads = 28; 2 packets",2/29/24,3/7/24,1997-12-05T00:00:00Z,Smith,-90.1161111,38.6494444,1 - Fairmont City (1997),Homozygous Load
Boltonia_397,0.10509558639983799,0.0773285773516114,0.030900288549607805,Anderson Lake (1997),Pop_10,B. decurrens,TRUE,TRUE,397,2011-2664-1,11,United States,Illinois,Fulton,40.2047222,-90.1994444,40.20744447961278,-90.1871999885973,NA,"Anderson Lake, Maternal lines = 31, Seedheads = 31",2/29/24,3/10/24,1997-11-21T00:00:00Z,Smith,-90.1994444,40.2047222,10 - Anderson Lake (1997),Homozygous Load
Boltonia_398,0.09302424159645066,0.06970101810475883,0.026176063467140468,Frederick Borrow Pit (1999),Pop_08,B. decurrens,TRUE,TRUE,398,2011-2675-1,3C,United States,Illinois,Schuyler,40.0672223,-90.4275,40.07010712467176,-90.42899627731744,NA,"Frederick Borrow Pit, Maternal lines = 30, Seedheads = 90; 3 packets",2/29/24,3/8/24,1999-10-07T00:00:00Z,Smith,-90.4275,40.0672223,8 - Frederick Borrow Pit (1999),Homozygous Load
Boltonia_399,0.09470094809274636,0.07022421996854207,0.02616917684165582,Sparland (1999),Pop_16,B. decurrens,TRUE,TRUE,399,2011-2629-1,15A,United States,Illinois,Marshal,41.045,-89.4311111,41.02868892611459,-89.43846248262098,NA,"Sparland, Maternal lines = 30, Seedheads = 90; 3 packets",2/29/24,3/9/24,1999-11-11T00:00:00Z,Smith,-89.4311111,41.045,16 - Sparland (1999),Homozygous Load
Boltonia_400,0.09911250731989142,0.07299488644216151,0.029185518803930884,Anderson Lake (1997),Pop_10,B. decurrens,TRUE,TRUE,400,2011-2664-1,1,United States,Illinois,Fulton,40.2047222,-90.1994444,40.20744447961278,-90.1871999885973,NA,"Anderson Lake, Maternal lines = 31, Seedheads = 31",2/29/24,3/7/24,1997-11-21T00:00:00Z,Smith,-90.1994444,40.2047222,10 - Anderson Lake (1997),Homozygous Load
Boltonia_401,0.09485794308303622,0.07051214552251084,0.026899159143028324,McClugage Bridge (1999),Pop_14,B. decurrens,TRUE,TRUE,401,2011-2618-1,25A,United States,Illinois,Peoria,40.7222223,-89.5519444,40.69352232924267,-89.59142458669179,NA,"McClugage Bridge, Maternal lines = 30, Seedheads = 90; 4 packets",2/29/24,3/12/24,1999-11-11T00:00:00Z,Smith,-89.5519444,40.7222223,14 - McClugage Bridge (1999),Homozygous Load
Boltonia_402,0.08796429305940848,0.06549565972793503,0.02329056738907368,Rice Lake (1999),Pop_12,B. decurrens,TRUE,TRUE,402,2011-2666-1,11B,United States,Illinois,Fulton,40.4925,-89.9022222,40.46699902833787,-89.9485498557629,NA,"Rice Lake, Maternal lines = 30, Seedheads = 90; 3 packets",2/29/24,3/6/24,1999-10-14T00:00:00Z,Smith,-89.9022222,40.4925,12 - Rice Lake (1999),Homozygous Load
Boltonia_403,0.08650266969980988,0.06482438186496785,0.022712090848363394,Frederick Landing (2011),Pop_09,B. decurrens,TRUE,TRUE,403,2011-2659-1,15A,United States,Illinois,Frederick,NA,NA,40.07116308939078,-90.429571958886,NA,"Frederick Landing, Maternal lines = 15, Seedheads = 44; 2 packets",2/29/24,3/5/24,2011-12-01T00:00:00Z,Smith,-90.429571958886,40.07116308939078,9 - Frederick Landing (2011),Homozygous Load
Boltonia_404,0.09406825828187823,0.06935879801775596,0.02503977026217383,Cooper Park (2000),Pop_13,B. decurrens,TRUE,TRUE,404,2011-2661-1,12A,United States,Illinois,Tazewell,NA,NA,40.69584983597212,-89.54394792156027,NA,"Cooper park South, Maternal lines = 43, Seedheads = 73; 4 packets",3/1/24,3/8/24,2000-10-01T00:00:00Z,Smith,-89.54394792156027,40.69584983597212,13 - Cooper Park (2000),Homozygous Load
Boltonia_405,0.09939666825231606,0.072603307688764,0.027966586093148497,Smith Lake (1998),Pop_05,B. decurrens,TRUE,TRUE,405,2011-2638-1,26C,United States,Illinois,Scott,39.7852777,-90.5902777,39.78656976625663,-90.58910563509704,Smith Lake,NA,2/29/24,3/8/24,1998-11-11T00:00:00Z,Smith,-90.5902777,39.7852777,5 - Smith Lake (1998),Homozygous Load
Boltonia_408,0.09699307495097831,0.07195999973675378,0.02746386243276932,Anderson Lake (1997),Pop_10,B. decurrens,TRUE,TRUE,408,2011-2664-1,13,United States,Illinois,Fulton,40.2047222,-90.1994444,40.20744447961278,-90.1871999885973,NA,"Anderson Lake, Maternal lines = 31, Seedheads = 31",3/2/24,3/12/24,1997-11-21T00:00:00Z,Smith,-90.1994444,40.2047222,10 - Anderson Lake (1997),Homozygous Load
Boltonia_409,0.08987963194094477,0.06557627888304629,0.023745084671060335,Cooper Park (2000),Pop_13,B. decurrens,TRUE,TRUE,409,2011-2661-1,8A,United States,Illinois,Tazewell,NA,NA,40.69584983597212,-89.54394792156027,NA,"Cooper park South, Maternal lines = 43, Seedheads = 73; 4 packets",3/1/24,3/10/24,2000-10-01T00:00:00Z,Smith,-89.54394792156027,40.69584983597212,13 - Cooper Park (2000),Homozygous Load
Boltonia_411,0.08935369872347373,0.06587078559253434,0.02435799433919385,Rice Lake (1999),Pop_12,B. decurrens,TRUE,TRUE,411,2011-2666-1,13C,United States,Illinois,Fulton,40.4925,-89.9022222,40.46699902833787,-89.9485498557629,NA,"Rice Lake, Maternal lines = 30, Seedheads = 90; 3 packets",2/29/24,3/16/24,1999-10-14T00:00:00Z,Smith,-89.9022222,40.4925,12 - Rice Lake (1999),Homozygous Load
Boltonia_412,0.09127688735452452,0.06818899762420286,0.02535655503446756,Frederick Landing (2011),Pop_09,B. decurrens,TRUE,TRUE,412,2011-2659-1,5A,United States,Illinois,Frederick,NA,NA,40.07116308939078,-90.429571958886,NA,"Frederick Landing, Maternal lines = 15, Seedheads = 44; 2 packets",2/29/24,3/8/24,2011-12-01T00:00:00Z,Smith,-90.429571958886,40.07116308939078,9 - Frederick Landing (2011),Homozygous Load
Boltonia_413,0.0900727357790013,0.0660665749692331,0.02395168343559972,Sparland (1999),Pop_16,B. decurrens,TRUE,TRUE,413,2011-2629-1,30A,United States,Illinois,Marshal,41.045,-89.4311111,41.02868892611459,-89.43846248262098,NA,"Sparland, Maternal lines = 30, Seedheads = 90; 3 packets",2/29/24,3/6/24,1999-11-11T00:00:00Z,Smith,-89.4311111,41.045,16 - Sparland (1999),Homozygous Load
Boltonia_415,0.09675444256573773,0.07163752311630876,0.027250377042745286,Sparland (1999),Pop_16,B. decurrens,TRUE,TRUE,415,2011-2629-1,2B,United States,Illinois,Marshal,41.045,-89.4311111,41.02868892611459,-89.43846248262098,NA,"Sparland, Maternal lines = 30, Seedheads = 90; 3 packets",2/29/24,3/7/24,1999-11-11T00:00:00Z,Smith,-89.4311111,41.045,16 - Sparland (1999),Homozygous Load
Boltonia_417,0.09217489869898252,0.06897050984211808,0.02616917684165582,Beardstown (1997),Pop_07,B. decurrens,TRUE,TRUE,417,2011-2636-1,26,United States,Illinois,Cass,40.010555600000004,-90.4458333,40.0178975293398,-90.42445029519196,NA,"Beardstown, Maternal lines = 52, Seedheads = 53; 3 packets",2/29/24,3/8/24,1997-11-21T00:00:00Z,Smith,-90.4458333,40.010555600000004,7 - Beardstown (1997),Homozygous Load
Boltonia_418,0.10412064751013796,0.07800643637009787,0.029922387730788036,West Alton (1999),Pop_03,B. decurrens,TRUE,TRUE,418,2011-2635-1,31,United States,Illinois,Alton,NA,NA,38.86501904919102,-90.22302347588696,NA,"West Alton, Maternal lines = 32, Seedheads = 32; 2 packets",2/29/24,3/12/24,1999-11-07T00:00:00Z,Smith,-90.22302347588696,38.86501904919102,3 - West Alton (1999),Homozygous Load
Boltonia_420,0.09007901557861289,0.06689744585354296,0.02543230791479867,Frederick Landing (2011),Pop_09,B. decurrens,TRUE,TRUE,420,2011-2659-1,14A,United States,Illinois,Frederick,NA,NA,40.07116308939078,-90.429571958886,NA,"Frederick Landing, Maternal lines = 15, Seedheads = 44; 2 packets",2/29/24,3/6/24,2011-12-01T00:00:00Z,Smith,-90.429571958886,40.07116308939078,9 - Frederick Landing (2011),Homozygous Load
Boltonia_421,0.0925359871766492,0.06874345997670271,0.025680226432245934,Frederick Borrow Pit (1999),Pop_08,B. decurrens,TRUE,TRUE,421,2011-2675-1,16A,United States,Illinois,Schuyler,40.0672223,-90.4275,40.07010712467176,-90.42899627731744,NA,"Frederick Borrow Pit, Maternal lines = 30, Seedheads = 90; 3 packets",2/29/24,3/6/24,1999-10-07T00:00:00Z,Smith,-90.4275,40.0672223,8 - Frederick Borrow Pit (1999),Homozygous Load
Boltonia_422,0.10706587352797572,0.079240403029964,0.03043199801665186,West Alton (1999),Pop_03,B. decurrens,TRUE,TRUE,422,2011-2635-1,13,United States,Illinois,Alton,NA,NA,38.86501904919102,-90.22302347588696,NA,"West Alton, Maternal lines = 32, Seedheads = 32; 2 packets",3/1/24,3/9/24,1999-11-07T00:00:00Z,Smith,-90.22302347588696,38.86501904919102,3 - West Alton (1999),Homozygous Load
Boltonia_423,0.10490876236139304,0.0776658615719748,0.02968135583882542,West Alton (1999),Pop_03,B. decurrens,TRUE,TRUE,423,2011-2635-1,28,United States,Illinois,Alton,NA,NA,38.86501904919102,-90.22302347588696,NA,"West Alton, Maternal lines = 32, Seedheads = 32; 2 packets",2/29/24,3/10/24,1999-11-07T00:00:00Z,Smith,-90.22302347588696,38.86501904919102,3 - West Alton (1999),Homozygous Load
Boltonia_424,0.07131026448946014,0.0525949496212545,0.02053591719521517,Gilbert Lake (1997),Pop_04,B. decurrens,TRUE,TRUE,424,2011-2598-1,L1B,United States,Illinois,Jersey,NA,NA,38.96139842380207,-90.51481032460988,NA,"Gilbert Lake, Maternal lines = 32, Seedheads = 98; 6 packets",2/29/24,3/7/24,1997-11-08T00:00:00Z,Smith,-90.51481032460988,38.96139842380207,4 - Gilbert Lake (1997),Homozygous Load
Boltonia_425,0.09604796510943336,0.07013537436903171,0.025900598447754615,Meredosia Lake (1999),Pop_06,B. decurrens,TRUE,TRUE,425,2011-2620-1,20B,United States,Illinois,Morgan,39.8672223,-90.5533333,39.87546015928839,-90.55308508241012,NA,"Meredosia Lake, Maternal lines = 30, Seedheads = 90; 5 packets",3/1/24,3/10/24,1999-10-07T00:00:00Z,Smith,-90.5533333,39.8672223,6 - Meredosia Lake (1999),Homozygous Load
Boltonia_426,0.0912925868535535,0.06739596838412888,0.02477119186827263,Cooper Park (2000),Pop_13,B. decurrens,TRUE,TRUE,426,2011-2661-1,18B,United States,Illinois,Tazewell,NA,NA,40.69584983597212,-89.54394792156027,NA,"Cooper park South, Maternal lines = 43, Seedheads = 73; 4 packets",2/29/24,3/7/24,2000-10-01T00:00:00Z,Smith,-89.54394792156027,40.69584983597212,13 - Cooper Park (2000),Homozygous Load
Boltonia_427,0.10181596105268281,0.07420417376883033,0.028916940410029682,Anderson Lake (1997),Pop_10,B. decurrens,TRUE,TRUE,427,2011-2664-1,26,United States,Illinois,Fulton,40.2047222,-90.1994444,40.20744447961278,-90.1871999885973,NA,"Anderson Lake, Maternal lines = 31, Seedheads = 31",3/1/24,3/8/24,1997-11-21T00:00:00Z,Smith,-90.1994444,40.2047222,10 - Anderson Lake (1997),Homozygous Load
Boltonia_428,0.08786538621552586,0.06430118000118461,0.023118401751957524,Frederick Landing (2011),Pop_09,B. decurrens,TRUE,TRUE,428,2011-2659-1,3C,United States,Illinois,Frederick,NA,NA,40.07116308939078,-90.429571958886,NA,"Frederick Landing, Maternal lines = 15, Seedheads = 44; 2 packets",2/29/24,NA,2011-12-01T00:00:00Z,Smith,-90.429571958886,40.07116308939078,9 - Frederick Landing (2011),Homozygous Load
Boltonia_429,0.0948799223816768,0.070814878676398,0.02679585976075863,Meredosia Lake (1999),Pop_06,B. decurrens,TRUE,TRUE,429,2011-2620-1,19A,United States,Illinois,Morgan,39.8672223,-90.5533333,39.87546015928839,-90.55308508241012,NA,"Meredosia Lake, Maternal lines = 30, Seedheads = 90; 5 packets",2/29/24,3/7/24,1999-10-07T00:00:00Z,Smith,-90.5533333,39.8672223,6 - Meredosia Lake (1999),Homozygous Load
Boltonia_430,0.06682334766697595,0.050637055854266894,0.020143379542590337,Gilbert Lake (1997),Pop_04,B. decurrens,TRUE,TRUE,430,2011-2598-1,L3B,United States,Illinois,Jersey,NA,NA,38.96139842380207,-90.51481032460988,NA,"Gilbert Lake, Maternal lines = 32, Seedheads = 98; 6 packets",2/29/24,3/12/24,1997-11-08T00:00:00Z,Smith,-90.51481032460988,38.96139842380207,4 - Gilbert Lake (1997),Homozygous Load
Boltonia_431,0.10393068357188723,0.07698800255348834,0.03065237003216054,Anderson Lake (2000),Pop_11,B. decurrens,TRUE,TRUE,431,2011-2613-1,6A,United States,Illinois,Fulton,40.2047222,-90.1994444,40.20813714639404,-90.18724497777134,NA,"Anderson Lake, Maternal lines = 30, Seedheads = 61; 2 packets",2/29/24,3/7/24,2000-10-01T00:00:00Z,Smith,-90.1994444,40.2047222,11 - Anderson Lake (2000),Homozygous Load
Boltonia_432,0.10740498270700181,0.07739603419568408,0.030073893491450253,Anderson Lake (1997),Pop_10,B. decurrens,TRUE,TRUE,432,2011-2664-1,9,United States,Illinois,Fulton,40.2047222,-90.1994444,40.20744447961278,-90.1871999885973,NA,"Anderson Lake, Maternal lines = 31, Seedheads = 31",2/29/24,3/18/24,1997-11-21T00:00:00Z,Smith,-90.1994444,40.2047222,10 - Anderson Lake (1997),Homozygous Load
Boltonia_433,0.09517507296342173,0.070049819347281,0.026107197212294004,Meredosia Lake (1999),Pop_06,B. decurrens,TRUE,TRUE,433,2011-2620-1,20B,United States,Illinois,Morgan,39.8672223,-90.5533333,39.87546015928839,-90.55308508241012,NA,"Meredosia Lake, Maternal lines = 30, Seedheads = 90; 5 packets",3/1/24,3/10/24,1999-10-07T00:00:00Z,Smith,-90.5533333,39.8672223,6 - Meredosia Lake (1999),Homozygous Load
Boltonia_434,0.10819466750815981,0.07981789942678136,0.03149942496677203,Anderson Lake (1997),Pop_10,B. decurrens,TRUE,TRUE,434,2011-2664-1,12,United States,Illinois,Fulton,40.2047222,-90.1994444,40.20744447961278,-90.1871999885973,NA,"Anderson Lake, Maternal lines = 31, Seedheads = 31",2/29/24,3/16/24,1997-11-21T00:00:00Z,Smith,-90.1994444,40.2047222,10 - Anderson Lake (1997),Homozygous Load
Boltonia_435,2.6532153358986316e-4,1.9414408781893926e-4,8.263950581575523e-5,Gilbert Lake (1997),Pop_04,B. decurrens,TRUE,TRUE,435,2011-2598-1,S8A,United States,Illinois,Jersey,NA,NA,38.96139842380207,-90.51481032460988,NA,"Gilbert Lake, Maternal lines = 32, Seedheads = 98; 6 packets",2/29/24,3/7/24,1997-11-08T00:00:00Z,Smith,-90.51481032460988,38.96139842380207,4 - Gilbert Lake (1997),Homozygous Load
Boltonia_436,0.11352778732830636,0.08459746362266286,0.03554876075174404,Smith Lake (1998),Pop_05,B. decurrens,TRUE,TRUE,436,2011-2638-1,17A,United States,Illinois,Scott,39.7852777,-90.5902777,39.78656976625663,-90.58910563509704,Smith Lake,NA,3/1/24,3/10/24,1998-11-11T00:00:00Z,Smith,-90.5902777,39.7852777,5 - Smith Lake (1998),Homozygous Load
Boltonia_437,0.09217175879917672,0.0674650705170814,0.025143069644443527,Cooper Park (2000),Pop_13,B. decurrens,TRUE,TRUE,437,2011-2661-1,5A,United States,Illinois,Tazewell,NA,NA,40.69584983597212,-89.54394792156027,NA,"Cooper park South, Maternal lines = 43, Seedheads = 73; 4 packets",2/29/24,3/6/24,2000-10-01T00:00:00Z,Smith,-89.54394792156027,40.69584983597212,13 - Cooper Park (2000),Homozygous Load
Boltonia_438,0.08767699222717804,0.06572764545998987,0.024440633845009607,Frederick Borrow Pit (1999),Pop_08,B. decurrens,TRUE,TRUE,438,2011-2675-1,15B,United States,Illinois,Schuyler,40.0672223,-90.4275,40.07010712467176,-90.42899627731744,NA,"Frederick Borrow Pit, Maternal lines = 30, Seedheads = 90; 3 packets",2/29/24,3/6/24,1999-10-07T00:00:00Z,Smith,-90.4275,40.0672223,8 - Frederick Borrow Pit (1999),Homozygous Load
Boltonia_441,0.07678781970067335,0.056398857511401855,0.022023428299898767,Gilbert Lake (1997),Pop_04,B. decurrens,TRUE,TRUE,441,2011-2598-1,L7B,United States,Illinois,Jersey,NA,NA,38.96139842380207,-90.51481032460988,NA,"Gilbert Lake, Maternal lines = 32, Seedheads = 98; 6 packets",2/29/24,3/7/24,1997-11-08T00:00:00Z,Smith,-90.51481032460988,38.96139842380207,4 - Gilbert Lake (1997),Homozygous Load
Boltonia_442,0.04104791016118676,0.03048062178757346,0.011121900157703724,Gilbert Lake (1997),Pop_04,B. decurrens,TRUE,TRUE,442,2011-2598-1,S8A,United States,Illinois,Jersey,NA,NA,38.96139842380207,-90.51481032460988,NA,"Gilbert Lake, Maternal lines = 32, Seedheads = 98; 6 packets",2/29/24,3/7/24,1997-11-08T00:00:00Z,Smith,-90.51481032460988,38.96139842380207,4 - Gilbert Lake (1997),Homozygous Load
Boltonia_443,0.10458221278159013,0.07813641419160376,0.030273605630504997,West Alton (1999),Pop_03,B. decurrens,TRUE,TRUE,443,2011-2635-1,11,United States,Illinois,Alton,NA,NA,38.86501904919102,-90.22302347588696,NA,"West Alton, Maternal lines = 32, Seedheads = 32; 2 packets",2/29/24,3/7/24,1999-11-07T00:00:00Z,Smith,-90.22302347588696,38.86501904919102,3 - West Alton (1999),Homozygous Load
Boltonia_444,0.09325345428227386,0.0686200633107161,0.025032883636689186,Meredosia Lake (1999),Pop_06,B. decurrens,TRUE,TRUE,444,2011-2620-1,27A,United States,Illinois,Morgan,39.8672223,-90.5533333,39.87546015928839,-90.55308508241012,NA,"Meredosia Lake, Maternal lines = 30, Seedheads = 90; 5 packets",3/1/24,3/8/24,1999-10-07T00:00:00Z,Smith,-90.5533333,39.8672223,6 - Meredosia Lake (1999),Homozygous Load
Boltonia_445,0.10140463417812337,0.07504491638641912,0.02925438505877735,Hennepin Bridge (1999),Pop_17,B. decurrens,TRUE,TRUE,445,2011-2623-1,7A,United States,Illinois,Hennepin,NA,NA,41.34414603458205,-89.55849691836283,NA,"Hennepin Bridge, Maternal lines = 30, Seedheads = 90; 6 packets",2/29/24,3/10/24,1999-11-11T00:00:00Z,Smith,-89.55849691836283,41.34414603458205,17 - Hennepin Bridge (1999),Homozygous Load
Boltonia_446,0.10366065218858866,0.07718708250794674,0.029419664070408857,West Alton (1999),Pop_03,B. decurrens,TRUE,TRUE,446,2011-2635-1,21,United States,Illinois,Alton,NA,NA,38.86501904919102,-90.22302347588696,NA,"West Alton, Maternal lines = 32, Seedheads = 32; 2 packets",2/29/24,3/7/24,1999-11-07T00:00:00Z,Smith,-90.22302347588696,38.86501904919102,3 - West Alton (1999),Homozygous Load
Boltonia_448,0.07507971420631968,0.055559760182692874,0.0212245797436798,Gilbert Lake (1997),Pop_04,B. decurrens,TRUE,TRUE,448,2011-2598-1,S17A,United States,Illinois,Jersey,NA,NA,38.96139842380207,-90.51481032460988,NA,"Gilbert Lake, Maternal lines = 32, Seedheads = 98; 6 packets",2/29/24,3/7/24,1997-11-08T00:00:00Z,Smith,-90.51481032460988,38.96139842380207,4 - Gilbert Lake (1997),Homozygous Load
Boltonia_449,0.0947715958383768,0.06948877583926186,0.02618983671810976,McClugage Bridge (1999),Pop_14,B. decurrens,TRUE,TRUE,449,2011-2618-1,3C,United States,Illinois,Peoria,40.7222223,-89.5519444,40.69352232924267,-89.59142458669179,NA,"McClugage Bridge, Maternal lines = 30, Seedheads = 90; 4 packets",2/29/24,3/12/24,1999-11-11T00:00:00Z,Smith,-89.5519444,40.7222223,14 - McClugage Bridge (1999),Homozygous Load
Boltonia_452,0.11925653452398334,0.08748165502899,0.03516310972460385,Horseshoe Lake (2000),Pop_02,B. decurrens,TRUE,TRUE,452,2011-2609-1,9C,United States,Illinois,Madison,38.6891666,-90.0972222,38.69652811427051,-90.085926104309,NA,"Horseshoe Lake, Maternal lines = 30, Seedheads = 90; 3 packets",3/1/24,3/12/24,2000-11-01T00:00:00Z,Smith,-90.0972222,38.6891666,2 - Horseshoe Lake (2000),Homozygous Load
Boltonia_453,0.0789826096649256,0.058401174078144644,0.022064748052806643,Gilbert Lake (1997),Pop_04,B. decurrens,TRUE,TRUE,453,2011-2598-1,22C,United States,Illinois,Jersey,NA,NA,38.96139842380207,-90.51481032460988,NA,"Gilbert Lake, Maternal lines = 32, Seedheads = 98; 6 packets",2/29/24,3/7/24,1997-11-08T00:00:00Z,Smith,-90.51481032460988,38.96139842380207,4 - Gilbert Lake (1997),Homozygous Load
Boltonia_454,0.10233561447054225,0.07559773345003916,0.029832861599487635,McClugage Bridge (1999),Pop_14,B. decurrens,TRUE,TRUE,454,2011-2618-1,15A,United States,Illinois,Peoria,40.7222223,-89.5519444,40.69352232924267,-89.59142458669179,NA,"McClugage Bridge, Maternal lines = 30, Seedheads = 90; 4 packets",2/29/24,3/12/24,1999-11-11T00:00:00Z,Smith,-89.5519444,40.7222223,14 - McClugage Bridge (1999),Homozygous Load
Boltonia_455,0.0960055764620551,0.0715717115611159,0.027326129923076394,Meredosia Lake (1999),Pop_06,B. decurrens,TRUE,TRUE,455,2011-2620-1,26C,United States,Illinois,Morgan,39.8672223,-90.5533333,39.87546015928839,-90.55308508241012,NA,"Meredosia Lake, Maternal lines = 30, Seedheads = 90; 5 packets",2/29/24,3/9/24,1999-10-07T00:00:00Z,Smith,-90.5533333,39.8672223,6 - Meredosia Lake (1999),Homozygous Load
Boltonia_456,0.08013652284355606,0.05914648994070379,0.02354537253200559,Gilbert Lake (1997),Pop_04,B. decurrens,TRUE,TRUE,456,2011-2598-1,L4B,United States,Illinois,Jersey,NA,NA,38.96139842380207,-90.51481032460988,NA,"Gilbert Lake, Maternal lines = 32, Seedheads = 98; 6 packets",2/29/24,3/7/24,1997-11-08T00:00:00Z,Smith,-90.51481032460988,38.96139842380207,4 - Gilbert Lake (1997),Homozygous Load
Boltonia_457,0.09849237710824647,0.07310347550822974,0.026609920872673182,West Alton (1999),Pop_03,B. decurrens,TRUE,TRUE,457,2011-2635-1,24,United States,Illinois,Alton,NA,NA,38.86501904919102,-90.22302347588696,NA,"West Alton, Maternal lines = 32, Seedheads = 32; 2 packets",2/29/24,3/10/24,1999-11-07T00:00:00Z,Smith,-90.22302347588696,38.86501904919102,3 - West Alton (1999),Homozygous Load
Boltonia_458,0.09827101417193777,0.07279416119882329,0.02779442045603234,McClugage Bridge (1999),Pop_14,B. decurrens,TRUE,TRUE,458,2011-2618-1,12A,United States,Illinois,Peoria,40.7222223,-89.5519444,40.69352232924267,-89.59142458669179,NA,"McClugage Bridge, Maternal lines = 30, Seedheads = 90; 4 packets",2/29/24,3/8/24,1999-11-11T00:00:00Z,Smith,-89.5519444,40.7222223,14 - McClugage Bridge (1999),Homozygous Load
Boltonia_459,0.09735887327835369,0.07226273289064093,0.027546501938585075,Cooper Park (2000),Pop_13,B. decurrens,TRUE,TRUE,459,2011-2661-1,29B,United States,Illinois,Tazewell,NA,NA,40.69584983597212,-89.54394792156027,NA,"Cooper park South, Maternal lines = 43, Seedheads = 73; 4 packets",2/29/24,3/6/24,2000-10-01T00:00:00Z,Smith,-89.54394792156027,40.69584983597212,13 - Cooper Park (2000),Homozygous Load
Boltonia_460,0.08722170675533744,0.06467795115466374,0.022705204222878746,Smith Lake (1998),Pop_05,B. decurrens,TRUE,TRUE,460,2011-2638-1,13A,United States,Illinois,Scott,39.7852777,-90.5902777,39.78656976625663,-90.58910563509704,Smith Lake,NA,2/29/24,3/7/24,1998-11-11T00:00:00Z,Smith,-90.5902777,39.7852777,5 - Smith Lake (1998),Homozygous Load
Boltonia_461,0.10119740079094076,0.07549737082837005,0.027043778278205897,Fairmont City (1997),Pop_01,B. decurrens,TRUE,TRUE,461,2011-2599-1,6,United States,Illinois,Saint Clair,38.6494444,-90.1161111,38.6515072789885,-90.10298738781108,NA,"Fairmont City, Maternal lines = 28, Seedheads = 28; 2 packets",2/29/24,3/18/24,1997-12-05T00:00:00Z,Smith,-90.1161111,38.6494444,1 - Fairmont City (1997),Homozygous Load
Boltonia_462,0.1113392771636657,0.0821542096361279,0.032766564055946946,Anderson Lake (1997),Pop_10,B. decurrens,TRUE,TRUE,462,2011-2664-1,10,United States,Illinois,Fulton,40.2047222,-90.1994444,40.20744447961278,-90.1871999885973,NA,"Anderson Lake, Maternal lines = 31, Seedheads = 31",3/1/24,3/15/24,1997-11-21T00:00:00Z,Smith,-90.1994444,40.2047222,10 - Anderson Lake (1997),Homozygous Load
Boltonia_463,0.09266472306868688,0.06875333170998164,0.025625133428368765,Meredosia Lake (1999),Pop_06,B. decurrens,TRUE,TRUE,463,2011-2620-1,14C,United States,Illinois,Morgan,39.8672223,-90.5533333,39.87546015928839,-90.55308508241012,NA,"Meredosia Lake, Maternal lines = 30, Seedheads = 90; 5 packets",2/29/24,3/7/24,1999-10-07T00:00:00Z,Smith,-90.5533333,39.8672223,6 - Meredosia Lake (1999),Homozygous Load
Boltonia_465,0.09764146426087543,0.07212946449137539,0.02778064720506305,Frederick Landing (2011),Pop_09,B. decurrens,TRUE,TRUE,465,2011-2659-1,4A,United States,Illinois,Frederick,NA,NA,40.07116308939078,-90.429571958886,NA,"Frederick Landing, Maternal lines = 15, Seedheads = 44; 2 packets",2/29/24,3/8/24,2011-12-01T00:00:00Z,Smith,-90.429571958886,40.07116308939078,9 - Frederick Landing (2011),Homozygous Load
Boltonia_466,0.09147470104228975,0.06794878544774892,0.023242361010681157,Fairmont City (1997),Pop_01,B. decurrens,TRUE,TRUE,466,2011-2599-1,16,United States,Illinois,Saint Clair,38.6494444,-90.1161111,38.6515072789885,-90.10298738781108,NA,"Fairmont City, Maternal lines = 28, Seedheads = 28; 2 packets",3/1/24,3/8/24,1997-12-05T00:00:00Z,Smith,-90.1161111,38.6494444,1 - Fairmont City (1997),Homozygous Load
Boltonia_467,0.10785241842932793,0.08052701893398442,0.03083830892024599,West Alton (1999),Pop_03,B. decurrens,TRUE,TRUE,467,2011-2635-1,6,United States,Illinois,Alton,NA,NA,38.86501904919102,-90.22302347588696,NA,"West Alton, Maternal lines = 32, Seedheads = 32; 2 packets",2/29/24,3/7/24,1999-11-07T00:00:00Z,Smith,-90.22302347588696,38.86501904919102,3 - West Alton (1999),Homozygous Load
Boltonia_468,0.07703744173523423,0.056836504353434375,0.023077081999049644,Gilbert Lake (1997),Pop_04,B. decurrens,TRUE,TRUE,468,2011-2598-1,L7B,United States,Illinois,Jersey,NA,NA,38.96139842380207,-90.51481032460988,NA,"Gilbert Lake, Maternal lines = 32, Seedheads = 98; 6 packets",2/29/24,3/12/24,1997-11-08T00:00:00Z,Smith,-90.51481032460988,38.96139842380207,4 - Gilbert Lake (1997),Homozygous Load
