== run_064 ==
Prefix: bistream
FSC_BIN: fastsimcoal2
Flags: -m -0 -C 10 -n 200000 -L 25 -s 0 -M
PWD: /storage1/fs1/kolsen/Active/Wen/IMLS_analysis/fastsimcoal2/runs/bistream
Start: 2025-11-07T22:32:45+00:00
Seed: 10064
fastsimcoal was invoked with the following command line arguments:
fastsimcoal2 -t bistream.tpl -e bistream.est -m -0 -C 10 -n 200000 -L 25 -s 0 -M -r 10064 
Reading parameter settings file bistream.est...
done reading parameter settings file!

Random generator seed : 10064

Deme sizes
Deme 0	66119
Deme 1	95546
Deme 2	18516
Deme 3	61062
Deme 4	31700
Deme 5	64682


Sample sizes
Deme 0	106
Deme 1	70
Deme 2	234
Deme 3	90
Deme 4	144
Deme 5	164

Sample ages
Deme 0	0
Deme 1	0
Deme 2	0
Deme 3	0
Deme 4	0
Deme 5	0


Inbreeding coefficients
Deme 0	0
Deme 1	0
Deme 2	0
Deme 3	0
Deme 4	0
Deme 5	0

Growth rates
Deme 0	0
Deme 1	0
Deme 2	0
Deme 3	0
Deme 4	0
Deme 5	0


Migration matrix 0	(note that migration rates have been pre-multiplied by 1e+06n
 0.0000000 35.4035676  2.2294714  0.0000000  0.0000000  0.0000000 
51.1602247  0.0000000 182.6857365 11.5042821  0.0000000  0.0000000 
 3.2217165 35.4035676  0.0000000 55.3973546  3.4885416  0.0000000 
 0.0000000  2.2294714 182.6857365  0.0000000 106.7099265  6.7198519 
 0.0000000  0.0000000 11.5042821 55.3973546  0.0000000 52.2969011 
 0.0000000  0.0000000  0.0000000  3.4885416 106.7099265  0.0000000 


Migration matrix 1	(note that migration rates have been pre-multiplied by 1000000.0000000n
 0.0000000  0.0000000  0.0000000  0.0000000  0.0000000  0.0000000 
 0.0000000  0.0000000  0.0000000  0.0000000  0.0000000  0.0000000 
 0.0000000  0.0000000  0.0000000  0.0000000  0.0000000  0.0000000 
 0.0000000  0.0000000  0.0000000  0.0000000  0.0000000  0.0000000 
 0.0000000  0.0000000  0.0000000  0.0000000  0.0000000  0.0000000 
 0.0000000  0.0000000  0.0000000  0.0000000  0.0000000  0.0000000 


Historical events
Event 0

#Time              : 198
#Source            : 1
#Sink              : 0
#Migrants          : 1.0000000
#New relative size : 1.0000000
#New growth rate   : 0.0000000
#New migr. matrix  : 1
Event 1

#Time              : 198
#Source            : 2
#Sink              : 0
#Migrants          : 1.0000000
#New relative size : 1.0000000
#New growth rate   : 0.0000000
#New migr. matrix  : 1
Event 2

#Time              : 198
#Source            : 3
#Sink              : 0
#Migrants          : 1.0000000
#New relative size : 1.0000000
#New growth rate   : 0.0000000
#New migr. matrix  : 1
Event 3

#Time              : 198
#Source            : 4
#Sink              : 0
#Migrants          : 1.0000000
#New relative size : 1.0000000
#New growth rate   : 0.0000000
#New migr. matrix  : 1
Event 4

#Time              : 198
#Source            : 5
#Sink              : 0
#Migrants          : 1.0000000
#New relative size : 1.0000000
#New growth rate   : 0.0000000
#New migr. matrix  : 1


Number of independent loci to simulate : 1
with the same chromosomal structure

Number of linkage blocks to simulate in structure 1: 1
Data type: FREQ   :  recombination and mutation rates
0.0000000000   0.0000000250   
   Do not output expected MAF spectrum
   Do not output expected DAF spectrum

No population growth detected in input file

Estimating model parameters using 12 batches and 1 thread

Estimation of parameters by conditional maximization via Brent algorithm (initial lhood = -224870.9318980790)

Initial parameters:
66119	95546	18516	61062	31700	64682	3.3826736	0.2130173	198	5.11602e-05	3.54036e-05	1.82686e-04	5.53974e-05	1.06710e-04	3.22172e-06	2.22947e-06	1.15043e-05	3.48854e-06	3.54036e-05	1.82686e-04	5.53974e-05	1.06710e-04	5.22969e-05	2.22947e-06	1.15043e-05	3.48854e-06	6.71985e-06	lhood=-224870.9318980790



Current parameters:
66119	95546	18516	61062	31700	64682	3.3826736	0.2130173	198	5.11602e-05	3.54036e-05	1.82686e-04	5.53974e-05	1.06710e-04	3.22172e-06	2.22947e-06	1.15043e-05	3.48854e-06	3.54036e-05	1.82686e-04	5.53974e-05	1.06710e-04	5.22969e-05	2.22947e-06	1.15043e-05	3.48854e-06	6.71985e-06

200000 simulations per lhood estimation

Current search range : [  1.00000e+02  ;  1.00000e+05  ]
Brent minimization result: N_A = 2.38768e+04 (lhood = -2.23771e+05)

Current parameters:
23877	95546	18516	61062	31700	64682	3.3826736	0.2130173	198	1.41672e-04	3.54036e-05	1.82686e-04	5.53974e-05	1.06710e-04	8.92152e-06	2.22947e-06	1.15043e-05	3.48854e-06	3.54036e-05	1.82686e-04	5.53974e-05	1.06710e-04	5.22969e-05	2.22947e-06	1.15043e-05	3.48854e-06	6.71985e-06	(lhood=-2.23771e+05)

Current search range : [  1.00000e+02  ;  1.00000e+05  ]
Brent minimization result: N_B = 9.51471e+02 (lhood = -2.04378e+05)

Current parameters:
23877	951	18516	61062	31700	64682	3.3826736	0.2130173	198	1.41672e-04	0.0035552	1.82686e-04	5.53974e-05	1.06710e-04	8.92152e-06	2.23882e-04	1.15043e-05	3.48854e-06	0.0035552	1.82686e-04	5.53974e-05	1.06710e-04	5.22969e-05	2.23882e-04	1.15043e-05	3.48854e-06	6.71985e-06	(lhood=-2.04378e+05)

Current search range : [  1.00000e+02  ;  1.00000e+05  ]
Brent minimization result: N_C = 4.44751e+03 (lhood = -2.03091e+05)

Current parameters:
23877	951	4448	61062	31700	64682	3.3826736	0.2130173	198	1.41672e-04	0.0035552	7.60577e-04	5.53974e-05	1.06710e-04	8.92152e-06	2.23882e-04	4.78959e-05	3.48854e-06	0.0035552	7.60577e-04	5.53974e-05	1.06710e-04	5.22969e-05	2.23882e-04	4.78959e-05	3.48854e-06	6.71985e-06	(lhood=-2.03091e+05)

Current search range : [  1.00000e+02  ;  1.00000e+05  ]
Brent minimization result: N_D = 8.22147e+02 (lhood = -1.87769e+05)

Current parameters:
23877	951	4448	822	31700	64682	3.3826736	0.2130173	198	1.41672e-04	0.0035552	7.60577e-04	0.0041144	1.06710e-04	8.92152e-06	2.23882e-04	4.78959e-05	2.59099e-04	0.0035552	7.60577e-04	0.0041144	1.06710e-04	5.22969e-05	2.23882e-04	4.78959e-05	2.59099e-04	6.71985e-06	(lhood=-1.87769e+05)

Current search range : [  1.00000e+02  ;  1.00000e+05  ]
Brent minimization result: N_E = 4.87702e+03 (lhood = -1.86220e+05)

Current parameters:
23877	951	4448	822	4877	64682	3.3826736	0.2130173	198	1.41672e-04	0.0035552	7.60577e-04	0.0041144	6.93594e-04	8.92152e-06	2.23882e-04	4.78959e-05	2.59099e-04	0.0035552	7.60577e-04	0.0041144	6.93594e-04	5.22969e-05	2.23882e-04	4.78959e-05	2.59099e-04	4.36777e-05	(lhood=-1.86220e+05)

Current search range : [  1.00000e+02  ;  1.00000e+05  ]
Brent minimization result: N_F = 2.15511e+03 (lhood = -1.81404e+05)

Current parameters:
23877	951	4448	822	4877	2155	3.3826736	0.2130173	198	1.41672e-04	0.0035552	7.60577e-04	0.0041144	6.93594e-04	8.92152e-06	2.23882e-04	4.78959e-05	2.59099e-04	0.0035552	7.60577e-04	0.0041144	6.93594e-04	0.0015696	2.23882e-04	4.78959e-05	2.59099e-04	4.36777e-05	(lhood=-1.81404e+05)

Current search range : [  1.00000e-02  ;  2.00000e+01  ]
Brent minimization result: NMIG_1POP = 3.17548e+00 (lhood = -1.81406e+05)

Current parameters:
23877	951	4448	822	4877	2155	3.1754769	0.2130173	198	1.32994e-04	0.0033374	7.13990e-04	0.0038624	6.51109e-04	8.92152e-06	2.23882e-04	4.78959e-05	2.59099e-04	0.0033374	7.13990e-04	0.0038624	6.51109e-04	0.0014735	2.23882e-04	4.78959e-05	2.59099e-04	4.36777e-05	(lhood=-1.81406e+05)

Current search range : [  1.00000e-03  ;  2.00000e+00  ]
Brent minimization result: NMIG_2POP = 7.75132e-03 (lhood = -1.81378e+05)

Current parameters:
23877	951	4448	822	4877	2155	3.1754769	0.0077513	198	1.32994e-04	0.0033374	7.13990e-04	0.0038624	6.51109e-04	3.24638e-07	8.14667e-06	1.74284e-06	9.42814e-06	0.0033374	7.13990e-04	0.0038624	6.51109e-04	0.0014735	8.14667e-06	1.74284e-06	9.42814e-06	1.58935e-06	(lhood=-1.81378e+05)

Current search range : [  1.00000e+01  ;  2.00000e+02  ]
Brent minimization result: TDIV = 1.98052e+02 (lhood = -1.81385e+05)

Current parameters:
23877	951	4448	822	4877	2155	3.1754769	0.0077513	198	1.32994e-04	0.0033374	7.13990e-04	0.0038624	6.51109e-04	3.24638e-07	8.14667e-06	1.74284e-06	9.42814e-06	0.0033374	7.13990e-04	0.0038624	6.51109e-04	0.0014735	8.14667e-06	1.74284e-06	9.42814e-06	1.58935e-06	(lhood=-1.81385e+05)

Iter 1	Curr best params:	23877	951	4448	822	4877	2155	3.1754769	0.0077513	198	1.32994e-04	0.0033374	7.13990e-04	0.0038624	6.51109e-04	3.24638e-07	8.14667e-06	1.74284e-06	9.42814e-06	0.0033374	7.13990e-04	0.0038624	6.51109e-04	0.0014735	8.14667e-06	1.74284e-06	9.42814e-06	1.58935e-06	lhood=-1.81378e+05

200000 simulations per lhood estimation

Current search range : [  1.00000e+02  ;  1.00000e+05  ]
Brent minimization result: N_A = 6.78839e+04 (lhood = -1.80992e+05)

Current parameters:
67884	951	4448	822	4877	2155	3.1754769	0.0077513	198	4.67780e-05	0.0033374	7.13990e-04	0.0038624	6.51109e-04	1.14185e-07	8.14667e-06	1.74284e-06	9.42814e-06	0.0033374	7.13990e-04	0.0038624	6.51109e-04	0.0014735	8.14667e-06	1.74284e-06	9.42814e-06	1.58935e-06	(lhood=-1.80992e+05)

Current search range : [  1.00000e+02  ;  1.00000e+05  ]
Brent minimization result: N_B = 1.16055e+03 (lhood = -1.80881e+05)

Current parameters:
67884	1161	4448	822	4877	2155	3.1754769	0.0077513	198	4.67780e-05	0.0027362	7.13990e-04	0.0038624	6.51109e-04	1.14185e-07	6.67900e-06	1.74284e-06	9.42814e-06	0.0027362	7.13990e-04	0.0038624	6.51109e-04	0.0014735	6.67900e-06	1.74284e-06	9.42814e-06	1.58935e-06	(lhood=-1.80881e+05)

Current search range : [  1.00000e+02  ;  1.00000e+05  ]
Brent minimization result: N_C = 3.96847e+03 (lhood = -1.80864e+05)

Current parameters:
67884	1161	3968	822	4877	2155	3.1754769	0.0077513	198	4.67780e-05	0.0027362	8.00176e-04	0.0038624	6.51109e-04	1.14185e-07	6.67900e-06	1.95322e-06	9.42814e-06	0.0027362	8.00176e-04	0.0038624	6.51109e-04	0.0014735	6.67900e-06	1.95322e-06	9.42814e-06	1.58935e-06	(lhood=-1.80864e+05)

Current search range : [  1.00000e+02  ;  1.00000e+05  ]
Brent minimization result: N_D = 8.43888e+02 (lhood = -1.80863e+05)

Current parameters:
67884	1161	3968	844	4877	2155	3.1754769	0.0077513	198	4.67780e-05	0.0027362	8.00176e-04	0.0037629	6.51109e-04	1.14185e-07	6.67900e-06	1.95322e-06	9.18524e-06	0.0027362	8.00176e-04	0.0037629	6.51109e-04	0.0014735	6.67900e-06	1.95322e-06	9.18524e-06	1.58935e-06	(lhood=-1.80863e+05)

Current search range : [  1.00000e+02  ;  1.00000e+05  ]
Brent minimization result: N_E = 3.37421e+03 (lhood = -1.80749e+05)

Current parameters:
67884	1161	3968	844	3374	2155	3.1754769	0.0077513	198	4.67780e-05	0.0027362	8.00176e-04	0.0037629	9.41102e-04	1.14185e-07	6.67900e-06	1.95322e-06	9.18524e-06	0.0027362	8.00176e-04	0.0037629	9.41102e-04	0.0014735	6.67900e-06	1.95322e-06	9.18524e-06	2.29722e-06	(lhood=-1.80749e+05)

Current search range : [  1.00000e+02  ;  1.00000e+05  ]
Brent minimization result: N_F = 2.15511e+03 (lhood = -1.80737e+05)

Current parameters:
67884	1161	3968	844	3374	2155	3.1754769	0.0077513	198	4.67780e-05	0.0027362	8.00176e-04	0.0037629	9.41102e-04	1.14185e-07	6.67900e-06	1.95322e-06	9.18524e-06	0.0027362	8.00176e-04	0.0037629	9.41102e-04	0.0014735	6.67900e-06	1.95322e-06	9.18524e-06	2.29722e-06	(lhood=-1.80737e+05)

Current search range : [  1.00000e-02  ;  2.00000e+01  ]
Brent minimization result: NMIG_1POP = 3.34807e+00 (lhood = -1.80743e+05)

Current parameters:
67884	1161	3968	844	3374	2155	3.3480703	0.0077513	198	4.93205e-05	0.0028849	8.43667e-04	0.0039674	9.92253e-04	1.14185e-07	6.67900e-06	1.95322e-06	9.18524e-06	0.0028849	8.43667e-04	0.0039674	9.92253e-04	0.0015535	6.67900e-06	1.95322e-06	9.18524e-06	2.29722e-06	(lhood=-1.80743e+05)

Current search range : [  1.00000e-03  ;  2.00000e+00  ]
Brent minimization result: NMIG_2POP = 4.09868e-02 (lhood = -1.80740e+05)

Current parameters:
67884	1161	3968	844	3374	2155	3.3480703	0.0409868	198	4.93205e-05	0.0028849	8.43667e-04	0.0039674	9.92253e-04	6.03778e-07	3.53167e-05	1.03281e-05	4.85690e-05	0.0028849	8.43667e-04	0.0039674	9.92253e-04	0.0015535	3.53167e-05	1.03281e-05	4.85690e-05	1.21471e-05	(lhood=-1.80740e+05)

Current search range : [  1.00000e+01  ;  2.61386e+02  ]
Brent minimization result: TDIV = 2.16376e+02 (lhood = -1.80714e+05)

Current parameters:
67884	1161	3968	844	3374	2155	3.3480703	0.0409868	216	4.93205e-05	0.0028849	8.43667e-04	0.0039674	9.92253e-04	6.03778e-07	3.53167e-05	1.03281e-05	4.85690e-05	0.0028849	8.43667e-04	0.0039674	9.92253e-04	0.0015535	3.53167e-05	1.03281e-05	4.85690e-05	1.21471e-05	(lhood=-1.80714e+05)

Iter 2	Curr best params:	67884	1161	3968	844	3374	2155	3.3480703	0.0409868	216	4.93205e-05	0.0028849	8.43667e-04	0.0039674	9.92253e-04	6.03778e-07	3.53167e-05	1.03281e-05	4.85690e-05	0.0028849	8.43667e-04	0.0039674	9.92253e-04	0.0015535	3.53167e-05	1.03281e-05	4.85690e-05	1.21471e-05	lhood=-1.80714e+05

200000 simulations per lhood estimation

Current search range : [  1.00000e+02  ;  1.00000e+05  ]
Brent minimization result: N_A = 6.92505e+04 (lhood = -1.80709e+05)

Current parameters:
69251	1161	3968	844	3374	2155	3.3480703	0.0409868	216	4.83472e-05	0.0028849	8.43667e-04	0.0039674	9.92253e-04	5.91863e-07	3.53167e-05	1.03281e-05	4.85690e-05	0.0028849	8.43667e-04	0.0039674	9.92253e-04	0.0015535	3.53167e-05	1.03281e-05	4.85690e-05	1.21471e-05	(lhood=-1.80709e+05)

Current search range : [  1.00000e+02  ;  1.00000e+05  ]
Brent minimization result: N_B = 1.14895e+03 (lhood = -1.80707e+05)

Current parameters:
69251	1149	3968	844	3374	2155	3.3480703	0.0409868	216	4.83472e-05	0.0029140	8.43667e-04	0.0039674	9.92253e-04	5.91863e-07	3.56734e-05	1.03281e-05	4.85690e-05	0.0029140	8.43667e-04	0.0039674	9.92253e-04	0.0015535	3.56734e-05	1.03281e-05	4.85690e-05	1.21471e-05	(lhood=-1.80707e+05)

Current search range : [  1.00000e+02  ;  1.00000e+05  ]
Brent minimization result: N_C = 3.73963e+03 (lhood = -1.80716e+05)

Current parameters:
69251	1149	3740	844	3374	2155	3.3480703	0.0409868	216	4.83472e-05	0.0029140	8.95295e-04	0.0039674	9.92253e-04	5.91863e-07	3.56734e-05	1.09601e-05	4.85690e-05	0.0029140	8.95295e-04	0.0039674	9.92253e-04	0.0015535	3.56734e-05	1.09601e-05	4.85690e-05	1.21471e-05	(lhood=-1.80716e+05)

Current search range : [  1.00000e+02  ;  1.00000e+05  ]
Brent minimization result: N_D = 8.43888e+02 (lhood = -1.80711e+05)

Current parameters:
69251	1149	3740	844	3374	2155	3.3480703	0.0409868	216	4.83472e-05	0.0029140	8.95295e-04	0.0039674	9.92253e-04	5.91863e-07	3.56734e-05	1.09601e-05	4.85690e-05	0.0029140	8.95295e-04	0.0039674	9.92253e-04	0.0015535	3.56734e-05	1.09601e-05	4.85690e-05	1.21471e-05	(lhood=-1.80711e+05)

Current search range : [  1.00000e+02  ;  1.00000e+05  ]
Brent minimization result: N_E = 3.66725e+03 (lhood = -1.80708e+05)

Current parameters:
69251	1149	3740	844	3667	2155	3.3480703	0.0409868	216	4.83472e-05	0.0029140	8.95295e-04	0.0039674	9.12965e-04	5.91863e-07	3.56734e-05	1.09601e-05	4.85690e-05	0.0029140	8.95295e-04	0.0039674	9.12965e-04	0.0015535	3.56734e-05	1.09601e-05	4.85690e-05	1.11765e-05	(lhood=-1.80708e+05)

Current search range : [  1.00000e+02  ;  1.00000e+05  ]
Brent minimization result: N_F = 2.48112e+03 (lhood = -1.80705e+05)

Current parameters:
69251	1149	3740	844	3667	2481	3.3480703	0.0409868	216	4.83472e-05	0.0029140	8.95295e-04	0.0039674	9.12965e-04	5.91863e-07	3.56734e-05	1.09601e-05	4.85690e-05	0.0029140	8.95295e-04	0.0039674	9.12965e-04	0.0013494	3.56734e-05	1.09601e-05	4.85690e-05	1.11765e-05	(lhood=-1.80705e+05)

Current search range : [  1.00000e-02  ;  2.00000e+01  ]
Brent minimization result: NMIG_1POP = 3.20859e+00 (lhood = -1.80699e+05)

Current parameters:
69251	1149	3740	844	3667	2481	3.2085904	0.0409868	216	4.63331e-05	0.0027926	8.57997e-04	0.0038022	8.74931e-04	5.91863e-07	3.56734e-05	1.09601e-05	4.85690e-05	0.0027926	8.57997e-04	0.0038022	8.74931e-04	0.0012932	3.56734e-05	1.09601e-05	4.85690e-05	1.11765e-05	(lhood=-1.80699e+05)

Current search range : [  1.00000e-03  ;  2.00000e+00  ]
Brent minimization result: NMIG_2POP = 2.56057e-02 (lhood = -1.80701e+05)

Current parameters:
69251	1149	3740	844	3667	2481	3.2085904	0.0256057	216	4.63331e-05	0.0027926	8.57997e-04	0.0038022	8.74931e-04	3.69754e-07	2.22863e-05	6.84712e-06	3.03425e-05	0.0027926	8.57997e-04	0.0038022	8.74931e-04	0.0012932	2.22863e-05	6.84712e-06	3.03425e-05	6.98226e-06	(lhood=-1.80701e+05)

Current search range : [  1.00000e+01  ;  2.79710e+02  ]
Brent minimization result: TDIV = 2.16376e+02 (lhood = -1.80700e+05)

Current parameters:
69251	1149	3740	844	3667	2481	3.2085904	0.0256057	216	4.63331e-05	0.0027926	8.57997e-04	0.0038022	8.74931e-04	3.69754e-07	2.22863e-05	6.84712e-06	3.03425e-05	0.0027926	8.57997e-04	0.0038022	8.74931e-04	0.0012932	2.22863e-05	6.84712e-06	3.03425e-05	6.98226e-06	(lhood=-1.80700e+05)

Iter 3	Curr best params:	69251	1149	3740	844	3667	2481	3.2085904	0.0409868	216	4.63331e-05	0.0027926	8.57997e-04	0.0038022	8.74931e-04	5.91863e-07	3.56734e-05	1.09601e-05	4.85690e-05	0.0027926	8.57997e-04	0.0038022	8.74931e-04	0.0012932	3.56734e-05	1.09601e-05	4.85690e-05	1.11765e-05	lhood=-1.80699e+05

200000 simulations per lhood estimation

Current search range : [  1.00000e+02  ;  1.00000e+05  ]
Brent minimization result: N_A = 6.92505e+04 (lhood = -1.80701e+05)

Current parameters:
69251	1149	3740	844	3667	2481	3.2085904	0.0256057	216	4.63331e-05	0.0027926	8.57997e-04	0.0038022	8.74931e-04	3.69754e-07	2.22863e-05	6.84712e-06	3.03425e-05	0.0027926	8.57997e-04	0.0038022	8.74931e-04	0.0012932	2.22863e-05	6.84712e-06	3.03425e-05	6.98226e-06	(lhood=-1.80701e+05)

Current search range : [  1.00000e+02  ;  1.00000e+05  ]
Brent minimization result: N_B = 1.20455e+03 (lhood = -1.80697e+05)

Current parameters:
69251	1205	3740	844	3667	2481	3.2085904	0.0256057	216	4.63331e-05	0.0026637	8.57997e-04	0.0038022	8.74931e-04	3.69754e-07	2.12575e-05	6.84712e-06	3.03425e-05	0.0026637	8.57997e-04	0.0038022	8.74931e-04	0.0012932	2.12575e-05	6.84712e-06	3.03425e-05	6.98226e-06	(lhood=-1.80697e+05)

Current search range : [  1.00000e+02  ;  1.00000e+05  ]
Brent minimization result: N_C = 4.29081e+03 (lhood = -1.80707e+05)

Current parameters:
69251	1205	4291	844	3667	2481	3.2085904	0.0256057	216	4.63331e-05	0.0026637	7.47782e-04	0.0038022	8.74931e-04	3.69754e-07	2.12575e-05	5.96757e-06	3.03425e-05	0.0026637	7.47782e-04	0.0038022	8.74931e-04	0.0012932	2.12575e-05	5.96757e-06	3.03425e-05	6.98226e-06	(lhood=-1.80707e+05)

Current search range : [  1.00000e+02  ;  1.00000e+05  ]
Brent minimization result: N_D = 8.35449e+02 (lhood = -1.80728e+05)

Current parameters:
69251	1205	4291	835	3667	2481	3.2085904	0.0256057	216	4.63331e-05	0.0026637	7.47782e-04	0.0038406	8.74931e-04	3.69754e-07	2.12575e-05	5.96757e-06	3.06490e-05	0.0026637	7.47782e-04	0.0038406	8.74931e-04	0.0012932	2.12575e-05	5.96757e-06	3.06490e-05	6.98226e-06	(lhood=-1.80728e+05)

Current search range : [  1.00000e+02  ;  1.00000e+05  ]
Brent minimization result: N_E = 3.59132e+03 (lhood = -1.80707e+05)

Current parameters:
69251	1205	4291	835	3591	2481	3.2085904	0.0256057	216	4.63331e-05	0.0026637	7.47782e-04	0.0038406	8.93430e-04	3.69754e-07	2.12575e-05	5.96757e-06	3.06490e-05	0.0026637	7.47782e-04	0.0038406	8.93430e-04	0.0012932	2.12575e-05	5.96757e-06	3.06490e-05	7.12989e-06	(lhood=-1.80707e+05)

Current search range : [  1.00000e+02  ;  1.00000e+05  ]
Brent minimization result: N_F = 2.37448e+03 (lhood = -1.80703e+05)

Current parameters:
69251	1205	4291	835	3591	2374	3.2085904	0.0256057	216	4.63331e-05	0.0026637	7.47782e-04	0.0038406	8.93430e-04	3.69754e-07	2.12575e-05	5.96757e-06	3.06490e-05	0.0026637	7.47782e-04	0.0038406	8.93430e-04	0.0013513	2.12575e-05	5.96757e-06	3.06490e-05	7.12989e-06	(lhood=-1.80703e+05)

Current search range : [  1.00000e-02  ;  2.00000e+01  ]
Brent minimization result: NMIG_1POP = 3.14709e+00 (lhood = -1.80714e+05)

Current parameters:
69251	1205	4291	835	3591	2374	3.1470908	0.0256057	216	4.54450e-05	0.0026127	7.33449e-04	0.0037669	8.76306e-04	3.69754e-07	2.12575e-05	5.96757e-06	3.06490e-05	0.0026127	7.33449e-04	0.0037669	8.76306e-04	0.0013254	2.12575e-05	5.96757e-06	3.06490e-05	7.12989e-06	(lhood=-1.80714e+05)

Current search range : [  1.00000e-03  ;  2.00000e+00  ]
Brent minimization result: NMIG_2POP = 1.35295e-01 (lhood = -1.80713e+05)

Current parameters:
69251	1205	4291	835	3591	2374	3.1470908	0.1352948	216	4.54450e-05	0.0026127	7.33449e-04	0.0037669	8.76306e-04	1.95370e-06	1.12320e-04	3.15313e-05	1.61943e-04	0.0026127	7.33449e-04	0.0037669	8.76306e-04	0.0013254	1.12320e-04	3.15313e-05	1.61943e-04	3.76728e-05	(lhood=-1.80713e+05)

Current search range : [  1.00000e+01  ;  2.79710e+02  ]
Brent minimization result: TDIV = 2.16376e+02 (lhood = -1.80722e+05)

Current parameters:
69251	1205	4291	835	3591	2374	3.1470908	0.1352948	216	4.54450e-05	0.0026127	7.33449e-04	0.0037669	8.76306e-04	1.95370e-06	1.12320e-04	3.15313e-05	1.61943e-04	0.0026127	7.33449e-04	0.0037669	8.76306e-04	0.0013254	1.12320e-04	3.15313e-05	1.61943e-04	3.76728e-05	(lhood=-1.80722e+05)

Iter 4	Curr best params:	69251	1205	3740	844	3667	2481	3.2085904	0.0256057	216	4.63331e-05	0.0026637	8.57997e-04	0.0038022	8.74931e-04	3.69754e-07	2.12575e-05	6.84712e-06	3.03425e-05	0.0026637	8.57997e-04	0.0038022	8.74931e-04	0.0012932	2.12575e-05	6.84712e-06	3.03425e-05	6.98226e-06	lhood=-1.80697e+05

200000 simulations per lhood estimation

Current search range : [  1.00000e+02  ;  1.00000e+05  ]
Brent minimization result: N_A = 8.37685e+04 (lhood = -1.80726e+05)

Current parameters:
83768	1205	4291	835	3591	2374	3.1470908	0.1352948	216	3.75689e-05	0.0026127	7.33449e-04	0.0037669	8.76306e-04	1.61510e-06	1.12320e-04	3.15313e-05	1.61943e-04	0.0026127	7.33449e-04	0.0037669	8.76306e-04	0.0013254	1.12320e-04	3.15313e-05	1.61943e-04	3.76728e-05	(lhood=-1.80726e+05)

Current search range : [  1.00000e+02  ;  1.00000e+05  ]
Brent minimization result: N_B = 1.24323e+03 (lhood = -1.80715e+05)

Current parameters:
83768	1243	4291	835	3591	2374	3.1470908	0.1352948	216	3.75689e-05	0.0025314	7.33449e-04	0.0037669	8.76306e-04	1.61510e-06	1.08825e-04	3.15313e-05	1.61943e-04	0.0025314	7.33449e-04	0.0037669	8.76306e-04	0.0013254	1.08825e-04	3.15313e-05	1.61943e-04	3.76728e-05	(lhood=-1.80715e+05)

Current search range : [  1.00000e+02  ;  1.00000e+05  ]
Brent minimization result: N_C = 4.50344e+03 (lhood = -1.80736e+05)

Current parameters:
83768	1243	4503	835	3591	2374	3.1470908	0.1352948	216	3.75689e-05	0.0025314	6.98819e-04	0.0037669	8.76306e-04	1.61510e-06	1.08825e-04	3.00425e-05	1.61943e-04	0.0025314	6.98819e-04	0.0037669	8.76306e-04	0.0013254	1.08825e-04	3.00425e-05	1.61943e-04	3.76728e-05	(lhood=-1.80736e+05)

Current search range : [  1.00000e+02  ;  1.00000e+05  ]
Brent minimization result: N_D = 8.35449e+02 (lhood = -1.80736e+05)

Current parameters:
83768	1243	4503	835	3591	2374	3.1470908	0.1352948	216	3.75689e-05	0.0025314	6.98819e-04	0.0037669	8.76306e-04	1.61510e-06	1.08825e-04	3.00425e-05	1.61943e-04	0.0025314	6.98819e-04	0.0037669	8.76306e-04	0.0013254	1.08825e-04	3.00425e-05	1.61943e-04	3.76728e-05	(lhood=-1.80736e+05)

Current search range : [  1.00000e+02  ;  1.00000e+05  ]
Brent minimization result: N_E = 3.36371e+03 (lhood = -1.80730e+05)

Current parameters:
83768	1243	4503	835	3364	2374	3.1470908	0.1352948	216	3.75689e-05	0.0025314	6.98819e-04	0.0037669	9.35602e-04	1.61510e-06	1.08825e-04	3.00425e-05	1.61943e-04	0.0025314	6.98819e-04	0.0037669	9.35602e-04	0.0013254	1.08825e-04	3.00425e-05	1.61943e-04	4.02219e-05	(lhood=-1.80730e+05)

Current search range : [  1.00000e+02  ;  1.00000e+05  ]
Brent minimization result: N_F = 2.41672e+03 (lhood = -1.80740e+05)

Current parameters:
83768	1243	4503	835	3364	2417	3.1470908	0.1352948	216	3.75689e-05	0.0025314	6.98819e-04	0.0037669	9.35602e-04	1.61510e-06	1.08825e-04	3.00425e-05	1.61943e-04	0.0025314	6.98819e-04	0.0037669	9.35602e-04	0.0013022	1.08825e-04	3.00425e-05	1.61943e-04	4.02219e-05	(lhood=-1.80740e+05)

Current search range : [  1.00000e-02  ;  2.00000e+01  ]
Brent minimization result: NMIG_1POP = 3.14709e+00 (lhood = -1.80746e+05)

Current parameters:
83768	1243	4503	835	3364	2417	3.1470908	0.1352948	216	3.75689e-05	0.0025314	6.98819e-04	0.0037669	9.35602e-04	1.61510e-06	1.08825e-04	3.00425e-05	1.61943e-04	0.0025314	6.98819e-04	0.0037669	9.35602e-04	0.0013022	1.08825e-04	3.00425e-05	1.61943e-04	4.02219e-05	(lhood=-1.80746e+05)

Current search range : [  1.00000e-03  ;  2.00000e+00  ]
Brent minimization result: NMIG_2POP = 1.35295e-01 (lhood = -1.80736e+05)

Current parameters:
83768	1243	4503	835	3364	2417	3.1470908	0.1352948	216	3.75689e-05	0.0025314	6.98819e-04	0.0037669	9.35602e-04	1.61510e-06	1.08825e-04	3.00425e-05	1.61943e-04	0.0025314	6.98819e-04	0.0037669	9.35602e-04	0.0013022	1.08825e-04	3.00425e-05	1.61943e-04	4.02219e-05	(lhood=-1.80736e+05)

Current search range : [  1.00000e+01  ;  2.79710e+02  ]
Brent minimization result: TDIV = 2.16376e+02 (lhood = -1.80747e+05)

Current parameters:
83768	1243	4503	835	3364	2417	3.1470908	0.1352948	216	3.75689e-05	0.0025314	6.98819e-04	0.0037669	9.35602e-04	1.61510e-06	1.08825e-04	3.00425e-05	1.61943e-04	0.0025314	6.98819e-04	0.0037669	9.35602e-04	0.0013022	1.08825e-04	3.00425e-05	1.61943e-04	4.02219e-05	(lhood=-1.80747e+05)

Iter 5	Curr best params:	69251	1205	3740	844	3667	2481	3.2085904	0.0256057	216	4.63331e-05	0.0026637	8.57997e-04	0.0038022	8.74931e-04	3.69754e-07	2.12575e-05	6.84712e-06	3.03425e-05	0.0026637	8.57997e-04	0.0038022	8.74931e-04	0.0012932	2.12575e-05	6.84712e-06	3.03425e-05	6.98226e-06	lhood=-1.80697e+05

200000 simulations per lhood estimation

Current search range : [  1.00000e+02  ;  1.17068e+05  ]
Brent minimization result: N_A = 9.43942e+04 (lhood = -1.80749e+05)

Current parameters:
94394	1243	4503	835	3364	2417	3.1470908	0.1352948	216	3.33399e-05	0.0025314	6.98819e-04	0.0037669	9.35602e-04	1.43330e-06	1.08825e-04	3.00425e-05	1.61943e-04	0.0025314	6.98819e-04	0.0037669	9.35602e-04	0.0013022	1.08825e-04	3.00425e-05	1.61943e-04	4.02219e-05	(lhood=-1.80749e+05)

Current search range : [  1.00000e+02  ;  1.00000e+05  ]
Brent minimization result: N_B = 1.24323e+03 (lhood = -1.80756e+05)

Current parameters:
94394	1243	4503	835	3364	2417	3.1470908	0.1352948	216	3.33399e-05	0.0025314	6.98819e-04	0.0037669	9.35602e-04	1.43330e-06	1.08825e-04	3.00425e-05	1.61943e-04	0.0025314	6.98819e-04	0.0037669	9.35602e-04	0.0013022	1.08825e-04	3.00425e-05	1.61943e-04	4.02219e-05	(lhood=-1.80756e+05)

Current search range : [  1.00000e+02  ;  1.00000e+05  ]
Brent minimization result: N_C = 3.89272e+03 (lhood = -1.80743e+05)

Current parameters:
94394	1243	3893	835	3364	2417	3.1470908	0.1352948	216	3.33399e-05	0.0025314	8.08455e-04	0.0037669	9.35602e-04	1.43330e-06	1.08825e-04	3.47558e-05	1.61943e-04	0.0025314	8.08455e-04	0.0037669	9.35602e-04	0.0013022	1.08825e-04	3.47558e-05	1.61943e-04	4.02219e-05	(lhood=-1.80743e+05)

Current search range : [  1.00000e+02  ;  1.00000e+05  ]
Brent minimization result: N_D = 7.80273e+02 (lhood = -1.80733e+05)

Current parameters:
94394	1243	3893	780	3364	2417	3.1470908	0.1352948	216	3.33399e-05	0.0025314	8.08455e-04	0.0040333	9.35602e-04	1.43330e-06	1.08825e-04	3.47558e-05	1.73394e-04	0.0025314	8.08455e-04	0.0040333	9.35602e-04	0.0013022	1.08825e-04	3.47558e-05	1.73394e-04	4.02219e-05	(lhood=-1.80733e+05)

Current search range : [  1.00000e+02  ;  1.00000e+05  ]
Brent minimization result: N_E = 4.07030e+03 (lhood = -1.80733e+05)

Current parameters:
94394	1243	3893	780	4070	2417	3.1470908	0.1352948	216	3.33399e-05	0.0025314	8.08455e-04	0.0040333	7.73185e-04	1.43330e-06	1.08825e-04	3.47558e-05	1.73394e-04	0.0025314	8.08455e-04	0.0040333	7.73185e-04	0.0013022	1.08825e-04	3.47558e-05	1.73394e-04	3.32395e-05	(lhood=-1.80733e+05)

Current search range : [  1.00000e+02  ;  1.00000e+05  ]
Brent minimization result: N_F = 2.41672e+03 (lhood = -1.80733e+05)

Current parameters:
94394	1243	3893	780	4070	2417	3.1470908	0.1352948	216	3.33399e-05	0.0025314	8.08455e-04	0.0040333	7.73185e-04	1.43330e-06	1.08825e-04	3.47558e-05	1.73394e-04	0.0025314	8.08455e-04	0.0040333	7.73185e-04	0.0013022	1.08825e-04	3.47558e-05	1.73394e-04	3.32395e-05	(lhood=-1.80733e+05)

Current search range : [  1.00000e-02  ;  2.00000e+01  ]
Brent minimization result: NMIG_1POP = 3.38611e+00 (lhood = -1.80735e+05)

Current parameters:
94394	1243	3893	780	4070	2417	3.3861111	0.1352948	216	3.58720e-05	0.0027236	8.69857e-04	0.0043397	8.31908e-04	1.43330e-06	1.08825e-04	3.47558e-05	1.73394e-04	0.0027236	8.69857e-04	0.0043397	8.31908e-04	0.0014011	1.08825e-04	3.47558e-05	1.73394e-04	3.32395e-05	(lhood=-1.80735e+05)

Current search range : [  1.00000e-03  ;  2.00000e+00  ]
Brent minimization result: NMIG_2POP = 2.07589e-02 (lhood = -1.80731e+05)

Current parameters:
94394	1243	3893	780	4070	2417	3.3861111	0.0207589	216	3.58720e-05	0.0027236	8.69857e-04	0.0043397	8.31908e-04	2.19917e-07	1.66975e-05	5.33274e-06	2.66047e-05	0.0027236	8.69857e-04	0.0043397	8.31908e-04	0.0014011	1.66975e-05	5.33274e-06	2.66047e-05	5.10009e-06	(lhood=-1.80731e+05)

Current search range : [  1.00000e+01  ;  2.79710e+02  ]
Brent minimization result: TDIV = 2.25581e+02 (lhood = -1.80726e+05)

Current parameters:
94394	1243	3893	780	4070	2417	3.3861111	0.0207589	226	3.58720e-05	0.0027236	8.69857e-04	0.0043397	8.31908e-04	2.19917e-07	1.66975e-05	5.33274e-06	2.66047e-05	0.0027236	8.69857e-04	0.0043397	8.31908e-04	0.0014011	1.66975e-05	5.33274e-06	2.66047e-05	5.10009e-06	(lhood=-1.80726e+05)

Iter 6	Curr best params:	69251	1205	3740	844	3667	2481	3.2085904	0.0256057	216	4.63331e-05	0.0026637	8.57997e-04	0.0038022	8.74931e-04	3.69754e-07	2.12575e-05	6.84712e-06	3.03425e-05	0.0026637	8.57997e-04	0.0038022	8.74931e-04	0.0012932	2.12575e-05	6.84712e-06	3.03425e-05	6.98226e-06	lhood=-1.80697e+05

200000 simulations per lhood estimation

Current search range : [  1.00000e+02  ;  1.27694e+05  ]
Brent minimization result: N_A = 7.00393e+04 (lhood = -1.80725e+05)

Current parameters:
70039	1243	3893	780	4070	2417	3.3861111	0.0207589	226	4.83459e-05	0.0027236	8.69857e-04	0.0043397	8.31908e-04	2.96389e-07	1.66975e-05	5.33274e-06	2.66047e-05	0.0027236	8.69857e-04	0.0043397	8.31908e-04	0.0014011	1.66975e-05	5.33274e-06	2.66047e-05	5.10009e-06	(lhood=-1.80725e+05)

Current search range : [  1.00000e+02  ;  1.00000e+05  ]
Brent minimization result: N_B = 1.15839e+03 (lhood = -1.80709e+05)

Current parameters:
70039	1158	3893	780	4070	2417	3.3861111	0.0207589	226	4.83459e-05	0.0029231	8.69857e-04	0.0043397	8.31908e-04	2.96389e-07	1.79204e-05	5.33274e-06	2.66047e-05	0.0029231	8.69857e-04	0.0043397	8.31908e-04	0.0014011	1.79204e-05	5.33274e-06	2.66047e-05	5.10009e-06	(lhood=-1.80709e+05)

Current search range : [  1.00000e+02  ;  1.00000e+05  ]
Brent minimization result: N_C = 3.99631e+03 (lhood = -1.80732e+05)

Current parameters:
70039	1158	3996	780	4070	2417	3.3861111	0.0207589	226	4.83459e-05	0.0029231	8.47310e-04	0.0043397	8.31908e-04	2.96389e-07	1.79204e-05	5.19452e-06	2.66047e-05	0.0029231	8.47310e-04	0.0043397	8.31908e-04	0.0014011	1.79204e-05	5.19452e-06	2.66047e-05	5.10009e-06	(lhood=-1.80732e+05)

Current search range : [  1.00000e+02  ;  1.00000e+05  ]
Brent minimization result: N_D = 8.54499e+02 (lhood = -1.80705e+05)

Current parameters:
70039	1158	3996	854	4070	2417	3.3861111	0.0207589	226	4.83459e-05	0.0029231	8.47310e-04	0.0039627	8.31908e-04	2.96389e-07	1.79204e-05	5.19452e-06	2.42936e-05	0.0029231	8.47310e-04	0.0039627	8.31908e-04	0.0014011	1.79204e-05	5.19452e-06	2.42936e-05	5.10009e-06	(lhood=-1.80705e+05)

Current search range : [  1.00000e+02  ;  1.00000e+05  ]
Brent minimization result: N_E = 4.25337e+03 (lhood = -1.80718e+05)

Current parameters:
70039	1158	3996	854	4253	2417	3.3861111	0.0207589	226	4.83459e-05	0.0029231	8.47310e-04	0.0039627	7.96100e-04	2.96389e-07	1.79204e-05	5.19452e-06	2.42936e-05	0.0029231	8.47310e-04	0.0039627	7.96100e-04	0.0014011	1.79204e-05	5.19452e-06	2.42936e-05	4.88057e-06	(lhood=-1.80718e+05)

Current search range : [  1.00000e+02  ;  1.00000e+05  ]
Brent minimization result: N_F = 2.59602e+03 (lhood = -1.80713e+05)

Current parameters:
70039	1158	3996	854	4253	2596	3.3861111	0.0207589	226	4.83459e-05	0.0029231	8.47310e-04	0.0039627	7.96100e-04	2.96389e-07	1.79204e-05	5.19452e-06	2.42936e-05	0.0029231	8.47310e-04	0.0039627	7.96100e-04	0.0013043	1.79204e-05	5.19452e-06	2.42936e-05	4.88057e-06	(lhood=-1.80713e+05)

Current search range : [  1.00000e-02  ;  2.00000e+01  ]
Brent minimization result: NMIG_1POP = 3.59105e+00 (lhood = -1.80709e+05)

Current parameters:
70039	1158	3996	854	4253	2596	3.5910460	0.0207589	226	5.12719e-05	0.0031000	8.98591e-04	0.0042025	8.44282e-04	2.96389e-07	1.79204e-05	5.19452e-06	2.42936e-05	0.0031000	8.98591e-04	0.0042025	8.44282e-04	0.0013833	1.79204e-05	5.19452e-06	2.42936e-05	4.88057e-06	(lhood=-1.80709e+05)

Current search range : [  1.00000e-03  ;  2.00000e+00  ]
Brent minimization result: NMIG_2POP = 2.56829e-02 (lhood = -1.80710e+05)

Current parameters:
70039	1158	3996	854	4253	2596	3.5910460	0.0256829	226	5.12719e-05	0.0031000	8.98591e-04	0.0042025	8.44282e-04	3.66692e-07	2.21711e-05	6.42665e-06	3.00560e-05	0.0031000	8.98591e-04	0.0042025	8.44282e-04	0.0013833	2.21711e-05	6.42665e-06	3.00560e-05	6.03823e-06	(lhood=-1.80710e+05)

Current search range : [  1.00000e+01  ;  2.88915e+02  ]
Brent minimization result: TDIV = 2.30108e+02 (lhood = -1.80708e+05)

Current parameters:
70039	1158	3996	854	4253	2596	3.5910460	0.0256829	230	5.12719e-05	0.0031000	8.98591e-04	0.0042025	8.44282e-04	3.66692e-07	2.21711e-05	6.42665e-06	3.00560e-05	0.0031000	8.98591e-04	0.0042025	8.44282e-04	0.0013833	2.21711e-05	6.42665e-06	3.00560e-05	6.03823e-06	(lhood=-1.80708e+05)

Iter 7	Curr best params:	69251	1205	3740	844	3667	2481	3.2085904	0.0256057	216	4.63331e-05	0.0026637	8.57997e-04	0.0038022	8.74931e-04	3.69754e-07	2.12575e-05	6.84712e-06	3.03425e-05	0.0026637	8.57997e-04	0.0038022	8.74931e-04	0.0012932	2.12575e-05	6.84712e-06	3.03425e-05	6.98226e-06	lhood=-1.80697e+05

200000 simulations per lhood estimation

Current search range : [  1.00000e+02  ;  1.00000e+05  ]
Brent minimization result: N_A = 7.62580e+04 (lhood = -1.80697e+05)

Current parameters:
76258	1158	3996	854	4253	2596	3.5910460	0.0256829	230	4.70907e-05	0.0031000	8.98591e-04	0.0042025	8.44282e-04	3.36789e-07	2.21711e-05	6.42665e-06	3.00560e-05	0.0031000	8.98591e-04	0.0042025	8.44282e-04	0.0013833	2.21711e-05	6.42665e-06	3.00560e-05	6.03823e-06	(lhood=-1.80697e+05)

Current search range : [  1.00000e+02  ;  1.00000e+05  ]
Brent minimization result: N_B = 1.24931e+03 (lhood = -1.80700e+05)

Current parameters:
76258	1249	3996	854	4253	2596	3.5910460	0.0256829	230	4.70907e-05	0.0028744	8.98591e-04	0.0042025	8.44282e-04	3.36789e-07	2.05576e-05	6.42665e-06	3.00560e-05	0.0028744	8.98591e-04	0.0042025	8.44282e-04	0.0013833	2.05576e-05	6.42665e-06	3.00560e-05	6.03823e-06	(lhood=-1.80700e+05)

Current search range : [  1.00000e+02  ;  1.00000e+05  ]
Brent minimization result: N_C = 3.99631e+03 (lhood = -1.80695e+05)

Current parameters:
76258	1249	3996	854	4253	2596	3.5910460	0.0256829	230	4.70907e-05	0.0028744	8.98591e-04	0.0042025	8.44282e-04	3.36789e-07	2.05576e-05	6.42665e-06	3.00560e-05	0.0028744	8.98591e-04	0.0042025	8.44282e-04	0.0013833	2.05576e-05	6.42665e-06	3.00560e-05	6.03823e-06	(lhood=-1.80695e+05)

Current search range : [  1.00000e+02  ;  1.00000e+05  ]
Brent minimization result: N_D = 8.72401e+02 (lhood = -1.80708e+05)

Current parameters:
76258	1249	3996	872	4253	2596	3.5910460	0.0256829	230	4.70907e-05	0.0028744	8.98591e-04	0.0041163	8.44282e-04	3.36789e-07	2.05576e-05	6.42665e-06	2.94393e-05	0.0028744	8.98591e-04	0.0041163	8.44282e-04	0.0013833	2.05576e-05	6.42665e-06	2.94393e-05	6.03823e-06	(lhood=-1.80708e+05)

Current search range : [  1.00000e+02  ;  1.00000e+05  ]
Brent minimization result: N_E = 4.29591e+03 (lhood = -1.80707e+05)

Current parameters:
76258	1249	3996	872	4296	2596	3.5910460	0.0256829	230	4.70907e-05	0.0028744	8.98591e-04	0.0041163	8.35923e-04	3.36789e-07	2.05576e-05	6.42665e-06	2.94393e-05	0.0028744	8.98591e-04	0.0041163	8.35923e-04	0.0013833	2.05576e-05	6.42665e-06	2.94393e-05	5.97845e-06	(lhood=-1.80707e+05)

Current search range : [  1.00000e+02  ;  1.00000e+05  ]
Brent minimization result: N_F = 2.43591e+03 (lhood = -1.80696e+05)

Current parameters:
76258	1249	3996	872	4296	2436	3.5910460	0.0256829	230	4.70907e-05	0.0028744	8.98591e-04	0.0041163	8.35923e-04	3.36789e-07	2.05576e-05	6.42665e-06	2.94393e-05	0.0028744	8.98591e-04	0.0041163	8.35923e-04	0.0014742	2.05576e-05	6.42665e-06	2.94393e-05	5.97845e-06	(lhood=-1.80696e+05)

Current search range : [  1.00000e-02  ;  2.00000e+01  ]
Brent minimization result: NMIG_1POP = 3.73009e+00 (lhood = -1.80706e+05)

Current parameters:
76258	1249	3996	872	4296	2436	3.7300856	0.0256829	230	4.89140e-05	0.0029857	9.33383e-04	0.0042757	8.68288e-04	3.36789e-07	2.05576e-05	6.42665e-06	2.94393e-05	0.0029857	9.33383e-04	0.0042757	8.68288e-04	0.0015313	2.05576e-05	6.42665e-06	2.94393e-05	5.97845e-06	(lhood=-1.80706e+05)

Current search range : [  1.00000e-03  ;  2.00000e+00  ]
Brent minimization result: NMIG_2POP = 2.27244e-02 (lhood = -1.80708e+05)

Current parameters:
76258	1249	3996	872	4296	2436	3.7300856	0.0227244	230	4.89140e-05	0.0029857	9.33383e-04	0.0042757	8.68288e-04	2.97994e-07	1.81895e-05	5.68635e-06	2.60481e-05	0.0029857	9.33383e-04	0.0042757	8.68288e-04	0.0015313	1.81895e-05	5.68635e-06	2.60481e-05	5.28978e-06	(lhood=-1.80708e+05)

Current search range : [  1.00000e+01  ;  2.93441e+02  ]
Brent minimization result: TDIV = 2.25529e+02 (lhood = -1.80710e+05)

Current parameters:
76258	1249	3996	872	4296	2436	3.7300856	0.0227244	226	4.89140e-05	0.0029857	9.33383e-04	0.0042757	8.68288e-04	2.97994e-07	1.81895e-05	5.68635e-06	2.60481e-05	0.0029857	9.33383e-04	0.0042757	8.68288e-04	0.0015313	1.81895e-05	5.68635e-06	2.60481e-05	5.28978e-06	(lhood=-1.80710e+05)

Iter 8	Curr best params:	76258	1249	3996	854	4253	2596	3.5910460	0.0256829	230	4.70907e-05	0.0028744	8.98591e-04	0.0042025	8.44282e-04	3.36789e-07	2.05576e-05	6.42665e-06	3.00560e-05	0.0028744	8.98591e-04	0.0042025	8.44282e-04	0.0013833	2.05576e-05	6.42665e-06	3.00560e-05	6.03823e-06	lhood=-1.80695e+05

200000 simulations per lhood estimation

Current search range : [  1.00000e+02  ;  1.00000e+05  ]
Brent minimization result: N_A = 7.62580e+04 (lhood = -1.80712e+05)

Current parameters:
76258	1249	3996	872	4296	2436	3.7300856	0.0227244	226	4.89140e-05	0.0029857	9.33383e-04	0.0042757	8.68288e-04	2.97994e-07	1.81895e-05	5.68635e-06	2.60481e-05	0.0029857	9.33383e-04	0.0042757	8.68288e-04	0.0015313	1.81895e-05	5.68635e-06	2.60481e-05	5.28978e-06	(lhood=-1.80712e+05)

Current search range : [  1.00000e+02  ;  1.00000e+05  ]
Brent minimization result: N_B = 1.23682e+03 (lhood = -1.80701e+05)

Current parameters:
76258	1237	3996	872	4296	2436	3.7300856	0.0227244	226	4.89140e-05	0.0030159	9.33383e-04	0.0042757	8.68288e-04	2.97994e-07	1.83733e-05	5.68635e-06	2.60481e-05	0.0030159	9.33383e-04	0.0042757	8.68288e-04	0.0015313	1.83733e-05	5.68635e-06	2.60481e-05	5.28978e-06	(lhood=-1.80701e+05)

Current search range : [  1.00000e+02  ;  1.00000e+05  ]
Brent minimization result: N_C = 4.48813e+03 (lhood = -1.80705e+05)

Current parameters:
76258	1237	4488	872	4296	2436	3.7300856	0.0227244	226	4.89140e-05	0.0030159	8.31100e-04	0.0042757	8.68288e-04	2.97994e-07	1.83733e-05	5.06322e-06	2.60481e-05	0.0030159	8.31100e-04	0.0042757	8.68288e-04	0.0015313	1.83733e-05	5.06322e-06	2.60481e-05	5.28978e-06	(lhood=-1.80705e+05)

Current search range : [  1.00000e+02  ;  1.00000e+05  ]
Brent minimization result: N_D = 8.82280e+02 (lhood = -1.80716e+05)

Current parameters:
76258	1237	4488	882	4296	2436	3.7300856	0.0227244	226	4.89140e-05	0.0030159	8.31100e-04	0.0042278	8.68288e-04	2.97994e-07	1.83733e-05	5.06322e-06	2.57564e-05	0.0030159	8.31100e-04	0.0042278	8.68288e-04	0.0015313	1.83733e-05	5.06322e-06	2.57564e-05	5.28978e-06	(lhood=-1.80716e+05)

Current search range : [  1.00000e+02  ;  1.00000e+05  ]
Brent minimization result: N_E = 3.98314e+03 (lhood = -1.80709e+05)

Current parameters:
76258	1237	4488	882	3983	2436	3.7300856	0.0227244	226	4.89140e-05	0.0030159	8.31100e-04	0.0042278	9.36469e-04	2.97994e-07	1.83733e-05	5.06322e-06	2.57564e-05	0.0030159	8.31100e-04	0.0042278	9.36469e-04	0.0015313	1.83733e-05	5.06322e-06	2.57564e-05	5.70515e-06	(lhood=-1.80709e+05)

Current search range : [  1.00000e+02  ;  1.00000e+05  ]
Brent minimization result: N_F = 2.61418e+03 (lhood = -1.80710e+05)

Current parameters:
76258	1237	4488	882	3983	2614	3.7300856	0.0227244	226	4.89140e-05	0.0030159	8.31100e-04	0.0042278	9.36469e-04	2.97994e-07	1.83733e-05	5.06322e-06	2.57564e-05	0.0030159	8.31100e-04	0.0042278	9.36469e-04	0.0014269	1.83733e-05	5.06322e-06	2.57564e-05	5.70515e-06	(lhood=-1.80710e+05)

Current search range : [  1.00000e-02  ;  2.00000e+01  ]
Brent minimization result: NMIG_1POP = 3.59851e+00 (lhood = -1.80711e+05)

Current parameters:
76258	1237	4488	882	3983	2614	3.5985142	0.0227244	226	4.71887e-05	0.0029095	8.01785e-04	0.0040787	9.03436e-04	2.97994e-07	1.83733e-05	5.06322e-06	2.57564e-05	0.0029095	8.01785e-04	0.0040787	9.03436e-04	0.0013765	1.83733e-05	5.06322e-06	2.57564e-05	5.70515e-06	(lhood=-1.80711e+05)

Current search range : [  1.00000e-03  ;  2.00000e+00  ]
Brent minimization result: NMIG_2POP = 2.27244e-02 (lhood = -1.80705e+05)

Current parameters:
76258	1237	4488	882	3983	2614	3.5985142	0.0227244	226	4.71887e-05	0.0029095	8.01785e-04	0.0040787	9.03436e-04	2.97994e-07	1.83733e-05	5.06322e-06	2.57564e-05	0.0029095	8.01785e-04	0.0040787	9.03436e-04	0.0013765	1.83733e-05	5.06322e-06	2.57564e-05	5.70515e-06	(lhood=-1.80705e+05)

Current search range : [  1.00000e+01  ;  2.88862e+02  ]
Brent minimization result: TDIV = 2.25529e+02 (lhood = -1.80721e+05)

Current parameters:
76258	1237	4488	882	3983	2614	3.5985142	0.0227244	226	4.71887e-05	0.0029095	8.01785e-04	0.0040787	9.03436e-04	2.97994e-07	1.83733e-05	5.06322e-06	2.57564e-05	0.0029095	8.01785e-04	0.0040787	9.03436e-04	0.0013765	1.83733e-05	5.06322e-06	2.57564e-05	5.70515e-06	(lhood=-1.80721e+05)

Iter 9	Curr best params:	76258	1249	3996	854	4253	2596	3.5910460	0.0256829	230	4.70907e-05	0.0028744	8.98591e-04	0.0042025	8.44282e-04	3.36789e-07	2.05576e-05	6.42665e-06	3.00560e-05	0.0028744	8.98591e-04	0.0042025	8.44282e-04	0.0013833	2.05576e-05	6.42665e-06	3.00560e-05	6.03823e-06	lhood=-1.80695e+05

200000 simulations per lhood estimation

Current search range : [  1.00000e+02  ;  1.00000e+05  ]
Brent minimization result: N_A = 7.62580e+04 (lhood = -1.80721e+05)

Current parameters:
76258	1237	4488	882	3983	2614	3.5985142	0.0227244	226	4.71887e-05	0.0029095	8.01785e-04	0.0040787	9.03436e-04	2.97994e-07	1.83733e-05	5.06322e-06	2.57564e-05	0.0029095	8.01785e-04	0.0040787	9.03436e-04	0.0013765	1.83733e-05	5.06322e-06	2.57564e-05	5.70515e-06	(lhood=-1.80721e+05)

Current search range : [  1.00000e+02  ;  1.00000e+05  ]
Brent minimization result: N_B = 1.23682e+03 (lhood = -1.80713e+05)

Current parameters:
76258	1237	4488	882	3983	2614	3.5985142	0.0227244	226	4.71887e-05	0.0029095	8.01785e-04	0.0040787	9.03436e-04	2.97994e-07	1.83733e-05	5.06322e-06	2.57564e-05	0.0029095	8.01785e-04	0.0040787	9.03436e-04	0.0013765	1.83733e-05	5.06322e-06	2.57564e-05	5.70515e-06	(lhood=-1.80713e+05)

Current search range : [  1.00000e+02  ;  1.00000e+05  ]
Brent minimization result: N_C = 4.53851e+03 (lhood = -1.80708e+05)

Current parameters:
76258	1237	4539	882	3983	2614	3.5985142	0.0227244	226	4.71887e-05	0.0029095	7.92884e-04	0.0040787	9.03436e-04	2.97994e-07	1.83733e-05	5.00702e-06	2.57564e-05	0.0029095	7.92884e-04	0.0040787	9.03436e-04	0.0013765	1.83733e-05	5.00702e-06	2.57564e-05	5.70515e-06	(lhood=-1.80708e+05)

Current search range : [  1.00000e+02  ;  1.00000e+05  ]
Brent minimization result: N_D = 9.25831e+02 (lhood = -1.80734e+05)

Current parameters:
76258	1237	4539	926	3983	2614	3.5985142	0.0227244	226	4.71887e-05	0.0029095	7.92884e-04	0.0038868	9.03436e-04	2.97994e-07	1.83733e-05	5.00702e-06	2.45449e-05	0.0029095	7.92884e-04	0.0038868	9.03436e-04	0.0013765	1.83733e-05	5.00702e-06	2.45449e-05	5.70515e-06	(lhood=-1.80734e+05)

Current search range : [  1.00000e+02  ;  1.00000e+05  ]
Brent minimization result: N_E = 4.02600e+03 (lhood = -1.80720e+05)

Current parameters:
76258	1237	4539	926	4026	2614	3.5985142	0.0227244	226	4.71887e-05	0.0029095	7.92884e-04	0.0038868	8.93819e-04	2.97994e-07	1.83733e-05	5.00702e-06	2.45449e-05	0.0029095	7.92884e-04	0.0038868	8.93819e-04	0.0013765	1.83733e-05	5.00702e-06	2.45449e-05	5.64441e-06	(lhood=-1.80720e+05)

Current search range : [  1.00000e+02  ;  1.00000e+05  ]
Brent minimization result: N_F = 2.45837e+03 (lhood = -1.80725e+05)

Current parameters:
76258	1237	4539	926	4026	2458	3.5985142	0.0227244	226	4.71887e-05	0.0029095	7.92884e-04	0.0038868	8.93819e-04	2.97994e-07	1.83733e-05	5.00702e-06	2.45449e-05	0.0029095	7.92884e-04	0.0038868	8.93819e-04	0.0014638	1.83733e-05	5.00702e-06	2.45449e-05	5.64441e-06	(lhood=-1.80725e+05)

Current search range : [  1.00000e-02  ;  2.00000e+01  ]
Brent minimization result: NMIG_1POP = 3.50168e+00 (lhood = -1.80702e+05)

Current parameters:
76258	1237	4539	926	4026	2458	3.5016832	0.0227244	226	4.59189e-05	0.0028312	7.71549e-04	0.0037822	8.69768e-04	2.97994e-07	1.83733e-05	5.00702e-06	2.45449e-05	0.0028312	7.71549e-04	0.0037822	8.69768e-04	0.0014244	1.83733e-05	5.00702e-06	2.45449e-05	5.64441e-06	(lhood=-1.80702e+05)

Current search range : [  1.00000e-03  ;  2.00000e+00  ]
Brent minimization result: NMIG_2POP = 2.02193e-02 (lhood = -1.80726e+05)

Current parameters:
76258	1237	4539	926	4026	2458	3.5016832	0.0202193	226	4.59189e-05	0.0028312	7.71549e-04	0.0037822	8.69768e-04	2.65143e-07	1.63478e-05	4.45504e-06	2.18390e-05	0.0028312	7.71549e-04	0.0037822	8.69768e-04	0.0014244	1.63478e-05	4.45504e-06	2.18390e-05	5.02217e-06	(lhood=-1.80726e+05)

Current search range : [  1.00000e+01  ;  2.88862e+02  ]
Brent minimization result: TDIV = 2.25529e+02 (lhood = -1.80724e+05)

Current parameters:
76258	1237	4539	926	4026	2458	3.5016832	0.0202193	226	4.59189e-05	0.0028312	7.71549e-04	0.0037822	8.69768e-04	2.65143e-07	1.63478e-05	4.45504e-06	2.18390e-05	0.0028312	7.71549e-04	0.0037822	8.69768e-04	0.0014244	1.63478e-05	4.45504e-06	2.18390e-05	5.02217e-06	(lhood=-1.80724e+05)

Iter 10	Curr best params:	76258	1249	3996	854	4253	2596	3.5910460	0.0256829	230	4.70907e-05	0.0028744	8.98591e-04	0.0042025	8.44282e-04	3.36789e-07	2.05576e-05	6.42665e-06	3.00560e-05	0.0028744	8.98591e-04	0.0042025	8.44282e-04	0.0013833	2.05576e-05	6.42665e-06	3.00560e-05	6.03823e-06	lhood=-1.80695e+05

200000 simulations per lhood estimation

Current search range : [  1.00000e+02  ;  1.00000e+05  ]
Brent minimization result: N_A = 8.53267e+04 (lhood = -1.80716e+05)

Current parameters:
85327	1237	4539	926	4026	2458	3.5016832	0.0202193	226	4.10386e-05	0.0028312	7.71549e-04	0.0037822	8.69768e-04	2.36963e-07	1.63478e-05	4.45504e-06	2.18390e-05	0.0028312	7.71549e-04	0.0037822	8.69768e-04	0.0014244	1.63478e-05	4.45504e-06	2.18390e-05	5.02217e-06	(lhood=-1.80716e+05)

Current search range : [  1.00000e+02  ;  1.00000e+05  ]
Brent minimization result: N_B = 1.28103e+03 (lhood = -1.80709e+05)

Current parameters:
85327	1281	4539	926	4026	2458	3.5016832	0.0202193	226	4.10386e-05	0.0027335	7.71549e-04	0.0037822	8.69768e-04	2.36963e-07	1.57835e-05	4.45504e-06	2.18390e-05	0.0027335	7.71549e-04	0.0037822	8.69768e-04	0.0014244	1.57835e-05	4.45504e-06	2.18390e-05	5.02217e-06	(lhood=-1.80709e+05)

Current search range : [  1.00000e+02  ;  1.00000e+05  ]
Brent minimization result: N_C = 4.13829e+03 (lhood = -1.80722e+05)

Current parameters:
85327	1281	4138	926	4026	2458	3.5016832	0.0202193	226	4.10386e-05	0.0027335	8.46167e-04	0.0037822	8.69768e-04	2.36963e-07	1.57835e-05	4.88590e-06	2.18390e-05	0.0027335	8.46167e-04	0.0037822	8.69768e-04	0.0014244	1.57835e-05	4.88590e-06	2.18390e-05	5.02217e-06	(lhood=-1.80722e+05)

Current search range : [  1.00000e+02  ;  1.00000e+05  ]
Brent minimization result: N_D = 8.67733e+02 (lhood = -1.80710e+05)

Current parameters:
85327	1281	4138	868	4026	2458	3.5016832	0.0202193	226	4.10386e-05	0.0027335	8.46167e-04	0.0040354	8.69768e-04	2.36963e-07	1.57835e-05	4.88590e-06	2.33012e-05	0.0027335	8.46167e-04	0.0040354	8.69768e-04	0.0014244	1.57835e-05	4.88590e-06	2.33012e-05	5.02217e-06	(lhood=-1.80710e+05)

Current search range : [  1.00000e+02  ;  1.00000e+05  ]
Brent minimization result: N_E = 4.02600e+03 (lhood = -1.80693e+05)

Current parameters:
85327	1281	4138	868	4026	2458	3.5016832	0.0202193	226	4.10386e-05	0.0027335	8.46167e-04	0.0040354	8.69768e-04	2.36963e-07	1.57835e-05	4.88590e-06	2.33012e-05	0.0027335	8.46167e-04	0.0040354	8.69768e-04	0.0014244	1.57835e-05	4.88590e-06	2.33012e-05	5.02217e-06	(lhood=-1.80693e+05)

Current search range : [  1.00000e+02  ;  1.00000e+05  ]
Brent minimization result: N_F = 2.61904e+03 (lhood = -1.80702e+05)

Current parameters:
85327	1281	4138	868	4026	2619	3.5016832	0.0202193	226	4.10386e-05	0.0027335	8.46167e-04	0.0040354	8.69768e-04	2.36963e-07	1.57835e-05	4.88590e-06	2.33012e-05	0.0027335	8.46167e-04	0.0040354	8.69768e-04	0.0013370	1.57835e-05	4.88590e-06	2.33012e-05	5.02217e-06	(lhood=-1.80702e+05)

Current search range : [  1.00000e-02  ;  2.00000e+01  ]
Brent minimization result: NMIG_1POP = 3.27844e+00 (lhood = -1.80712e+05)

Current parameters:
85327	1281	4138	868	4026	2619	3.2784412	0.0202193	226	3.84222e-05	0.0025592	7.92221e-04	0.0037782	8.14318e-04	2.36963e-07	1.57835e-05	4.88590e-06	2.33012e-05	0.0025592	7.92221e-04	0.0037782	8.14318e-04	0.0012518	1.57835e-05	4.88590e-06	2.33012e-05	5.02217e-06	(lhood=-1.80712e+05)

Current search range : [  1.00000e-03  ;  2.00000e+00  ]
Brent minimization result: NMIG_2POP = 3.36971e-02 (lhood = -1.80704e+05)

Current parameters:
85327	1281	4138	868	4026	2619	3.2784412	0.0336971	226	3.84222e-05	0.0025592	7.92221e-04	0.0037782	8.14318e-04	3.94919e-07	2.63046e-05	8.14276e-06	3.88335e-05	0.0025592	7.92221e-04	0.0037782	8.14318e-04	0.0012518	2.63046e-05	8.14276e-06	3.88335e-05	8.36987e-06	(lhood=-1.80704e+05)

Current search range : [  1.00000e+01  ;  2.88862e+02  ]
Brent minimization result: TDIV = 2.35869e+02 (lhood = -1.80690e+05)

Current parameters:
85327	1281	4138	868	4026	2619	3.2784412	0.0336971	236	3.84222e-05	0.0025592	7.92221e-04	0.0037782	8.14318e-04	3.94919e-07	2.63046e-05	8.14276e-06	3.88335e-05	0.0025592	7.92221e-04	0.0037782	8.14318e-04	0.0012518	2.63046e-05	8.14276e-06	3.88335e-05	8.36987e-06	(lhood=-1.80690e+05)

Iter 11	Curr best params:	85327	1281	4138	868	4026	2619	3.2784412	0.0336971	236	3.84222e-05	0.0025592	7.92221e-04	0.0037782	8.14318e-04	3.94919e-07	2.63046e-05	8.14276e-06	3.88335e-05	0.0025592	7.92221e-04	0.0037782	8.14318e-04	0.0012518	2.63046e-05	8.14276e-06	3.88335e-05	8.36987e-06	lhood=-1.80690e+05

200000 simulations per lhood estimation

Current search range : [  1.00000e+02  ;  1.18627e+05  ]
Brent minimization result: N_A = 8.85718e+04 (lhood = -1.80694e+05)

Current parameters:
88572	1281	4138	868	4026	2619	3.2784412	0.0336971	236	3.70145e-05	0.0025592	7.92221e-04	0.0037782	8.14318e-04	3.80449e-07	2.63046e-05	8.14276e-06	3.88335e-05	0.0025592	7.92221e-04	0.0037782	8.14318e-04	0.0012518	2.63046e-05	8.14276e-06	3.88335e-05	8.36987e-06	(lhood=-1.80694e+05)

Current search range : [  1.00000e+02  ;  1.00000e+05  ]
Brent minimization result: N_B = 1.25648e+03 (lhood = -1.80714e+05)

Current parameters:
88572	1256	4138	868	4026	2619	3.2784412	0.0336971	236	3.70145e-05	0.0026092	7.92221e-04	0.0037782	8.14318e-04	3.80449e-07	2.68186e-05	8.14276e-06	3.88335e-05	0.0026092	7.92221e-04	0.0037782	8.14318e-04	0.0012518	2.68186e-05	8.14276e-06	3.88335e-05	8.36987e-06	(lhood=-1.80714e+05)

Current search range : [  1.00000e+02  ;  1.00000e+05  ]
Brent minimization result: N_C = 4.09691e+03 (lhood = -1.80696e+05)

Current parameters:
88572	1256	4097	868	4026	2619	3.2784412	0.0336971	236	3.70145e-05	0.0026092	8.00223e-04	0.0037782	8.14318e-04	3.80449e-07	2.68186e-05	8.22501e-06	3.88335e-05	0.0026092	8.00223e-04	0.0037782	8.14318e-04	0.0012518	2.68186e-05	8.22501e-06	3.88335e-05	8.36987e-06	(lhood=-1.80696e+05)

Current search range : [  1.00000e+02  ;  1.00000e+05  ]
Brent minimization result: N_D = 8.67733e+02 (lhood = -1.80690e+05)

Current parameters:
88572	1256	4097	868	4026	2619	3.2784412	0.0336971	236	3.70145e-05	0.0026092	8.00223e-04	0.0037782	8.14318e-04	3.80449e-07	2.68186e-05	8.22501e-06	3.88335e-05	0.0026092	8.00223e-04	0.0037782	8.14318e-04	0.0012518	2.68186e-05	8.22501e-06	3.88335e-05	8.36987e-06	(lhood=-1.80690e+05)

Current search range : [  1.00000e+02  ;  1.00000e+05  ]
Brent minimization result: N_E = 4.06626e+03 (lhood = -1.80696e+05)

Current parameters:
88572	1256	4097	868	4066	2619	3.2784412	0.0336971	236	3.70145e-05	0.0026092	8.00223e-04	0.0037782	8.06255e-04	3.80449e-07	2.68186e-05	8.22501e-06	3.88335e-05	0.0026092	8.00223e-04	0.0037782	8.06255e-04	0.0012518	2.68186e-05	8.22501e-06	3.88335e-05	8.28700e-06	(lhood=-1.80696e+05)

Current search range : [  1.00000e+02  ;  1.00000e+05  ]
Brent minimization result: N_F = 2.72340e+03 (lhood = -1.80702e+05)

Current parameters:
88572	1256	4097	868	4066	2723	3.2784412	0.0336971	236	3.70145e-05	0.0026092	8.00223e-04	0.0037782	8.06255e-04	3.80449e-07	2.68186e-05	8.22501e-06	3.88335e-05	0.0026092	8.00223e-04	0.0037782	8.06255e-04	0.0012038	2.68186e-05	8.22501e-06	3.88335e-05	8.28700e-06	(lhood=-1.80702e+05)

Current search range : [  1.00000e-02  ;  2.00000e+01  ]
Brent minimization result: NMIG_1POP = 3.40024e+00 (lhood = -1.80696e+05)

Current parameters:
88572	1256	4097	868	4066	2723	3.4002417	0.0336971	236	3.83896e-05	0.0027062	8.29953e-04	0.0039185	8.36209e-04	3.80449e-07	2.68186e-05	8.22501e-06	3.88335e-05	0.0027062	8.29953e-04	0.0039185	8.36209e-04	0.0012485	2.68186e-05	8.22501e-06	3.88335e-05	8.28700e-06	(lhood=-1.80696e+05)

Current search range : [  1.00000e-03  ;  2.00000e+00  ]
Brent minimization result: NMIG_2POP = 3.67572e-02 (lhood = -1.80697e+05)

Current parameters:
88572	1256	4097	868	4066	2723	3.4002417	0.0367572	236	3.83896e-05	0.0027062	8.29953e-04	0.0039185	8.36209e-04	4.14999e-07	2.92540e-05	8.97193e-06	4.23600e-05	0.0027062	8.29953e-04	0.0039185	8.36209e-04	0.0012485	2.92540e-05	8.97193e-06	4.23600e-05	9.03956e-06	(lhood=-1.80697e+05)

Current search range : [  1.00000e+01  ;  2.99202e+02  ]
Brent minimization result: TDIV = 2.45273e+02 (lhood = -1.80690e+05)

Current parameters:
88572	1256	4097	868	4066	2723	3.4002417	0.0367572	245	3.83896e-05	0.0027062	8.29953e-04	0.0039185	8.36209e-04	4.14999e-07	2.92540e-05	8.97193e-06	4.23600e-05	0.0027062	8.29953e-04	0.0039185	8.36209e-04	0.0012485	2.92540e-05	8.97193e-06	4.23600e-05	9.03956e-06	(lhood=-1.80690e+05)

Iter 12	Curr best params:	88572	1256	4097	868	4066	2723	3.4002417	0.0367572	245	3.83896e-05	0.0027062	8.29953e-04	0.0039185	8.36209e-04	4.14999e-07	2.92540e-05	8.97193e-06	4.23600e-05	0.0027062	8.29953e-04	0.0039185	8.36209e-04	0.0012485	2.92540e-05	8.97193e-06	4.23600e-05	9.03956e-06	lhood=-1.80690e+05

200000 simulations per lhood estimation

Current search range : [  1.00000e+02  ;  1.21872e+05  ]
Brent minimization result: N_A = 8.85718e+04 (lhood = -1.80699e+05)

Current parameters:
88572	1256	4097	868	4066	2723	3.4002417	0.0367572	245	3.83896e-05	0.0027062	8.29953e-04	0.0039185	8.36209e-04	4.14999e-07	2.92540e-05	8.97193e-06	4.23600e-05	0.0027062	8.29953e-04	0.0039185	8.36209e-04	0.0012485	2.92540e-05	8.97193e-06	4.23600e-05	9.03956e-06	(lhood=-1.80699e+05)

Current search range : [  1.00000e+02  ;  1.00000e+05  ]
Brent minimization result: N_B = 1.22075e+03 (lhood = -1.80704e+05)

Current parameters:
88572	1221	4097	868	4066	2723	3.4002417	0.0367572	245	3.83896e-05	0.0027854	8.29953e-04	0.0039185	8.36209e-04	4.14999e-07	3.01104e-05	8.97193e-06	4.23600e-05	0.0027854	8.29953e-04	0.0039185	8.36209e-04	0.0012485	3.01104e-05	8.97193e-06	4.23600e-05	9.03956e-06	(lhood=-1.80704e+05)

Current search range : [  1.00000e+02  ;  1.00000e+05  ]
Brent minimization result: N_C = 3.95537e+03 (lhood = -1.80698e+05)

Current parameters:
88572	1221	3955	868	4066	2723	3.4002417	0.0367572	245	3.83896e-05	0.0027854	8.59652e-04	0.0039185	8.36209e-04	4.14999e-07	3.01104e-05	9.29298e-06	4.23600e-05	0.0027854	8.59652e-04	0.0039185	8.36209e-04	0.0012485	3.01104e-05	9.29298e-06	4.23600e-05	9.03956e-06	(lhood=-1.80698e+05)

Current search range : [  1.00000e+02  ;  1.00000e+05  ]
Brent minimization result: N_D = 8.46446e+02 (lhood = -1.80707e+05)

Current parameters:
88572	1221	3955	846	4066	2723	3.4002417	0.0367572	245	3.83896e-05	0.0027854	8.59652e-04	0.0040171	8.36209e-04	4.14999e-07	3.01104e-05	9.29298e-06	4.34253e-05	0.0027854	8.59652e-04	0.0040171	8.36209e-04	0.0012485	3.01104e-05	9.29298e-06	4.34253e-05	9.03956e-06	(lhood=-1.80707e+05)

Current search range : [  1.00000e+02  ;  1.00000e+05  ]
Brent minimization result: N_E = 4.06626e+03 (lhood = -1.80707e+05)

Current parameters:
88572	1221	3955	846	4066	2723	3.4002417	0.0367572	245	3.83896e-05	0.0027854	8.59652e-04	0.0040171	8.36209e-04	4.14999e-07	3.01104e-05	9.29298e-06	4.34253e-05	0.0027854	8.59652e-04	0.0040171	8.36209e-04	0.0012485	3.01104e-05	9.29298e-06	4.34253e-05	9.03956e-06	(lhood=-1.80707e+05)

Current search range : [  1.00000e+02  ;  1.00000e+05  ]
Brent minimization result: N_F = 2.72340e+03 (lhood = -1.80715e+05)

Current parameters:
88572	1221	3955	846	4066	2723	3.4002417	0.0367572	245	3.83896e-05	0.0027854	8.59652e-04	0.0040171	8.36209e-04	4.14999e-07	3.01104e-05	9.29298e-06	4.34253e-05	0.0027854	8.59652e-04	0.0040171	8.36209e-04	0.0012485	3.01104e-05	9.29298e-06	4.34253e-05	9.03956e-06	(lhood=-1.80715e+05)

Current search range : [  1.00000e-02  ;  2.00000e+01  ]
Brent minimization result: NMIG_1POP = 3.20326e+00 (lhood = -1.80727e+05)

Current parameters:
88572	1221	3955	846	4066	2723	3.2032586	0.0367572	245	3.61657e-05	0.0026240	8.09851e-04	0.0037844	7.87766e-04	4.14999e-07	3.01104e-05	9.29298e-06	4.34253e-05	0.0026240	8.09851e-04	0.0037844	7.87766e-04	0.0011762	3.01104e-05	9.29298e-06	4.34253e-05	9.03956e-06	(lhood=-1.80727e+05)

Current search range : [  1.00000e-03  ;  2.00000e+00  ]
Brent minimization result: NMIG_2POP = 1.35742e-01 (lhood = -1.80711e+05)

Current parameters:
88572	1221	3955	846	4066	2723	3.2032586	0.1357421	245	3.61657e-05	0.0026240	8.09851e-04	0.0037844	7.87766e-04	1.53257e-06	1.11196e-04	3.43184e-05	1.60367e-04	0.0026240	8.09851e-04	0.0037844	7.87766e-04	0.0011762	1.11196e-04	3.43184e-05	1.60367e-04	3.33826e-05	(lhood=-1.80711e+05)

Current search range : [  1.00000e+01  ;  3.08606e+02  ]
Brent minimization result: TDIV = 2.30844e+02 (lhood = -1.80724e+05)

Current parameters:
88572	1221	3955	846	4066	2723	3.2032586	0.1357421	231	3.61657e-05	0.0026240	8.09851e-04	0.0037844	7.87766e-04	1.53257e-06	1.11196e-04	3.43184e-05	1.60367e-04	0.0026240	8.09851e-04	0.0037844	7.87766e-04	0.0011762	1.11196e-04	3.43184e-05	1.60367e-04	3.33826e-05	(lhood=-1.80724e+05)

Iter 13	Curr best params:	88572	1256	4097	868	4066	2723	3.4002417	0.0367572	245	3.83896e-05	0.0027062	8.29953e-04	0.0039185	8.36209e-04	4.14999e-07	2.92540e-05	8.97193e-06	4.23600e-05	0.0027062	8.29953e-04	0.0039185	8.36209e-04	0.0012485	2.92540e-05	8.97193e-06	4.23600e-05	9.03956e-06	lhood=-1.80690e+05

200000 simulations per lhood estimation

Current search range : [  1.00000e+02  ;  1.21872e+05  ]
Brent minimization result: N_A = 8.85718e+04 (lhood = -1.80718e+05)

Current parameters:
88572	1221	3955	846	4066	2723	3.2032586	0.1357421	231	3.61657e-05	0.0026240	8.09851e-04	0.0037844	7.87766e-04	1.53257e-06	1.11196e-04	3.43184e-05	1.60367e-04	0.0026240	8.09851e-04	0.0037844	7.87766e-04	0.0011762	1.11196e-04	3.43184e-05	1.60367e-04	3.33826e-05	(lhood=-1.80718e+05)

Current search range : [  1.00000e+02  ;  1.00000e+05  ]
Brent minimization result: N_B = 1.24356e+03 (lhood = -1.80721e+05)

Current parameters:
88572	1244	3955	846	4066	2723	3.2032586	0.1357421	231	3.61657e-05	0.0025759	8.09851e-04	0.0037844	7.87766e-04	1.53257e-06	1.09156e-04	3.43184e-05	1.60367e-04	0.0025759	8.09851e-04	0.0037844	7.87766e-04	0.0011762	1.09156e-04	3.43184e-05	1.60367e-04	3.33826e-05	(lhood=-1.80721e+05)

Current search range : [  1.00000e+02  ;  1.00000e+05  ]
Brent minimization result: N_C = 4.06468e+03 (lhood = -1.80724e+05)

Current parameters:
88572	1244	4065	846	4066	2723	3.2032586	0.1357421	231	3.61657e-05	0.0025759	7.88071e-04	0.0037844	7.87766e-04	1.53257e-06	1.09156e-04	3.33955e-05	1.60367e-04	0.0025759	7.88071e-04	0.0037844	7.87766e-04	0.0011762	1.09156e-04	3.33955e-05	1.60367e-04	3.33826e-05	(lhood=-1.80724e+05)

Current search range : [  1.00000e+02  ;  1.00000e+05  ]
Brent minimization result: N_D = 8.46446e+02 (lhood = -1.80717e+05)

Current parameters:
88572	1244	4065	846	4066	2723	3.2032586	0.1357421	231	3.61657e-05	0.0025759	7.88071e-04	0.0037844	7.87766e-04	1.53257e-06	1.09156e-04	3.33955e-05	1.60367e-04	0.0025759	7.88071e-04	0.0037844	7.87766e-04	0.0011762	1.09156e-04	3.33955e-05	1.60367e-04	3.33826e-05	(lhood=-1.80717e+05)

Current search range : [  1.00000e+02  ;  1.00000e+05  ]
Brent minimization result: N_E = 4.00280e+03 (lhood = -1.80725e+05)

Current parameters:
88572	1244	4065	846	4003	2723	3.2032586	0.1357421	231	3.61657e-05	0.0025759	7.88071e-04	0.0037844	8.00254e-04	1.53257e-06	1.09156e-04	3.33955e-05	1.60367e-04	0.0025759	7.88071e-04	0.0037844	8.00254e-04	0.0011762	1.09156e-04	3.33955e-05	1.60367e-04	3.39118e-05	(lhood=-1.80725e+05)

Current search range : [  1.00000e+02  ;  1.00000e+05  ]
Brent minimization result: N_F = 2.59703e+03 (lhood = -1.80706e+05)

Current parameters:
88572	1244	4065	846	4003	2597	3.2032586	0.1357421	231	3.61657e-05	0.0025759	7.88071e-04	0.0037844	8.00254e-04	1.53257e-06	1.09156e-04	3.33955e-05	1.60367e-04	0.0025759	7.88071e-04	0.0037844	8.00254e-04	0.0012334	1.09156e-04	3.33955e-05	1.60367e-04	3.39118e-05	(lhood=-1.80706e+05)

Current search range : [  1.00000e-02  ;  2.00000e+01  ]
Brent minimization result: NMIG_1POP = 3.14942e+00 (lhood = -1.80702e+05)

Current parameters:
88572	1244	4065	846	4003	2597	3.1494209	0.1357421	231	3.55578e-05	0.0025326	7.74826e-04	0.0037208	7.86804e-04	1.53257e-06	1.09156e-04	3.33955e-05	1.60367e-04	0.0025326	7.74826e-04	0.0037208	7.86804e-04	0.0012127	1.09156e-04	3.33955e-05	1.60367e-04	3.39118e-05	(lhood=-1.80702e+05)

Current search range : [  1.00000e-03  ;  2.00000e+00  ]
Brent minimization result: NMIG_2POP = 6.17235e-02 (lhood = -1.80702e+05)

Current parameters:
88572	1244	4065	846	4003	2597	3.1494209	0.0617235	231	3.55578e-05	0.0025326	7.74826e-04	0.0037208	7.86804e-04	6.96875e-07	4.96343e-05	1.51853e-05	7.29208e-05	0.0025326	7.74826e-04	0.0037208	7.86804e-04	0.0012127	4.96343e-05	1.51853e-05	7.29208e-05	1.54201e-05	(lhood=-1.80702e+05)

Current search range : [  1.00000e+01  ;  2.94178e+02  ]
Brent minimization result: TDIV = 2.23051e+02 (lhood = -1.80714e+05)

Current parameters:
88572	1244	4065	846	4003	2597	3.1494209	0.0617235	223	3.55578e-05	0.0025326	7.74826e-04	0.0037208	7.86804e-04	6.96875e-07	4.96343e-05	1.51853e-05	7.29208e-05	0.0025326	7.74826e-04	0.0037208	7.86804e-04	0.0012127	4.96343e-05	1.51853e-05	7.29208e-05	1.54201e-05	(lhood=-1.80714e+05)

Iter 14	Curr best params:	88572	1256	4097	868	4066	2723	3.4002417	0.0367572	245	3.83896e-05	0.0027062	8.29953e-04	0.0039185	8.36209e-04	4.14999e-07	2.92540e-05	8.97193e-06	4.23600e-05	0.0027062	8.29953e-04	0.0039185	8.36209e-04	0.0012485	2.92540e-05	8.97193e-06	4.23600e-05	9.03956e-06	lhood=-1.80690e+05

200000 simulations per lhood estimation

Current search range : [  1.00000e+02  ;  1.21872e+05  ]
Brent minimization result: N_A = 8.20690e+04 (lhood = -1.80716e+05)

Current parameters:
82069	1244	4065	846	4003	2597	3.1494209	0.0617235	223	3.83753e-05	0.0025326	7.74826e-04	0.0037208	7.86804e-04	7.52092e-07	4.96343e-05	1.51853e-05	7.29208e-05	0.0025326	7.74826e-04	0.0037208	7.86804e-04	0.0012127	4.96343e-05	1.51853e-05	7.29208e-05	1.54201e-05	(lhood=-1.80716e+05)

Current search range : [  1.00000e+02  ;  1.00000e+05  ]
Brent minimization result: N_B = 1.24356e+03 (lhood = -1.80706e+05)

Current parameters:
82069	1244	4065	846	4003	2597	3.1494209	0.0617235	223	3.83753e-05	0.0025326	7.74826e-04	0.0037208	7.86804e-04	7.52092e-07	4.96343e-05	1.51853e-05	7.29208e-05	0.0025326	7.74826e-04	0.0037208	7.86804e-04	0.0012127	4.96343e-05	1.51853e-05	7.29208e-05	1.54201e-05	(lhood=-1.80706e+05)

Current search range : [  1.00000e+02  ;  1.00000e+05  ]
Brent minimization result: N_C = 4.15990e+03 (lhood = -1.80715e+05)

Current parameters:
82069	1244	4160	846	4003	2597	3.1494209	0.0617235	223	3.83753e-05	0.0025326	7.57090e-04	0.0037208	7.86804e-04	7.52092e-07	4.96343e-05	1.48377e-05	7.29208e-05	0.0025326	7.57090e-04	0.0037208	7.86804e-04	0.0012127	4.96343e-05	1.48377e-05	7.29208e-05	1.54201e-05	(lhood=-1.80715e+05)

Current search range : [  1.00000e+02  ;  1.00000e+05  ]
Brent minimization result: N_D = 8.46446e+02 (lhood = -1.80708e+05)

Current parameters:
82069	1244	4160	846	4003	2597	3.1494209	0.0617235	223	3.83753e-05	0.0025326	7.57090e-04	0.0037208	7.86804e-04	7.52092e-07	4.96343e-05	1.48377e-05	7.29208e-05	0.0025326	7.57090e-04	0.0037208	7.86804e-04	0.0012127	4.96343e-05	1.48377e-05	7.29208e-05	1.54201e-05	(lhood=-1.80708e+05)

Current search range : [  1.00000e+02  ;  1.00000e+05  ]
Brent minimization result: N_E = 3.92060e+03 (lhood = -1.80700e+05)

Current parameters:
82069	1244	4160	846	3921	2597	3.1494209	0.0617235	223	3.83753e-05	0.0025326	7.57090e-04	0.0037208	8.03300e-04	7.52092e-07	4.96343e-05	1.48377e-05	7.29208e-05	0.0025326	7.57090e-04	0.0037208	8.03300e-04	0.0012127	4.96343e-05	1.48377e-05	7.29208e-05	1.57434e-05	(lhood=-1.80700e+05)

Current search range : [  1.00000e+02  ;  1.00000e+05  ]
Brent minimization result: N_F = 2.59703e+03 (lhood = -1.80706e+05)

Current parameters:
82069	1244	4160	846	3921	2597	3.1494209	0.0617235	223	3.83753e-05	0.0025326	7.57090e-04	0.0037208	8.03300e-04	7.52092e-07	4.96343e-05	1.48377e-05	7.29208e-05	0.0025326	7.57090e-04	0.0037208	8.03300e-04	0.0012127	4.96343e-05	1.48377e-05	7.29208e-05	1.57434e-05	(lhood=-1.80706e+05)

Current search range : [  1.00000e-02  ;  2.00000e+01  ]
Brent minimization result: NMIG_1POP = 3.14942e+00 (lhood = -1.80706e+05)

Current parameters:
82069	1244	4160	846	3921	2597	3.1494209	0.0617235	223	3.83753e-05	0.0025326	7.57090e-04	0.0037208	8.03300e-04	7.52092e-07	4.96343e-05	1.48377e-05	7.29208e-05	0.0025326	7.57090e-04	0.0037208	8.03300e-04	0.0012127	4.96343e-05	1.48377e-05	7.29208e-05	1.57434e-05	(lhood=-1.80706e+05)

Current search range : [  1.00000e-03  ;  2.00000e+00  ]
Brent minimization result: NMIG_2POP = 5.82012e-02 (lhood = -1.80708e+05)

Current parameters:
82069	1244	4160	846	3921	2597	3.1494209	0.0582012	223	3.83753e-05	0.0025326	7.57090e-04	0.0037208	8.03300e-04	7.09174e-07	4.68019e-05	1.39910e-05	6.87595e-05	0.0025326	7.57090e-04	0.0037208	8.03300e-04	0.0012127	4.68019e-05	1.39910e-05	6.87595e-05	1.48450e-05	(lhood=-1.80708e+05)

Current search range : [  1.00000e+01  ;  2.86384e+02  ]
Brent minimization result: TDIV = 2.32484e+02 (lhood = -1.80715e+05)

Current parameters:
82069	1244	4160	846	3921	2597	3.1494209	0.0582012	232	3.83753e-05	0.0025326	7.57090e-04	0.0037208	8.03300e-04	7.09174e-07	4.68019e-05	1.39910e-05	6.87595e-05	0.0025326	7.57090e-04	0.0037208	8.03300e-04	0.0012127	4.68019e-05	1.39910e-05	6.87595e-05	1.48450e-05	(lhood=-1.80715e+05)

Iter 15	Curr best params:	88572	1256	4097	868	4066	2723	3.4002417	0.0367572	245	3.83896e-05	0.0027062	8.29953e-04	0.0039185	8.36209e-04	4.14999e-07	2.92540e-05	8.97193e-06	4.23600e-05	0.0027062	8.29953e-04	0.0039185	8.36209e-04	0.0012485	2.92540e-05	8.97193e-06	4.23600e-05	9.03956e-06	lhood=-1.80690e+05

200000 simulations per lhood estimation

Current search range : [  1.00000e+02  ;  1.15369e+05  ]
Brent minimization result: N_A = 8.03242e+04 (lhood = -1.80700e+05)

Current parameters:
80324	1244	4160	846	3921	2597	3.1494209	0.0582012	232	3.92089e-05	0.0025326	7.57090e-04	0.0037208	8.03300e-04	7.24578e-07	4.68019e-05	1.39910e-05	6.87595e-05	0.0025326	7.57090e-04	0.0037208	8.03300e-04	0.0012127	4.68019e-05	1.39910e-05	6.87595e-05	1.48450e-05	(lhood=-1.80700e+05)

Current search range : [  1.00000e+02  ;  1.00000e+05  ]
Brent minimization result: N_B = 1.26935e+03 (lhood = -1.80698e+05)

Current parameters:
80324	1269	4160	846	3921	2597	3.1494209	0.0582012	232	3.92089e-05	0.0024811	7.57090e-04	0.0037208	8.03300e-04	7.24578e-07	4.58510e-05	1.39910e-05	6.87595e-05	0.0024811	7.57090e-04	0.0037208	8.03300e-04	0.0012127	4.58510e-05	1.39910e-05	6.87595e-05	1.48450e-05	(lhood=-1.80698e+05)

Current search range : [  1.00000e+02  ;  1.00000e+05  ]
Brent minimization result: N_C = 3.79382e+03 (lhood = -1.80697e+05)

Current parameters:
80324	1269	3794	846	3921	2597	3.1494209	0.0582012	232	3.92089e-05	0.0024811	8.30144e-04	0.0037208	8.03300e-04	7.24578e-07	4.58510e-05	1.53410e-05	6.87595e-05	0.0024811	8.30144e-04	0.0037208	8.03300e-04	0.0012127	4.58510e-05	1.53410e-05	6.87595e-05	1.48450e-05	(lhood=-1.80697e+05)

Current search range : [  1.00000e+02  ;  1.00000e+05  ]
Brent minimization result: N_D = 8.26708e+02 (lhood = -1.80709e+05)

Current parameters:
80324	1269	3794	827	3921	2597	3.1494209	0.0582012	232	3.92089e-05	0.0024811	8.30144e-04	0.0038096	8.03300e-04	7.24578e-07	4.58510e-05	1.53410e-05	7.04012e-05	0.0024811	8.30144e-04	0.0038096	8.03300e-04	0.0012127	4.58510e-05	1.53410e-05	7.04012e-05	1.48450e-05	(lhood=-1.80709e+05)

Current search range : [  1.00000e+02  ;  1.00000e+05  ]
Brent minimization result: N_E = 3.73369e+03 (lhood = -1.80708e+05)

Current parameters:
80324	1269	3794	827	3734	2597	3.1494209	0.0582012	232	3.92089e-05	0.0024811	8.30144e-04	0.0038096	8.43513e-04	7.24578e-07	4.58510e-05	1.53410e-05	7.04012e-05	0.0024811	8.30144e-04	0.0038096	8.43513e-04	0.0012127	4.58510e-05	1.53410e-05	7.04012e-05	1.55881e-05	(lhood=-1.80708e+05)

Current search range : [  1.00000e+02  ;  1.00000e+05  ]
Brent minimization result: N_F = 2.57106e+03 (lhood = -1.80704e+05)

Current parameters:
80324	1269	3794	827	3734	2571	3.1494209	0.0582012	232	3.92089e-05	0.0024811	8.30144e-04	0.0038096	8.43513e-04	7.24578e-07	4.58510e-05	1.53410e-05	7.04012e-05	0.0024811	8.30144e-04	0.0038096	8.43513e-04	0.0012250	4.58510e-05	1.53410e-05	7.04012e-05	1.55881e-05	(lhood=-1.80704e+05)

Current search range : [  1.00000e-02  ;  2.00000e+01  ]
Brent minimization result: NMIG_1POP = 3.63953e+00 (lhood = -1.80712e+05)

Current parameters:
80324	1269	3794	827	3734	2571	3.6395306	0.0582012	232	4.53105e-05	0.0028672	9.59331e-04	0.0044024	9.74780e-04	7.24578e-07	4.58510e-05	1.53410e-05	7.04012e-05	0.0028672	9.59331e-04	0.0044024	9.74780e-04	0.0014156	4.58510e-05	1.53410e-05	7.04012e-05	1.55881e-05	(lhood=-1.80712e+05)

Current search range : [  1.00000e-03  ;  2.00000e+00  ]
Brent minimization result: NMIG_2POP = 4.72220e-03 (lhood = -1.80704e+05)

Current parameters:
80324	1269	3794	827	3734	2571	3.6395306	0.0047222	232	4.53105e-05	0.0028672	9.59331e-04	0.0044024	9.74780e-04	5.87892e-08	3.72016e-06	1.24471e-06	5.71205e-06	0.0028672	9.59331e-04	0.0044024	9.74780e-04	0.0014156	3.72016e-06	1.24471e-06	5.71205e-06	1.26475e-06	(lhood=-1.80704e+05)

Current search range : [  1.00000e+01  ;  2.95818e+02  ]
Brent minimization result: TDIV = 2.28743e+02 (lhood = -1.80712e+05)

Current parameters:
80324	1269	3794	827	3734	2571	3.6395306	0.0047222	229	4.53105e-05	0.0028672	9.59331e-04	0.0044024	9.74780e-04	5.87892e-08	3.72016e-06	1.24471e-06	5.71205e-06	0.0028672	9.59331e-04	0.0044024	9.74780e-04	0.0014156	3.72016e-06	1.24471e-06	5.71205e-06	1.26475e-06	(lhood=-1.80712e+05)

Iter 16	Curr best params:	88572	1256	4097	868	4066	2723	3.4002417	0.0367572	245	3.83896e-05	0.0027062	8.29953e-04	0.0039185	8.36209e-04	4.14999e-07	2.92540e-05	8.97193e-06	4.23600e-05	0.0027062	8.29953e-04	0.0039185	8.36209e-04	0.0012485	2.92540e-05	8.97193e-06	4.23600e-05	9.03956e-06	lhood=-1.80690e+05

200000 simulations per lhood estimation

Current search range : [  1.00000e+02  ;  1.13624e+05  ]
Brent minimization result: N_A = 8.60114e+04 (lhood = -1.80698e+05)

Current parameters:
86011	1269	3794	827	3734	2571	3.6395306	0.0047222	229	4.23145e-05	0.0028672	9.59331e-04	0.0044024	9.74780e-04	5.49020e-08	3.72016e-06	1.24471e-06	5.71205e-06	0.0028672	9.59331e-04	0.0044024	9.74780e-04	0.0014156	3.72016e-06	1.24471e-06	5.71205e-06	1.26475e-06	(lhood=-1.80698e+05)

Current search range : [  1.00000e+02  ;  1.00000e+05  ]
Brent minimization result: N_B = 1.23226e+03 (lhood = -1.80695e+05)

Current parameters:
86011	1232	3794	827	3734	2571	3.6395306	0.0047222	229	4.23145e-05	0.0029535	9.59331e-04	0.0044024	9.74780e-04	5.49020e-08	3.83213e-06	1.24471e-06	5.71205e-06	0.0029535	9.59331e-04	0.0044024	9.74780e-04	0.0014156	3.83213e-06	1.24471e-06	5.71205e-06	1.26475e-06	(lhood=-1.80695e+05)

Current search range : [  1.00000e+02  ;  1.00000e+05  ]
Brent minimization result: N_C = 4.13221e+03 (lhood = -1.80692e+05)

Current parameters:
86011	1232	4132	827	3734	2571	3.6395306	0.0047222	229	4.23145e-05	0.0029535	8.80771e-04	0.0044024	9.74780e-04	5.49020e-08	3.83213e-06	1.14278e-06	5.71205e-06	0.0029535	8.80771e-04	0.0044024	9.74780e-04	0.0014156	3.83213e-06	1.14278e-06	5.71205e-06	1.26475e-06	(lhood=-1.80692e+05)

Current search range : [  1.00000e+02  ;  1.00000e+05  ]
Brent minimization result: N_D = 8.55085e+02 (lhood = -1.80693e+05)

Current parameters:
86011	1232	4132	855	3734	2571	3.6395306	0.0047222	229	4.23145e-05	0.0029535	8.80771e-04	0.0042563	9.74780e-04	5.49020e-08	3.83213e-06	1.14278e-06	5.52249e-06	0.0029535	8.80771e-04	0.0042563	9.74780e-04	0.0014156	3.83213e-06	1.14278e-06	5.52249e-06	1.26475e-06	(lhood=-1.80693e+05)

Current search range : [  1.00000e+02  ;  1.00000e+05  ]
Brent minimization result: N_E = 3.90438e+03 (lhood = -1.80677e+05)

Current parameters:
86011	1232	4132	855	3904	2571	3.6395306	0.0047222	229	4.23145e-05	0.0029535	8.80771e-04	0.0042563	9.32166e-04	5.49020e-08	3.83213e-06	1.14278e-06	5.52249e-06	0.0029535	8.80771e-04	0.0042563	9.32166e-04	0.0014156	3.83213e-06	1.14278e-06	5.52249e-06	1.20946e-06	(lhood=-1.80677e+05)

Current search range : [  1.00000e+02  ;  1.00000e+05  ]
Brent minimization result: N_F = 2.59677e+03 (lhood = -1.80695e+05)

Current parameters:
86011	1232	4132	855	3904	2597	3.6395306	0.0047222	229	4.23145e-05	0.0029535	8.80771e-04	0.0042563	9.32166e-04	5.49020e-08	3.83213e-06	1.14278e-06	5.52249e-06	0.0029535	8.80771e-04	0.0042563	9.32166e-04	0.0014016	3.83213e-06	1.14278e-06	5.52249e-06	1.20946e-06	(lhood=-1.80695e+05)

Current search range : [  1.00000e-02  ;  2.00000e+01  ]
Brent minimization result: NMIG_1POP = 3.63953e+00 (lhood = -1.80686e+05)

Current parameters:
86011	1232	4132	855	3904	2597	3.6395306	0.0047222	229	4.23145e-05	0.0029535	8.80771e-04	0.0042563	9.32166e-04	5.49020e-08	3.83213e-06	1.14278e-06	5.52249e-06	0.0029535	8.80771e-04	0.0042563	9.32166e-04	0.0014016	3.83213e-06	1.14278e-06	5.52249e-06	1.20946e-06	(lhood=-1.80686e+05)

Current search range : [  1.00000e-03  ;  2.00000e+00  ]
Brent minimization result: NMIG_2POP = 2.45929e-03 (lhood = -1.80666e+05)

Current parameters:
86011	1232	4132	855	3904	2597	3.6395306	0.0024593	229	4.23145e-05	0.0029535	8.80771e-04	0.0042563	9.32166e-04	2.85926e-08	1.99575e-06	5.95152e-07	2.87608e-06	0.0029535	8.80771e-04	0.0042563	9.32166e-04	0.0014016	1.99575e-06	5.95152e-07	2.87608e-06	6.29881e-07	(lhood=-1.80666e+05)

Current search range : [  1.00000e+01  ;  2.92077e+02  ]
Brent minimization result: TDIV = 2.28743e+02 (lhood = -1.80692e+05)

Current parameters:
86011	1232	4132	855	3904	2597	3.6395306	0.0024593	229	4.23145e-05	0.0029535	8.80771e-04	0.0042563	9.32166e-04	2.85926e-08	1.99575e-06	5.95152e-07	2.87608e-06	0.0029535	8.80771e-04	0.0042563	9.32166e-04	0.0014016	1.99575e-06	5.95152e-07	2.87608e-06	6.29881e-07	(lhood=-1.80692e+05)

Iter 17	Curr best params:	86011	1232	4132	855	3904	2597	3.6395306	0.0024593	229	4.23145e-05	0.0029535	8.80771e-04	0.0042563	9.32166e-04	2.85926e-08	1.99575e-06	5.95152e-07	2.87608e-06	0.0029535	8.80771e-04	0.0042563	9.32166e-04	0.0014016	1.99575e-06	5.95152e-07	2.87608e-06	6.29881e-07	lhood=-1.80666e+05

200000 simulations per lhood estimation

Current search range : [  1.00000e+02  ;  1.19311e+05  ]
Brent minimization result: N_A = 1.00587e+05 (lhood = -1.80690e+05)

Current parameters:
100587	1232	4132	855	3904	2597	3.6395306	0.0024593	229	3.61830e-05	0.0029535	8.80771e-04	0.0042563	9.32166e-04	2.44495e-08	1.99575e-06	5.95152e-07	2.87608e-06	0.0029535	8.80771e-04	0.0042563	9.32166e-04	0.0014016	1.99575e-06	5.95152e-07	2.87608e-06	6.29881e-07	(lhood=-1.80690e+05)

Current search range : [  1.00000e+02  ;  1.00000e+05  ]
Brent minimization result: N_B = 1.23226e+03 (lhood = -1.80700e+05)

Current parameters:
100587	1232	4132	855	3904	2597	3.6395306	0.0024593	229	3.61830e-05	0.0029535	8.80771e-04	0.0042563	9.32166e-04	2.44495e-08	1.99575e-06	5.95152e-07	2.87608e-06	0.0029535	8.80771e-04	0.0042563	9.32166e-04	0.0014016	1.99575e-06	5.95152e-07	2.87608e-06	6.29881e-07	(lhood=-1.80700e+05)

Current search range : [  1.00000e+02  ;  1.00000e+05  ]
Brent minimization result: N_C = 4.32432e+03 (lhood = -1.80706e+05)

Current parameters:
100587	1232	4324	855	3904	2597	3.6395306	0.0024593	229	3.61830e-05	0.0029535	8.41641e-04	0.0042563	9.32166e-04	2.44495e-08	1.99575e-06	5.68712e-07	2.87608e-06	0.0029535	8.41641e-04	0.0042563	9.32166e-04	0.0014016	1.99575e-06	5.68712e-07	2.87608e-06	6.29881e-07	(lhood=-1.80706e+05)

Current search range : [  1.00000e+02  ;  1.00000e+05  ]
Brent minimization result: N_D = 8.44714e+02 (lhood = -1.80699e+05)

Current parameters:
100587	1232	4324	845	3904	2597	3.6395306	0.0024593	229	3.61830e-05	0.0029535	8.41641e-04	0.0043086	9.32166e-04	2.44495e-08	1.99575e-06	5.68712e-07	2.91139e-06	0.0029535	8.41641e-04	0.0043086	9.32166e-04	0.0014016	1.99575e-06	5.68712e-07	2.91139e-06	6.29881e-07	(lhood=-1.80699e+05)

Current search range : [  1.00000e+02  ;  1.00000e+05  ]
Brent minimization result: N_E = 4.31847e+03 (lhood = -1.80710e+05)

Current parameters:
100587	1232	4324	845	4318	2597	3.6395306	0.0024593	229	3.61830e-05	0.0029535	8.41641e-04	0.0043086	8.42783e-04	2.44495e-08	1.99575e-06	5.68712e-07	2.91139e-06	0.0029535	8.41641e-04	0.0043086	8.42783e-04	0.0014016	1.99575e-06	5.68712e-07	2.91139e-06	5.69483e-07	(lhood=-1.80710e+05)

Current search range : [  1.00000e+02  ;  1.00000e+05  ]
Brent minimization result: N_F = 2.73850e+03 (lhood = -1.80714e+05)

Current parameters:
100587	1232	4324	845	4318	2739	3.6395306	0.0024593	229	3.61830e-05	0.0029535	8.41641e-04	0.0043086	8.42783e-04	2.44495e-08	1.99575e-06	5.68712e-07	2.91139e-06	0.0029535	8.41641e-04	0.0043086	8.42783e-04	0.0013290	1.99575e-06	5.68712e-07	2.91139e-06	5.69483e-07	(lhood=-1.80714e+05)

Current search range : [  1.00000e-02  ;  2.00000e+01  ]
Brent minimization result: NMIG_1POP = 3.55214e+00 (lhood = -1.80713e+05)

Current parameters:
100587	1232	4324	845	4318	2739	3.5521382	0.0024593	229	3.53142e-05	0.0028826	8.21432e-04	0.0042051	8.22546e-04	2.44495e-08	1.99575e-06	5.68712e-07	2.91139e-06	0.0028826	8.21432e-04	0.0042051	8.22546e-04	0.0012971	1.99575e-06	5.68712e-07	2.91139e-06	5.69483e-07	(lhood=-1.80713e+05)

Current search range : [  1.00000e-03  ;  2.00000e+00  ]
Brent minimization result: NMIG_2POP = 2.98099e-02 (lhood = -1.80713e+05)

Current parameters:
100587	1232	4324	845	4318	2739	3.5521382	0.0298099	229	3.53142e-05	0.0028826	8.21432e-04	0.0042051	8.22546e-04	2.96360e-07	2.41912e-05	6.89354e-06	3.52899e-05	0.0028826	8.21432e-04	0.0042051	8.22546e-04	0.0012971	2.41912e-05	6.89354e-06	3.52899e-05	6.90289e-06	(lhood=-1.80713e+05)

Current search range : [  1.00000e+01  ;  2.92077e+02  ]
Brent minimization result: TDIV = 2.28743e+02 (lhood = -1.80737e+05)

Current parameters:
100587	1232	4324	845	4318	2739	3.5521382	0.0298099	229	3.53142e-05	0.0028826	8.21432e-04	0.0042051	8.22546e-04	2.96360e-07	2.41912e-05	6.89354e-06	3.52899e-05	0.0028826	8.21432e-04	0.0042051	8.22546e-04	0.0012971	2.41912e-05	6.89354e-06	3.52899e-05	6.90289e-06	(lhood=-1.80737e+05)

Iter 18	Curr best params:	86011	1232	4132	855	3904	2597	3.6395306	0.0024593	229	4.23145e-05	0.0029535	8.80771e-04	0.0042563	9.32166e-04	2.85926e-08	1.99575e-06	5.95152e-07	2.87608e-06	0.0029535	8.80771e-04	0.0042563	9.32166e-04	0.0014016	1.99575e-06	5.95152e-07	2.87608e-06	6.29881e-07	lhood=-1.80666e+05

200000 simulations per lhood estimation

Current search range : [  1.00000e+02  ;  1.33887e+05  ]
Brent minimization result: N_A = 9.75885e+04 (lhood = -1.80714e+05)

Current parameters:
97589	1232	4324	845	4318	2739	3.5521382	0.0298099	229	3.63991e-05	0.0028826	8.21432e-04	0.0042051	8.22546e-04	3.05465e-07	2.41912e-05	6.89354e-06	3.52899e-05	0.0028826	8.21432e-04	0.0042051	8.22546e-04	0.0012971	2.41912e-05	6.89354e-06	3.52899e-05	6.90289e-06	(lhood=-1.80714e+05)

Current search range : [  1.00000e+02  ;  1.00000e+05  ]
Brent minimization result: N_B = 1.23226e+03 (lhood = -1.80712e+05)

Current parameters:
97589	1232	4324	845	4318	2739	3.5521382	0.0298099	229	3.63991e-05	0.0028826	8.21432e-04	0.0042051	8.22546e-04	3.05465e-07	2.41912e-05	6.89354e-06	3.52899e-05	0.0028826	8.21432e-04	0.0042051	8.22546e-04	0.0012971	2.41912e-05	6.89354e-06	3.52899e-05	6.90289e-06	(lhood=-1.80712e+05)

Current search range : [  1.00000e+02  ;  1.00000e+05  ]
Brent minimization result: N_C = 4.32432e+03 (lhood = -1.80716e+05)

Current parameters:
97589	1232	4324	845	4318	2739	3.5521382	0.0298099	229	3.63991e-05	0.0028826	8.21432e-04	0.0042051	8.22546e-04	3.05465e-07	2.41912e-05	6.89354e-06	3.52899e-05	0.0028826	8.21432e-04	0.0042051	8.22546e-04	0.0012971	2.41912e-05	6.89354e-06	3.52899e-05	6.90289e-06	(lhood=-1.80716e+05)

Current search range : [  1.00000e+02  ;  1.00000e+05  ]
Brent minimization result: N_D = 9.21785e+02 (lhood = -1.80722e+05)

Current parameters:
97589	1232	4324	922	4318	2739	3.5521382	0.0298099	229	3.63991e-05	0.0028826	8.21432e-04	0.0038535	8.22546e-04	3.05465e-07	2.41912e-05	6.89354e-06	3.23393e-05	0.0028826	8.21432e-04	0.0038535	8.22546e-04	0.0012971	2.41912e-05	6.89354e-06	3.23393e-05	6.90289e-06	(lhood=-1.80722e+05)

Current search range : [  1.00000e+02  ;  1.00000e+05  ]
Brent minimization result: N_E = 4.37255e+03 (lhood = -1.80722e+05)

Current parameters:
97589	1232	4324	922	4373	2739	3.5521382	0.0298099	229	3.63991e-05	0.0028826	8.21432e-04	0.0038535	8.12373e-04	3.05465e-07	2.41912e-05	6.89354e-06	3.23393e-05	0.0028826	8.21432e-04	0.0038535	8.12373e-04	0.0012971	2.41912e-05	6.89354e-06	3.23393e-05	6.81751e-06	(lhood=-1.80722e+05)

Current search range : [  1.00000e+02  ;  1.00000e+05  ]
Brent minimization result: N_F = 2.76589e+03 (lhood = -1.80715e+05)

Current parameters:
97589	1232	4324	922	4373	2766	3.5521382	0.0298099	229	3.63991e-05	0.0028826	8.21432e-04	0.0038535	8.12373e-04	3.05465e-07	2.41912e-05	6.89354e-06	3.23393e-05	0.0028826	8.21432e-04	0.0038535	8.12373e-04	0.0012843	2.41912e-05	6.89354e-06	3.23393e-05	6.81751e-06	(lhood=-1.80715e+05)

Current search range : [  1.00000e-02  ;  2.00000e+01  ]
Brent minimization result: NMIG_1POP = 3.50740e+00 (lhood = -1.80726e+05)

Current parameters:
97589	1232	4324	922	4373	2766	3.5073972	0.0298099	229	3.59407e-05	0.0028463	8.11086e-04	0.0038050	8.02140e-04	3.05465e-07	2.41912e-05	6.89354e-06	3.23393e-05	0.0028463	8.11086e-04	0.0038050	8.02140e-04	0.0012681	2.41912e-05	6.89354e-06	3.23393e-05	6.81751e-06	(lhood=-1.80726e+05)

Current search range : [  1.00000e-03  ;  2.00000e+00  ]
Brent minimization result: NMIG_2POP = 3.76840e-02 (lhood = -1.80719e+05)

Current parameters:
97589	1232	4324	922	4373	2766	3.5073972	0.0376840	229	3.59407e-05	0.0028463	8.11086e-04	0.0038050	8.02140e-04	3.86152e-07	3.05811e-05	8.71443e-06	4.08816e-05	0.0028463	8.11086e-04	0.0038050	8.02140e-04	0.0012681	3.05811e-05	8.71443e-06	4.08816e-05	8.61832e-06	(lhood=-1.80719e+05)

Current search range : [  1.00000e+01  ;  2.92077e+02  ]
Brent minimization result: TDIV = 2.28743e+02 (lhood = -1.80722e+05)

Current parameters:
97589	1232	4324	922	4373	2766	3.5073972	0.0376840	229	3.59407e-05	0.0028463	8.11086e-04	0.0038050	8.02140e-04	3.86152e-07	3.05811e-05	8.71443e-06	4.08816e-05	0.0028463	8.11086e-04	0.0038050	8.02140e-04	0.0012681	3.05811e-05	8.71443e-06	4.08816e-05	8.61832e-06	(lhood=-1.80722e+05)

Iter 19	Curr best params:	86011	1232	4132	855	3904	2597	3.6395306	0.0024593	229	4.23145e-05	0.0029535	8.80771e-04	0.0042563	9.32166e-04	2.85926e-08	1.99575e-06	5.95152e-07	2.87608e-06	0.0029535	8.80771e-04	0.0042563	9.32166e-04	0.0014016	1.99575e-06	5.95152e-07	2.87608e-06	6.29881e-07	lhood=-1.80666e+05

200000 simulations per lhood estimation

Current search range : [  1.00000e+02  ;  1.30889e+05  ]
Brent minimization result: N_A = 8.65576e+04 (lhood = -1.80712e+05)

Current parameters:
86558	1232	4324	922	4373	2766	3.5073972	0.0376840	229	4.05210e-05	0.0028463	8.11086e-04	0.0038050	8.02140e-04	4.35364e-07	3.05811e-05	8.71443e-06	4.08816e-05	0.0028463	8.11086e-04	0.0038050	8.02140e-04	0.0012681	3.05811e-05	8.71443e-06	4.08816e-05	8.61832e-06	(lhood=-1.80712e+05)

Current search range : [  1.00000e+02  ;  1.00000e+05  ]
Brent minimization result: N_B = 1.29862e+03 (lhood = -1.80722e+05)

Current parameters:
86558	1299	4324	922	4373	2766	3.5073972	0.0376840	229	4.05210e-05	0.0027009	8.11086e-04	0.0038050	8.02140e-04	4.35364e-07	2.90184e-05	8.71443e-06	4.08816e-05	0.0027009	8.11086e-04	0.0038050	8.02140e-04	0.0012681	2.90184e-05	8.71443e-06	4.08816e-05	8.61832e-06	(lhood=-1.80722e+05)

Current search range : [  1.00000e+02  ;  1.00000e+05  ]
Brent minimization result: N_C = 4.57519e+03 (lhood = -1.80724e+05)

Current parameters:
86558	1299	4575	922	4373	2766	3.5073972	0.0376840	229	4.05210e-05	0.0027009	7.66613e-04	0.0038050	8.02140e-04	4.35364e-07	2.90184e-05	8.23661e-06	4.08816e-05	0.0027009	7.66613e-04	0.0038050	8.02140e-04	0.0012681	2.90184e-05	8.23661e-06	4.08816e-05	8.61832e-06	(lhood=-1.80724e+05)

Current search range : [  1.00000e+02  ;  1.00000e+05  ]
Brent minimization result: N_D = 9.39532e+02 (lhood = -1.80721e+05)

Current parameters:
86558	1299	4575	940	4373	2766	3.5073972	0.0376840	229	4.05210e-05	0.0027009	7.66613e-04	0.0037331	8.02140e-04	4.35364e-07	2.90184e-05	8.23661e-06	4.01094e-05	0.0027009	7.66613e-04	0.0037331	8.02140e-04	0.0012681	2.90184e-05	8.23661e-06	4.01094e-05	8.61832e-06	(lhood=-1.80721e+05)

Current search range : [  1.00000e+02  ;  1.00000e+05  ]
Brent minimization result: N_E = 4.32882e+03 (lhood = -1.80721e+05)

Current parameters:
86558	1299	4575	940	4329	2766	3.5073972	0.0376840	229	4.05210e-05	0.0027009	7.66613e-04	0.0037331	8.10243e-04	4.35364e-07	2.90184e-05	8.23661e-06	4.01094e-05	0.0027009	7.66613e-04	0.0037331	8.10243e-04	0.0012681	2.90184e-05	8.23661e-06	4.01094e-05	8.70538e-06	(lhood=-1.80721e+05)

Current search range : [  1.00000e+02  ;  1.00000e+05  ]
Brent minimization result: N_F = 2.54083e+03 (lhood = -1.80723e+05)

Current parameters:
86558	1299	4575	940	4329	2541	3.5073972	0.0376840	229	4.05210e-05	0.0027009	7.66613e-04	0.0037331	8.10243e-04	4.35364e-07	2.90184e-05	8.23661e-06	4.01094e-05	0.0027009	7.66613e-04	0.0037331	8.10243e-04	0.0013804	2.90184e-05	8.23661e-06	4.01094e-05	8.70538e-06	(lhood=-1.80723e+05)

Current search range : [  1.00000e-02  ;  2.00000e+01  ]
Brent minimization result: NMIG_1POP = 3.50740e+00 (lhood = -1.80734e+05)

Current parameters:
86558	1299	4575	940	4329	2541	3.5073972	0.0376840	229	4.05210e-05	0.0027009	7.66613e-04	0.0037331	8.10243e-04	4.35364e-07	2.90184e-05	8.23661e-06	4.01094e-05	0.0027009	7.66613e-04	0.0037331	8.10243e-04	0.0013804	2.90184e-05	8.23661e-06	4.01094e-05	8.70538e-06	(lhood=-1.80734e+05)

Current search range : [  1.00000e-03  ;  2.00000e+00  ]
Brent minimization result: NMIG_2POP = 1.05987e-02 (lhood = -1.80727e+05)

Current parameters:
86558	1299	4575	940	4329	2541	3.5073972	0.0105987	229	4.05210e-05	0.0027009	7.66613e-04	0.0037331	8.10243e-04	1.22447e-07	8.16149e-06	2.31656e-06	1.12808e-05	0.0027009	7.66613e-04	0.0037331	8.10243e-04	0.0013804	8.16149e-06	2.31656e-06	1.12808e-05	2.44840e-06	(lhood=-1.80727e+05)

Current search range : [  1.00000e+01  ;  2.92077e+02  ]
Brent minimization result: TDIV = 2.46723e+02 (lhood = -1.80710e+05)

Current parameters:
86558	1299	4575	940	4329	2541	3.5073972	0.0105987	247	4.05210e-05	0.0027009	7.66613e-04	0.0037331	8.10243e-04	1.22447e-07	8.16149e-06	2.31656e-06	1.12808e-05	0.0027009	7.66613e-04	0.0037331	8.10243e-04	0.0013804	8.16149e-06	2.31656e-06	1.12808e-05	2.44840e-06	(lhood=-1.80710e+05)

Iter 20	Curr best params:	86011	1232	4132	855	3904	2597	3.6395306	0.0024593	229	4.23145e-05	0.0029535	8.80771e-04	0.0042563	9.32166e-04	2.85926e-08	1.99575e-06	5.95152e-07	2.87608e-06	0.0029535	8.80771e-04	0.0042563	9.32166e-04	0.0014016	1.99575e-06	5.95152e-07	2.87608e-06	6.29881e-07	lhood=-1.80666e+05

200000 simulations per lhood estimation

Current search range : [  1.00000e+02  ;  1.19858e+05  ]
Brent minimization result: N_A = 1.00996e+05 (lhood = -1.80705e+05)

Current parameters:
100996	1299	4575	940	4329	2541	3.5073972	0.0105987	247	3.47279e-05	0.0027009	7.66613e-04	0.0037331	8.10243e-04	1.04941e-07	8.16149e-06	2.31656e-06	1.12808e-05	0.0027009	7.66613e-04	0.0037331	8.10243e-04	0.0013804	8.16149e-06	2.31656e-06	1.12808e-05	2.44840e-06	(lhood=-1.80705e+05)

Current search range : [  1.00000e+02  ;  1.00000e+05  ]
Brent minimization result: N_B = 1.37326e+03 (lhood = -1.80706e+05)

Current parameters:
100996	1373	4575	940	4329	2541	3.5073972	0.0105987	247	3.47279e-05	0.0025541	7.66613e-04	0.0037331	8.10243e-04	1.04941e-07	7.71793e-06	2.31656e-06	1.12808e-05	0.0025541	7.66613e-04	0.0037331	8.10243e-04	0.0013804	7.71793e-06	2.31656e-06	1.12808e-05	2.44840e-06	(lhood=-1.80706e+05)

Current search range : [  1.00000e+02  ;  1.00000e+05  ]
Brent minimization result: N_C = 4.50377e+03 (lhood = -1.80709e+05)

Current parameters:
100996	1373	4504	940	4329	2541	3.5073972	0.0105987	247	3.47279e-05	0.0025541	7.78769e-04	0.0037331	8.10243e-04	1.04941e-07	7.71793e-06	2.35330e-06	1.12808e-05	0.0025541	7.78769e-04	0.0037331	8.10243e-04	0.0013804	7.71793e-06	2.35330e-06	1.12808e-05	2.44840e-06	(lhood=-1.80709e+05)

Current search range : [  1.00000e+02  ;  1.00000e+05  ]
Brent minimization result: N_D = 9.30136e+02 (lhood = -1.80704e+05)

Current parameters:
100996	1373	4504	930	4329	2541	3.5073972	0.0105987	247	3.47279e-05	0.0025541	7.78769e-04	0.0037708	8.10243e-04	1.04941e-07	7.71793e-06	2.35330e-06	1.13948e-05	0.0025541	7.78769e-04	0.0037708	8.10243e-04	0.0013804	7.71793e-06	2.35330e-06	1.13948e-05	2.44840e-06	(lhood=-1.80704e+05)

Current search range : [  1.00000e+02  ;  1.00000e+05  ]
Brent minimization result: N_E = 4.53086e+03 (lhood = -1.80720e+05)

Current parameters:
100996	1373	4504	930	4531	2541	3.5073972	0.0105987	247	3.47279e-05	0.0025541	7.78769e-04	0.0037708	7.74112e-04	1.04941e-07	7.71793e-06	2.35330e-06	1.13948e-05	0.0025541	7.78769e-04	0.0037708	7.74112e-04	0.0013804	7.71793e-06	2.35330e-06	1.13948e-05	2.33922e-06	(lhood=-1.80720e+05)

Current search range : [  1.00000e+02  ;  1.00000e+05  ]
Brent minimization result: N_F = 2.85288e+03 (lhood = -1.80703e+05)

Current parameters:
100996	1373	4504	930	4531	2853	3.5073972	0.0105987	247	3.47279e-05	0.0025541	7.78769e-04	0.0037708	7.74112e-04	1.04941e-07	7.71793e-06	2.35330e-06	1.13948e-05	0.0025541	7.78769e-04	0.0037708	7.74112e-04	0.0012294	7.71793e-06	2.35330e-06	1.13948e-05	2.33922e-06	(lhood=-1.80703e+05)

Current search range : [  1.00000e-02  ;  2.00000e+01  ]
Brent minimization result: NMIG_1POP = 3.46366e+00 (lhood = -1.80709e+05)

Current parameters:
100996	1373	4504	930	4531	2853	3.4636588	0.0105987	247	3.42949e-05	0.0025222	7.69057e-04	0.0037238	7.64459e-04	1.04941e-07	7.71793e-06	2.35330e-06	1.13948e-05	0.0025222	7.69057e-04	0.0037238	7.64459e-04	0.0012141	7.71793e-06	2.35330e-06	1.13948e-05	2.33922e-06	(lhood=-1.80709e+05)

Current search range : [  1.00000e-03  ;  2.00000e+00  ]
Brent minimization result: NMIG_2POP = 9.37196e-03 (lhood = -1.80697e+05)

Current parameters:
100996	1373	4504	930	4531	2853	3.4636588	0.0093720	247	3.42949e-05	0.0025222	7.69057e-04	0.0037238	7.64459e-04	9.27949e-08	6.82461e-06	2.08091e-06	1.00759e-05	0.0025222	7.69057e-04	0.0037238	7.64459e-04	0.0012141	6.82461e-06	2.08091e-06	1.00759e-05	2.06847e-06	(lhood=-1.80697e+05)

Current search range : [  1.00000e+01  ;  3.10057e+02  ]
Brent minimization result: TDIV = 2.51251e+02 (lhood = -1.80693e+05)

Current parameters:
100996	1373	4504	930	4531	2853	3.4636588	0.0093720	251	3.42949e-05	0.0025222	7.69057e-04	0.0037238	7.64459e-04	9.27949e-08	6.82461e-06	2.08091e-06	1.00759e-05	0.0025222	7.69057e-04	0.0037238	7.64459e-04	0.0012141	6.82461e-06	2.08091e-06	1.00759e-05	2.06847e-06	(lhood=-1.80693e+05)

Iter 21	Curr best params:	86011	1232	4132	855	3904	2597	3.6395306	0.0024593	229	4.23145e-05	0.0029535	8.80771e-04	0.0042563	9.32166e-04	2.85926e-08	1.99575e-06	5.95152e-07	2.87608e-06	0.0029535	8.80771e-04	0.0042563	9.32166e-04	0.0014016	1.99575e-06	5.95152e-07	2.87608e-06	6.29881e-07	lhood=-1.80666e+05

200000 simulations per lhood estimation

Current search range : [  1.00000e+02  ;  1.34296e+05  ]
Brent minimization result: N_A = 1.00996e+05 (lhood = -1.80696e+05)

Current parameters:
100996	1373	4504	930	4531	2853	3.4636588	0.0093720	251	3.42949e-05	0.0025222	7.69057e-04	0.0037238	7.64459e-04	9.27949e-08	6.82461e-06	2.08091e-06	1.00759e-05	0.0025222	7.69057e-04	0.0037238	7.64459e-04	0.0012141	6.82461e-06	2.08091e-06	1.00759e-05	2.06847e-06	(lhood=-1.80696e+05)

Current search range : [  1.00000e+02  ;  1.00000e+05  ]
Brent minimization result: N_B = 1.37326e+03 (lhood = -1.80697e+05)

Current parameters:
100996	1373	4504	930	4531	2853	3.4636588	0.0093720	251	3.42949e-05	0.0025222	7.69057e-04	0.0037238	7.64459e-04	9.27949e-08	6.82461e-06	2.08091e-06	1.00759e-05	0.0025222	7.69057e-04	0.0037238	7.64459e-04	0.0012141	6.82461e-06	2.08091e-06	1.00759e-05	2.06847e-06	(lhood=-1.80697e+05)

Current search range : [  1.00000e+02  ;  1.00000e+05  ]
Brent minimization result: N_C = 4.41561e+03 (lhood = -1.80696e+05)

Current parameters:
100996	1373	4416	930	4531	2853	3.4636588	0.0093720	251	3.42949e-05	0.0025222	7.84413e-04	0.0037238	7.64459e-04	9.27949e-08	6.82461e-06	2.12246e-06	1.00759e-05	0.0025222	7.84413e-04	0.0037238	7.64459e-04	0.0012141	6.82461e-06	2.12246e-06	1.00759e-05	2.06847e-06	(lhood=-1.80696e+05)

Current search range : [  1.00000e+02  ;  1.00000e+05  ]
Brent minimization result: N_D = 9.97611e+02 (lhood = -1.80695e+05)

Current parameters:
100996	1373	4416	998	4531	2853	3.4636588	0.0093720	251	3.42949e-05	0.0025222	7.84413e-04	0.0034720	7.64459e-04	9.27949e-08	6.82461e-06	2.12246e-06	9.39440e-06	0.0025222	7.84413e-04	0.0034720	7.64459e-04	0.0012141	6.82461e-06	2.12246e-06	9.39440e-06	2.06847e-06	(lhood=-1.80695e+05)

Current search range : [  1.00000e+02  ;  1.00000e+05  ]
Brent minimization result: N_E = 4.91032e+03 (lhood = -1.80711e+05)

Current parameters:
100996	1373	4416	998	4910	2853	3.4636588	0.0093720	251	3.42949e-05	0.0025222	7.84413e-04	0.0034720	7.05384e-04	9.27949e-08	6.82461e-06	2.12246e-06	9.39440e-06	0.0025222	7.84413e-04	0.0034720	7.05384e-04	0.0012141	6.82461e-06	2.12246e-06	9.39440e-06	1.90862e-06	(lhood=-1.80711e+05)

Current search range : [  1.00000e+02  ;  1.00000e+05  ]
Brent minimization result: N_F = 2.96267e+03 (lhood = -1.80708e+05)

Current parameters:
100996	1373	4416	998	4910	2963	3.4636588	0.0093720	251	3.42949e-05	0.0025222	7.84413e-04	0.0034720	7.05384e-04	9.27949e-08	6.82461e-06	2.12246e-06	9.39440e-06	0.0025222	7.84413e-04	0.0034720	7.05384e-04	0.0011691	6.82461e-06	2.12246e-06	9.39440e-06	1.90862e-06	(lhood=-1.80708e+05)

Current search range : [  1.00000e-02  ;  2.00000e+01  ]
Brent minimization result: NMIG_1POP = 3.58330e+00 (lhood = -1.80711e+05)

Current parameters:
100996	1373	4416	998	4910	2963	3.5832971	0.0093720	251	3.54794e-05	0.0026093	8.11507e-04	0.0035919	7.29748e-04	9.27949e-08	6.82461e-06	2.12246e-06	9.39440e-06	0.0026093	8.11507e-04	0.0035919	7.29748e-04	0.0012095	6.82461e-06	2.12246e-06	9.39440e-06	1.90862e-06	(lhood=-1.80711e+05)

Current search range : [  1.00000e-03  ;  2.00000e+00  ]
Brent minimization result: NMIG_2POP = 6.34777e-03 (lhood = -1.80718e+05)

Current parameters:
100996	1373	4416	998	4910	2963	3.5832971	0.0063478	251	3.54794e-05	0.0026093	8.11507e-04	0.0035919	7.29748e-04	6.28514e-08	4.62241e-06	1.43757e-06	6.36297e-06	0.0026093	8.11507e-04	0.0035919	7.29748e-04	0.0012095	4.62241e-06	1.43757e-06	6.36297e-06	1.29274e-06	(lhood=-1.80718e+05)

Current search range : [  1.00000e+01  ;  3.14584e+02  ]
Brent minimization result: TDIV = 2.68648e+02 (lhood = -1.80692e+05)

Current parameters:
100996	1373	4416	998	4910	2963	3.5832971	0.0063478	269	3.54794e-05	0.0026093	8.11507e-04	0.0035919	7.29748e-04	6.28514e-08	4.62241e-06	1.43757e-06	6.36297e-06	0.0026093	8.11507e-04	0.0035919	7.29748e-04	0.0012095	4.62241e-06	1.43757e-06	6.36297e-06	1.29274e-06	(lhood=-1.80692e+05)

Iter 22	Curr best params:	86011	1232	4132	855	3904	2597	3.6395306	0.0024593	229	4.23145e-05	0.0029535	8.80771e-04	0.0042563	9.32166e-04	2.85926e-08	1.99575e-06	5.95152e-07	2.87608e-06	0.0029535	8.80771e-04	0.0042563	9.32166e-04	0.0014016	1.99575e-06	5.95152e-07	2.87608e-06	6.29881e-07	lhood=-1.80666e+05

200000 simulations per lhood estimation

Current search range : [  1.00000e+02  ;  1.34296e+05  ]
Brent minimization result: N_A = 7.71780e+04 (lhood = -1.80697e+05)

Current parameters:
77178	1373	4416	998	4910	2963	3.5832971	0.0063478	269	4.64290e-05	0.0026093	8.11507e-04	0.0035919	7.29748e-04	8.22484e-08	4.62241e-06	1.43757e-06	6.36297e-06	0.0026093	8.11507e-04	0.0035919	7.29748e-04	0.0012095	4.62241e-06	1.43757e-06	6.36297e-06	1.29274e-06	(lhood=-1.80697e+05)

Current search range : [  1.00000e+02  ;  1.00000e+05  ]
Brent minimization result: N_B = 1.38699e+03 (lhood = -1.80700e+05)

Current parameters:
77178	1387	4416	998	4910	2963	3.5832971	0.0063478	269	4.64290e-05	0.0025835	8.11507e-04	0.0035919	7.29748e-04	8.22484e-08	4.57665e-06	1.43757e-06	6.36297e-06	0.0025835	8.11507e-04	0.0035919	7.29748e-04	0.0012095	4.57665e-06	1.43757e-06	6.36297e-06	1.29274e-06	(lhood=-1.80700e+05)

Current search range : [  1.00000e+02  ;  1.00000e+05  ]
Brent minimization result: N_C = 4.41561e+03 (lhood = -1.80697e+05)

Current parameters:
77178	1387	4416	998	4910	2963	3.5832971	0.0063478	269	4.64290e-05	0.0025835	8.11507e-04	0.0035919	7.29748e-04	8.22484e-08	4.57665e-06	1.43757e-06	6.36297e-06	0.0025835	8.11507e-04	0.0035919	7.29748e-04	0.0012095	4.57665e-06	1.43757e-06	6.36297e-06	1.29274e-06	(lhood=-1.80697e+05)

Current search range : [  1.00000e+02  ;  1.00000e+05  ]
Brent minimization result: N_D = 9.97611e+02 (lhood = -1.80694e+05)

Current parameters:
77178	1387	4416	998	4910	2963	3.5832971	0.0063478	269	4.64290e-05	0.0025835	8.11507e-04	0.0035919	7.29748e-04	8.22484e-08	4.57665e-06	1.43757e-06	6.36297e-06	0.0025835	8.11507e-04	0.0035919	7.29748e-04	0.0012095	4.57665e-06	1.43757e-06	6.36297e-06	1.29274e-06	(lhood=-1.80694e+05)

Current search range : [  1.00000e+02  ;  1.00000e+05  ]
Brent minimization result: N_E = 4.37109e+03 (lhood = -1.80688e+05)

Current parameters:
77178	1387	4416	998	4371	2963	3.5832971	0.0063478	269	4.64290e-05	0.0025835	8.11507e-04	0.0035919	8.19772e-04	8.22484e-08	4.57665e-06	1.43757e-06	6.36297e-06	0.0025835	8.11507e-04	0.0035919	8.19772e-04	0.0012095	4.57665e-06	1.43757e-06	6.36297e-06	1.45222e-06	(lhood=-1.80688e+05)

Current search range : [  1.00000e+02  ;  1.00000e+05  ]
Brent minimization result: N_F = 3.04105e+03 (lhood = -1.80691e+05)

Current parameters:
77178	1387	4416	998	4371	3041	3.5832971	0.0063478	269	4.64290e-05	0.0025835	8.11507e-04	0.0035919	8.19772e-04	8.22484e-08	4.57665e-06	1.43757e-06	6.36297e-06	0.0025835	8.11507e-04	0.0035919	8.19772e-04	0.0011783	4.57665e-06	1.43757e-06	6.36297e-06	1.45222e-06	(lhood=-1.80691e+05)

Current search range : [  1.00000e-02  ;  2.00000e+01  ]
Brent minimization result: NMIG_1POP = 3.58330e+00 (lhood = -1.80689e+05)

Current parameters:
77178	1387	4416	998	4371	3041	3.5832971	0.0063478	269	4.64290e-05	0.0025835	8.11507e-04	0.0035919	8.19772e-04	8.22484e-08	4.57665e-06	1.43757e-06	6.36297e-06	0.0025835	8.11507e-04	0.0035919	8.19772e-04	0.0011783	4.57665e-06	1.43757e-06	6.36297e-06	1.45222e-06	(lhood=-1.80689e+05)

Current search range : [  1.00000e-03  ;  2.00000e+00  ]
Brent minimization result: NMIG_2POP = 5.74407e-03 (lhood = -1.80690e+05)

Current parameters:
77178	1387	4416	998	4371	3041	3.5832971	0.0057441	269	4.64290e-05	0.0025835	8.11507e-04	0.0035919	8.19772e-04	7.44262e-08	4.14139e-06	1.30086e-06	5.75782e-06	0.0025835	8.11507e-04	0.0035919	8.19772e-04	0.0011783	4.14139e-06	1.30086e-06	5.75782e-06	1.31410e-06	(lhood=-1.80690e+05)

Current search range : [  1.00000e+01  ;  3.31981e+02  ]
Brent minimization result: TDIV = 2.77776e+02 (lhood = -1.80694e+05)

Current parameters:
77178	1387	4416	998	4371	3041	3.5832971	0.0057441	278	4.64290e-05	0.0025835	8.11507e-04	0.0035919	8.19772e-04	7.44262e-08	4.14139e-06	1.30086e-06	5.75782e-06	0.0025835	8.11507e-04	0.0035919	8.19772e-04	0.0011783	4.14139e-06	1.30086e-06	5.75782e-06	1.31410e-06	(lhood=-1.80694e+05)

Iter 23	Curr best params:	86011	1232	4132	855	3904	2597	3.6395306	0.0024593	229	4.23145e-05	0.0029535	8.80771e-04	0.0042563	9.32166e-04	2.85926e-08	1.99575e-06	5.95152e-07	2.87608e-06	0.0029535	8.80771e-04	0.0042563	9.32166e-04	0.0014016	1.99575e-06	5.95152e-07	2.87608e-06	6.29881e-07	lhood=-1.80666e+05

200000 simulations per lhood estimation

Current search range : [  1.00000e+02  ;  1.00000e+05  ]
Brent minimization result: N_A = 6.65918e+04 (lhood = -1.80706e+05)

Current parameters:
66592	1387	4416	998	4371	3041	3.5832971	0.0057441	278	5.38099e-05	0.0025835	8.11507e-04	0.0035919	8.19772e-04	8.62578e-08	4.14139e-06	1.30086e-06	5.75782e-06	0.0025835	8.11507e-04	0.0035919	8.19772e-04	0.0011783	4.14139e-06	1.30086e-06	5.75782e-06	1.31410e-06	(lhood=-1.80706e+05)

Current search range : [  1.00000e+02  ;  1.00000e+05  ]
Brent minimization result: N_B = 1.40692e+03 (lhood = -1.80715e+05)

Current parameters:
66592	1407	4416	998	4371	3041	3.5832971	0.0057441	278	5.38099e-05	0.0025469	8.11507e-04	0.0035919	8.19772e-04	8.62578e-08	4.08273e-06	1.30086e-06	5.75782e-06	0.0025469	8.11507e-04	0.0035919	8.19772e-04	0.0011783	4.08273e-06	1.30086e-06	5.75782e-06	1.31410e-06	(lhood=-1.80715e+05)

Current search range : [  1.00000e+02  ;  1.00000e+05  ]
Brent minimization result: N_C = 4.64494e+03 (lhood = -1.80706e+05)

Current parameters:
66592	1407	4645	998	4371	3041	3.5832971	0.0057441	278	5.38099e-05	0.0025469	7.71440e-04	0.0035919	8.19772e-04	8.62578e-08	4.08273e-06	1.23663e-06	5.75782e-06	0.0025469	7.71440e-04	0.0035919	8.19772e-04	0.0011783	4.08273e-06	1.23663e-06	5.75782e-06	1.31410e-06	(lhood=-1.80706e+05)

Current search range : [  1.00000e+02  ;  1.00000e+05  ]
Brent minimization result: N_D = 9.97611e+02 (lhood = -1.80698e+05)

Current parameters:
66592	1407	4645	998	4371	3041	3.5832971	0.0057441	278	5.38099e-05	0.0025469	7.71440e-04	0.0035919	8.19772e-04	8.62578e-08	4.08273e-06	1.23663e-06	5.75782e-06	0.0025469	7.71440e-04	0.0035919	8.19772e-04	0.0011783	4.08273e-06	1.23663e-06	5.75782e-06	1.31410e-06	(lhood=-1.80698e+05)

Current search range : [  1.00000e+02  ;  1.00000e+05  ]
Brent minimization result: N_E = 4.19543e+03 (lhood = -1.80710e+05)

Current parameters:
66592	1407	4645	998	4195	3041	3.5832971	0.0057441	278	5.38099e-05	0.0025469	7.71440e-04	0.0035919	8.54095e-04	8.62578e-08	4.08273e-06	1.23663e-06	5.75782e-06	0.0025469	7.71440e-04	0.0035919	8.54095e-04	0.0011783	4.08273e-06	1.23663e-06	5.75782e-06	1.36912e-06	(lhood=-1.80710e+05)

Current search range : [  1.00000e+02  ;  1.00000e+05  ]
Brent minimization result: N_F = 2.94107e+03 (lhood = -1.80704e+05)

Current parameters:
66592	1407	4645	998	4195	2941	3.5832971	0.0057441	278	5.38099e-05	0.0025469	7.71440e-04	0.0035919	8.54095e-04	8.62578e-08	4.08273e-06	1.23663e-06	5.75782e-06	0.0025469	7.71440e-04	0.0035919	8.54095e-04	0.0012184	4.08273e-06	1.23663e-06	5.75782e-06	1.36912e-06	(lhood=-1.80704e+05)

Current search range : [  1.00000e-02  ;  2.00000e+01  ]
Brent minimization result: NMIG_1POP = 3.67718e+00 (lhood = -1.80707e+05)

Current parameters:
66592	1407	4645	998	4195	2941	3.6771756	0.0057441	278	5.52196e-05	0.0026136	7.91651e-04	0.0036860	8.76471e-04	8.62578e-08	4.08273e-06	1.23663e-06	5.75782e-06	0.0026136	7.91651e-04	0.0036860	8.76471e-04	0.0012503	4.08273e-06	1.23663e-06	5.75782e-06	1.36912e-06	(lhood=-1.80707e+05)

Current search range : [  1.00000e-03  ;  2.00000e+00  ]
Brent minimization result: NMIG_2POP = 9.10541e-02 (lhood = -1.80706e+05)

Current parameters:
66592	1407	4645	998	4195	2941	3.6771756	0.0910541	278	5.52196e-05	0.0026136	7.91651e-04	0.0036860	8.76471e-04	1.36735e-06	6.47189e-05	1.96028e-05	9.12721e-05	0.0026136	7.91651e-04	0.0036860	8.76471e-04	0.0012503	6.47189e-05	1.96028e-05	9.12721e-05	2.17031e-05	(lhood=-1.80706e+05)

Current search range : [  1.00000e+01  ;  3.41109e+02  ]
Brent minimization result: TDIV = 2.77776e+02 (lhood = -1.80725e+05)

Current parameters:
66592	1407	4645	998	4195	2941	3.6771756	0.0910541	278	5.52196e-05	0.0026136	7.91651e-04	0.0036860	8.76471e-04	1.36735e-06	6.47189e-05	1.96028e-05	9.12721e-05	0.0026136	7.91651e-04	0.0036860	8.76471e-04	0.0012503	6.47189e-05	1.96028e-05	9.12721e-05	2.17031e-05	(lhood=-1.80725e+05)

Iter 24	Curr best params:	86011	1232	4132	855	3904	2597	3.6395306	0.0024593	229	4.23145e-05	0.0029535	8.80771e-04	0.0042563	9.32166e-04	2.85926e-08	1.99575e-06	5.95152e-07	2.87608e-06	0.0029535	8.80771e-04	0.0042563	9.32166e-04	0.0014016	1.99575e-06	5.95152e-07	2.87608e-06	6.29881e-07	lhood=-1.80666e+05

200000 simulations per lhood estimation

Current search range : [  1.00000e+02  ;  1.00000e+05  ]
Brent minimization result: N_A = 8.32915e+04 (lhood = -1.80698e+05)

Current parameters:
83291	1407	4645	998	4195	2941	3.6771756	0.0910541	278	4.41483e-05	0.0026136	7.91651e-04	0.0036860	8.76471e-04	1.09320e-06	6.47189e-05	1.96028e-05	9.12721e-05	0.0026136	7.91651e-04	0.0036860	8.76471e-04	0.0012503	6.47189e-05	1.96028e-05	9.12721e-05	2.17031e-05	(lhood=-1.80698e+05)

Current search range : [  1.00000e+02  ;  1.00000e+05  ]
Brent minimization result: N_B = 1.42099e+03 (lhood = -1.80710e+05)

Current parameters:
83291	1421	4645	998	4195	2941	3.6771756	0.0910541	278	4.41483e-05	0.0025878	7.91651e-04	0.0036860	8.76471e-04	1.09320e-06	6.40781e-05	1.96028e-05	9.12721e-05	0.0025878	7.91651e-04	0.0036860	8.76471e-04	0.0012503	6.40781e-05	1.96028e-05	9.12721e-05	2.17031e-05	(lhood=-1.80710e+05)

Current search range : [  1.00000e+02  ;  1.00000e+05  ]
Brent minimization result: N_C = 5.14197e+03 (lhood = -1.80723e+05)

Current parameters:
83291	1421	5142	998	4195	2941	3.6771756	0.0910541	278	4.41483e-05	0.0025878	7.15130e-04	0.0036860	8.76471e-04	1.09320e-06	6.40781e-05	1.77080e-05	9.12721e-05	0.0025878	7.15130e-04	0.0036860	8.76471e-04	0.0012503	6.40781e-05	1.77080e-05	9.12721e-05	2.17031e-05	(lhood=-1.80723e+05)

Current search range : [  1.00000e+02  ;  1.00000e+05  ]
Brent minimization result: N_D = 1.01917e+03 (lhood = -1.80718e+05)

Current parameters:
83291	1421	5142	1019	4195	2941	3.6771756	0.0910541	278	4.41483e-05	0.0025878	7.15130e-04	0.0036080	8.76471e-04	1.09320e-06	6.40781e-05	1.77080e-05	8.93413e-05	0.0025878	7.15130e-04	0.0036080	8.76471e-04	0.0012503	6.40781e-05	1.77080e-05	8.93413e-05	2.17031e-05	(lhood=-1.80718e+05)

Current search range : [  1.00000e+02  ;  1.00000e+05  ]
Brent minimization result: N_E = 4.14178e+03 (lhood = -1.80723e+05)

Current parameters:
83291	1421	5142	1019	4142	2941	3.6771756	0.0910541	278	4.41483e-05	0.0025878	7.15130e-04	0.0036080	8.87824e-04	1.09320e-06	6.40781e-05	1.77080e-05	8.93413e-05	0.0025878	7.15130e-04	0.0036080	8.87824e-04	0.0012503	6.40781e-05	1.77080e-05	8.93413e-05	2.19843e-05	(lhood=-1.80723e+05)

Current search range : [  1.00000e+02  ;  1.00000e+05  ]
Brent minimization result: N_F = 2.83268e+03 (lhood = -1.80714e+05)

Current parameters:
83291	1421	5142	1019	4142	2833	3.6771756	0.0910541	278	4.41483e-05	0.0025878	7.15130e-04	0.0036080	8.87824e-04	1.09320e-06	6.40781e-05	1.77080e-05	8.93413e-05	0.0025878	7.15130e-04	0.0036080	8.87824e-04	0.0012981	6.40781e-05	1.77080e-05	8.93413e-05	2.19843e-05	(lhood=-1.80714e+05)

Current search range : [  1.00000e-02  ;  2.00000e+01  ]
Brent minimization result: NMIG_1POP = 3.30146e+00 (lhood = -1.80715e+05)

Current parameters:
83291	1421	5142	1019	4142	2833	3.3014576	0.0910541	278	3.96374e-05	0.0023234	6.42061e-04	0.0032394	7.97110e-04	1.09320e-06	6.40781e-05	1.77080e-05	8.93413e-05	0.0023234	6.42061e-04	0.0032394	7.97110e-04	0.0011655	6.40781e-05	1.77080e-05	8.93413e-05	2.19843e-05	(lhood=-1.80715e+05)

Current search range : [  1.00000e-03  ;  2.00000e+00  ]
Brent minimization result: NMIG_2POP = 3.19326e-03 (lhood = -1.80717e+05)

Current parameters:
83291	1421	5142	1019	4142	2833	3.3014576	0.0031933	278	3.96374e-05	0.0023234	6.42061e-04	0.0032394	7.97110e-04	3.83384e-08	2.24721e-06	6.21019e-07	3.13319e-06	0.0023234	6.42061e-04	0.0032394	7.97110e-04	0.0011655	2.24721e-06	6.21019e-07	3.13319e-06	7.70986e-07	(lhood=-1.80717e+05)

Current search range : [  1.00000e+01  ;  3.41109e+02  ]
Brent minimization result: TDIV = 2.65984e+02 (lhood = -1.80711e+05)

Current parameters:
83291	1421	5142	1019	4142	2833	3.3014576	0.0031933	266	3.96374e-05	0.0023234	6.42061e-04	0.0032394	7.97110e-04	3.83384e-08	2.24721e-06	6.21019e-07	3.13319e-06	0.0023234	6.42061e-04	0.0032394	7.97110e-04	0.0011655	2.24721e-06	6.21019e-07	3.13319e-06	7.70986e-07	(lhood=-1.80711e+05)

Iter 25	Curr best params:	86011	1232	4132	855	3904	2597	3.6395306	0.0024593	229	4.23145e-05	0.0029535	8.80771e-04	0.0042563	9.32166e-04	2.85926e-08	1.99575e-06	5.95152e-07	2.87608e-06	0.0029535	8.80771e-04	0.0042563	9.32166e-04	0.0014016	1.99575e-06	5.95152e-07	2.87608e-06	6.29881e-07	lhood=-1.80666e+05

Program total execution time: 147865.503 seconds

Finish: 2025-11-09T15:37:12+00:00
