Sample_Name,index,label,MaternalLine,FlowerHead,Id,Country,State,County,Latitude,Longitude,Google_latitude,Google_longitude,Locality,Location Details,PlantingDate,FirstLeafDate,TransplantDate,flwrBud_19844,flwrBud_19851,latBuds_19844,leafLong_19844,leafLong_19851,leafLong_19858,leafWide_19844,leafWide_19851,leafWide_19858,notes_19851,notes_19865,notes_19872,notes_19879,notes_19886,notes_19893,notes_19900,notes_19907,notes_19915,notes_19929,notes_19935,notes_19942,notes_19949,notes_19957,notes_19964,notes_19970,notes_19978,notes_19991,numDeadF_19898,numDeadF_19900,numDeadF_19902,numDeadF_19905,numDeadF_19907,numDeadF_19912,numDeadF_19915,numDeadF_19919,numDeadF_19922,numDeadF_19926,numDeadF_19929,numDeadF_19935,numDeadF_19942,numDeadF_19949,numDeadF_19957,numDeadF_19964,numDeadF_19970,numDeadF_19978,numDeadF_19991,numDiscF_19853,numDiscF_19856,numDiscF_19858,numDiscF_19860,numDiscF_19863,numDiscF_19865,numDiscF_19867,numDiscF_19870,numDiscF_19872,numDiscF_19874,numDiscF_19877,numDiscF_19879,numDiscF_19881,numDiscF_19884,numDiscF_19886,numDiscF_19888,numDiscF_19891,numDiscF_19893,numDiscF_19895,numDiscF_19898,numDiscF_19900,numDiscF_19902,numDiscF_19905,numDiscF_19907,numDiscF_19912,numDiscF_19915,numDiscF_19919,numDiscF_19922,numDiscF_19926,numDiscF_19929,numDiscF_19935,numDiscF_19942,numDiscF_19949,numDiscF_19957,numDiscF_19964,numDiscF_19970,numDiscF_19978,numDiscF_19991,numFlwrB_19853,numFlwrB_19856,numFlwrB_19858,numFlwrB_19860,numFlwrB_19863,numFlwrB_19865,numFlwrB_19867,numFlwrB_19870,numFlwrB_19872,numFlwrB_19874,numFlwrB_19877,numFlwrB_19879,numFlwrB_19881,numFlwrB_19884,numFlwrB_19886,numFlwrB_19888,numFlwrB_19891,numFlwrB_19893,numFlwrB_19895,numFlwrB_19898,numFlwrB_19900,numFlwrB_19902,numFlwrB_19905,numFlwrB_19907,numFlwrB_19912,numFlwrB_19915,numFlwrB_19919,numFlwrB_19922,numFlwrBud_19844,numLSt_19865,numLSt_19872,numLSt_19879,numLSt_19886,numLSt_19893,numLSt_19900,numLSt_19907,numLSt_19915,numLSt_19929,numLvs_19844,numLvs_19851,numLvs_19858,numRayF_19853,numRayF_19856,numRayF_19858,numRayF_19860,numRayF_19863,numRayF_19865,numRayF_19867,numRayF_19870,numRayF_19872,numRayF_19874,numRayF_19877,numRayF_19879,numRayF_19881,numRayF_19884,numRayF_19886,numRayF_19888,numRayF_19891,numRayF_19893,numRayF_19895,numRayF_19898,numRayF_19900,numRayF_19902,numRayF_19905,numRayF_19907,numRayF_19912,numRayF_19915,numRayF_19919,numRayF_19922,numRayF_19926,numRayF_19929,numRayF_19935,numRayF_19942,numRayF_19949,numRayF_19957,numRayF_19964,numRayF_19970,numRayF_19978,numRayF_19991,numRos_19844,numRos_19851,numRos_19858,numRos_19865,numRos_19872,numRos_19879,numRos_19886,numRos_19893,numRos_19900,numRos_19907,numRos_19915,numRos_19929,numRos_19942,numStem_19844,numStem_19851,numStem_19858,numStem_19865,numStem_19872,numStem_19879,numStem_19886,numStem_19893,numStem_19900,numStem_19907,numStem_19915,numStem_19929,numStem_19942,numStem_19957,numStem_19970,numStem_19991,planting_NA,Pot_NA,stemLength_19844,stemLength_19851,stemLength_19858,stemLength_19865,stemLength_19872,stemLength_19879,stemLength_19886,stemLength_19893,stemLength_19900,stemLength_19907,stemLength_19915,stemLength_19929,stemLength_19942,stemLength_19957,stemLength_19970,stemLength_19991,Surv_19844,Surv_19851,Surv_19865,Surv_19872,Surv_19879,Surv_19886,Surv_19893,Surv_19900,Surv_19907,Surv_19915,Surv_19929,Surv_19935,Surv_19942,Surv_19949,Surv_19957,Surv_19964,Surv_19970,Surv_19978,Surv_19991,Taxon,Area,Bed,Position/Spot,Inventory Date,Status,Plant Count,Planting Material Type,Source,Provenance,Property,Ipen,Restriction,Date received,Quantity received,Collector,Collection Num,Collection Date,Sampling method,EO ID,EO number,Property ownership,Notes on Habitat and soil,Mother Plant/Maternal Pop,Family,Seed/Lot #,Index Seminum Year
Boltonia_001,1,3-4-4,2011-2599-1,2,1180002,United States,Illinois,Saint Clair,38.6494444,-90.1161111,38.651507278988504, -90.10298738781107,NA,"Fairmont City, Maternal lines = 28, Seedheads = 28; 2 packets",2/29/24,3/7/24,4/12/24,NA,NA,0,10.4,13.2,17.5,1.7,2,2.1,NA,NA,NA,NA,NA,NA,NA,NA,NA,NA,NA,NA,NA,NA,NA,NA,NA,NA,NA,NA,NA,NA,NA,NA,NA,NA,NA,NA,NA,NA,NA,NA,NA,NA,NA,NA,NA,NA,NA,NA,NA,NA,NA,NA,NA,NA,NA,NA,NA,NA,NA,NA,NA,NA,NA,NA,NA,NA,NA,NA,NA,NA,NA,NA,NA,NA,NA,NA,NA,NA,NA,NA,NA,NA,NA,NA,NA,NA,NA,NA,NA,NA,NA,NA,NA,NA,NA,NA,NA,NA,NA,NA,NA,NA,NA,NA,NA,NA,NA,NA,NA,NA,NA,NA,0,0,NA,NA,NA,NA,NA,NA,NA,13,16,19,NA,NA,NA,NA,NA,NA,NA,NA,NA,NA,NA,NA,NA,NA,NA,NA,NA,NA,NA,NA,NA,NA,NA,NA,NA,NA,NA,NA,NA,NA,NA,NA,NA,NA,NA,NA,NA,NA,1,1,1,1,1,1,1,1,1,1,1,2,3,0,0,0,0,0,0,0,0,0,0,0,0,0,0,0,0,1997-5060-3,1,NA,NA,NA,NA,NA,NA,NA,NA,NA,NA,NA,NA,NA,NA,NA,NA,Y,Y,Y,Y,Y,Y,Y,Y,Y,Y,Y,Y,Y,Y,Y,Y,Y,Y,Y,Boltonia decurrens,MBG Seed Bank,CCSD Seed Bank Freezer,NA,2023-12-01T00:00:00Z,Dormant,2632,Seed,Missouri Botanical Garden,Wild,Shaw Nature Reserve,NA,Project specific use only,2011-12-01T00:00:00Z,28,Smith,s.n.,05 Dec 1997,NA,NA,NA,NA,Open bottomland/floodplain,NA,Asteraceae,NA,NA
Boltonia_002,2,3-4-3,2011-2599-1,2,1180002,United States,Illinois,Saint Clair,38.6494444,-90.1161111,38.651507278988504, -90.10298738781107,NA,"Fairmont City, Maternal lines = 28, Seedheads = 28; 2 packets",2/29/24,3/6/24,4/12/24,NA,0,0,9.4,14.9,18,1.9,1.9,2.2,NA,NA,NA,NA,NA,NA,NA,NA,NA,NA,NA,NA,NA,NA,NA,NA,NA,NA,NA,NA,NA,NA,NA,NA,NA,NA,NA,NA,NA,NA,NA,NA,NA,NA,NA,NA,NA,NA,NA,0,NA,NA,NA,NA,NA,NA,NA,NA,NA,NA,NA,NA,NA,NA,NA,NA,NA,NA,NA,NA,NA,NA,NA,NA,NA,NA,NA,NA,NA,NA,NA,NA,NA,NA,NA,NA,NA,0,NA,NA,NA,NA,NA,NA,NA,NA,NA,NA,NA,NA,NA,NA,NA,NA,NA,NA,NA,NA,NA,NA,NA,NA,NA,NA,0,0,NA,NA,NA,NA,NA,NA,NA,12,19,23,NA,NA,0,NA,NA,NA,NA,NA,NA,NA,NA,NA,NA,NA,NA,NA,NA,NA,NA,NA,NA,NA,NA,NA,NA,NA,NA,NA,NA,NA,NA,NA,NA,NA,NA,NA,NA,NA,1,0,0,1,1,1,1,1,1,1,1,1,2,0,1,1,0,0,0,0,0,0,0,0,0,0,0,0,0,1997-5060-2,2,NA,1.7,1.2,NA,NA,NA,NA,NA,NA,NA,NA,NA,NA,NA,NA,NA,Y,Y,Y,Y,Y,Y,Y,Y,Y,Y,Y,Y,Y,Y,Y,Y,Y,Y,Y,Boltonia decurrens,MBG Seed Bank,CCSD Seed Bank Freezer,NA,2023-12-01T00:00:00Z,Dormant,2632,Seed,Missouri Botanical Garden,Wild,Shaw Nature Reserve,NA,Project specific use only,2011-12-01T00:00:00Z,28,Smith,s.n.,05 Dec 1997,NA,NA,NA,NA,Open bottomland/floodplain,NA,Asteraceae,NA,NA
Boltonia_003,3,6-1-12,2011-2613-1,6A,1180016,United States,Illinois,Fulton,40.2047222,-90.1994444,40.20813714639404, -90.18724497777134,NA,"Anderson Lake, Maternal lines = 30, Seedheads = 61; 2 packets",2/29/24,3/7/24,4/12/24,N,Y,4,15.5,16.7,16.9,2.5,2.7,2.6,NA,NA,NA,NA,6 of 14 discs senesced,12 of 19 discs senesced,NA,NA,NA,NA,NA,NA,NA,NA,NA,NA,NA,NA,9,5,2,6,7,8,11,16,17,14,17,25,27,29,32,46,53,57,58,NA,0,0,0,0,0,0,2,3,4,6,7,10,11,14,16,17,19,20,12,18,23,19,22,22,21,24,21,28,27,29,37,39,44,53,69,66,71,NA,3,5,5,8,9,8,11,13,4,1,5,7,5,9,11,9,8,11,22,24,30,31,26,27,28,30,18,0,6,6,5,5,5,6,7,7,9,14,24,28,NA,0,0,0,2,3,4,4,3,8,9,11,6,8,5,3,5,5,7,7,4,5,4,3,6,12,5,10,8,8,6,5,11,19,24,21,13,0,0,0,0,0,0,0,0,0,1,2,1,2,2,1,1,1,1,1,1,1,1,1,1,1,1,1,1,1,1,2000-5005-2,3,9.4,22.8,39.1,50,50,52.5,53.5,50.4,50,50.4,51.6,50.2,51.4,51.1,51.1,51.1,Y,Y,Y,Y,Y,Y,Y,Y,Y,Y,Y,Y,Y,Y,Y,Y,Y,Y,Y,Boltonia decurrens,MBG Seed Bank,CCSD Seed Bank Freezer,NA,2023-12-01T00:00:00Z,Dormant,5913,Seed,Missouri Botanical Garden,Wild,Shaw Nature Reserve,NA,Project specific use only,2011-12-01T00:00:00Z,61,Smith,s.n.,01 Oct 2000,NA,NA,NA,NA,Open bottomland/floodplain,NA,Asteraceae,NA,NA
Boltonia_004,4,4-6-12,2011-2659-1,12B,1180062,United States,Illinois,Frederick,40.07116308939078,-90.42957195888599,40.07116308939078, -90.42957195888599,NA,"Frederick Landing, Maternal lines = 15, Seedheads = 44; 2 packets",2/29/24,3/6/24,4/12/24,N,0,0,13.1,17.6,20.2,1.6,1.7,1.8,NA,NA,NA,NA,NA,NA,NA,NA,NA,NA,NA,NA,NA,NA,NA,NA,NA,NA,0,0,0,0,0,0,0,0,1,1,3,4,4,4,7,7,7,10,17,NA,0,0,0,0,0,0,0,0,0,0,0,0,0,0,1,1,1,3,4,4,4,4,4,4,4,5,4,6,6,6,9,9,14,24,42,73,106,NA,0,0,0,0,0,0,2,2,2,3,3,3,3,2,2,1,0,0,1,2,4,4,5,5,4,4,3,0,0,0,1,3,3,8,10,9,11,10,13,12,NA,0,0,0,0,0,0,0,0,0,0,1,1,1,2,1,2,3,1,0,0,0,0,0,0,3,2,4,2,1,0,5,6,17,42,25,6,10,0,0,0,0,0,0,0,0,1,0,0,0,0,1,1,1,1,1,1,1,1,1,1,1,1,1,1,1,1,2011-5010-3,4,1.4,10.2,21.2,35,49.6,64.3,65.6,62.1,61.5,65.2,64.9,65.3,66.2,64.2,64.2,64.2,Y,Y,Y,Y,Y,Y,Y,Y,Y,Y,Y,Y,Y,Y,Y,Y,Y,Y,Y,Boltonia decurrens,MBG Seed Bank,CCSD Seed Bank Freezer,NA,2023-12-01T00:00:00Z,Dormant,4101,Seed,Missouri Botanical Garden,Wild,Shaw Nature Reserve,US-1-MO-2011-2659,Project specific use only,2011-12-01T00:00:00Z,44,Smith,s.n.,01 Dec 2011,NA,NA,NA,NA,Open bottomland/floodplain,NA,Asteraceae,NA,NA
Boltonia_005,5,5-2-8,2011-2613-1,8A,1180016,United States,Illinois,Fulton,40.2047222,-90.1994444,40.20813714639404, -90.18724497777134,NA,"Anderson Lake, Maternal lines = 30, Seedheads = 61; 2 packets",2/29/24,3/7/24,4/12/24,N,0,2,15.7,24.9,25.5,1.9,2.5,2.6,NA,NA,NA,NA,NA,NA,NA,NA,NA,NA,NA,NA,NA,NA,NA,NA,NA,NA,NA,NA,NA,NA,NA,NA,NA,NA,NA,NA,NA,NA,NA,NA,NA,NA,NA,NA,NA,NA,NA,NA,NA,NA,0,NA,NA,NA,NA,NA,NA,NA,NA,NA,NA,0,NA,NA,NA,NA,NA,NA,NA,NA,NA,NA,NA,NA,NA,NA,NA,NA,NA,NA,NA,NA,NA,NA,NA,NA,NA,NA,0,NA,NA,NA,NA,NA,NA,NA,NA,NA,NA,0,NA,NA,NA,NA,NA,NA,NA,NA,NA,NA,NA,0,0,0,NA,NA,NA,NA,NA,NA,NA,14,22,25,NA,NA,NA,NA,NA,0,NA,NA,NA,NA,NA,NA,NA,NA,NA,NA,0,NA,NA,NA,NA,NA,NA,NA,NA,NA,NA,NA,NA,NA,NA,NA,NA,NA,NA,NA,NA,NA,0,2,3,2,3,2,2,2,1,1,3,3,3,1,1,0,1,0,0,0,0,0,0,0,0,0,0,0,0,2000-5007-2,5,1.2,1.8,NA,0.8,NA,NA,NA,NA,NA,NA,NA,NA,NA,NA,NA,NA,Y,Y,Y,Y,Y,Y,Y,Y,Y,Y,Y,Y,Y,Y,Y,Y,Y,Y,Y,Boltonia decurrens,MBG Seed Bank,CCSD Seed Bank Freezer,NA,2023-12-01T00:00:00Z,Dormant,5913,Seed,Missouri Botanical Garden,Wild,Shaw Nature Reserve,NA,Project specific use only,2011-12-01T00:00:00Z,61,Smith,s.n.,01 Oct 2000,NA,NA,NA,NA,Open bottomland/floodplain,NA,Asteraceae,NA,NA
Boltonia_006,6,1-6-5,2011-2664-1,14,1180067,United States,Illinois,Fulton,40.2047222,-90.1994444,40.207444479612775, -90.1871999885973,NA,"Anderson Lake, Maternal lines = 31, Seedheads = 31",2/29/24,3/12/24,4/12/24,NA,NA,2,10.1,14,21.5,1.5,1.8,2.1,NA,NA,NA,NA,NA,NA,NA,NA,NA,NA,NA,NA,NA,NA,NA,NA,NA,NA,NA,NA,NA,NA,NA,0,0,0,0,0,0,0,0,0,0,0,0,0,2,NA,NA,NA,NA,NA,NA,NA,NA,NA,NA,NA,NA,NA,NA,NA,NA,NA,NA,NA,NA,NA,NA,NA,NA,0,0,0,0,0,0,0,0,0,0,1,16,54,84,NA,NA,NA,NA,NA,NA,NA,NA,NA,NA,NA,NA,NA,NA,NA,NA,NA,NA,NA,NA,NA,NA,NA,NA,0,0,0,0,NA,0,0,NA,NA,NA,NA,NA,0,0,13,15,19,NA,NA,NA,NA,NA,NA,NA,NA,NA,NA,NA,NA,NA,NA,NA,NA,NA,NA,NA,NA,NA,NA,NA,NA,0,0,0,0,0,0,0,0,0,1,24,27,10,13,1,1,1,1,1,1,1,1,1,1,0,1,1,0,0,0,0,0,0,0,0,0,0,1,1,1,1,1,1,1997-5416-3,6,NA,NA,NA,NA,NA,NA,NA,NA,NA,NA,23,63.4,92.1,122.3,123.2,126.4,Y,Y,Y,Y,Y,Y,Y,Y,Y,Y,Y,Y,Y,Y,Y,Y,Y,Y,Y,Boltonia decurrens,MBG Seed Bank,CCSD Seed Bank Freezer,NA,2023-12-01T00:00:00Z,Dormant,2875,Seed,Missouri Botanical Garden,Wild,Shaw Nature Reserve,NA,Project specific use only,2011-12-01T00:00:00Z,31,Smith,s.n.,21 Nov 1997,NA,NA,NA,NA,Open bottomland/floodplain,NA,Asteraceae,NA,NA
Boltonia_007,7,2-1-1,2011-2661-1,7B,1180064,United States,Illinois,Tazewell,40.69584983597212,-89.54394792156027,40.69584983597212, -89.54394792156027,NA,"Cooper park South, Maternal lines = 43, Seedheads = 73; 4 packets",2/29/24,3/9/24,4/12/24,NA,NA,1,11.6,16.8,25.8,2,1.9,2.9,NA,NA,NA,NA,NA,NA,NA,NA,NA,Tip of apical meristem is damaged/dead,NA,NA,NA,NA,NA,NA,NA,NA,0,0,0,0,0,0,0,0,0,0,0,0,0,0,0,0,0,0,11,NA,NA,0,0,NA,0,0,0,0,0,0,0,0,0,0,0,0,0,0,0,0,0,0,0,0,0,0,0,0,0,0,0,4,31,73,108,130,147,NA,NA,0,0,NA,0,0,0,0,0,0,0,0,0,0,0,0,0,0,1,1,1,1,1,1,2,2,2,NA,0,0,0,0,2,7,6,9,7,10,14,17,NA,NA,0,0,NA,0,0,0,0,0,0,0,0,0,0,0,0,0,0,0,0,0,0,0,0,0,0,0,0,0,0,11,36,54,28,14,13,0,1,2,0,3,1,2,1,1,3,2,1,1,1,0,0,1,1,2,1,2,2,2,2,2,2,2,2,2,2,2000-5131-2,7,NA,NA,2.4,10.2,26.5,50.6,56.2,51.3,73,80.4,86.8,75.6,78.1,76.5,76.4,76.5,Y,Y,Y,Y,Y,Y,Y,Y,Y,Y,Y,Y,Y,Y,Y,Y,Y,Y,Y,Boltonia decurrens,MBG Seed Bank,CCSD Seed Bank Freezer,NA,2023-12-01T00:00:00Z,Dormant,6976,Seed,Missouri Botanical Garden,Wild,Shaw Nature Reserve,NA,Project specific use only,2011-12-01T00:00:00Z,73,Smith,s.n.,01 Oct 2000,NA,NA,NA,NA,Open bottomland/floodplain,NA,Asteraceae,NA,NA
Boltonia_008,8,3-3-1,2011-2635-1,28,1180038,United States,Illinois,Alton,38.86501904919102,-90.22302347588696,38.86501904919102, -90.22302347588696,NA,"West Alton, Maternal lines = 32, Seedheads = 32; 2 packets",2/29/24,3/6/24,4/12/24,NA,NA,0,10.1,13.5,17.9,1.7,1.7,2,NA,NA,NA,NA,NA,NA,NA,NA,NA,NA,NA,NA,NA,NA,NA,NA,NA,NA,NA,NA,NA,NA,NA,NA,NA,NA,NA,NA,NA,NA,NA,NA,NA,NA,NA,NA,NA,NA,NA,NA,NA,NA,NA,NA,NA,NA,NA,NA,NA,NA,NA,NA,NA,NA,NA,NA,NA,NA,NA,NA,NA,NA,NA,NA,NA,NA,NA,NA,NA,NA,NA,NA,NA,NA,NA,NA,NA,NA,NA,NA,NA,NA,NA,NA,NA,NA,NA,NA,NA,NA,NA,NA,NA,NA,NA,NA,NA,NA,NA,NA,NA,NA,NA,NA,0,0,NA,NA,NA,NA,NA,NA,NA,12,13,16,NA,NA,NA,NA,NA,NA,NA,NA,NA,NA,NA,NA,NA,NA,NA,NA,NA,NA,NA,NA,NA,NA,NA,NA,NA,NA,NA,NA,NA,NA,NA,NA,NA,NA,NA,NA,NA,NA,1,1,1,1,1,1,1,1,1,1,1,2,3,0,0,0,0,0,0,0,0,0,0,0,0,0,0,0,0,1999-5232-4,8,NA,NA,NA,NA,NA,NA,NA,NA,NA,NA,NA,NA,NA,NA,NA,NA,Y,Y,Y,Y,Y,Y,Y,Y,Y,Y,Y,Y,Y,Y,Y,Y,Y,Y,Y,Boltonia decurrens,MBG Seed Bank,CCSD Seed Bank Freezer,NA,2023-12-01T00:00:00Z,Dormant,2831,Seed,Missouri Botanical Garden,Wild,Shaw Nature Reserve,NA,Project specific use only,2011-12-01T00:00:00Z,32,Smith,s.n.,07 Nov 1999,NA,NA,NA,NA,Open bottomland/floodplain,NA,Asteraceae,NA,NA
Boltonia_009,9,8-6-1,2011-2598-1,L1B,1180001,United States,Illinois,Jersey,38.961398423802066,-90.51481032460987,38.961398423802066, -90.51481032460987,NA,"Gilbert Lake, Maternal lines = 32, Seedheads = 98; 6 packets",2/29/24,3/7/24,4/12/24,NA,0,0,10,16.9,22.6,1.9,2.4,2.3,NA,NA,NA,NA,NA,NA,NA,NA,NA,NA,NA,NA,NA,NA,NA,NA,NA,NA,NA,NA,NA,NA,NA,NA,NA,NA,NA,NA,NA,NA,NA,NA,NA,NA,NA,NA,NA,NA,NA,NA,NA,NA,NA,NA,NA,NA,NA,NA,NA,NA,NA,NA,NA,NA,NA,NA,NA,NA,NA,NA,NA,NA,NA,NA,NA,NA,NA,NA,NA,NA,NA,NA,NA,NA,NA,NA,NA,NA,NA,NA,NA,NA,NA,NA,NA,NA,NA,NA,NA,NA,NA,NA,NA,NA,NA,NA,NA,NA,NA,NA,NA,NA,NA,NA,0,0,NA,NA,NA,NA,NA,NA,NA,11,12,16,NA,NA,NA,NA,NA,NA,NA,NA,NA,NA,NA,NA,NA,NA,NA,NA,NA,NA,NA,NA,NA,NA,NA,NA,NA,NA,NA,NA,NA,NA,NA,NA,NA,NA,NA,NA,NA,NA,1,0,1,1,1,1,1,1,1,1,1,1,1,0,1,0,0,0,0,0,0,0,0,0,0,0,0,0,0,1997-5091-2,9,NA,0.8,NA,NA,NA,NA,NA,NA,NA,NA,NA,NA,NA,NA,NA,NA,Y,Y,Y,Y,Y,Y,Y,Y,Y,Y,Y,Y,Y,Y,Y,Y,Y,Y,Y,Boltonia decurrens,MBG Seed Bank,CCSD Seed Bank Freezer,NA,2023-12-01T00:00:00Z,Dormant,9628,Seed,Missouri Botanical Garden,Wild,Shaw Nature Reserve,NA,Project specific use only,2011-12-01T00:00:00Z,98,Smith,s.n.,08 Nov 1997,NA,NA,NA,NA,Open bottomland/floodplain,NA,Asteraceae,NA,NA
Boltonia_010,10,6-4-5,2011-2636-1,5,1180039,United States,Illinois,Cass,40.010555600000004,-90.4458333,40.0178975293398, -90.42445029519197,NA,"Beardstown, Maternal lines = 52, Seedheads = 53; 3 packets",2/29/24,3/7/24,4/12/24,NA,NA,0,10.2,15.1,16.5,1.9,2,2.1,NA,NA,NA,NA,NA,NA,NA,NA,NA,NA,NA,NA,NA,NA,NA,NA,NA,NA,NA,NA,NA,NA,NA,NA,NA,NA,NA,NA,NA,NA,NA,NA,NA,NA,NA,NA,NA,NA,NA,NA,NA,NA,NA,NA,NA,NA,NA,NA,NA,NA,NA,NA,NA,NA,NA,NA,NA,NA,NA,NA,NA,NA,NA,NA,NA,NA,NA,NA,NA,NA,NA,NA,NA,NA,NA,NA,NA,NA,NA,NA,NA,NA,NA,NA,NA,NA,NA,NA,NA,NA,NA,NA,NA,NA,NA,NA,NA,NA,NA,NA,NA,NA,NA,NA,0,0,NA,NA,NA,NA,NA,NA,NA,11,12,16,NA,NA,NA,NA,NA,NA,NA,NA,NA,NA,NA,NA,NA,NA,NA,NA,NA,NA,NA,NA,NA,NA,NA,NA,NA,NA,NA,NA,NA,NA,NA,NA,NA,NA,NA,NA,NA,NA,1,1,1,1,1,1,1,1,1,1,1,1,4,0,0,0,0,0,0,0,0,0,0,0,0,0,0,0,0,1997-5324-4,10,NA,NA,NA,NA,NA,NA,NA,NA,NA,NA,NA,NA,NA,NA,NA,NA,Y,Y,Y,Y,Y,Y,Y,Y,Y,Y,Y,Y,Y,Y,Y,Y,Y,Y,Y,Boltonia decurrens,MBG Seed Bank,CCSD Seed Bank Freezer,NA,2023-12-01T00:00:00Z,Dormant,5079,Seed,Missouri Botanical Garden,Wild,Shaw Nature Reserve,NA,Project specific use only,2011-12-01T00:00:00Z,53,Smith,s.n.,21 Nov 1997,NA,NA,NA,NA,Open bottomland/floodplain,NA,Asteraceae,NA,NA
Boltonia_011,11,6-5-7,2011-2623-1,7A,1180026,United States,Illinois,Hennepin,41.34414603458205,-89.55849691836283,41.34414603458205, -89.55849691836283,NA,"Hennepin Bridge, Maternal lines = 30, Seedheads = 90; 6 packets",2/29/24,3/14/24,4/12/24,NA,NA,0,10.6,20.1,22.9,1.6,1.6,1.5,NA,NA,NA,NA,NA,NA,NA,NA,NA,NA,NA,NA,NA,NA,NA,NA,NA,NA,NA,NA,NA,NA,NA,NA,NA,NA,NA,NA,NA,NA,NA,NA,NA,NA,NA,NA,NA,NA,NA,NA,NA,NA,NA,NA,NA,NA,NA,NA,NA,NA,NA,NA,NA,NA,NA,NA,NA,NA,NA,NA,NA,NA,NA,NA,NA,NA,NA,NA,NA,NA,NA,NA,NA,NA,NA,NA,NA,NA,NA,NA,NA,NA,NA,NA,NA,NA,NA,NA,NA,NA,NA,NA,NA,NA,NA,NA,NA,NA,NA,NA,NA,NA,NA,NA,0,0,NA,NA,NA,NA,NA,NA,NA,12,14,18,NA,NA,NA,NA,NA,NA,NA,NA,NA,NA,NA,NA,NA,NA,NA,NA,NA,NA,NA,NA,NA,NA,NA,NA,NA,NA,NA,NA,NA,NA,NA,NA,NA,NA,NA,NA,NA,NA,1,1,1,1,1,1,1,1,1,1,1,1,1,0,0,0,0,0,0,0,0,0,0,0,0,0,0,0,0,1999-5125-2,11,NA,NA,NA,NA,NA,NA,NA,NA,NA,NA,NA,NA,NA,NA,NA,NA,Y,Y,Y,Y,Y,Y,Y,Y,Y,Y,Y,Y,Y,Y,Y,Y,Y,Y,Y,Boltonia decurrens,MBG Seed Bank,CCSD Seed Bank Freezer,NA,2023-12-01T00:00:00Z,Dormant,2883,Seed,Missouri Botanical Garden,Wild,Shaw Nature Reserve,NA,Project specific use only,2011-12-01T00:00:00Z,90,Smith,s.n.,11 Nov 1999,NA,NA,NA,NA,Open bottomland/floodplain,NA,Asteraceae,NA,NA
Boltonia_012,12,2-6-8,2011-2598-1,L13B,1180001,United States,Illinois,Jersey,38.961398423802066,-90.51481032460987,38.961398423802066, -90.51481032460987,NA,"Gilbert Lake, Maternal lines = 32, Seedheads = 98; 6 packets",2/29/24,3/10/24,4/12/24,NA,0,2,15.7,23.8,31.2,1.5,1.8,2,NA,NA,NA,NA,NA,Many lower leaves dead,NA,NA,NA,NA,NA,NA,NA,NA,NA,NA,NA,NA,0,0,0,0,0,0,0,0,0,0,0,0,0,0,0,0,0,1,12,NA,NA,0,0,0,0,0,0,0,0,0,0,0,0,0,0,0,0,0,0,0,0,0,0,0,0,0,0,0,0,0,1,4,17,34,68,121,123,NA,NA,0,0,0,0,0,0,0,0,0,0,0,0,0,0,0,0,0,0,0,0,0,0,0,0,0,0,NA,0,0,0,0,0,0,0,0,0,11,17,18,NA,NA,0,0,0,0,0,0,0,0,0,0,0,0,0,0,0,0,0,0,0,0,0,0,0,0,0,0,0,0,0,7,12,26,44,48,11,29,1,2,0,0,0,0,0,0,1,0,0,0,0,0,1,1,1,1,1,1,1,1,1,1,1,1,1,1,1,1997-5114-3,12,NA,1.7,2.6,8.8,22.5,49.2,63.1,58.4,84,96.5,115.6,146.1,152.3,151.6,152,152,Y,Y,Y,Y,Y,Y,Y,Y,Y,Y,Y,Y,Y,Y,Y,Y,Y,Y,Y,Boltonia decurrens,MBG Seed Bank,CCSD Seed Bank Freezer,NA,2023-12-01T00:00:00Z,Dormant,9628,Seed,Missouri Botanical Garden,Wild,Shaw Nature Reserve,NA,Project specific use only,2011-12-01T00:00:00Z,98,Smith,s.n.,08 Nov 1997,NA,NA,NA,NA,Open bottomland/floodplain,NA,Asteraceae,NA,NA
Boltonia_013,13,5-6-5,2011-2629-1,28C,1180032,United States,Illinois,Marshal,41.045,-89.4311111,41.02868892611459, -89.43846248262098,NA,"Sparland, Maternal lines = 30, Seedheads = 90; 3 packets",2/29/24,3/7/24,4/12/24,NA,0,0,11.6,20.4,20.6,2.1,2.7,2.5,NA,NA,NA,NA,NA,NA,NA,Stem just beginning to form,NA,Abnormal stem,NA,NA,NA,NA,NA,NA,NA,NA,NA,NA,0,0,0,0,NA,0,0,0,0,0,0,0,0,0,0,0,4,NA,NA,0,NA,NA,NA,NA,NA,NA,NA,NA,NA,NA,NA,NA,NA,NA,NA,NA,NA,NA,0,0,0,0,NA,0,0,0,0,0,0,0,0,1,14,35,39,NA,NA,0,NA,NA,NA,NA,NA,NA,NA,NA,NA,NA,NA,NA,NA,NA,NA,NA,NA,NA,0,0,0,0,NA,0,0,NA,0,0,NA,NA,NA,NA,0,NA,0,10,13,16,NA,NA,0,NA,NA,NA,NA,NA,NA,NA,NA,NA,NA,NA,NA,NA,NA,NA,NA,NA,NA,0,0,0,0,NA,0,0,0,0,0,0,0,4,22,16,8,3,1,0,0,1,1,1,1,1,1,1,1,1,1,0,1,1,0,0,0,0,0,0,1,0,1,1,1,1,1,1999-5177-4,13,NA,0.9,1,NA,NA,NA,NA,NA,NA,NA,NA,42,65.5,88.9,87.6,88.4,Y,Y,Y,Y,Y,Y,Y,Y,Y,Y,Y,Y,Y,Y,Y,Y,Y,Y,Y,Boltonia decurrens,MBG Seed Bank,CCSD Seed Bank Freezer,NA,2023-12-01T00:00:00Z,Dormant,8786,Seed,Missouri Botanical Garden,Wild,Shaw Nature Reserve,NA,Project specific use only,2011-12-01T00:00:00Z,90,Smith,s.n.,11 Nov 1999,NA,NA,NA,NA,Open bottomland/floodplain,NA,Asteraceae,NA,NA
Boltonia_014,14,10-6-5,2011-2613-1,14B,1180016,United States,Illinois,Fulton,40.2047222,-90.1994444,40.20813714639404, -90.18724497777134,NA,"Anderson Lake, Maternal lines = 30, Seedheads = 61; 2 packets",3/1/24,3/10/24,4/12/24,NA,NA,0,11.1,15.4,20.2,1.6,1.5,1.5,NA,NA,NA,NA,NA,NA,NA,NA,NA,NA,NA,NA,NA,NA,NA,NA,NA,NA,NA,NA,NA,NA,NA,NA,NA,NA,NA,NA,NA,NA,NA,NA,NA,NA,NA,NA,NA,NA,NA,NA,NA,NA,NA,NA,NA,NA,NA,NA,NA,NA,NA,NA,NA,NA,NA,NA,NA,NA,NA,NA,NA,NA,NA,NA,NA,NA,NA,NA,NA,NA,NA,NA,NA,NA,NA,NA,NA,NA,NA,NA,NA,NA,NA,NA,NA,NA,NA,NA,NA,NA,NA,NA,NA,NA,NA,NA,NA,NA,NA,NA,NA,NA,NA,NA,0,0,NA,NA,NA,NA,NA,NA,NA,10,13,16,NA,NA,NA,NA,NA,NA,NA,NA,NA,NA,NA,NA,NA,NA,NA,NA,NA,NA,NA,NA,NA,NA,NA,NA,NA,NA,NA,NA,NA,NA,NA,NA,NA,NA,NA,NA,NA,NA,1,1,1,1,1,1,1,1,1,1,1,1,1,0,0,0,0,0,0,0,0,0,0,0,0,0,0,0,0,2000-5013-4,14,NA,NA,NA,NA,NA,NA,NA,NA,NA,NA,NA,NA,NA,NA,NA,NA,Y,Y,Y,Y,Y,Y,Y,Y,Y,Y,Y,Y,Y,Y,Y,Y,Y,Y,Y,Boltonia decurrens,MBG Seed Bank,CCSD Seed Bank Freezer,NA,2023-12-01T00:00:00Z,Dormant,5913,Seed,Missouri Botanical Garden,Wild,Shaw Nature Reserve,NA,Project specific use only,2011-12-01T00:00:00Z,61,Smith,s.n.,01 Oct 2000,NA,NA,NA,NA,Open bottomland/floodplain,NA,Asteraceae,NA,NA
Boltonia_015,15,1-2-6,2011-2623-1,30C,1180026,United States,Illinois,Hennepin,41.34414603458205,-89.55849691836283,41.34414603458205, -89.55849691836283,NA,"Hennepin Bridge, Maternal lines = 30, Seedheads = 90; 6 packets",2/28/24,3/8/24,4/12/24,N,0,8,12.5,12.5,15.4,2,1.3,1.6,NA,NA,NA,NA,5 of 8 discs senesced,9 of 10 discs senesced,NA,NA,NA,NA,NA,NA,NA,NA,NA,NA,NA,NA,9,9,9,9,9,8,9,9,12,12,12,13,13,16,17,18,29,31,29,0,0,0,0,0,0,1,2,3,3,5,5,6,6,8,7,9,10,12,2,2,2,4,4,5,6,6,7,7,11,10,18,22,33,45,59,64,70,1,1,2,3,4,3,3,2,3,1,2,4,4,1,2,5,3,5,6,10,15,11,13,13,11,16,15,9,0,7,9,5,7,10,9,15,15,18,15,46,70,0,0,0,0,1,2,1,1,1,2,1,2,0,2,1,0,1,1,1,2,0,4,2,2,1,3,2,4,3,1,3,7,11,21,17,6,3,2,0,1,0,0,0,0,0,0,1,0,0,0,0,1,3,3,3,3,3,3,3,1,3,3,3,3,3,3,3,1999-5148-2,15,8.2,17.6,26.8,29,28.6,30.4,29.8,28.9,27.5,NA,62,28.5,29.2,33.1,33.1,33.1,Y,Y,Y,Y,Y,Y,Y,Y,Y,Y,Y,Y,Y,Y,Y,Y,Y,Y,Y,Boltonia decurrens,MBG Seed Bank,CCSD Seed Bank Freezer,NA,2023-12-01T00:00:00Z,Dormant,2883,Seed,Missouri Botanical Garden,Wild,Shaw Nature Reserve,NA,Project specific use only,2011-12-01T00:00:00Z,90,Smith,s.n.,11 Nov 1999,NA,NA,NA,NA,Open bottomland/floodplain,NA,Asteraceae,NA,NA
Boltonia_016,16,9-6-8,2011-2635-1,17,1180038,United States,Illinois,Alton,38.86501904919102,-90.22302347588696,38.86501904919102, -90.22302347588696,NA,"West Alton, Maternal lines = 32, Seedheads = 32; 2 packets",3/1/24,3/12/24,4/12/24,NA,0,0,13.2,18.1,22.6,2.1,2.1,2.1,NA,NA,NA,NA,NA,NA,NA,NA,NA,NA,NA,NA,NA,NA,NA,NA,NA,NA,NA,NA,NA,NA,NA,NA,NA,NA,NA,NA,NA,NA,NA,NA,NA,NA,NA,NA,NA,NA,NA,NA,NA,NA,NA,NA,NA,NA,NA,NA,NA,NA,NA,NA,NA,NA,NA,NA,NA,NA,NA,NA,NA,NA,NA,NA,NA,NA,NA,NA,NA,NA,NA,NA,NA,NA,NA,NA,NA,NA,NA,NA,NA,NA,NA,NA,NA,NA,NA,NA,NA,NA,NA,NA,NA,NA,NA,NA,NA,NA,NA,NA,NA,NA,NA,NA,0,0,NA,NA,NA,NA,NA,NA,NA,11,16,17,NA,NA,NA,NA,NA,NA,NA,NA,NA,NA,NA,NA,NA,NA,NA,NA,NA,NA,NA,NA,NA,NA,NA,NA,NA,NA,NA,NA,NA,NA,NA,NA,NA,NA,NA,NA,NA,NA,1,2,1,1,1,1,1,1,1,1,1,3,4,0,1,0,0,0,0,0,0,0,0,0,0,0,0,0,0,1999-5222-3,16,NA,1.1,NA,NA,NA,NA,NA,NA,NA,NA,NA,NA,NA,NA,NA,NA,Y,Y,Y,Y,Y,Y,Y,Y,Y,Y,Y,Y,Y,Y,Y,Y,Y,Y,Y,Boltonia decurrens,MBG Seed Bank,CCSD Seed Bank Freezer,NA,2023-12-01T00:00:00Z,Dormant,2831,Seed,Missouri Botanical Garden,Wild,Shaw Nature Reserve,NA,Project specific use only,2011-12-01T00:00:00Z,32,Smith,s.n.,07 Nov 1999,NA,NA,NA,NA,Open bottomland/floodplain,NA,Asteraceae,NA,NA
Boltonia_017,17,9-5-3,2011-2664-1,7,1180067,United States,Illinois,Fulton,40.2047222,-90.1994444,40.207444479612775, -90.1871999885973,NA,"Anderson Lake, Maternal lines = 31, Seedheads = 31",2/29/24,3/7/24,4/12/24,N,0,0,9.1,13.8,18,2.2,2.6,2.6,NA,NA,NA,NA,NA,NA,NA,NA,NA,NA,NA,NA,NA,NA,NA,NA,NA,NA,NA,NA,NA,NA,NA,NA,NA,NA,NA,NA,NA,NA,NA,NA,NA,NA,NA,NA,NA,NA,NA,NA,NA,NA,NA,NA,NA,NA,NA,NA,NA,NA,NA,NA,NA,NA,NA,NA,NA,NA,NA,NA,NA,NA,NA,NA,NA,NA,NA,NA,NA,NA,NA,NA,NA,NA,NA,NA,NA,NA,NA,NA,NA,NA,NA,NA,NA,NA,NA,NA,NA,NA,NA,NA,NA,NA,NA,NA,NA,NA,NA,NA,NA,NA,NA,0,0,0,NA,NA,NA,NA,NA,NA,NA,10,13,16,NA,NA,NA,NA,NA,NA,NA,NA,NA,NA,NA,NA,NA,NA,NA,NA,NA,NA,NA,NA,NA,NA,NA,NA,NA,NA,NA,NA,NA,NA,NA,NA,NA,NA,NA,NA,NA,NA,0,1,1,1,1,1,1,1,1,1,1,2,2,1,1,0,0,0,0,0,0,0,0,0,0,0,0,0,0,1997-5409-3,17,1.4,1.3,NA,NA,NA,NA,NA,NA,NA,NA,NA,NA,NA,NA,NA,NA,Y,Y,Y,Y,Y,Y,Y,Y,Y,Y,Y,Y,Y,Y,Y,Y,Y,Y,Y,Boltonia decurrens,MBG Seed Bank,CCSD Seed Bank Freezer,NA,2023-12-01T00:00:00Z,Dormant,2875,Seed,Missouri Botanical Garden,Wild,Shaw Nature Reserve,NA,Project specific use only,2011-12-01T00:00:00Z,31,Smith,s.n.,21 Nov 1997,NA,NA,NA,NA,Open bottomland/floodplain,NA,Asteraceae,NA,NA
Boltonia_018,18,1-6-11,2011-2636-1,9,1180039,United States,Illinois,Cass,40.010555600000004,-90.4458333,40.0178975293398, -90.42445029519197,NA,"Beardstown, Maternal lines = 52, Seedheads = 53; 3 packets",2/29/24,3/6/24,4/12/24,NA,NA,0,4.6,5.3,9,1,1.5,1.5,NA,NA,NA,NA,NA,NA,NA,NA,NA,NA,NA,NA,NA,NA,NA,NA,NA,NA,NA,NA,NA,NA,NA,NA,NA,NA,NA,NA,NA,NA,NA,NA,NA,NA,NA,NA,NA,NA,NA,NA,NA,NA,NA,NA,NA,NA,NA,NA,NA,NA,NA,NA,NA,NA,NA,NA,NA,NA,NA,NA,NA,NA,NA,NA,NA,NA,NA,NA,NA,NA,NA,NA,NA,NA,NA,NA,NA,NA,NA,NA,NA,NA,NA,NA,NA,NA,NA,NA,NA,NA,NA,NA,NA,NA,NA,NA,NA,NA,NA,NA,NA,NA,NA,NA,0,0,NA,NA,NA,NA,NA,NA,NA,6,8,10,NA,NA,NA,NA,NA,NA,NA,NA,NA,NA,NA,NA,NA,NA,NA,NA,NA,NA,NA,NA,NA,NA,NA,NA,NA,NA,NA,NA,NA,NA,NA,NA,NA,NA,NA,NA,NA,NA,1,1,1,1,1,1,1,1,1,1,1,1,2,0,0,0,0,0,0,0,0,0,0,0,0,0,0,0,0,1997-5328-2,18,NA,NA,NA,NA,NA,NA,NA,NA,NA,NA,NA,NA,NA,NA,NA,NA,Y,Y,Y,Y,Y,Y,Y,Y,Y,Y,Y,Y,Y,Y,Y,Y,Y,Y,Y,Boltonia decurrens,MBG Seed Bank,CCSD Seed Bank Freezer,NA,2023-12-01T00:00:00Z,Dormant,5079,Seed,Missouri Botanical Garden,Wild,Shaw Nature Reserve,NA,Project specific use only,2011-12-01T00:00:00Z,53,Smith,s.n.,21 Nov 1997,NA,NA,NA,NA,Open bottomland/floodplain,NA,Asteraceae,NA,NA
Boltonia_019,19,2-3-5,2011-2675-1,2A,1180078,United States,Illinois,Schuyler,40.0672223,-90.4275,40.07010712467176, -90.42899627731745,NA,"Frederick Borrow Pit, Maternal lines = 30, Seedheads = 90; 3 packets",2/29/24,3/8/24,4/12/24,NA,NA,0,12,20.5,24.1,1.6,1.8,1.6,NA,NA,NA,NA,NA,NA,NA,NA,NA,NA,NA,NA,NA,NA,NA,NA,NA,NA,NA,NA,NA,NA,NA,NA,NA,NA,NA,NA,NA,NA,NA,NA,NA,NA,NA,NA,NA,NA,NA,NA,NA,NA,NA,NA,NA,NA,NA,NA,NA,NA,NA,NA,NA,NA,NA,NA,NA,NA,NA,NA,NA,NA,NA,NA,NA,NA,NA,NA,NA,NA,NA,NA,NA,NA,NA,NA,NA,NA,NA,NA,NA,NA,NA,NA,NA,NA,NA,NA,NA,NA,NA,NA,NA,NA,NA,NA,NA,NA,NA,NA,NA,NA,NA,NA,0,0,NA,NA,NA,NA,NA,NA,NA,9,12,15,NA,NA,NA,NA,NA,NA,NA,NA,NA,NA,NA,NA,NA,NA,NA,NA,NA,NA,NA,NA,NA,NA,NA,NA,NA,NA,NA,NA,NA,NA,NA,NA,NA,NA,NA,NA,NA,NA,1,1,1,1,1,1,1,1,1,1,1,1,1,0,0,0,0,0,0,0,0,0,0,0,0,0,0,0,0,1999-5389-2,19,NA,NA,NA,NA,NA,NA,NA,NA,NA,NA,NA,NA,NA,NA,NA,NA,Y,Y,Y,Y,Y,Y,Y,Y,Y,Y,Y,Y,Y,Y,Y,Y,Y,Y,Y,Boltonia decurrens,MBG Seed Bank,CCSD Seed Bank Freezer,NA,2023-12-01T00:00:00Z,Dormant,8728,Seed,Missouri Botanical Garden,Wild,Shaw Nature Reserve,NA,Project specific use only,2011-12-01T00:00:00Z,90,Smith,s.n.,07 Oct 1999,NA,NA,NA,NA,Open bottomland/floodplain,NA,Asteraceae,NA,NA
Boltonia_020,20,7-1-6,2011-2650-1,18A,1180053,United States,Illinois,Woodford,40.8852777,-89.4583333,40.84668797480775, -89.0297386240063,NA,"Woodford County, Maternal lines = 30, Seedheads = 90; 6 packets",2/29/24,3/6/24,4/12/24,NA,NA,0,7.6,13.9,18.4,1.4,2,2.5,NA,NA,NA,NA,NA,NA,NA,NA,NA,NA,NA,NA,NA,NA,NA,NA,NA,NA,NA,NA,NA,NA,NA,NA,NA,NA,NA,NA,NA,NA,NA,NA,NA,NA,NA,NA,NA,NA,NA,NA,NA,NA,NA,NA,NA,NA,NA,NA,NA,NA,NA,NA,NA,NA,NA,NA,NA,NA,NA,NA,NA,NA,NA,NA,NA,NA,NA,NA,NA,NA,NA,NA,NA,NA,NA,NA,NA,NA,NA,NA,NA,NA,NA,NA,NA,NA,NA,NA,NA,NA,NA,NA,NA,NA,NA,NA,NA,NA,NA,NA,NA,NA,NA,NA,0,0,NA,NA,NA,NA,NA,NA,NA,8,10,13,NA,NA,NA,NA,NA,NA,NA,NA,NA,NA,NA,NA,NA,NA,NA,NA,NA,NA,NA,NA,NA,NA,NA,NA,NA,NA,NA,NA,NA,NA,NA,NA,NA,NA,NA,NA,NA,NA,1,1,1,1,1,1,1,1,1,1,1,1,1,0,0,0,0,0,0,0,0,0,0,0,0,0,0,0,0,1999-5374-3,20,NA,NA,NA,NA,NA,NA,NA,NA,NA,NA,NA,NA,NA,NA,NA,NA,Y,Y,Y,Y,Y,Y,Y,Y,Y,Y,Y,Y,Y,Y,Y,Y,Y,Y,Y,Boltonia decurrens,MBG Seed Bank,CCSD Seed Bank Freezer,NA,2023-12-01T00:00:00Z,Dormant,8743,Seed,Missouri Botanical Garden,Wild,Shaw Nature Reserve,US-1-MO-2011-2650,Project specific use only,2011-12-01T00:00:00Z,90,Smith,s.n.,11 Nov 1999,NA,NA,NA,NA,Open bottomland/floodplain,NA,Asteraceae,NA,NA
Boltonia_021,21,2-4-1,2011-2666-1,18A,1180069,United States,Illinois,Fulton,40.4925,-89.9022222,40.46699902833787, -89.9485498557629,NA,"Rice Lake, Maternal lines = 30, Seedheads = 90; 3 packets",2/29/24,3/10/24,4/12/24,NA,NA,0,11,15.8,19.5,1.9,2.3,2,NA,NA,NA,NA,NA,NA,NA,NA,NA,NA,NA,NA,NA,NA,NA,NA,NA,NA,NA,NA,NA,NA,NA,NA,NA,NA,NA,NA,NA,NA,NA,NA,NA,NA,NA,NA,NA,NA,NA,NA,NA,NA,NA,NA,NA,NA,NA,NA,NA,NA,NA,NA,NA,NA,NA,NA,NA,NA,NA,NA,NA,NA,NA,NA,NA,NA,NA,NA,NA,NA,NA,NA,NA,NA,NA,NA,NA,NA,NA,NA,NA,NA,NA,NA,NA,NA,NA,NA,NA,NA,NA,NA,NA,NA,NA,NA,NA,NA,NA,NA,NA,NA,NA,NA,0,0,NA,NA,NA,NA,NA,NA,NA,10,12,16,NA,NA,NA,NA,NA,NA,NA,NA,NA,NA,NA,NA,NA,NA,NA,NA,NA,NA,NA,NA,NA,NA,NA,NA,NA,NA,NA,NA,NA,NA,NA,NA,NA,NA,NA,NA,NA,NA,1,1,1,1,1,1,1,1,1,1,1,1,1,0,0,0,0,0,0,0,0,0,0,0,0,0,0,0,0,1999-5017-2,21,NA,NA,NA,NA,NA,NA,NA,NA,NA,NA,NA,NA,NA,NA,NA,NA,Y,Y,Y,Y,Y,Y,Y,Y,Y,Y,Y,Y,Y,Y,Y,Y,Y,Y,Y,Boltonia decurrens,MBG Seed Bank,CCSD Seed Bank Freezer,NA,2023-12-01T00:00:00Z,Dormant,8574,Seed,Missouri Botanical Garden,Wild,Shaw Nature Reserve,NA,Project specific use only,2011-12-01T00:00:00Z,90,Smith,s.n.,14 Oct 1999,NA,NA,NA,NA,Open bottomland/floodplain,NA,Asteraceae,NA,NA
Boltonia_022,22,10-2-3,2011-2636-1,23,1180039,United States,Illinois,Cass,40.010555600000004,-90.4458333,40.0178975293398, -90.42445029519197,NA,"Beardstown, Maternal lines = 52, Seedheads = 53; 3 packets",3/1/24,3/18/24,4/12/24,NA,NA,0,5.4,9.5,13.6,1.3,1.1,1.4,NA,NA,NA,NA,NA,NA,NA,NA,NA,NA,NA,NA,NA,NA,NA,NA,NA,NA,NA,NA,NA,NA,NA,NA,NA,NA,NA,NA,NA,NA,NA,NA,NA,NA,NA,NA,NA,NA,NA,NA,NA,NA,NA,NA,NA,NA,NA,NA,NA,NA,NA,NA,NA,NA,NA,NA,NA,NA,NA,NA,NA,NA,NA,NA,NA,NA,NA,NA,NA,NA,NA,NA,NA,NA,NA,NA,NA,NA,NA,NA,NA,NA,NA,NA,NA,NA,NA,NA,NA,NA,NA,NA,NA,NA,NA,NA,NA,NA,NA,NA,NA,NA,NA,NA,0,0,NA,NA,NA,NA,NA,NA,NA,9,10,12,NA,NA,NA,NA,NA,NA,NA,NA,NA,NA,NA,NA,NA,NA,NA,NA,NA,NA,NA,NA,NA,NA,NA,NA,NA,NA,NA,NA,NA,NA,NA,NA,NA,NA,NA,NA,NA,NA,1,1,1,1,1,1,1,1,1,1,1,1,3,0,0,0,0,0,0,0,0,0,0,0,0,0,0,0,0,1997-5342-2,22,NA,NA,NA,NA,NA,NA,NA,NA,NA,NA,NA,NA,NA,NA,NA,NA,Y,Y,Y,Y,Y,Y,Y,Y,Y,Y,Y,Y,Y,Y,Y,Y,Y,Y,Y,Boltonia decurrens,MBG Seed Bank,CCSD Seed Bank Freezer,NA,2023-12-01T00:00:00Z,Dormant,5079,Seed,Missouri Botanical Garden,Wild,Shaw Nature Reserve,NA,Project specific use only,2011-12-01T00:00:00Z,53,Smith,s.n.,21 Nov 1997,NA,NA,NA,NA,Open bottomland/floodplain,NA,Asteraceae,NA,NA
Boltonia_023,23,4-4-1,2011-2664-1,29,1180067,United States,Illinois,Fulton,40.2047222,-90.1994444,40.207444479612775, -90.1871999885973,NA,"Anderson Lake, Maternal lines = 31, Seedheads = 31",2/29/24,3/7/24,4/12/24,NA,0,0,17.2,24.8,26,2.1,2.5,2.6,NA,NA,NA,NA,NA,NA,NA,NA,NA,NA,NA,NA,NA,NA,NA,NA,NA,NA,0,0,0,0,0,0,0,0,0,0,0,0,0,0,1,2,8,14,31,NA,0,0,0,0,0,0,0,0,0,0,0,0,0,0,0,0,0,0,0,0,0,0,0,0,0,0,1,1,2,3,11,16,37,55,81,88,77,NA,0,0,0,0,0,0,0,0,0,0,0,0,0,0,0,0,0,0,0,1,2,2,2,3,3,4,5,NA,0,0,0,0,0,4,5,7,8,10,19,21,NA,0,0,0,0,0,0,0,0,0,0,0,0,0,0,0,0,0,0,0,0,0,0,0,0,1,1,1,2,2,3,8,20,23,16,14,21,0,1,1,0,1,0,0,0,0,1,1,1,1,1,0,1,1,1,1,1,1,1,1,1,1,1,1,1,1,1,1997-5431-2,23,NA,3.1,12.6,24.9,39.5,57.2,72.1,69.5,93,104.1,112.4,108.8,109.4,109.1,109.1,109.1,Y,Y,Y,Y,Y,Y,Y,Y,Y,Y,Y,Y,Y,Y,Y,Y,Y,Y,Y,Boltonia decurrens,MBG Seed Bank,CCSD Seed Bank Freezer,NA,2023-12-01T00:00:00Z,Dormant,2875,Seed,Missouri Botanical Garden,Wild,Shaw Nature Reserve,NA,Project specific use only,2011-12-01T00:00:00Z,31,Smith,s.n.,21 Nov 1997,NA,NA,NA,NA,Open bottomland/floodplain,NA,Asteraceae,NA,NA
Boltonia_024,24,5-2-11,2011-2623-1,25C,1180026,United States,Illinois,Hennepin,41.34414603458205,-89.55849691836283,41.34414603458205, -89.55849691836283,NA,"Hennepin Bridge, Maternal lines = 30, Seedheads = 90; 6 packets",2/29/24,3/7/24,4/12/24,N,Y,8,11.5,12.6,13.1,2.1,1.9,1.6,NA,NA,NA,Some discs senesced,7 of 11 discs senesced,11 of 14 discs senesced,NA,NA,NA,NA,NA,NA,NA,NA,NA,Broken lateral stem,NA,NA,11,7,0,7,9,13,13,12,13,13,14,14,15,16,15,17,23,25,28,0,0,0,0,0,1,2,5,6,6,7,7,7,10,11,13,12,14,14,2,7,14,6,4,0,0,0,0,2,4,7,13,12,19,18,37,50,53,4,4,5,5,3,2,2,4,4,3,2,2,3,1,0,0,0,0,0,12,16,18,17,20,17,21,21,15,0,8,6,4,7,6,8,8,9,10,34,52,65,0,0,1,1,3,4,3,1,1,2,2,4,4,1,1,1,1,0,0,0,0,0,0,0,0,0,1,3,2,5,3,2,8,10,12,7,13,1,0,3,1,2,2,2,2,2,2,2,2,2,2,1,1,1,1,2,3,1,1,1,1,1,2,1,2,3,3,1999-5143-3,24,5.3,19.1,29,29,29.4,31.5,30.5,28.6,29,29.3,28.4,32.5,29.8,30,30,30,Y,Y,Y,Y,Y,Y,Y,Y,Y,Y,Y,Y,Y,Y,Y,Y,Y,Y,Y,Boltonia decurrens,MBG Seed Bank,CCSD Seed Bank Freezer,NA,2023-12-01T00:00:00Z,Dormant,2883,Seed,Missouri Botanical Garden,Wild,Shaw Nature Reserve,NA,Project specific use only,2011-12-01T00:00:00Z,90,Smith,s.n.,11 Nov 1999,NA,NA,NA,NA,Open bottomland/floodplain,NA,Asteraceae,NA,NA
Boltonia_025,25,2-6-12,2011-2675-1,25A,1180078,United States,Illinois,Schuyler,40.0672223,-90.4275,40.07010712467176, -90.42899627731745,NA,"Frederick Borrow Pit, Maternal lines = 30, Seedheads = 90; 3 packets",2/29/24,3/6/24,4/12/24,NA,NA,1,11.8,15.6,22.2,2,2.3,2.3,NA,NA,NA,NA,NA,NA,NA,NA,NA,NA,NA,NA,NA,NA,NA,NA,NA,NA,NA,NA,NA,NA,NA,NA,NA,NA,NA,NA,NA,NA,NA,NA,NA,NA,NA,NA,NA,NA,NA,NA,NA,NA,NA,NA,NA,NA,NA,NA,NA,NA,NA,NA,NA,NA,NA,NA,NA,NA,NA,NA,NA,NA,NA,NA,NA,NA,NA,NA,NA,NA,NA,NA,NA,NA,NA,NA,NA,NA,NA,NA,NA,NA,NA,NA,NA,NA,NA,NA,NA,NA,NA,NA,NA,NA,NA,NA,NA,NA,NA,NA,NA,NA,NA,NA,0,0,NA,NA,NA,NA,NA,NA,NA,12,13,19,NA,NA,NA,NA,NA,NA,NA,NA,NA,NA,NA,NA,NA,NA,NA,NA,NA,NA,NA,NA,NA,NA,NA,NA,NA,NA,NA,NA,NA,NA,NA,NA,NA,NA,NA,NA,NA,NA,1,1,1,1,1,1,1,1,1,1,1,4,4,0,0,0,0,0,0,0,0,0,0,0,0,0,0,0,0,1999-5412-4,25,NA,NA,NA,NA,NA,NA,NA,NA,NA,NA,NA,NA,NA,NA,NA,NA,Y,Y,Y,Y,Y,Y,Y,Y,Y,Y,Y,Y,Y,Y,Y,Y,Y,Y,Y,Boltonia decurrens,MBG Seed Bank,CCSD Seed Bank Freezer,NA,2023-12-01T00:00:00Z,Dormant,8728,Seed,Missouri Botanical Garden,Wild,Shaw Nature Reserve,NA,Project specific use only,2011-12-01T00:00:00Z,90,Smith,s.n.,07 Oct 1999,NA,NA,NA,NA,Open bottomland/floodplain,NA,Asteraceae,NA,NA
Boltonia_026,26,6-3-5,2011-2618-1,7B,1180021,United States,Illinois,Peoria,40.7222223,-89.5519444,40.69352232924267, -89.59142458669179,NA,"McClugage Bridge, Maternal lines = 30, Seedheads = 90; 4 packets",2/29/24,3/6/24,4/12/24,NA,NA,0,8.2,13.5,17.3,1.5,2.2,2.4,NA,NA,NA,NA,NA,NA,NA,NA,NA,NA,NA,NA,NA,NA,NA,NA,NA,NA,NA,NA,NA,NA,NA,NA,NA,NA,NA,NA,NA,NA,NA,NA,NA,NA,NA,NA,NA,NA,NA,NA,NA,NA,NA,NA,NA,NA,NA,NA,NA,NA,NA,NA,NA,NA,NA,NA,NA,NA,NA,NA,NA,NA,NA,NA,NA,NA,NA,NA,NA,NA,NA,NA,NA,NA,NA,NA,NA,NA,NA,NA,NA,NA,NA,NA,NA,NA,NA,NA,NA,NA,NA,NA,NA,NA,NA,NA,NA,NA,NA,NA,NA,NA,NA,NA,0,0,NA,NA,NA,NA,NA,NA,NA,13,14,19,NA,NA,NA,NA,NA,NA,NA,NA,NA,NA,NA,NA,NA,NA,NA,NA,NA,NA,NA,NA,NA,NA,NA,NA,NA,NA,NA,NA,NA,NA,NA,NA,NA,NA,NA,NA,NA,NA,1,1,1,1,1,1,1,1,1,1,1,1,1,0,0,0,0,0,0,0,0,0,0,0,0,0,0,0,0,1999-5063-4,26,NA,NA,NA,NA,NA,NA,NA,NA,NA,NA,NA,NA,NA,NA,NA,NA,Y,Y,Y,Y,Y,Y,Y,Y,Y,Y,Y,Y,Y,Y,Y,Y,Y,Y,Y,Boltonia decurrens,MBG Seed Bank,CCSD Seed Bank Freezer,NA,2023-12-01T00:00:00Z,Dormant,8685,Seed,Missouri Botanical Garden,Wild,Shaw Nature Reserve,NA,Project specific use only,2011-12-01T00:00:00Z,90,Smith,s.n.,11 Nov 1999,NA,NA,NA,NA,Open bottomland/floodplain,NA,Asteraceae,NA,NA
Boltonia_027,27,8-6-12,2011-2598-1,L3B,1180001,United States,Illinois,Jersey,38.961398423802066,-90.51481032460987,38.961398423802066, -90.51481032460987,NA,"Gilbert Lake, Maternal lines = 32, Seedheads = 98; 6 packets",2/29/24,3/8/24,4/12/24,NA,NA,0,6.9,15.2,17.6,1.3,1.3,1.3,NA,NA,NA,NA,NA,NA,NA,NA,NA,NA,NA,NA,NA,NA,NA,NA,NA,NA,NA,NA,NA,NA,NA,NA,NA,NA,NA,NA,NA,NA,NA,NA,NA,NA,NA,NA,NA,NA,NA,NA,NA,NA,NA,NA,NA,NA,NA,NA,NA,NA,NA,NA,NA,NA,NA,NA,NA,NA,NA,NA,NA,NA,NA,NA,NA,NA,NA,NA,NA,NA,NA,NA,NA,NA,NA,NA,NA,NA,NA,NA,NA,NA,NA,NA,NA,NA,NA,NA,NA,NA,NA,NA,NA,NA,NA,NA,NA,NA,NA,NA,NA,NA,NA,NA,0,0,NA,NA,NA,NA,NA,NA,NA,8,10,13,NA,NA,NA,NA,NA,NA,NA,NA,NA,NA,NA,NA,NA,NA,NA,NA,NA,NA,NA,NA,NA,NA,NA,NA,NA,NA,NA,NA,NA,NA,NA,NA,NA,NA,NA,NA,NA,NA,1,1,1,1,1,1,1,1,1,1,1,1,1,0,0,0,0,0,0,0,0,0,0,0,0,0,0,0,0,1997-5092-2,27,NA,NA,NA,NA,NA,NA,NA,NA,NA,NA,NA,NA,NA,NA,NA,NA,Y,Y,Y,Y,Y,Y,Y,Y,Y,Y,Y,Y,Y,Y,Y,Y,Y,Y,Y,Boltonia decurrens,MBG Seed Bank,CCSD Seed Bank Freezer,NA,2023-12-01T00:00:00Z,Dormant,9628,Seed,Missouri Botanical Garden,Wild,Shaw Nature Reserve,NA,Project specific use only,2011-12-01T00:00:00Z,98,Smith,s.n.,08 Nov 1997,NA,NA,NA,NA,Open bottomland/floodplain,NA,Asteraceae,NA,NA
Boltonia_028,28,9-4-8,2011-2618-1,20C,1180021,United States,Illinois,Peoria,40.7222223,-89.5519444,40.69352232924267, -89.59142458669179,NA,"McClugage Bridge, Maternal lines = 30, Seedheads = 90; 4 packets",2/29/24,3/8/24,4/12/24,N,0,0,12.7,20.1,23.1,2,2.1,2.2,Arguably still rosette but form at base showing signs of verticle growth.,NA,NA,NA,NA,NA,NA,NA,NA,NA,NA,NA,NA,NA,NA,NA,NA,NA,NA,NA,NA,NA,NA,NA,NA,0,0,0,0,0,0,0,0,0,0,0,0,NA,NA,NA,NA,NA,NA,NA,NA,NA,NA,NA,NA,NA,NA,NA,NA,NA,NA,NA,NA,NA,NA,NA,NA,NA,NA,0,0,0,0,0,0,0,0,0,4,35,59,NA,NA,NA,NA,NA,NA,NA,NA,NA,NA,NA,NA,NA,NA,NA,NA,NA,NA,NA,NA,NA,NA,NA,NA,NA,NA,0,0,0,0,0,NA,NA,NA,NA,NA,NA,0,10,17,20,NA,NA,NA,NA,NA,NA,NA,NA,NA,NA,NA,NA,NA,NA,NA,NA,NA,NA,NA,NA,NA,NA,NA,NA,NA,NA,0,0,0,0,0,0,0,0,11,19,17,1,0,2,1,2,2,1,1,1,1,1,1,1,1,1,1,0,0,0,0,0,0,0,0,0,1,1,1,1,1,1999-5076-2,28,0.7,0.7,NA,NA,NA,NA,NA,NA,NA,NA,NA,42.5,82.4,125.5,132.7,134.7,Y,Y,Y,Y,Y,Y,Y,Y,Y,Y,Y,Y,Y,Y,Y,Y,Y,Y,Y,Boltonia decurrens,MBG Seed Bank,CCSD Seed Bank Freezer,NA,2023-12-01T00:00:00Z,Dormant,8685,Seed,Missouri Botanical Garden,Wild,Shaw Nature Reserve,NA,Project specific use only,2011-12-01T00:00:00Z,90,Smith,s.n.,11 Nov 1999,NA,NA,NA,NA,Open bottomland/floodplain,NA,Asteraceae,NA,NA
Boltonia_029,29,10-6-12,2011-2650-1,20C,1180053,United States,Illinois,Woodford,40.8852777,-89.4583333,40.84668797480775, -89.0297386240063,NA,"Woodford County, Maternal lines = 30, Seedheads = 90; 6 packets",3/1/24,3/20/24,4/12/24,NA,NA,0,8.4,13.7,18.2,1.7,2,2.5,NA,NA,NA,NA,NA,NA,NA,NA,NA,NA,NA,NA,NA,NA,NA,NA,NA,NA,NA,NA,NA,NA,NA,NA,NA,NA,NA,NA,NA,NA,NA,NA,NA,NA,NA,NA,NA,NA,NA,NA,NA,NA,NA,NA,NA,NA,NA,NA,NA,NA,NA,NA,NA,NA,NA,NA,NA,NA,NA,NA,NA,NA,NA,NA,NA,NA,NA,NA,NA,NA,NA,NA,NA,NA,NA,NA,NA,NA,NA,NA,NA,NA,NA,NA,NA,NA,NA,NA,NA,NA,NA,NA,NA,NA,NA,NA,NA,NA,NA,NA,NA,NA,NA,NA,0,0,NA,NA,NA,NA,NA,NA,NA,9,11,14,NA,NA,NA,NA,NA,NA,NA,NA,NA,NA,NA,NA,NA,NA,NA,NA,NA,NA,NA,NA,NA,NA,NA,NA,NA,NA,NA,NA,NA,NA,NA,NA,NA,NA,NA,NA,NA,NA,1,1,1,1,1,1,1,1,1,1,1,1,1,0,0,0,0,0,0,0,0,0,0,0,0,0,0,0,0,1999-5376-2,29,NA,NA,NA,NA,NA,NA,NA,NA,NA,NA,NA,NA,NA,NA,NA,NA,Y,Y,Y,Y,Y,Y,Y,Y,Y,Y,Y,Y,Y,Y,Y,Y,Y,Y,Y,Boltonia decurrens,MBG Seed Bank,CCSD Seed Bank Freezer,NA,2023-12-01T00:00:00Z,Dormant,8743,Seed,Missouri Botanical Garden,Wild,Shaw Nature Reserve,US-1-MO-2011-2650,Project specific use only,2011-12-01T00:00:00Z,90,Smith,s.n.,11 Nov 1999,NA,NA,NA,NA,Open bottomland/floodplain,NA,Asteraceae,NA,NA
Boltonia_030,30,9-6-11,2011-2661-1,20B,1180064,United States,Illinois,Tazewell,40.69584983597212,-89.54394792156027,40.69584983597212, -89.54394792156027,NA,"Cooper park South, Maternal lines = 43, Seedheads = 73; 4 packets",3/1/24,3/10/24,4/12/24,NA,0,0,10.9,15.9,22.3,1.8,2.1,2.2,Arguably still rosette but form at base showing signs of verticle growth.,NA,NA,NA,NA,NA,NA,NA,NA,NA,NA,NA,NA,NA,NA,NA,NA,NA,NA,NA,NA,NA,NA,NA,NA,NA,NA,NA,NA,NA,NA,NA,NA,NA,NA,NA,NA,NA,NA,NA,NA,NA,NA,NA,NA,NA,NA,NA,NA,NA,NA,NA,NA,NA,NA,NA,NA,NA,NA,NA,NA,NA,NA,NA,NA,NA,NA,NA,NA,NA,NA,NA,NA,NA,NA,NA,NA,NA,NA,NA,NA,NA,NA,NA,NA,NA,NA,NA,NA,NA,NA,NA,NA,NA,NA,NA,NA,NA,NA,NA,NA,NA,NA,NA,0,0,NA,NA,NA,NA,NA,NA,NA,10,12,15,NA,NA,NA,NA,NA,NA,NA,NA,NA,NA,NA,NA,NA,NA,NA,NA,NA,NA,NA,NA,NA,NA,NA,NA,NA,NA,NA,NA,NA,NA,NA,NA,NA,NA,NA,NA,NA,NA,1,0,1,1,1,1,1,1,1,1,1,2,2,0,1,0,0,0,0,0,0,0,0,0,0,0,0,0,0,2000-5144-2,30,NA,0.7,NA,NA,NA,NA,NA,NA,NA,NA,NA,NA,NA,NA,NA,NA,Y,Y,Y,Y,Y,Y,Y,Y,Y,Y,Y,Y,Y,Y,Y,Y,Y,Y,Y,Boltonia decurrens,MBG Seed Bank,CCSD Seed Bank Freezer,NA,2023-12-01T00:00:00Z,Dormant,6976,Seed,Missouri Botanical Garden,Wild,Shaw Nature Reserve,NA,Project specific use only,2011-12-01T00:00:00Z,73,Smith,s.n.,01 Oct 2000,NA,NA,NA,NA,Open bottomland/floodplain,NA,Asteraceae,NA,NA
Boltonia_031,31,10-5-4,2011-2620-1,14C,1180023,United States,Illinois,Morgan,39.8672223,-90.5533333,39.87546015928839, -90.55308508241013,NA,"Meredosia Lake, Maternal lines = 30, Seedheads = 90; 5 packets",3/1/24,3/7/24,4/12/24,NA,NA,0,10.6,15.2,20.7,1.5,1.3,1.6,NA,NA,NA,NA,NA,NA,NA,NA,NA,NA,NA,NA,NA,NA,NA,NA,NA,NA,NA,NA,NA,NA,NA,NA,NA,NA,NA,NA,NA,NA,NA,NA,NA,NA,NA,NA,NA,NA,NA,NA,NA,NA,NA,NA,NA,NA,NA,NA,NA,NA,NA,NA,NA,NA,NA,NA,NA,NA,NA,NA,NA,NA,NA,NA,NA,NA,NA,NA,NA,NA,NA,NA,NA,NA,NA,NA,NA,NA,NA,NA,NA,NA,NA,NA,NA,NA,NA,NA,NA,NA,NA,NA,NA,NA,NA,NA,NA,NA,NA,NA,NA,NA,NA,NA,0,0,NA,NA,NA,NA,NA,NA,NA,12,14,18,NA,NA,NA,NA,NA,NA,NA,NA,NA,NA,NA,NA,NA,NA,NA,NA,NA,NA,NA,NA,NA,NA,NA,NA,NA,NA,NA,NA,NA,NA,NA,NA,NA,NA,NA,NA,NA,NA,1,1,1,1,1,1,1,1,1,1,1,1,1,0,0,0,0,0,0,0,0,0,0,0,0,0,0,0,0,1999-5101-3,31,NA,NA,NA,NA,NA,NA,NA,NA,NA,NA,NA,NA,NA,NA,NA,NA,Y,Y,Y,Y,Y,Y,Y,Y,Y,Y,Y,Y,Y,Y,Y,Y,Y,Y,Y,Boltonia decurrens,MBG Seed Bank,CCSD Seed Bank Freezer,NA,2023-12-01T00:00:00Z,Dormant,8756,Seed,Missouri Botanical Garden,Wild,Shaw Nature Reserve,NA,Project specific use only,2011-12-01T00:00:00Z,90,Smith,s.n.,07 Oct 1999,NA,NA,NA,NA,Open bottomland/floodplain,NA,Asteraceae,NA,NA
Boltonia_032,32,3-1-8,2011-2638-1,15C,1180041,United States,Illinois,Scott,39.7852777,-90.5902777,39.786569766256626, -90.58910563509704,Smith Lake,NA,2/29/24,3/7/24,4/12/24,NA,NA,0,5.8,10.2,13.5,1.1,1.4,1.6,NA,NA,NA,NA,NA,NA,NA,NA,NA,NA,NA,NA,NA,NA,NA,NA,NA,NA,NA,NA,NA,NA,NA,NA,NA,NA,NA,NA,NA,NA,NA,NA,NA,NA,NA,NA,NA,NA,NA,NA,NA,NA,NA,NA,NA,NA,NA,NA,NA,NA,NA,NA,NA,NA,NA,NA,NA,NA,NA,NA,NA,NA,NA,NA,NA,NA,NA,NA,NA,NA,NA,NA,NA,NA,NA,NA,NA,NA,NA,NA,NA,NA,NA,NA,NA,NA,NA,NA,NA,NA,NA,NA,NA,NA,NA,NA,NA,NA,NA,NA,NA,NA,NA,NA,0,0,NA,NA,NA,NA,NA,NA,NA,12,16,20,NA,NA,NA,NA,NA,NA,NA,NA,NA,NA,NA,NA,NA,NA,NA,NA,NA,NA,NA,NA,NA,NA,NA,NA,NA,NA,NA,NA,NA,NA,NA,NA,NA,NA,NA,NA,NA,NA,2,2,2,2,1,1,1,2,1,2,2,2,2,0,0,0,0,0,0,0,0,0,0,0,0,0,0,0,0,1998-5191-2,32,NA,NA,NA,NA,NA,NA,NA,NA,NA,NA,NA,NA,NA,NA,NA,NA,Y,Y,Y,Y,Y,Y,Y,Y,Y,Y,Y,Y,Y,Y,Y,Y,Y,Y,Y,Boltonia decurrens,MBG Seed Bank,CCSD Seed Bank Freezer,NA,2023-12-01T00:00:00Z,Dormant,7818,Seed,Missouri Botanical Garden,Wild,Shaw Nature Reserve,US-1-MO-2011-2638,Project specific use only,2011-12-01T00:00:00Z,81,Smith,s.n.,11 Nov 1998,Maternal Lines,NA,NA,NA,Open bottomland/floodplain,NA,Asteraceae,NA,NA
Boltonia_033,33,7-5-8,2011-2629-1,17B,1180032,United States,Illinois,Marshal,41.045,-89.4311111,41.02868892611459, -89.43846248262098,NA,"Sparland, Maternal lines = 30, Seedheads = 90; 3 packets",2/29/24,3/7/24,4/12/24,N,Y,2,10.3,12.3,18.7,2,1.8,1.4,NA,NA,NA,Some discs senesced,10 of 12 discs senesced,All discs senesced,NA,NA,NA,NA,NA,NA,NA,NA,NA,NA,NA,NA,11,11,0,11,11,11,11,11,12,11,12,11,12,12,12,14,13,18,21,0,0,0,0,0,0,1,3,5,6,6,9,11,11,12,10,11,13,12,0,0,12,2,0,0,0,0,0,0,0,0,2,3,4,9,17,32,48,1,1,5,4,4,7,4,5,5,4,0,2,2,0,0,0,0,0,0,10,10,13,15,10,11,14,15,9,0,8,9,7,5,5,8,7,10,9,22,38,64,0,0,0,0,1,4,4,2,1,1,5,3,1,1,1,1,0,0,0,0,0,0,0,0,0,0,0,0,0,2,2,0,1,4,10,15,0,2,1,1,1,2,3,2,2,2,2,2,2,3,3,1,3,2,1,1,1,1,1,1,1,1,1,1,1,1,1,1999-5166-4,33,6.2,17,29.5,30.7,31,32.3,32.3,31.7,31,30.5,35.5,30.9,31.8,31.8,31.8,31.8,Y,Y,Y,Y,Y,Y,Y,Y,Y,Y,Y,Y,Y,Y,Y,Y,Y,Y,Y,Boltonia decurrens,MBG Seed Bank,CCSD Seed Bank Freezer,NA,2023-12-01T00:00:00Z,Dormant,8786,Seed,Missouri Botanical Garden,Wild,Shaw Nature Reserve,NA,Project specific use only,2011-12-01T00:00:00Z,90,Smith,s.n.,11 Nov 1999,NA,NA,NA,NA,Open bottomland/floodplain,NA,Asteraceae,NA,NA
Boltonia_034,34,6-3-8,2011-2609-1,18C,1180012,United States,Illinois,Madison,38.6891666,-90.0972222,38.69652811427051, -90.08592610430901,NA,"Horseshoe Lake, Maternal lines = 30, Seedheads = 90; 3 packets",2/29/24,3/7/24,4/12/24,NA,NA,0,13.6,17.4,18.6,1.8,2.1,2.1,On cusp of bolting,NA,NA,NA,NA,NA,NA,NA,NA,NA,NA,NA,NA,NA,NA,NA,NA,NA,NA,NA,NA,NA,NA,NA,NA,NA,NA,NA,NA,NA,NA,NA,NA,NA,NA,NA,NA,NA,NA,NA,NA,NA,NA,NA,NA,NA,NA,NA,NA,NA,NA,NA,NA,NA,NA,NA,NA,NA,NA,NA,NA,NA,NA,NA,NA,NA,NA,NA,NA,NA,NA,NA,NA,NA,NA,NA,NA,NA,NA,NA,NA,NA,NA,NA,NA,NA,NA,NA,NA,NA,NA,NA,NA,NA,NA,NA,NA,NA,NA,NA,NA,NA,NA,NA,0,0,NA,NA,NA,NA,NA,NA,NA,13,15,18,NA,NA,NA,NA,NA,NA,NA,NA,NA,NA,NA,NA,NA,NA,NA,NA,NA,NA,NA,NA,NA,NA,NA,NA,NA,NA,NA,NA,NA,NA,NA,NA,NA,NA,NA,NA,NA,NA,1,1,1,1,1,1,1,1,1,1,1,2,2,0,0,0,0,0,0,0,0,0,0,0,0,0,0,0,0,2011-5053-2,34,NA,NA,NA,NA,NA,NA,NA,NA,NA,NA,NA,NA,NA,NA,NA,NA,Y,Y,Y,Y,Y,Y,Y,Y,Y,Y,Y,Y,Y,Y,Y,Y,Y,Y,Y,Boltonia decurrens,MBG Seed Bank,CCSD Seed Bank Freezer,NA,2023-12-01T00:00:00Z,Dormant,8688,Seed,Missouri Botanical Garden,Wild,Shaw Nature Reserve,NA,Project specific use only,2011-12-01T00:00:00Z,3,Smith,s.n.,01 Nov 2000,NA,NA,NA,NA,Open bottomland/floodplain,NA,Asteraceae,NA,NA
Boltonia_035,35,7-5-12,2011-2599-1,24,1180002,United States,Illinois,Saint Clair,38.6494444,-90.1161111,38.651507278988504, -90.10298738781107,NA,"Fairmont City, Maternal lines = 28, Seedheads = 28; 2 packets",2/29/24,3/9/24,4/12/24,NA,NA,0,10.4,16,18.8,2.1,2.2,2,NA,NA,NA,NA,NA,NA,NA,NA,NA,NA,NA,NA,NA,NA,NA,NA,NA,NA,NA,NA,NA,NA,NA,NA,NA,NA,NA,NA,NA,NA,NA,NA,NA,NA,NA,NA,NA,NA,NA,NA,NA,NA,NA,NA,NA,NA,NA,NA,NA,NA,NA,NA,NA,NA,NA,NA,NA,NA,NA,NA,NA,NA,NA,NA,NA,NA,NA,NA,NA,NA,NA,NA,NA,NA,NA,NA,NA,NA,NA,NA,NA,NA,NA,NA,NA,NA,NA,NA,NA,NA,NA,NA,NA,NA,NA,NA,NA,NA,NA,NA,NA,NA,NA,NA,0,0,NA,NA,NA,NA,NA,NA,NA,12,14,18,NA,NA,NA,NA,NA,NA,NA,NA,NA,NA,NA,NA,NA,NA,NA,NA,NA,NA,NA,NA,NA,NA,NA,NA,NA,NA,NA,NA,NA,NA,NA,NA,NA,NA,NA,NA,NA,NA,1,1,1,1,1,1,1,1,1,1,1,3,2,0,0,0,0,0,0,0,0,0,0,0,0,0,0,0,0,1997-5081-2,35,NA,NA,NA,NA,NA,NA,NA,NA,NA,NA,NA,NA,NA,NA,NA,NA,Y,Y,Y,Y,Y,Y,Y,Y,Y,Y,Y,Y,Y,Y,Y,Y,Y,Y,Y,Boltonia decurrens,MBG Seed Bank,CCSD Seed Bank Freezer,NA,2023-12-01T00:00:00Z,Dormant,2632,Seed,Missouri Botanical Garden,Wild,Shaw Nature Reserve,NA,Project specific use only,2011-12-01T00:00:00Z,28,Smith,s.n.,05 Dec 1997,NA,NA,NA,NA,Open bottomland/floodplain,NA,Asteraceae,NA,NA
Boltonia_036,36,5-4-2,2011-2599-1,9,1180002,United States,Illinois,Saint Clair,38.6494444,-90.1161111,38.651507278988504, -90.10298738781107,NA,"Fairmont City, Maternal lines = 28, Seedheads = 28; 2 packets",2/29/24,3/9/24,4/12/24,NA,0,0,13.1,19.5,21.1,1.8,2.3,2.5,NA,NA,NA,NA,"Misformed, swirling stem",Whirled stem,NA,NA,NA,Abnormal stem,NA,NA,NA,NA,NA,NA,NA,NA,NA,NA,0,0,0,0,0,0,0,0,0,0,0,0,0,0,0,0,5,NA,NA,NA,NA,NA,NA,NA,NA,0,NA,NA,NA,NA,NA,0,0,0,0,NA,NA,NA,0,0,0,0,0,0,0,0,0,0,0,0,3,3,7,47,142,NA,NA,NA,NA,NA,NA,NA,NA,0,NA,NA,NA,NA,NA,0,0,0,0,NA,NA,NA,0,0,0,0,0,0,0,NA,0,0,NA,0,0,NA,2,2,9,12,14,18,NA,NA,NA,NA,NA,NA,NA,NA,0,NA,NA,NA,NA,NA,0,0,0,0,NA,NA,NA,0,0,0,0,0,0,0,0,0,0,0,3,1,13,43,63,1,1,0,1,1,0,1,1,1,1,0,0,0,0,0,1,0,0,1,0,1,1,0,1,1,3,3,3,3,2,1997-5067-3,36,NA,0.9,NA,NA,1.4,NA,1.5,2.2,NA,21.4,37.5,73.5,93.1,91.4,95.1,93.3,Y,Y,Y,Y,Y,Y,Y,Y,Y,Y,Y,Y,Y,Y,Y,Y,Y,Y,Y,Boltonia decurrens,MBG Seed Bank,CCSD Seed Bank Freezer,NA,2023-12-01T00:00:00Z,Dormant,2632,Seed,Missouri Botanical Garden,Wild,Shaw Nature Reserve,NA,Project specific use only,2011-12-01T00:00:00Z,28,Smith,s.n.,05 Dec 1997,NA,NA,NA,NA,Open bottomland/floodplain,NA,Asteraceae,NA,NA
Boltonia_037,37,10-3-5,2011-2661-1,12A,1180064,United States,Illinois,Tazewell,40.69584983597212,-89.54394792156027,40.69584983597212, -89.54394792156027,NA,"Cooper park South, Maternal lines = 43, Seedheads = 73; 4 packets",3/1/24,3/10/24,4/12/24,NA,NA,0,9,14.2,18.7,1.2,1.1,1.6,NA,NA,NA,NA,NA,NA,NA,NA,NA,NA,NA,NA,NA,NA,NA,NA,NA,NA,NA,NA,NA,NA,NA,NA,NA,NA,NA,NA,NA,NA,NA,NA,NA,NA,NA,NA,NA,NA,NA,NA,NA,NA,NA,NA,NA,NA,NA,NA,NA,NA,NA,NA,NA,NA,NA,NA,NA,NA,NA,NA,NA,NA,NA,NA,NA,NA,NA,NA,NA,NA,NA,NA,NA,NA,NA,NA,NA,NA,NA,NA,NA,NA,NA,NA,NA,NA,NA,NA,NA,NA,NA,NA,NA,NA,NA,NA,NA,NA,NA,NA,NA,NA,NA,NA,0,0,NA,NA,NA,NA,NA,NA,NA,10,12,14,NA,NA,NA,NA,NA,NA,NA,NA,NA,NA,NA,NA,NA,NA,NA,NA,NA,NA,NA,NA,NA,NA,NA,NA,NA,NA,NA,NA,NA,NA,NA,NA,NA,NA,NA,NA,NA,NA,1,1,1,1,1,1,1,1,1,1,1,2,2,0,0,0,0,0,0,0,0,0,0,0,0,0,0,0,0,2000-5136-4,37,NA,NA,NA,NA,NA,NA,NA,NA,NA,NA,NA,NA,NA,NA,NA,NA,Y,Y,Y,Y,Y,Y,Y,Y,Y,Y,Y,Y,Y,Y,Y,Y,Y,Y,Y,Boltonia decurrens,MBG Seed Bank,CCSD Seed Bank Freezer,NA,2023-12-01T00:00:00Z,Dormant,6976,Seed,Missouri Botanical Garden,Wild,Shaw Nature Reserve,NA,Project specific use only,2011-12-01T00:00:00Z,73,Smith,s.n.,01 Oct 2000,NA,NA,NA,NA,Open bottomland/floodplain,NA,Asteraceae,NA,NA
Boltonia_038,38,11-5-8,2011-2638-1,22A,1180041,United States,Illinois,Scott,39.7852777,-90.5902777,39.786569766256626, -90.58910563509704,Smith Lake,NA,3/1/24,3/10/24,4/12/24,NA,NA,0,7.8,10.6,12.7,1.4,1.2,1.7,NA,NA,NA,NA,NA,NA,NA,NA,NA,NA,NA,NA,NA,NA,NA,NA,NA,NA,NA,NA,NA,NA,NA,NA,NA,NA,NA,NA,NA,NA,NA,NA,NA,NA,NA,NA,NA,NA,NA,NA,NA,NA,NA,NA,NA,NA,NA,NA,NA,NA,NA,NA,NA,NA,NA,NA,NA,NA,NA,NA,NA,NA,NA,NA,NA,NA,NA,NA,NA,NA,NA,NA,NA,NA,NA,NA,NA,NA,NA,NA,NA,NA,NA,NA,NA,NA,NA,NA,NA,NA,NA,NA,NA,NA,NA,NA,NA,NA,NA,NA,NA,NA,NA,NA,0,0,NA,NA,NA,NA,NA,NA,NA,11,13,15,NA,NA,NA,NA,NA,NA,NA,NA,NA,NA,NA,NA,NA,NA,NA,NA,NA,NA,NA,NA,NA,NA,NA,NA,NA,NA,NA,NA,NA,NA,NA,NA,NA,NA,NA,NA,NA,NA,1,1,1,1,1,1,1,1,1,1,1,3,3,0,0,0,0,0,0,0,0,0,0,0,0,0,0,0,0,1998-5198-2,38,NA,NA,NA,NA,NA,NA,NA,NA,NA,NA,NA,NA,NA,NA,NA,NA,Y,Y,Y,Y,Y,Y,Y,Y,Y,Y,Y,Y,Y,Y,Y,Y,Y,Y,Y,Boltonia decurrens,MBG Seed Bank,CCSD Seed Bank Freezer,NA,2023-12-01T00:00:00Z,Dormant,7818,Seed,Missouri Botanical Garden,Wild,Shaw Nature Reserve,US-1-MO-2011-2638,Project specific use only,2011-12-01T00:00:00Z,81,Smith,s.n.,11 Nov 1998,Maternal Lines,NA,NA,NA,Open bottomland/floodplain,NA,Asteraceae,NA,NA
Boltonia_039,39,8-1-6,2011-2620-1,30B,1180023,United States,Illinois,Morgan,39.8672223,-90.5533333,39.87546015928839, -90.55308508241013,NA,"Meredosia Lake, Maternal lines = 30, Seedheads = 90; 5 packets",2/29/24,3/19/24,4/12/24,NA,NA,0,6.6,9.8,15.6,1.3,1.5,1.6,NA,NA,NA,NA,NA,NA,NA,NA,NA,NA,NA,NA,NA,NA,NA,NA,NA,NA,NA,NA,NA,NA,NA,NA,NA,NA,NA,NA,NA,NA,NA,NA,NA,NA,NA,NA,NA,NA,NA,NA,NA,NA,NA,NA,NA,NA,NA,NA,NA,NA,NA,NA,NA,NA,NA,NA,NA,NA,NA,NA,NA,NA,NA,NA,NA,NA,NA,NA,NA,NA,NA,NA,NA,NA,NA,NA,NA,NA,NA,NA,NA,NA,NA,NA,NA,NA,NA,NA,NA,NA,NA,NA,NA,NA,NA,NA,NA,NA,NA,NA,NA,NA,NA,NA,0,0,NA,NA,NA,NA,NA,NA,NA,7,9,10,NA,NA,NA,NA,NA,NA,NA,NA,NA,NA,NA,NA,NA,NA,NA,NA,NA,NA,NA,NA,NA,NA,NA,NA,NA,NA,NA,NA,NA,NA,NA,NA,NA,NA,NA,NA,NA,NA,1,1,1,1,1,1,1,1,1,1,1,1,1,0,0,0,0,0,0,0,0,0,0,0,0,0,0,0,0,1999-5117-3,39,NA,NA,NA,NA,NA,NA,NA,NA,NA,NA,NA,NA,NA,NA,NA,NA,Y,Y,Y,Y,Y,Y,Y,Y,Y,Y,Y,Y,Y,Y,Y,Y,Y,Y,Y,Boltonia decurrens,MBG Seed Bank,CCSD Seed Bank Freezer,NA,2023-12-01T00:00:00Z,Dormant,8756,Seed,Missouri Botanical Garden,Wild,Shaw Nature Reserve,NA,Project specific use only,2011-12-01T00:00:00Z,90,Smith,s.n.,07 Oct 1999,NA,NA,NA,NA,Open bottomland/floodplain,NA,Asteraceae,NA,NA
Boltonia_040,40,7-6-2,2011-2618-1,3C,1180021,United States,Illinois,Peoria,40.7222223,-89.5519444,40.69352232924267, -89.59142458669179,NA,"McClugage Bridge, Maternal lines = 30, Seedheads = 90; 4 packets",2/29/24,3/9/24,4/12/24,NA,NA,0,10.3,21.6,25.6,1.6,2.2,2.5,NA,NA,NA,NA,NA,NA,NA,NA,NA,NA,NA,NA,NA,NA,NA,NA,NA,NA,NA,NA,NA,NA,NA,NA,NA,NA,NA,NA,NA,NA,NA,NA,NA,NA,NA,NA,NA,NA,NA,NA,NA,NA,NA,NA,NA,NA,NA,NA,NA,NA,NA,NA,NA,NA,NA,NA,NA,NA,NA,NA,NA,NA,NA,NA,NA,NA,NA,NA,NA,NA,NA,NA,NA,NA,NA,NA,NA,NA,NA,NA,NA,NA,NA,NA,NA,NA,NA,NA,NA,NA,NA,NA,NA,NA,NA,NA,NA,NA,NA,NA,NA,NA,NA,NA,0,0,NA,NA,NA,NA,NA,NA,NA,10,10,13,NA,NA,NA,NA,NA,NA,NA,NA,NA,NA,NA,NA,NA,NA,NA,NA,NA,NA,NA,NA,NA,NA,NA,NA,NA,NA,NA,NA,NA,NA,NA,NA,NA,NA,NA,NA,NA,NA,1,1,1,1,1,1,1,1,1,1,1,1,1,0,0,0,0,0,0,0,0,0,0,0,0,0,0,0,0,1999-5059-2,40,NA,NA,NA,NA,NA,NA,NA,NA,NA,NA,NA,NA,NA,NA,NA,NA,Y,Y,Y,Y,Y,Y,Y,Y,Y,Y,Y,Y,Y,Y,Y,Y,Y,Y,Y,Boltonia decurrens,MBG Seed Bank,CCSD Seed Bank Freezer,NA,2023-12-01T00:00:00Z,Dormant,8685,Seed,Missouri Botanical Garden,Wild,Shaw Nature Reserve,NA,Project specific use only,2011-12-01T00:00:00Z,90,Smith,s.n.,11 Nov 1999,NA,NA,NA,NA,Open bottomland/floodplain,NA,Asteraceae,NA,NA
Boltonia_041,41,2-6-3,2011-2636-1,2,1180039,United States,Illinois,Cass,40.010555600000004,-90.4458333,40.0178975293398, -90.42445029519197,NA,"Beardstown, Maternal lines = 52, Seedheads = 53; 3 packets",2/29/24,3/7/24,4/12/24,NA,NA,0,9.5,12.7,18.5,1.5,1.6,1.7,NA,NA,NA,NA,NA,NA,NA,NA,NA,NA,NA,NA,NA,NA,NA,NA,NA,NA,NA,NA,NA,NA,NA,NA,NA,NA,NA,NA,NA,NA,NA,NA,NA,NA,NA,NA,NA,NA,NA,NA,NA,NA,NA,NA,NA,NA,NA,NA,NA,NA,NA,NA,NA,NA,NA,NA,NA,NA,NA,NA,NA,NA,NA,NA,NA,NA,NA,NA,NA,NA,NA,NA,NA,NA,NA,NA,NA,NA,NA,NA,NA,NA,NA,NA,NA,NA,NA,NA,NA,NA,NA,NA,NA,NA,NA,NA,NA,NA,NA,NA,NA,NA,NA,NA,0,0,NA,NA,NA,NA,NA,NA,NA,11,15,20,NA,NA,NA,NA,NA,NA,NA,NA,NA,NA,NA,NA,NA,NA,NA,NA,NA,NA,NA,NA,NA,NA,NA,NA,NA,NA,NA,NA,NA,NA,NA,NA,NA,NA,NA,NA,NA,NA,1,2,1,2,1,2,1,1,1,1,2,4,4,0,0,0,0,0,0,0,0,0,0,0,0,0,0,0,0,1997-5321-2,41,NA,NA,NA,NA,NA,NA,NA,NA,NA,NA,NA,NA,NA,NA,NA,NA,Y,Y,Y,Y,Y,Y,Y,Y,Y,Y,Y,Y,Y,Y,Y,Y,Y,Y,Y,Boltonia decurrens,MBG Seed Bank,CCSD Seed Bank Freezer,NA,2023-12-01T00:00:00Z,Dormant,5079,Seed,Missouri Botanical Garden,Wild,Shaw Nature Reserve,NA,Project specific use only,2011-12-01T00:00:00Z,53,Smith,s.n.,21 Nov 1997,NA,NA,NA,NA,Open bottomland/floodplain,NA,Asteraceae,NA,NA
Boltonia_042,42,6-3-6,2011-2609-1,18C,1180012,United States,Illinois,Madison,38.6891666,-90.0972222,38.69652811427051, -90.08592610430901,NA,"Horseshoe Lake, Maternal lines = 30, Seedheads = 90; 3 packets",2/29/24,3/7/24,4/12/24,NA,0,2,10.3,15.1,16.9,1.8,1.8,2,NA,NA,NA,NA,NA,NA,NA,NA,NA,NA,NA,NA,NA,NA,NA,NA,NA,NA,NA,NA,NA,NA,NA,NA,NA,NA,NA,NA,NA,NA,NA,NA,NA,NA,NA,NA,NA,NA,NA,NA,NA,NA,NA,NA,NA,NA,NA,NA,NA,NA,NA,NA,NA,NA,NA,NA,NA,NA,NA,NA,NA,NA,NA,NA,NA,NA,NA,NA,NA,NA,NA,NA,NA,NA,NA,NA,NA,NA,NA,NA,NA,NA,NA,NA,NA,NA,NA,NA,NA,NA,NA,NA,NA,NA,NA,NA,NA,NA,NA,NA,NA,NA,NA,NA,0,0,NA,NA,NA,NA,NA,NA,NA,18,22,22,NA,NA,NA,NA,NA,NA,NA,NA,NA,NA,NA,NA,NA,NA,NA,NA,NA,NA,NA,NA,NA,NA,NA,NA,NA,NA,NA,NA,NA,NA,NA,NA,NA,NA,NA,NA,NA,NA,1,1,1,1,1,1,1,1,1,1,3,4,3,0,1,0,0,0,0,0,0,0,0,0,0,0,0,0,0,2011-5053-3,42,NA,1.5,NA,NA,NA,NA,NA,NA,NA,NA,NA,NA,NA,NA,NA,NA,Y,Y,Y,Y,Y,Y,Y,Y,Y,Y,Y,Y,Y,Y,Y,Y,Y,Y,Y,Boltonia decurrens,MBG Seed Bank,CCSD Seed Bank Freezer,NA,2023-12-01T00:00:00Z,Dormant,8688,Seed,Missouri Botanical Garden,Wild,Shaw Nature Reserve,NA,Project specific use only,2011-12-01T00:00:00Z,3,Smith,s.n.,01 Nov 2000,NA,NA,NA,NA,Open bottomland/floodplain,NA,Asteraceae,NA,NA
Boltonia_043,43,6-4-9,2011-2613-1,1A,1180016,United States,Illinois,Fulton,40.2047222,-90.1994444,40.20813714639404, -90.18724497777134,NA,"Anderson Lake, Maternal lines = 30, Seedheads = 61; 2 packets",2/29/24,3/7/24,4/12/24,NA,0,0,12.1,19.9,20.6,2.1,2.4,2.5,NA,NA,NA,NA,NA,NA,NA,NA,NA,NA,NA,NA,NA,NA,NA,NA,NA,NA,NA,NA,NA,NA,NA,NA,NA,NA,NA,NA,NA,NA,NA,NA,NA,NA,NA,NA,NA,NA,NA,NA,NA,NA,NA,NA,NA,NA,NA,NA,NA,NA,NA,NA,NA,NA,NA,NA,NA,NA,NA,NA,NA,NA,NA,NA,NA,NA,NA,NA,NA,NA,NA,NA,NA,NA,NA,NA,NA,NA,NA,NA,NA,NA,NA,NA,NA,NA,NA,NA,NA,NA,NA,NA,NA,NA,NA,NA,NA,NA,NA,NA,NA,NA,NA,NA,0,0,NA,NA,NA,NA,NA,NA,NA,13,13,19,NA,NA,NA,NA,NA,NA,NA,NA,NA,NA,NA,NA,NA,NA,NA,NA,NA,NA,NA,NA,NA,NA,NA,NA,NA,NA,NA,NA,NA,NA,NA,NA,NA,NA,NA,NA,NA,NA,1,0,1,1,1,1,1,1,1,1,1,1,1,0,1,0,0,0,0,0,0,0,0,0,0,0,0,0,0,2000-5000-4,43,NA,0.6,NA,NA,NA,NA,NA,NA,NA,NA,NA,NA,NA,NA,NA,NA,Y,Y,Y,Y,Y,Y,Y,Y,Y,Y,Y,Y,Y,Y,Y,Y,Y,Y,Y,Boltonia decurrens,MBG Seed Bank,CCSD Seed Bank Freezer,NA,2023-12-01T00:00:00Z,Dormant,5913,Seed,Missouri Botanical Garden,Wild,Shaw Nature Reserve,NA,Project specific use only,2011-12-01T00:00:00Z,61,Smith,s.n.,01 Oct 2000,NA,NA,NA,NA,Open bottomland/floodplain,NA,Asteraceae,NA,NA
Boltonia_044,44,5-1-1,2011-2636-1,18,1180039,United States,Illinois,Cass,40.010555600000004,-90.4458333,40.0178975293398, -90.42445029519197,NA,"Beardstown, Maternal lines = 52, Seedheads = 53; 3 packets",2/29/24,3/7/24,4/12/24,NA,NA,0,11.8,19.1,24.9,2.8,3.3,3.9,NA,NA,NA,NA,NA,NA,NA,NA,NA,NA,NA,NA,NA,NA,NA,NA,NA,NA,NA,NA,NA,NA,NA,NA,NA,NA,NA,NA,NA,NA,NA,NA,NA,NA,NA,NA,NA,NA,NA,NA,NA,NA,NA,NA,NA,NA,NA,NA,NA,NA,NA,NA,NA,NA,NA,NA,NA,NA,NA,NA,NA,NA,NA,NA,NA,NA,NA,NA,NA,NA,NA,NA,NA,NA,NA,NA,NA,NA,NA,NA,NA,NA,NA,NA,NA,NA,NA,NA,NA,NA,NA,NA,NA,NA,NA,NA,NA,NA,NA,NA,NA,NA,NA,NA,0,0,NA,NA,NA,NA,NA,NA,NA,8,7,13,NA,NA,NA,NA,NA,NA,NA,NA,NA,NA,NA,NA,NA,NA,NA,NA,NA,NA,NA,NA,NA,NA,NA,NA,NA,NA,NA,NA,NA,NA,NA,NA,NA,NA,NA,NA,NA,NA,1,1,1,1,1,1,1,1,1,1,1,1,3,0,0,0,0,0,0,0,0,0,0,0,0,0,0,0,0,1997-5337-2,44,NA,NA,NA,NA,NA,NA,NA,NA,NA,NA,NA,NA,NA,NA,NA,NA,Y,Y,Y,Y,Y,Y,Y,Y,Y,Y,Y,Y,Y,Y,Y,Y,Y,Y,Y,Boltonia decurrens,MBG Seed Bank,CCSD Seed Bank Freezer,NA,2023-12-01T00:00:00Z,Dormant,5079,Seed,Missouri Botanical Garden,Wild,Shaw Nature Reserve,NA,Project specific use only,2011-12-01T00:00:00Z,53,Smith,s.n.,21 Nov 1997,NA,NA,NA,NA,Open bottomland/floodplain,NA,Asteraceae,NA,NA
Boltonia_045,45,2-3-3,2011-2664-1,12,1180067,United States,Illinois,Fulton,40.2047222,-90.1994444,40.207444479612775, -90.1871999885973,NA,"Anderson Lake, Maternal lines = 31, Seedheads = 31",2/29/24,3/7/24,4/12/24,NA,NA,0,10.8,14.3,17.7,1.6,1.7,1.9,NA,NA,NA,NA,NA,NA,NA,NA,NA,NA,NA,NA,NA,NA,NA,NA,NA,NA,NA,NA,NA,NA,NA,NA,NA,NA,NA,NA,NA,NA,NA,NA,NA,NA,NA,NA,NA,NA,NA,NA,NA,NA,NA,NA,NA,NA,NA,NA,NA,NA,NA,NA,NA,NA,NA,NA,NA,NA,NA,NA,NA,NA,NA,NA,NA,NA,NA,NA,NA,NA,NA,NA,NA,NA,NA,NA,NA,NA,NA,NA,NA,NA,NA,NA,NA,NA,NA,NA,NA,NA,NA,NA,NA,NA,NA,NA,NA,NA,NA,NA,NA,NA,NA,NA,0,0,NA,NA,NA,NA,NA,NA,NA,12,16,18,NA,NA,NA,NA,NA,NA,NA,NA,NA,NA,NA,NA,NA,NA,NA,NA,NA,NA,NA,NA,NA,NA,NA,NA,NA,NA,NA,NA,NA,NA,NA,NA,NA,NA,NA,NA,NA,NA,1,1,1,1,1,1,1,1,1,1,1,1,2,0,0,0,0,0,0,0,0,0,0,0,0,0,0,0,0,1997-5414-4,45,NA,NA,NA,NA,NA,NA,NA,NA,NA,NA,NA,NA,NA,NA,NA,NA,Y,Y,Y,Y,Y,Y,Y,Y,Y,Y,Y,Y,Y,Y,Y,Y,Y,Y,Y,Boltonia decurrens,MBG Seed Bank,CCSD Seed Bank Freezer,NA,2023-12-01T00:00:00Z,Dormant,2875,Seed,Missouri Botanical Garden,Wild,Shaw Nature Reserve,NA,Project specific use only,2011-12-01T00:00:00Z,31,Smith,s.n.,21 Nov 1997,NA,NA,NA,NA,Open bottomland/floodplain,NA,Asteraceae,NA,NA
Boltonia_046,46,4-3-4,2011-2675-1,19B,1180078,United States,Illinois,Schuyler,40.0672223,-90.4275,40.07010712467176, -90.42899627731745,NA,"Frederick Borrow Pit, Maternal lines = 30, Seedheads = 90; 3 packets",2/29/24,3/7/24,4/12/24,NA,0,5,16.5,24.3,25.2,2.3,2.6,2.8,NA,NA,NA,NA,Misformed stem,Whirled stem,NA,NA,NA,NA,NA,NA,NA,NA,NA,NA,NA,NA,0,NA,0,0,NA,0,0,0,0,0,0,0,0,0,0,0,0,0,0,NA,NA,0,NA,NA,0,NA,NA,0,NA,NA,NA,NA,NA,0,0,0,0,0,0,NA,0,0,NA,0,0,0,0,0,0,0,0,0,4,18,41,66,60,NA,NA,0,NA,NA,0,NA,NA,0,NA,NA,NA,NA,NA,0,0,0,0,0,0,NA,0,0,NA,0,0,0,0,NA,0,0,NA,0,0,NA,NA,0,0,14,34,28,NA,NA,0,NA,NA,0,NA,NA,0,NA,NA,NA,NA,NA,0,0,0,0,0,0,NA,0,0,NA,0,0,0,0,0,0,0,1,4,27,33,28,9,0,1,1,0,1,0,1,1,1,1,1,1,2,2,0,1,1,1,1,0,1,1,0,0,1,1,1,1,1,1,1999-5406-3,46,NA,2,0.6,1.2,1.5,NA,1.8,1.6,NA,NA,25.5,57,93.7,103,101.5,102.3,Y,Y,Y,Y,Y,Y,Y,Y,Y,Y,Y,Y,Y,Y,Y,Y,Y,Y,Y,Boltonia decurrens,MBG Seed Bank,CCSD Seed Bank Freezer,NA,2023-12-01T00:00:00Z,Dormant,8728,Seed,Missouri Botanical Garden,Wild,Shaw Nature Reserve,NA,Project specific use only,2011-12-01T00:00:00Z,90,Smith,s.n.,07 Oct 1999,NA,NA,NA,NA,Open bottomland/floodplain,NA,Asteraceae,NA,NA
Boltonia_047,47,3-3-10,2011-2638-1,6A,1180041,United States,Illinois,Scott,39.7852777,-90.5902777,39.786569766256626, -90.58910563509704,Smith Lake,NA,2/29/24,3/7/24,4/12/24,NA,NA,0,6.7,11.3,15.6,1.3,1.7,1.9,NA,NA,NA,NA,NA,NA,NA,NA,NA,NA,NA,NA,NA,NA,NA,NA,NA,NA,NA,NA,NA,NA,NA,NA,NA,NA,NA,NA,NA,NA,NA,NA,NA,NA,NA,NA,NA,NA,NA,NA,NA,NA,NA,NA,NA,NA,NA,NA,NA,NA,NA,NA,NA,NA,NA,NA,NA,NA,NA,NA,NA,NA,NA,NA,NA,NA,NA,NA,NA,NA,NA,NA,NA,NA,NA,NA,NA,NA,NA,NA,NA,NA,NA,NA,NA,NA,NA,NA,NA,NA,NA,NA,NA,NA,NA,NA,NA,NA,NA,NA,NA,NA,NA,NA,0,0,NA,NA,NA,NA,NA,NA,NA,8,9,12,NA,NA,NA,NA,NA,NA,NA,NA,NA,NA,NA,NA,NA,NA,NA,NA,NA,NA,NA,NA,NA,NA,NA,NA,NA,NA,NA,NA,NA,NA,NA,NA,NA,NA,NA,NA,NA,NA,1,1,1,1,1,1,1,1,1,1,1,1,1,0,0,0,0,0,0,0,0,0,0,0,0,0,0,0,0,1998-5182-2,47,NA,NA,NA,NA,NA,NA,NA,NA,NA,NA,NA,NA,NA,NA,NA,NA,Y,Y,Y,Y,Y,Y,Y,Y,Y,Y,Y,Y,Y,Y,Y,Y,Y,Y,Y,Boltonia decurrens,MBG Seed Bank,CCSD Seed Bank Freezer,NA,2023-12-01T00:00:00Z,Dormant,7818,Seed,Missouri Botanical Garden,Wild,Shaw Nature Reserve,US-1-MO-2011-2638,Project specific use only,2011-12-01T00:00:00Z,81,Smith,s.n.,11 Nov 1998,Maternal Lines,NA,NA,NA,Open bottomland/floodplain,NA,Asteraceae,NA,NA
Boltonia_048,48,3-6-11,2011-2675-1,9B,1180078,United States,Illinois,Schuyler,40.0672223,-90.4275,40.07010712467176, -90.42899627731745,NA,"Frederick Borrow Pit, Maternal lines = 30, Seedheads = 90; 3 packets",2/29/24,3/7/24,4/12/24,NA,NA,0,9.6,16.3,21.6,1.7,1.6,2.1,NA,NA,NA,NA,NA,NA,NA,NA,NA,NA,NA,NA,NA,NA,NA,NA,NA,NA,NA,NA,NA,NA,NA,NA,NA,NA,NA,NA,NA,NA,NA,NA,NA,NA,NA,NA,NA,NA,NA,NA,NA,NA,NA,NA,NA,NA,NA,NA,NA,NA,NA,NA,NA,NA,NA,NA,NA,NA,NA,NA,NA,NA,NA,NA,NA,NA,NA,NA,NA,NA,NA,NA,NA,NA,NA,NA,NA,NA,NA,NA,NA,NA,NA,NA,NA,NA,NA,NA,NA,NA,NA,NA,NA,NA,NA,NA,NA,NA,NA,NA,NA,NA,NA,NA,0,0,NA,NA,NA,NA,NA,NA,NA,7,10,14,NA,NA,NA,NA,NA,NA,NA,NA,NA,NA,NA,NA,NA,NA,NA,NA,NA,NA,NA,NA,NA,NA,NA,NA,NA,NA,NA,NA,NA,NA,NA,NA,NA,NA,NA,NA,NA,NA,1,1,1,1,1,1,1,1,1,1,1,1,1,0,0,0,0,0,0,0,0,0,0,0,0,0,0,0,0,1999-5396-2,48,NA,NA,NA,NA,NA,NA,NA,NA,NA,NA,NA,NA,NA,NA,NA,NA,Y,Y,Y,Y,Y,Y,Y,Y,Y,Y,Y,Y,Y,Y,Y,Y,Y,Y,Y,Boltonia decurrens,MBG Seed Bank,CCSD Seed Bank Freezer,NA,2023-12-01T00:00:00Z,Dormant,8728,Seed,Missouri Botanical Garden,Wild,Shaw Nature Reserve,NA,Project specific use only,2011-12-01T00:00:00Z,90,Smith,s.n.,07 Oct 1999,NA,NA,NA,NA,Open bottomland/floodplain,NA,Asteraceae,NA,NA
Boltonia_049,49,1-6-8,2011-2618-1,1B,1180021,United States,Illinois,Peoria,40.7222223,-89.5519444,40.69352232924267, -89.59142458669179,NA,"McClugage Bridge, Maternal lines = 30, Seedheads = 90; 4 packets",2/29/24,3/7/24,4/12/24,Y,Y,14,10,15.3,17.8,1.5,1.5,1.9,NA,NA,NA,Some discs senesced,All discs senesced,8 of 9 discs senesced,NA,NA,NA,NA,NA,NA,NA,NA,NA,NA,NA,NA,9,10,9,7,9,10,9,0,7,7,9,11,9,9,9,9,10,16,32,0,0,1,1,1,2,2,3,4,4,4,5,5,6,6,8,9,9,9,0,0,0,2,0,0,0,1,2,2,2,1,4,4,4,6,8,10,4,2,2,2,1,2,0,1,1,1,2,2,3,2,0,0,0,0,0,0,0,1,4,5,4,3,2,2,3,1,9,9,5,8,6,2,8,8,8,25,82,99,1,1,1,1,2,2,1,2,1,0,1,1,1,3,3,1,0,0,0,0,0,0,0,0,0,2,1,1,0,0,2,0,0,2,1,5,0,0,3,4,3,3,3,1,1,2,1,3,3,3,3,1,1,1,1,1,2,1,1,1,1,1,1,1,1,1,2,1999-5057-3,49,13.8,19.6,24.7,21.2,20.7,24.2,25.3,25.3,20,25.1,24.2,23.7,24.9,23.8,23.8,23.8,Y,Y,Y,Y,Y,Y,Y,Y,Y,Y,Y,Y,Y,Y,Y,Y,Y,Y,Y,Boltonia decurrens,MBG Seed Bank,CCSD Seed Bank Freezer,NA,2023-12-01T00:00:00Z,Dormant,8685,Seed,Missouri Botanical Garden,Wild,Shaw Nature Reserve,NA,Project specific use only,2011-12-01T00:00:00Z,90,Smith,s.n.,11 Nov 1999,NA,NA,NA,NA,Open bottomland/floodplain,NA,Asteraceae,NA,NA
Boltonia_050,50,8-5-2,2011-2620-1,12B,1180023,United States,Illinois,Morgan,39.8672223,-90.5533333,39.87546015928839, -90.55308508241013,NA,"Meredosia Lake, Maternal lines = 30, Seedheads = 90; 5 packets",2/29/24,3/6/24,4/12/24,N,Y,0,12.3,13.7,13.1,1.6,1.8,1.9,NA,NA,NA,NA,7 of 19 discs senesced,20 of 31 discs senesced,NA,NA,NA,NA,NA,NA,NA,NA,NA,NA,NA,NA,21,1,1,4,10,12,16,21,20,26,29,37,35,38,40,46,63,68,73,0,0,0,0,0,0,1,3,5,5,8,10,13,19,19,22,28,31,31,16,35,35,33,28,27,31,29,29,43,47,52,56,85,96,112,144,164,114,2,2,6,5,7,11,3,15,15,12,10,12,9,6,6,11,7,7,6,18,30,37,37,44,31,25,21,9,0,10,8,7,6,5,8,9,9,13,17,41,61,0,0,0,1,2,3,7,5,4,9,14,13,10,9,12,4,3,5,4,6,1,8,9,8,7,19,7,17,9,9,7,27,29,39,53,33,13,0,0,0,0,0,0,0,0,0,1,0,1,1,1,1,1,1,1,1,1,1,1,1,1,1,1,1,1,1,1,1999-5099-3,50,4.3,19.3,37,41.5,32,42.9,43.4,41.3,41,42.6,41.7,41.9,40.7,40.8,40.8,40.8,Y,Y,Y,Y,Y,Y,Y,Y,Y,Y,Y,Y,Y,Y,Y,Y,Y,Y,Y,Boltonia decurrens,MBG Seed Bank,CCSD Seed Bank Freezer,NA,2023-12-01T00:00:00Z,Dormant,8756,Seed,Missouri Botanical Garden,Wild,Shaw Nature Reserve,NA,Project specific use only,2011-12-01T00:00:00Z,90,Smith,s.n.,07 Oct 1999,NA,NA,NA,NA,Open bottomland/floodplain,NA,Asteraceae,NA,NA
Boltonia_051,51,3-1-5,2011-2635-1,2,1180038,United States,Illinois,Alton,38.86501904919102,-90.22302347588696,38.86501904919102, -90.22302347588696,NA,"West Alton, Maternal lines = 32, Seedheads = 32; 2 packets",2/29/24,3/7/24,4/12/24,NA,NA,0,7.3,11.2,16.2,1.4,1.4,1.7,NA,NA,NA,NA,NA,NA,NA,NA,NA,NA,NA,NA,NA,NA,NA,NA,NA,NA,NA,NA,NA,NA,NA,NA,NA,NA,NA,NA,NA,NA,NA,NA,NA,NA,NA,NA,NA,NA,NA,NA,NA,NA,NA,NA,NA,NA,NA,NA,NA,NA,NA,NA,NA,NA,NA,NA,NA,NA,NA,NA,NA,NA,NA,NA,NA,NA,NA,NA,NA,NA,NA,NA,NA,NA,NA,NA,NA,NA,NA,NA,NA,NA,NA,NA,NA,NA,NA,NA,NA,NA,NA,NA,NA,NA,NA,NA,NA,NA,NA,NA,NA,NA,NA,NA,0,0,NA,NA,NA,NA,NA,NA,NA,10,12,15,NA,NA,NA,NA,NA,NA,NA,NA,NA,NA,NA,NA,NA,NA,NA,NA,NA,NA,NA,NA,NA,NA,NA,NA,NA,NA,NA,NA,NA,NA,NA,NA,NA,NA,NA,NA,NA,NA,1,1,1,1,1,1,1,1,1,1,1,2,4,0,0,0,0,0,0,0,0,0,0,0,0,0,0,0,0,1999-5208-2,51,NA,NA,NA,NA,NA,NA,NA,NA,NA,NA,NA,NA,NA,NA,NA,NA,Y,Y,Y,Y,Y,Y,Y,Y,Y,Y,Y,Y,Y,Y,Y,Y,Y,Y,Y,Boltonia decurrens,MBG Seed Bank,CCSD Seed Bank Freezer,NA,2023-12-01T00:00:00Z,Dormant,2831,Seed,Missouri Botanical Garden,Wild,Shaw Nature Reserve,NA,Project specific use only,2011-12-01T00:00:00Z,32,Smith,s.n.,07 Nov 1999,NA,NA,NA,NA,Open bottomland/floodplain,NA,Asteraceae,NA,NA
Boltonia_052,52,3-3-5,2011-2635-1,21,1180038,United States,Illinois,Alton,38.86501904919102,-90.22302347588696,38.86501904919102, -90.22302347588696,NA,"West Alton, Maternal lines = 32, Seedheads = 32; 2 packets",2/29/24,3/8/24,4/12/24,NA,0,1,8.9,15.9,18.9,1.5,2.4,2.3,NA,NA,NA,NA,NA,NA,NA,NA,NA,NA,NA,NA,NA,NA,NA,NA,NA,NA,NA,NA,NA,NA,NA,NA,NA,NA,NA,NA,NA,NA,NA,NA,NA,NA,NA,NA,NA,NA,NA,NA,NA,NA,NA,NA,NA,NA,NA,NA,NA,NA,NA,NA,NA,NA,NA,NA,NA,NA,NA,NA,NA,NA,NA,NA,NA,NA,NA,NA,NA,NA,NA,NA,NA,NA,NA,NA,NA,NA,NA,NA,NA,NA,NA,NA,NA,NA,NA,NA,NA,NA,NA,NA,NA,NA,NA,NA,NA,NA,NA,NA,NA,NA,NA,NA,0,0,NA,NA,NA,NA,NA,NA,NA,12,13,15,NA,NA,NA,NA,NA,NA,NA,NA,NA,NA,NA,NA,NA,NA,NA,NA,NA,NA,NA,NA,NA,NA,NA,NA,NA,NA,NA,NA,NA,NA,NA,NA,NA,NA,NA,NA,NA,NA,1,0,1,1,1,1,1,1,1,1,1,1,1,0,1,0,0,0,0,0,0,0,0,0,0,0,0,0,0,1999-5226-3,52,NA,0.5,NA,NA,NA,NA,NA,NA,NA,NA,NA,NA,NA,NA,NA,NA,Y,Y,Y,Y,Y,Y,Y,Y,Y,Y,Y,Y,Y,Y,Y,Y,Y,Y,Y,Boltonia decurrens,MBG Seed Bank,CCSD Seed Bank Freezer,NA,2023-12-01T00:00:00Z,Dormant,2831,Seed,Missouri Botanical Garden,Wild,Shaw Nature Reserve,NA,Project specific use only,2011-12-01T00:00:00Z,32,Smith,s.n.,07 Nov 1999,NA,NA,NA,NA,Open bottomland/floodplain,NA,Asteraceae,NA,NA
Boltonia_053,53,5-2-4,2011-2623-1,19A,1180026,United States,Illinois,Hennepin,41.34414603458205,-89.55849691836283,41.34414603458205, -89.55849691836283,NA,"Hennepin Bridge, Maternal lines = 30, Seedheads = 90; 6 packets",2/29/24,3/6/24,4/12/24,N,0,6,13.4,15.2,15.3,2.1,2.3,2.4,NA,NA,NA,NA,5 of 8 discs senesced,10 of 11 discs senesced,NA,NA,NA,NA,NA,NA,NA,NA,NA,NA,NA,Severe pest damage,8,1,3,8,9,12,12,14,13,12,14,14,14,14,15,18,34,33,28,NA,0,0,0,0,0,1,2,3,3,NA,4,NA,8,8,8,10,11,11,3,10,7,6,5,4,3,1,5,7,6,5,12,15,18,17,5,10,8,NA,1,3,2,3,2,1,4,5,2,NA,3,NA,2,3,2,2,2,2,6,7,10,10,10,13,15,10,4,0,5,5,4,4,4,6,6,5,6,18,29,40,NA,0,0,0,1,3,3,2,1,2,NA,4,NA,1,2,1,1,2,1,1,2,2,1,1,0,2,4,3,1,2,1,6,2,2,2,4,0,0,0,2,2,2,2,2,2,2,2,2,2,2,2,1,1,1,1,1,1,1,1,1,1,1,1,1,1,1,1,1999-5137-3,53,5.6,18.7,35.5,40.5,40.1,41.6,42.3,42,40,39.7,39.4,39.9,41,40.7,40.7,40.7,Y,Y,Y,Y,Y,Y,Y,Y,Y,Y,Y,Y,Y,Y,Y,Y,Y,Y,Y,Boltonia decurrens,MBG Seed Bank,CCSD Seed Bank Freezer,NA,2023-12-01T00:00:00Z,Dormant,2883,Seed,Missouri Botanical Garden,Wild,Shaw Nature Reserve,NA,Project specific use only,2011-12-01T00:00:00Z,90,Smith,s.n.,11 Nov 1999,NA,NA,NA,NA,Open bottomland/floodplain,NA,Asteraceae,NA,NA
Boltonia_054,54,9-1-2,2011-2618-1,2C,1180021,United States,Illinois,Peoria,40.7222223,-89.5519444,40.69352232924267, -89.59142458669179,NA,"McClugage Bridge, Maternal lines = 30, Seedheads = 90; 4 packets",2/29/24,3/6/24,4/12/24,NA,NA,0,6.8,13.7,14.2,1.3,2,2.2,NA,NA,NA,NA,NA,NA,NA,NA,NA,NA,NA,NA,NA,NA,NA,NA,NA,NA,NA,NA,NA,NA,NA,NA,NA,NA,NA,NA,NA,NA,NA,NA,NA,NA,NA,NA,NA,NA,NA,NA,NA,NA,NA,NA,NA,NA,NA,4,NA,5,NA,NA,NA,NA,NA,NA,NA,NA,NA,NA,NA,NA,NA,NA,NA,NA,NA,NA,NA,NA,NA,NA,NA,NA,NA,NA,NA,NA,NA,NA,NA,NA,NA,NA,NA,1,NA,2,NA,NA,NA,NA,NA,NA,NA,NA,NA,NA,NA,NA,NA,NA,NA,NA,0,0,NA,NA,NA,NA,NA,NA,NA,12,14,18,NA,NA,NA,NA,NA,NA,NA,NA,NA,NA,3,NA,3,NA,NA,NA,NA,NA,NA,NA,NA,NA,NA,NA,NA,NA,NA,NA,NA,NA,NA,NA,NA,NA,NA,NA,NA,NA,1,1,1,1,1,1,1,1,1,1,1,1,1,0,0,0,0,0,0,0,0,0,0,0,0,0,0,0,0,1999-5058-2,54,NA,NA,NA,NA,NA,NA,NA,NA,NA,NA,NA,NA,NA,NA,NA,NA,Y,Y,Y,Y,Y,Y,Y,Y,Y,Y,Y,Y,Y,Y,Y,Y,Y,Y,Y,Boltonia decurrens,MBG Seed Bank,CCSD Seed Bank Freezer,NA,2023-12-01T00:00:00Z,Dormant,8685,Seed,Missouri Botanical Garden,Wild,Shaw Nature Reserve,NA,Project specific use only,2011-12-01T00:00:00Z,90,Smith,s.n.,11 Nov 1999,NA,NA,NA,NA,Open bottomland/floodplain,NA,Asteraceae,NA,NA
Boltonia_055,55,12-3-4,2011-2664-1,10,1180067,United States,Illinois,Fulton,40.2047222,-90.1994444,40.207444479612775, -90.1871999885973,NA,"Anderson Lake, Maternal lines = 31, Seedheads = 31",3/1/24,Unknown,4/12/24,NA,NA,0,5.8,10.2,14.8,1.5,1.3,1.5,NA,NA,NA,NA,NA,NA,NA,NA,NA,NA,NA,NA,NA,NA,NA,NA,NA,NA,NA,NA,NA,NA,NA,NA,NA,NA,NA,NA,NA,NA,NA,NA,NA,NA,NA,NA,NA,NA,NA,NA,NA,NA,NA,NA,NA,NA,NA,NA,NA,NA,NA,NA,NA,NA,NA,NA,NA,NA,NA,NA,NA,NA,NA,NA,NA,NA,NA,NA,NA,NA,NA,NA,NA,NA,NA,NA,NA,NA,NA,NA,NA,NA,NA,NA,NA,NA,NA,NA,NA,NA,NA,NA,NA,NA,NA,NA,NA,NA,NA,NA,NA,NA,NA,NA,0,0,NA,NA,NA,NA,NA,NA,NA,7,9,12,NA,NA,NA,NA,NA,NA,NA,NA,NA,NA,NA,NA,NA,NA,NA,NA,NA,NA,NA,NA,NA,NA,NA,NA,NA,NA,NA,NA,NA,NA,NA,NA,NA,NA,NA,NA,NA,NA,1,1,1,1,1,1,1,1,1,1,1,1,2,0,0,0,0,0,0,0,0,0,0,0,0,0,0,0,0,1997-5412-2,55,NA,NA,NA,NA,NA,NA,NA,NA,NA,NA,NA,NA,NA,NA,NA,NA,Y,Y,Y,Y,Y,Y,Y,Y,Y,Y,Y,Y,Y,Y,Y,Y,Y,Y,Y,Boltonia decurrens,MBG Seed Bank,CCSD Seed Bank Freezer,NA,2023-12-01T00:00:00Z,Dormant,2875,Seed,Missouri Botanical Garden,Wild,Shaw Nature Reserve,NA,Project specific use only,2011-12-01T00:00:00Z,31,Smith,s.n.,21 Nov 1997,NA,NA,NA,NA,Open bottomland/floodplain,NA,Asteraceae,NA,NA
Boltonia_056,56,6-5-4,2011-2623-1,27B,1180026,United States,Illinois,Hennepin,41.34414603458205,-89.55849691836283,41.34414603458205, -89.55849691836283,NA,"Hennepin Bridge, Maternal lines = 30, Seedheads = 90; 6 packets",2/29/24,3/5/24,4/12/24,N,Y,4,8.3,10.2,9.4,1.4,1.7,1.6,NA,Stem broke,Primary stem broken.,Damage to apical meristem,"Primary stem broken, later stems much taller",Primary stem broken,NA,"Primary stem broken, LSt much taller","Primary stem broken, LSt much taller",Primary stem damaged,NA,NA,NA,NA,NA,NA,NA,NA,4,0,3,3,5,3,5,4,5,7,9,11,9,11,12,12,17,19,25,NA,0,0,0,0,0,0,0,0,0,0,0,0,0,0,4,4,5,7,5,13,6,8,7,8,7,5,9,6,7,5,7,6,10,11,26,27,39,NA,1,2,2,0,0,2,4,3,2,5,4,2,3,4,5,5,4,3,7,11,9,10,9,11,9,9,9,0,10,10,6,7,7,8,8,8,8,17,47,78,NA,0,0,0,0,0,0,0,0,0,0,2,4,4,5,1,4,4,2,3,3,4,2,1,0,1,1,1,0,0,1,2,3,7,12,5,4,0,0,0,0,1,1,1,1,1,2,1,2,2,2,1,1,1,1,1,3,1,1,1,1,1,1,2,2,3,3,1999-5145-2,56,4.4,13.7,20.3,13.7,13.6,12.9,14.2,14.7,13,12.3,12.3,12.7,13.1,13,13,13,Y,Y,Y,Y,Y,Y,Y,Y,Y,Y,Y,Y,Y,Y,Y,Y,Y,Y,Y,Boltonia decurrens,MBG Seed Bank,CCSD Seed Bank Freezer,NA,2023-12-01T00:00:00Z,Dormant,2883,Seed,Missouri Botanical Garden,Wild,Shaw Nature Reserve,NA,Project specific use only,2011-12-01T00:00:00Z,90,Smith,s.n.,11 Nov 1999,NA,NA,NA,NA,Open bottomland/floodplain,NA,Asteraceae,NA,NA
Boltonia_057,57,5-2-10,2011-2623-1,25C,1180026,United States,Illinois,Hennepin,41.34414603458205,-89.55849691836283,41.34414603458205, -89.55849691836283,NA,"Hennepin Bridge, Maternal lines = 30, Seedheads = 90; 6 packets",2/29/24,3/7/24,4/12/24,N,Y,9,11,12.2,18.2,2.2,2.2,1.8,NA,NA,NA,All disc flowers senesced,3 of 4 discs senesced,5 of 6 discs senesced,NA,NA,NA,NA,NA,NA,NA,NA,NA,Lateral stem broken and fell off. Had 2 ray flowers and 5 disk flowers.,NA,NA,5,3,3,3,5,5,5,6,6,6,7,7,8,9,11,10,14,14,27,NA,0,0,0,0,0,1,1,3,3,3,3,4,4,4,5,6,6,6,1,3,3,3,1,1,0,1,2,2,1,3,5,5,7,10,14,27,20,NA,1,3,2,2,3,1,1,1,2,2,3,3,1,0,0,0,0,0,7,13,9,7,7,4,6,4,5,0,4,4,5,5,5,10,7,5,9,36,48,58,NA,0,0,1,1,1,2,2,0,0,1,1,0,1,2,1,0,0,0,0,0,0,0,0,1,2,1,0,1,3,1,0,2,8,13,12,3,2,0,3,3,3,3,2,2,2,1,2,2,3,3,1,1,1,1,1,1,1,1,1,1,1,1,1,1,1,2,1999-5143-2,57,7.1,19.8,32.1,36,36,38.3,38.3,36.2,37,37.3,37,37.4,37.3,37.2,37.2,37.2,Y,Y,Y,Y,Y,Y,Y,Y,Y,Y,Y,Y,Y,Y,Y,Y,Y,Y,Y,Boltonia decurrens,MBG Seed Bank,CCSD Seed Bank Freezer,NA,2023-12-01T00:00:00Z,Dormant,2883,Seed,Missouri Botanical Garden,Wild,Shaw Nature Reserve,NA,Project specific use only,2011-12-01T00:00:00Z,90,Smith,s.n.,11 Nov 1999,NA,NA,NA,NA,Open bottomland/floodplain,NA,Asteraceae,NA,NA
Boltonia_058,58,5-5-2,2011-2598-1,L7B,1180001,United States,Illinois,Jersey,38.961398423802066,-90.51481032460987,38.961398423802066, -90.51481032460987,NA,"Gilbert Lake, Maternal lines = 32, Seedheads = 98; 6 packets",2/29/24,3/7/24,4/12/24,N,0,1,16.7,19.2,19.2,2.3,2.5,2.5,NA,NA,NA,NA,NA,NA,NA,NA,NA,NA,NA,NA,NA,NA,NA,NA,NA,NA,0,0,0,0,0,0,0,0,1,2,2,11,9,9,10,14,27,29,23,NA,0,0,0,0,0,0,0,0,0,0,0,0,0,0,1,1,1,2,3,4,5,8,7,8,10,12,14,15,17,15,19,21,23,33,42,75,68,NA,0,0,0,0,0,0,0,0,1,3,2,3,5,3,5,4,3,3,7,12,11,11,12,9,8,9,2,0,0,0,0,3,3,8,6,9,8,12,21,20,NA,0,0,0,0,0,0,0,0,0,0,1,1,1,3,0,2,4,4,5,4,3,2,2,4,7,2,7,4,1,2,6,4,11,26,28,0,3,0,1,0,0,0,0,0,0,1,1,1,1,1,1,1,1,1,1,1,1,1,1,1,1,1,1,1,1,1,1997-5097-3,58,2.1,11.7,24.3,37.1,46.8,66,70.7,71.2,68.5,68.8,69.3,70.2,69.1,69.5,69.5,69.5,Y,Y,Y,Y,Y,Y,Y,Y,Y,Y,Y,Y,Y,Y,Y,Y,Y,Y,Y,Boltonia decurrens,MBG Seed Bank,CCSD Seed Bank Freezer,NA,2023-12-01T00:00:00Z,Dormant,9628,Seed,Missouri Botanical Garden,Wild,Shaw Nature Reserve,NA,Project specific use only,2011-12-01T00:00:00Z,98,Smith,s.n.,08 Nov 1997,NA,NA,NA,NA,Open bottomland/floodplain,NA,Asteraceae,NA,NA
Boltonia_059,59,10-5-6,2011-2620-1,7B,1180023,United States,Illinois,Morgan,39.8672223,-90.5533333,39.87546015928839, -90.55308508241013,NA,"Meredosia Lake, Maternal lines = 30, Seedheads = 90; 5 packets",3/1/24,3/10/24,4/12/24,NA,NA,0,7.6,12.9,16.2,1.3,1.1,1.3,NA,NA,NA,NA,NA,NA,NA,NA,NA,Strange looking leaves,NA,NA,NA,NA,NA,No basal leaves,NA,NA,0,0,0,0,0,0,0,0,0,0,0,0,0,0,0,1,5,10,27,NA,NA,0,0,0,0,0,0,0,0,NA,0,0,0,0,0,0,0,0,0,0,0,0,0,0,0,0,0,0,0,0,2,6,18,61,113,142,122,NA,NA,0,0,0,0,0,0,0,0,NA,0,0,0,0,0,0,0,0,0,1,1,1,1,1,1,1,1,NA,0,0,0,0,0,7,7,7,7,12,14,17,NA,NA,0,0,0,0,0,0,0,0,NA,0,0,0,0,0,0,0,0,0,0,0,0,0,0,0,0,0,0,0,0,3,12,27,50,45,15,21,1,1,0,0,0,0,0,0,1,0,0,0,0,0,0,1,1,1,1,1,1,1,1,1,1,1,1,1,1,1999-5094-2,59,NA,NA,2,9.4,22.1,35.8,46.9,44.2,26,78.2,87.1,82.1,81.6,81.6,81.6,81.6,Y,Y,Y,Y,Y,Y,Y,Y,Y,Y,Y,Y,Y,Y,Y,Y,Y,Y,Y,Boltonia decurrens,MBG Seed Bank,CCSD Seed Bank Freezer,NA,2023-12-01T00:00:00Z,Dormant,8756,Seed,Missouri Botanical Garden,Wild,Shaw Nature Reserve,NA,Project specific use only,2011-12-01T00:00:00Z,90,Smith,s.n.,07 Oct 1999,NA,NA,NA,NA,Open bottomland/floodplain,NA,Asteraceae,NA,NA
Boltonia_060,60,12-4-6,2011-2623-1,28C,1180026,United States,Illinois,Hennepin,41.34414603458205,-89.55849691836283,41.34414603458205, -89.55849691836283,NA,"Hennepin Bridge, Maternal lines = 30, Seedheads = 90; 6 packets",3/1/24,3/8/24,4/12/24,N,0,5,12.6,15.1,14.8,2.3,2.2,2.2,NA,NA,NA,NA,4 of 6 discs senesced,NA,NA,NA,NA,NA,NA,NA,NA,NA,NA,NA,NA,NA,5,0,0,3,3,4,5,5,9,9,9,9,8,11,15,16,19,18,20,NA,0,0,0,0,0,0,1,1,2,4,4,4,5,6,7,8,9,9,4,9,9,6,6,6,5,8,6,6,6,7,9,8,9,14,21,36,46,NA,1,2,4,4,5,2,6,7,5,2,2,0,0,1,1,1,3,3,8,9,9,9,8,6,4,8,3,0,5,6,4,6,6,8,8,8,10,22,39,51,NA,0,0,0,0,1,4,1,1,2,3,3,5,4,3,2,0,0,0,0,0,1,3,3,3,3,2,0,0,1,0,3,3,7,11,14,6,0,0,1,1,1,1,1,1,1,1,1,3,1,2,1,1,2,1,1,3,1,1,1,1,1,1,1,1,3,3,1999-5146-4,60,4.6,17.6,33.3,49.2,50.8,52.5,52.5,52.2,51,51.3,51,52.4,51.6,51.7,51.7,51.7,Y,Y,Y,Y,Y,Y,Y,Y,Y,Y,Y,Y,Y,Y,Y,Y,Y,Y,Y,Boltonia decurrens,MBG Seed Bank,CCSD Seed Bank Freezer,NA,2023-12-01T00:00:00Z,Dormant,2883,Seed,Missouri Botanical Garden,Wild,Shaw Nature Reserve,NA,Project specific use only,2011-12-01T00:00:00Z,90,Smith,s.n.,11 Nov 1999,NA,NA,NA,NA,Open bottomland/floodplain,NA,Asteraceae,NA,NA
Boltonia_061,61,13-1-10,2011-2613-1,17A,1180016,United States,Illinois,Fulton,40.2047222,-90.1994444,40.20813714639404, -90.18724497777134,NA,"Anderson Lake, Maternal lines = 30, Seedheads = 61; 2 packets",3/2/24,3/13/24,4/12/24,NA,NA,0,6,10.9,15.6,1.2,1.3,1.6,NA,NA,NA,NA,NA,NA,NA,NA,NA,NA,NA,NA,NA,NA,NA,NA,NA,NA,NA,NA,NA,NA,NA,NA,NA,NA,NA,NA,NA,NA,NA,NA,NA,NA,NA,NA,NA,NA,NA,NA,NA,NA,NA,NA,NA,NA,NA,NA,NA,NA,NA,NA,NA,NA,NA,NA,NA,NA,NA,NA,NA,NA,NA,NA,NA,NA,NA,NA,NA,NA,NA,NA,NA,NA,NA,NA,NA,NA,NA,NA,NA,NA,NA,NA,NA,NA,NA,NA,NA,NA,NA,NA,NA,NA,NA,NA,NA,NA,NA,NA,NA,NA,NA,NA,0,0,NA,NA,NA,NA,NA,NA,NA,10,13,16,NA,NA,NA,NA,NA,NA,NA,NA,NA,NA,NA,NA,NA,NA,NA,NA,NA,NA,NA,NA,NA,NA,NA,NA,NA,NA,NA,NA,NA,NA,NA,NA,NA,NA,NA,NA,NA,NA,1,1,1,1,1,1,1,1,1,1,1,1,4,0,0,0,0,0,0,0,0,0,0,0,0,0,0,0,0,2000-5016-2,61,NA,NA,NA,NA,NA,NA,NA,NA,NA,NA,NA,NA,NA,NA,NA,NA,Y,Y,Y,Y,Y,Y,Y,Y,Y,Y,Y,Y,Y,Y,Y,Y,Y,Y,Y,Boltonia decurrens,MBG Seed Bank,CCSD Seed Bank Freezer,NA,2023-12-01T00:00:00Z,Dormant,5913,Seed,Missouri Botanical Garden,Wild,Shaw Nature Reserve,NA,Project specific use only,2011-12-01T00:00:00Z,61,Smith,s.n.,01 Oct 2000,NA,NA,NA,NA,Open bottomland/floodplain,NA,Asteraceae,NA,NA
Boltonia_062,62,2-3-2,2011-2664-1,12,1180067,United States,Illinois,Fulton,40.2047222,-90.1994444,40.207444479612775, -90.1871999885973,NA,"Anderson Lake, Maternal lines = 31, Seedheads = 31",2/29/24,3/6/24,4/12/24,NA,0,3,14.1,22.5,24.5,1.6,1.7,1.7,NA,NA,NA,NA,NA,NA,NA,NA,NA,NA,NA,NA,NA,NA,NA,NA,NA,NA,NA,NA,NA,NA,NA,NA,NA,NA,NA,NA,NA,NA,NA,NA,NA,NA,NA,NA,NA,NA,NA,NA,NA,NA,NA,NA,NA,NA,NA,NA,NA,NA,NA,NA,NA,NA,NA,NA,NA,NA,NA,NA,NA,NA,NA,NA,NA,NA,NA,NA,NA,NA,NA,NA,NA,NA,NA,NA,NA,NA,NA,NA,NA,NA,NA,NA,NA,NA,NA,NA,NA,NA,NA,NA,NA,NA,NA,NA,NA,NA,NA,NA,NA,NA,NA,NA,0,0,NA,NA,NA,NA,NA,NA,NA,13,18,19,NA,NA,NA,NA,NA,NA,NA,NA,NA,NA,NA,NA,NA,NA,NA,NA,NA,NA,NA,NA,NA,NA,NA,NA,NA,NA,NA,NA,NA,NA,NA,NA,NA,NA,NA,NA,NA,NA,1,0,1,1,1,1,1,1,1,1,1,1,3,0,1,0,0,0,0,0,0,0,0,0,0,0,0,0,0,1997-5414-3,62,NA,1,NA,NA,NA,NA,NA,NA,NA,NA,NA,NA,NA,NA,NA,NA,Y,Y,Y,Y,Y,Y,Y,Y,Y,Y,Y,Y,Y,Y,Y,Y,Y,Y,Y,Boltonia decurrens,MBG Seed Bank,CCSD Seed Bank Freezer,NA,2023-12-01T00:00:00Z,Dormant,2875,Seed,Missouri Botanical Garden,Wild,Shaw Nature Reserve,NA,Project specific use only,2011-12-01T00:00:00Z,31,Smith,s.n.,21 Nov 1997,NA,NA,NA,NA,Open bottomland/floodplain,NA,Asteraceae,NA,NA
Boltonia_063,63,12-3-8,2011-2650-1,10C,1180053,United States,Illinois,Woodford,40.8852777,-89.4583333,40.84668797480775, -89.0297386240063,NA,"Woodford County, Maternal lines = 30, Seedheads = 90; 6 packets",3/1/24,3/13/24,4/12/24,NA,NA,0,9.6,15.6,21.7,2.3,2.6,3.1,NA,NA,NA,NA,NA,NA,NA,NA,NA,NA,NA,NA,NA,NA,NA,NA,NA,NA,NA,NA,NA,NA,NA,NA,NA,NA,NA,NA,NA,NA,NA,NA,NA,NA,NA,NA,NA,NA,NA,NA,NA,NA,NA,NA,NA,NA,NA,NA,NA,NA,NA,NA,NA,NA,NA,NA,NA,NA,NA,NA,NA,NA,NA,NA,NA,NA,NA,NA,NA,NA,NA,NA,NA,NA,NA,NA,NA,NA,NA,NA,NA,NA,NA,NA,NA,NA,NA,NA,NA,NA,NA,NA,NA,NA,NA,NA,NA,NA,NA,NA,NA,NA,NA,NA,0,0,NA,NA,NA,NA,NA,NA,NA,9,12,17,NA,NA,NA,NA,NA,NA,NA,NA,NA,NA,NA,NA,NA,NA,NA,NA,NA,NA,NA,NA,NA,NA,NA,NA,NA,NA,NA,NA,NA,NA,NA,NA,NA,NA,NA,NA,NA,NA,1,2,2,2,2,1,1,2,1,1,2,2,3,0,0,0,0,0,0,0,0,0,0,0,0,0,0,0,0,1999-5366-2,63,NA,NA,NA,NA,NA,NA,NA,NA,NA,NA,NA,NA,NA,NA,NA,NA,Y,Y,Y,Y,Y,Y,Y,Y,Y,Y,Y,Y,Y,Y,Y,Y,Y,Y,Y,Boltonia decurrens,MBG Seed Bank,CCSD Seed Bank Freezer,NA,2023-12-01T00:00:00Z,Dormant,8743,Seed,Missouri Botanical Garden,Wild,Shaw Nature Reserve,US-1-MO-2011-2650,Project specific use only,2011-12-01T00:00:00Z,90,Smith,s.n.,11 Nov 1999,NA,NA,NA,NA,Open bottomland/floodplain,NA,Asteraceae,NA,NA
Boltonia_064,64,12-1-9,2011-2599-1,7,1180002,United States,Illinois,Saint Clair,38.6494444,-90.1161111,38.651507278988504, -90.10298738781107,NA,"Fairmont City, Maternal lines = 28, Seedheads = 28; 2 packets",3/1/24,3/8/24,4/12/24,NA,0,0,14.3,20.7,21.6,2.3,3.2,3.4,NA,NA,NA,NA,NA,NA,NA,NA,NA,One lateral stem broken,NA,One lateral stem broken,NA,One lateral stem broken,NA,No basal leaves,NA,Several broken lateral stems,0,0,0,0,0,0,0,0,0,0,0,0,0,0,0,2,4,5,16,NA,0,0,0,0,0,0,0,0,0,0,0,0,0,0,0,0,0,0,0,0,0,0,0,0,0,1,1,2,2,2,3,3,5,5,8,28,146,NA,0,0,0,0,0,0,0,0,0,0,0,0,0,0,0,0,0,1,2,2,2,1,1,1,1,1,1,NA,0,0,0,0,0,7,7,7,10,10,12,17,NA,0,0,0,0,0,0,0,0,0,0,0,0,0,0,0,0,0,0,0,0,0,1,1,1,1,0,1,0,0,0,1,2,3,12,28,73,23,1,0,0,0,0,0,0,0,1,0,0,0,0,0,1,1,1,1,1,1,1,1,1,1,1,1,1,1,1,1997-5065-3,64,NA,0.8,8.8,19.1,32.6,48.8,62.1,58.9,79,93,89.9,118.8,121,119.9,119.9,119.9,Y,Y,Y,Y,Y,Y,Y,Y,Y,Y,Y,Y,Y,Y,Y,Y,Y,Y,Y,Boltonia decurrens,MBG Seed Bank,CCSD Seed Bank Freezer,NA,2023-12-01T00:00:00Z,Dormant,2632,Seed,Missouri Botanical Garden,Wild,Shaw Nature Reserve,NA,Project specific use only,2011-12-01T00:00:00Z,28,Smith,s.n.,05 Dec 1997,NA,NA,NA,NA,Open bottomland/floodplain,NA,Asteraceae,NA,NA
Boltonia_065,65,7-5-1,2011-2623-1,21A,1180026,United States,Illinois,Hennepin,41.34414603458205,-89.55849691836283,41.34414603458205, -89.55849691836283,NA,"Hennepin Bridge, Maternal lines = 30, Seedheads = 90; 6 packets",2/29/24,3/8/24,4/12/24,N,0,2,7.2,11.2,10.6,1.5,1.9,2.1,NA,NA,NA,Some discs senesced,5 of 9 discs senesced,All discs senesced,NA,NA,NA,NA,NA,NA,NA,NA,NA,NA,NA,NA,10,11,12,11,9,12,12,12,14,13,14,14,16,16,17,17,34,35,35,NA,0,0,0,0,0,0,0,1,0,4,4,7,8,9,12,11,11,12,0,1,2,2,3,2,1,3,5,6,6,7,5,22,32,53,44,73,48,NA,0,1,2,4,6,2,7,5,6,4,4,4,3,2,4,1,3,2,10,15,12,14,11,7,7,7,5,0,4,5,5,5,5,5,6,10,10,11,24,38,NA,0,0,0,0,0,2,2,3,2,4,5,2,0,0,0,0,0,0,1,2,0,1,1,0,1,2,0,1,1,3,4,9,11,18,6,2,0,0,1,1,1,1,1,1,1,2,1,1,1,2,1,1,1,1,1,1,1,1,1,1,1,1,1,1,1,1,1999-5139-2,65,2.4,8.3,21,31.2,31.9,33.5,33.4,33.2,32,31.7,32,31.9,33.3,32.5,32.5,32.5,Y,Y,Y,Y,Y,Y,Y,Y,Y,Y,Y,Y,Y,Y,Y,Y,Y,Y,Y,Boltonia decurrens,MBG Seed Bank,CCSD Seed Bank Freezer,NA,2023-12-01T00:00:00Z,Dormant,2883,Seed,Missouri Botanical Garden,Wild,Shaw Nature Reserve,NA,Project specific use only,2011-12-01T00:00:00Z,90,Smith,s.n.,11 Nov 1999,NA,NA,NA,NA,Open bottomland/floodplain,NA,Asteraceae,NA,NA
Boltonia_066,66,6-6-11,2011-2629-1,14A,1180032,United States,Illinois,Marshal,41.045,-89.4311111,41.02868892611459, -89.43846248262098,NA,"Sparland, Maternal lines = 30, Seedheads = 90; 3 packets",2/29/24,3/8/24,4/12/24,NA,0,0,14.2,22.1,24,2.1,2.4,2.6,NA,NA,NA,NA,NA,NA,NA,NA,NA,NA,NA,NA,NA,NA,NA,NA,NA,NA,0,0,0,0,0,0,0,0,0,0,0,0,0,0,0,0,26,35,31,NA,NA,0,0,0,0,0,0,0,0,0,0,0,0,0,0,0,0,0,0,0,0,0,0,0,0,0,0,0,0,0,1,8,31,78,81,77,82,NA,NA,0,0,0,0,0,0,0,0,0,0,0,0,0,0,0,0,0,0,0,0,0,0,0,0,0,0,NA,0,0,0,0,0,0,0,0,3,12,14,17,NA,NA,0,0,0,0,0,0,0,0,0,0,0,0,0,0,0,0,0,0,0,0,0,0,0,0,0,0,0,0,0,13,27,50,21,7,10,0,1,0,0,0,0,0,0,0,1,0,0,0,0,0,1,1,1,1,1,1,1,1,1,1,1,1,1,1,1,1999-5163-3,66,NA,0.6,1.6,8.7,20.6,40.7,53,50.3,74,90.9,101.2,140.5,153.9,155.6,154.8,154.8,Y,Y,Y,Y,Y,Y,Y,Y,Y,Y,Y,Y,Y,Y,Y,Y,Y,Y,Y,Boltonia decurrens,MBG Seed Bank,CCSD Seed Bank Freezer,NA,2023-12-01T00:00:00Z,Dormant,8786,Seed,Missouri Botanical Garden,Wild,Shaw Nature Reserve,NA,Project specific use only,2011-12-01T00:00:00Z,90,Smith,s.n.,11 Nov 1999,NA,NA,NA,NA,Open bottomland/floodplain,NA,Asteraceae,NA,NA
Boltonia_067,67,6-5-3,2011-2598-1,L4B,1180001,United States,Illinois,Jersey,38.961398423802066,-90.51481032460987,38.961398423802066, -90.51481032460987,NA,"Gilbert Lake, Maternal lines = 32, Seedheads = 98; 6 packets",2/29/24,3/5/24,4/12/24,N,0,4,16.5,18.5,18.2,3,3.1,2.7,NA,NA,NA,NA,4 of 6 discs senesced,6 of 10 discs senesced,NA,NA,NA,NA,NA,NA,NA,NA,NA,NA,NA,NA,5,3,0,3,3,7,7,8,9,10,11,15,14,15,20,25,40,43,42,NA,0,0,0,0,0,0,0,1,1,3,4,4,5,6,7,9,10,10,9,12,14,12,12,13,15,16,15,17,22,21,22,29,23,38,48,79,89,NA,1,1,2,4,3,0,4,6,4,4,3,4,5,5,5,7,4,5,8,12,6,10,8,6,10,8,4,0,5,5,4,5,5,8,9,6,7,20,29,36,NA,0,0,0,0,1,4,3,3,3,3,3,5,5,4,3,0,5,5,1,0,4,6,7,3,1,4,8,3,3,2,5,3,13,27,24,4,0,0,0,0,0,0,0,0,0,1,0,0,0,0,1,1,3,3,3,3,3,3,1,1,3,3,3,3,3,3,1997-5093-4,67,5.7,17.5,34,53.5,60.1,62.9,61.5,59.9,63,62.3,60.7,63.1,61.5,61.7,61.7,61.7,Y,Y,Y,Y,Y,Y,Y,Y,Y,Y,Y,Y,Y,Y,Y,Y,Y,Y,Y,Boltonia decurrens,MBG Seed Bank,CCSD Seed Bank Freezer,NA,2023-12-01T00:00:00Z,Dormant,9628,Seed,Missouri Botanical Garden,Wild,Shaw Nature Reserve,NA,Project specific use only,2011-12-01T00:00:00Z,98,Smith,s.n.,08 Nov 1997,NA,NA,NA,NA,Open bottomland/floodplain,NA,Asteraceae,NA,NA
Boltonia_068,68,9-6-6,2011-2636-1,12,1180039,United States,Illinois,Cass,40.010555600000004,-90.4458333,40.0178975293398, -90.42445029519197,NA,"Beardstown, Maternal lines = 52, Seedheads = 53; 3 packets",3/1/24,3/10/24,4/12/24,NA,NA,0,6.6,10.3,11.5,2.2,2.1,2.2,NA,NA,NA,NA,NA,NA,NA,NA,NA,NA,NA,NA,NA,NA,NA,NA,NA,NA,NA,NA,NA,NA,NA,NA,NA,NA,NA,NA,NA,NA,NA,NA,NA,NA,NA,NA,NA,NA,NA,NA,NA,NA,NA,NA,0,NA,NA,NA,NA,NA,NA,NA,NA,NA,NA,NA,NA,NA,NA,NA,NA,NA,NA,NA,NA,NA,NA,NA,NA,NA,NA,NA,NA,NA,NA,NA,NA,NA,NA,NA,NA,NA,0,NA,NA,NA,NA,NA,NA,NA,NA,NA,NA,NA,NA,NA,NA,NA,NA,NA,NA,NA,NA,NA,0,0,NA,NA,NA,NA,NA,NA,NA,15,19,22,NA,NA,NA,NA,NA,NA,NA,0,NA,NA,NA,NA,NA,NA,NA,NA,NA,NA,NA,NA,NA,NA,NA,NA,NA,NA,NA,NA,NA,NA,NA,NA,NA,NA,NA,NA,NA,NA,1,1,1,1,1,1,1,1,1,1,1,1,1,0,0,0,0,0,0,0,0,0,0,0,0,0,0,0,0,1997-5331-2,68,NA,NA,NA,NA,NA,NA,NA,NA,NA,NA,NA,NA,NA,NA,NA,NA,Y,Y,Y,Y,Y,Y,Y,Y,Y,Y,Y,Y,Y,Y,Y,Y,Y,Y,Y,Boltonia decurrens,MBG Seed Bank,CCSD Seed Bank Freezer,NA,2023-12-01T00:00:00Z,Dormant,5079,Seed,Missouri Botanical Garden,Wild,Shaw Nature Reserve,NA,Project specific use only,2011-12-01T00:00:00Z,53,Smith,s.n.,21 Nov 1997,NA,NA,NA,NA,Open bottomland/floodplain,NA,Asteraceae,NA,NA
Boltonia_069,69,6-6-6,2011-2636-1,10,1180039,United States,Illinois,Cass,40.010555600000004,-90.4458333,40.0178975293398, -90.42445029519197,NA,"Beardstown, Maternal lines = 52, Seedheads = 53; 3 packets",2/29/24,3/7/24,4/12/24,NA,NA,0,8.7,11.6,12.5,1.9,1.9,2.2,NA,NA,NA,NA,NA,NA,NA,NA,NA,NA,NA,NA,NA,NA,NA,NA,NA,NA,NA,NA,NA,NA,NA,NA,NA,NA,NA,NA,NA,NA,NA,NA,NA,NA,NA,NA,NA,NA,NA,NA,NA,NA,NA,NA,NA,NA,NA,NA,NA,NA,NA,NA,NA,NA,NA,NA,NA,NA,NA,NA,NA,NA,NA,NA,NA,NA,NA,NA,NA,NA,NA,NA,NA,NA,NA,NA,NA,NA,NA,NA,NA,NA,NA,NA,NA,NA,NA,NA,NA,NA,NA,NA,NA,NA,NA,NA,NA,NA,NA,NA,NA,NA,NA,NA,0,0,NA,NA,NA,NA,NA,NA,NA,13,16,19,NA,NA,NA,NA,NA,NA,NA,NA,NA,NA,NA,NA,NA,NA,NA,NA,NA,NA,NA,NA,NA,NA,NA,NA,NA,NA,NA,NA,NA,NA,NA,NA,NA,NA,NA,NA,NA,NA,1,1,1,1,1,1,1,1,1,1,1,1,3,0,0,0,0,0,0,0,0,0,0,0,0,0,0,0,0,1997-5329-4,69,NA,NA,NA,NA,NA,NA,NA,NA,NA,NA,NA,NA,NA,NA,NA,NA,Y,Y,Y,Y,Y,Y,Y,Y,Y,Y,Y,Y,Y,Y,Y,Y,Y,Y,Y,Boltonia decurrens,MBG Seed Bank,CCSD Seed Bank Freezer,NA,2023-12-01T00:00:00Z,Dormant,5079,Seed,Missouri Botanical Garden,Wild,Shaw Nature Reserve,NA,Project specific use only,2011-12-01T00:00:00Z,53,Smith,s.n.,21 Nov 1997,NA,NA,NA,NA,Open bottomland/floodplain,NA,Asteraceae,NA,NA
Boltonia_070,70,3-5-5,2011-2661-1,4A,1180064,United States,Illinois,Tazewell,40.69584983597212,-89.54394792156027,40.69584983597212, -89.54394792156027,NA,"Cooper park South, Maternal lines = 43, Seedheads = 73; 4 packets",2/29/24,3/7/24,4/12/24,NA,NA,0,7.2,11.9,15.7,1.6,2,2.2,NA,NA,NA,NA,NA,NA,NA,NA,NA,NA,NA,NA,NA,NA,NA,NA,NA,NA,NA,NA,NA,NA,NA,NA,NA,NA,NA,NA,NA,NA,NA,NA,NA,NA,NA,NA,NA,NA,NA,NA,NA,NA,NA,NA,NA,NA,NA,NA,NA,NA,NA,NA,NA,NA,NA,NA,NA,NA,NA,NA,NA,NA,NA,NA,NA,NA,NA,NA,NA,NA,NA,NA,NA,NA,NA,NA,NA,NA,NA,NA,NA,NA,NA,NA,NA,NA,NA,NA,NA,NA,NA,NA,NA,NA,NA,NA,NA,NA,NA,NA,NA,NA,NA,NA,0,0,NA,NA,NA,NA,NA,NA,NA,7,9,12,NA,NA,NA,NA,NA,NA,NA,NA,NA,NA,NA,NA,NA,NA,NA,NA,NA,NA,NA,NA,NA,NA,NA,NA,NA,NA,NA,NA,NA,NA,NA,NA,NA,NA,NA,NA,NA,NA,1,1,1,1,1,1,1,1,1,1,2,2,3,0,0,0,0,0,0,0,0,0,0,0,0,0,0,0,0,2000-5128-2,70,NA,NA,NA,NA,NA,NA,NA,NA,NA,NA,NA,NA,NA,NA,NA,NA,Y,Y,Y,Y,Y,Y,Y,Y,Y,Y,Y,Y,Y,Y,Y,Y,Y,Y,Y,Boltonia decurrens,MBG Seed Bank,CCSD Seed Bank Freezer,NA,2023-12-01T00:00:00Z,Dormant,6976,Seed,Missouri Botanical Garden,Wild,Shaw Nature Reserve,NA,Project specific use only,2011-12-01T00:00:00Z,73,Smith,s.n.,01 Oct 2000,NA,NA,NA,NA,Open bottomland/floodplain,NA,Asteraceae,NA,NA
Boltonia_071,71,12-4-2,2011-2620-1,19A,1180023,United States,Illinois,Morgan,39.8672223,-90.5533333,39.87546015928839, -90.55308508241013,NA,"Meredosia Lake, Maternal lines = 30, Seedheads = 90; 5 packets",3/1/24,3/9/24,4/12/24,NA,NA,0,9.1,14.8,17.9,1.8,1.6,1.6,NA,NA,NA,NA,NA,NA,NA,NA,NA,NA,NA,NA,NA,NA,NA,NA,NA,NA,NA,NA,NA,NA,NA,NA,NA,NA,NA,NA,NA,NA,NA,NA,NA,NA,NA,NA,NA,NA,NA,NA,NA,NA,NA,NA,NA,NA,NA,NA,NA,NA,NA,NA,NA,NA,NA,NA,NA,NA,NA,NA,NA,NA,NA,NA,NA,NA,NA,NA,NA,NA,NA,NA,NA,NA,NA,NA,NA,NA,NA,NA,NA,NA,NA,NA,NA,NA,NA,NA,NA,NA,NA,NA,NA,NA,NA,NA,NA,NA,NA,NA,NA,NA,NA,NA,0,0,NA,NA,NA,NA,NA,NA,NA,10,13,16,NA,NA,NA,NA,NA,NA,NA,NA,NA,NA,NA,NA,NA,NA,NA,NA,NA,NA,NA,NA,NA,NA,NA,NA,NA,NA,NA,NA,NA,NA,NA,NA,NA,NA,NA,NA,NA,NA,1,1,1,1,1,1,1,1,1,1,2,2,3,0,0,0,0,0,0,0,0,0,0,0,0,0,0,0,0,1999-5106-4,71,NA,NA,NA,NA,NA,NA,NA,NA,NA,NA,NA,NA,NA,NA,NA,NA,Y,Y,Y,Y,Y,Y,Y,Y,Y,Y,Y,Y,Y,Y,Y,Y,Y,Y,Y,Boltonia decurrens,MBG Seed Bank,CCSD Seed Bank Freezer,NA,2023-12-01T00:00:00Z,Dormant,8756,Seed,Missouri Botanical Garden,Wild,Shaw Nature Reserve,NA,Project specific use only,2011-12-01T00:00:00Z,90,Smith,s.n.,07 Oct 1999,NA,NA,NA,NA,Open bottomland/floodplain,NA,Asteraceae,NA,NA
Boltonia_072,72,8-3-4,2011-2609-1,X1,1180012,United States,Illinois,Madison,38.6891666,-90.0972222,38.69652811427051, -90.08592610430901,NA,"Horseshoe Lake, Maternal lines = 30, Seedheads = 90; 3 packets",2/29/24,3/8/24,4/12/24,NA,0,0,11.2,17.2,25,1.8,2.1,2.1,NA,NA,NA,NA,NA,NA,NA,NA,NA,Abnormal stem,NA,Abnormal stem,Abnormal stem,Abnormal stem,NA,"No flowers yet, some buds",NA,Abnormal stem,NA,NA,NA,NA,NA,0,0,0,0,0,0,0,0,0,0,0,0,0,0,NA,NA,NA,NA,NA,NA,NA,NA,NA,NA,NA,NA,NA,NA,NA,NA,NA,NA,NA,NA,NA,NA,NA,NA,0,0,0,0,0,0,0,0,0,0,0,0,0,11,NA,NA,NA,NA,NA,NA,NA,NA,NA,NA,NA,NA,NA,NA,NA,NA,NA,NA,NA,NA,NA,NA,NA,NA,0,0,0,0,NA,0,0,NA,NA,NA,NA,NA,0,0,9,14,15,NA,NA,NA,NA,NA,NA,NA,NA,NA,NA,NA,NA,NA,NA,NA,NA,NA,NA,NA,NA,NA,NA,NA,NA,0,0,0,0,0,0,0,0,0,0,0,0,5,7,1,0,1,1,1,1,1,1,1,1,0,0,1,0,1,0,0,0,0,0,0,0,0,1,1,1,1,1,1,2011-5036-2,72,NA,0.5,NA,NA,NA,NA,NA,NA,NA,NA,3.8,5.9,6.3,20,40.4,52.5,Y,Y,Y,Y,Y,Y,Y,Y,Y,Y,Y,Y,Y,Y,Y,Y,Y,Y,Y,Boltonia decurrens,MBG Seed Bank,CCSD Seed Bank Freezer,NA,2023-12-01T00:00:00Z,Dormant,8688,Seed,Missouri Botanical Garden,Wild,Shaw Nature Reserve,NA,Project specific use only,2011-12-01T00:00:00Z,3,Smith,s.n.,01 Nov 2000,NA,NA,NA,NA,Open bottomland/floodplain,NA,Asteraceae,NA,NA
Boltonia_073,73,7-5-9,2011-2629-1,3B,1180032,United States,Illinois,Marshal,41.045,-89.4311111,41.02868892611459, -89.43846248262098,NA,"Sparland, Maternal lines = 30, Seedheads = 90; 3 packets",2/29/24,3/8/24,4/12/24,NA,NA,0,8.1,15.7,21.8,1.2,1.7,2,NA,NA,NA,NA,NA,NA,NA,NA,NA,NA,NA,NA,NA,NA,NA,NA,NA,NA,NA,NA,NA,NA,NA,NA,NA,NA,NA,NA,NA,NA,NA,NA,NA,NA,NA,NA,NA,NA,NA,NA,NA,NA,NA,NA,NA,NA,NA,NA,NA,NA,NA,NA,NA,NA,NA,NA,NA,NA,NA,NA,NA,NA,NA,NA,NA,NA,NA,NA,NA,NA,NA,NA,NA,NA,NA,NA,NA,NA,NA,NA,NA,NA,NA,NA,NA,NA,NA,NA,NA,NA,NA,NA,NA,NA,NA,NA,NA,NA,NA,NA,NA,NA,NA,NA,0,0,NA,NA,NA,NA,NA,NA,NA,9,11,14,NA,NA,NA,NA,NA,NA,NA,NA,NA,NA,NA,NA,NA,NA,NA,NA,NA,NA,NA,NA,NA,NA,NA,NA,NA,NA,NA,NA,NA,NA,NA,NA,NA,NA,NA,NA,NA,NA,1,1,1,1,1,1,1,1,1,1,1,2,2,0,0,0,0,0,0,0,0,0,0,0,0,0,0,0,0,1999-5152-2,73,NA,NA,NA,NA,NA,NA,NA,NA,NA,NA,NA,NA,NA,NA,NA,NA,Y,Y,Y,Y,Y,Y,Y,Y,Y,Y,Y,Y,Y,Y,Y,Y,Y,Y,Y,Boltonia decurrens,MBG Seed Bank,CCSD Seed Bank Freezer,NA,2023-12-01T00:00:00Z,Dormant,8786,Seed,Missouri Botanical Garden,Wild,Shaw Nature Reserve,NA,Project specific use only,2011-12-01T00:00:00Z,90,Smith,s.n.,11 Nov 1999,NA,NA,NA,NA,Open bottomland/floodplain,NA,Asteraceae,NA,NA
Boltonia_074,74,4-3-7,2011-2666-1,19C,1180069,United States,Illinois,Fulton,40.4925,-89.9022222,40.46699902833787, -89.9485498557629,NA,"Rice Lake, Maternal lines = 30, Seedheads = 90; 3 packets",2/29/24,3/8/24,4/12/24,N,Y,6,15.6,16.1,15.5,2.1,2.6,2.5,NA,NA,NA,NA,9 of 13 discs senesced,14 of 17 discs senesced,NA,NA,NA,NA,NA,NA,NA,NA,NA,NA,NA,NA,14,0,0,11,14,17,16,16,17,17,19,19,20,20,21,23,27,30,34,0,0,0,0,0,0,1,3,4,3,8,7,10,13,13,15,17,17,17,3,8,17,6,4,3,7,9,11,14,18,18,21,28,44,54,74,81,57,1,3,5,5,6,7,3,8,7,4,3,1,0,0,0,0,1,2,4,9,15,12,11,14,13,7,8,4,0,6,6,6,6,6,6,12,14,12,23,47,45,0,0,0,0,1,2,7,2,4,7,6,8,5,4,4,2,0,0,0,1,1,2,4,5,5,2,4,6,2,3,5,5,4,12,12,8,4,0,0,2,2,2,2,1,2,2,1,2,4,3,3,1,1,1,1,1,1,1,1,1,1,1,1,1,1,1,1,1999-5018-3,74,6.3,20.8,37,47.2,47,48.7,48.8,49.6,47,47.7,47,46.8,48.2,47.9,47.9,47.9,Y,Y,Y,Y,Y,Y,Y,Y,Y,Y,Y,Y,Y,Y,Y,Y,Y,Y,Y,Boltonia decurrens,MBG Seed Bank,CCSD Seed Bank Freezer,NA,2023-12-01T00:00:00Z,Dormant,8574,Seed,Missouri Botanical Garden,Wild,Shaw Nature Reserve,NA,Project specific use only,2011-12-01T00:00:00Z,90,Smith,s.n.,14 Oct 1999,NA,NA,NA,NA,Open bottomland/floodplain,NA,Asteraceae,NA,NA
Boltonia_075,75,9-2-2,2011-2638-1,24B,1180041,United States,Illinois,Scott,39.7852777,-90.5902777,39.786569766256626, -90.58910563509704,Smith Lake,NA,2/29/24,3/7/24,4/12/24,NA,NA,0,6.2,8.9,12.2,1.7,1.9,1.7,NA,NA,NA,NA,NA,NA,NA,NA,NA,Abnormal stem,NA,Abnormal stem,Abnormal stem,NA,NA,NA,NA,NA,NA,NA,NA,NA,NA,NA,NA,NA,NA,0,0,0,0,0,0,0,0,0,0,NA,NA,NA,NA,NA,NA,NA,NA,NA,NA,NA,NA,NA,NA,NA,NA,NA,NA,NA,NA,NA,NA,NA,NA,NA,NA,NA,NA,0,0,0,0,0,0,0,0,19,113,NA,NA,NA,NA,NA,NA,NA,NA,NA,NA,NA,NA,NA,NA,NA,NA,NA,NA,NA,NA,NA,NA,NA,NA,NA,NA,NA,NA,NA,0,0,NA,NA,NA,NA,NA,NA,0,7,10,12,NA,NA,NA,NA,NA,NA,NA,NA,NA,NA,NA,NA,NA,NA,NA,NA,NA,NA,NA,NA,NA,NA,NA,NA,NA,NA,NA,NA,0,0,0,0,0,0,2,17,53,0,1,1,1,1,1,1,1,1,1,1,1,0,1,0,0,0,0,0,0,0,0,0,0,0,1,1,1,2,2,1998-5200-2,75,NA,NA,NA,NA,NA,NA,NA,NA,NA,NA,NA,4.8,11.2,26.3,82.2,85.9,Y,Y,Y,Y,Y,Y,Y,Y,Y,Y,Y,Y,Y,Y,Y,Y,Y,Y,Y,Boltonia decurrens,MBG Seed Bank,CCSD Seed Bank Freezer,NA,2023-12-01T00:00:00Z,Dormant,7818,Seed,Missouri Botanical Garden,Wild,Shaw Nature Reserve,US-1-MO-2011-2638,Project specific use only,2011-12-01T00:00:00Z,81,Smith,s.n.,11 Nov 1998,Maternal Lines,NA,NA,NA,Open bottomland/floodplain,NA,Asteraceae,NA,NA
Boltonia_076,76,6-5-10,2011-2620-1,20A,1180023,United States,Illinois,Morgan,39.8672223,-90.5533333,39.87546015928839, -90.55308508241013,NA,"Meredosia Lake, Maternal lines = 30, Seedheads = 90; 5 packets",2/29/24,3/7/24,4/12/24,NA,NA,0,8.8,11.8,16.5,1.4,1.3,1.3,NA,NA,NA,NA,NA,NA,NA,NA,NA,NA,NA,NA,NA,NA,NA,NA,NA,NA,NA,NA,NA,NA,NA,NA,NA,NA,NA,NA,NA,NA,NA,NA,NA,NA,NA,NA,NA,NA,NA,NA,NA,NA,NA,NA,NA,NA,NA,NA,NA,NA,NA,NA,NA,NA,NA,NA,NA,NA,NA,NA,NA,NA,NA,NA,NA,NA,NA,NA,NA,NA,NA,NA,NA,NA,NA,NA,NA,NA,NA,NA,NA,NA,NA,NA,NA,NA,NA,NA,NA,NA,NA,NA,NA,NA,NA,NA,NA,NA,NA,NA,NA,NA,NA,NA,0,0,NA,NA,NA,NA,NA,NA,NA,12,13,16,NA,NA,NA,NA,NA,NA,NA,NA,NA,NA,NA,NA,NA,NA,NA,NA,NA,NA,NA,NA,NA,NA,NA,NA,NA,NA,NA,NA,NA,NA,NA,NA,NA,NA,NA,NA,NA,NA,1,1,1,1,1,1,1,1,1,1,1,1,1,0,0,0,0,0,0,0,0,0,0,0,0,0,0,0,0,1999-5107-2,76,NA,NA,NA,NA,NA,NA,NA,NA,NA,NA,NA,NA,NA,NA,NA,NA,Y,Y,Y,Y,Y,Y,Y,Y,Y,Y,Y,Y,Y,Y,Y,Y,Y,Y,Y,Boltonia decurrens,MBG Seed Bank,CCSD Seed Bank Freezer,NA,2023-12-01T00:00:00Z,Dormant,8756,Seed,Missouri Botanical Garden,Wild,Shaw Nature Reserve,NA,Project specific use only,2011-12-01T00:00:00Z,90,Smith,s.n.,07 Oct 1999,NA,NA,NA,NA,Open bottomland/floodplain,NA,Asteraceae,NA,NA
Boltonia_077,77,3-6-2,2011-2650-1,19C,1180053,United States,Illinois,Woodford,40.8852777,-89.4583333,40.84668797480775, -89.0297386240063,NA,"Woodford County, Maternal lines = 30, Seedheads = 90; 6 packets",2/29/24,3/8/24,4/12/24,NA,NA,0,7,10.4,17.3,1.7,1.8,2.3,NA,NA,NA,NA,NA,NA,NA,NA,NA,NA,NA,NA,NA,NA,NA,NA,NA,NA,NA,NA,NA,NA,NA,NA,NA,NA,NA,NA,NA,NA,NA,NA,NA,NA,NA,NA,NA,NA,NA,NA,NA,NA,NA,NA,NA,NA,NA,NA,NA,NA,NA,NA,NA,NA,NA,NA,NA,NA,NA,NA,NA,NA,NA,NA,NA,NA,NA,NA,NA,NA,NA,NA,NA,NA,NA,NA,NA,NA,NA,NA,NA,NA,NA,NA,NA,NA,NA,NA,NA,NA,NA,NA,NA,NA,NA,NA,NA,NA,NA,NA,NA,NA,NA,NA,0,0,NA,NA,NA,NA,NA,NA,NA,10,14,17,NA,NA,NA,NA,NA,NA,NA,NA,NA,NA,NA,NA,NA,NA,NA,NA,NA,NA,NA,NA,NA,NA,NA,NA,NA,NA,NA,NA,NA,NA,NA,NA,NA,NA,NA,NA,NA,NA,1,1,1,1,1,1,1,1,1,1,1,1,1,0,0,0,0,0,0,0,0,0,0,0,0,0,0,0,0,1999-5375-2,77,NA,NA,NA,NA,NA,NA,NA,NA,NA,NA,NA,NA,NA,NA,NA,NA,Y,Y,Y,Y,Y,Y,Y,Y,Y,Y,Y,Y,Y,Y,Y,Y,Y,Y,Y,Boltonia decurrens,MBG Seed Bank,CCSD Seed Bank Freezer,NA,2023-12-01T00:00:00Z,Dormant,8743,Seed,Missouri Botanical Garden,Wild,Shaw Nature Reserve,US-1-MO-2011-2650,Project specific use only,2011-12-01T00:00:00Z,90,Smith,s.n.,11 Nov 1999,NA,NA,NA,NA,Open bottomland/floodplain,NA,Asteraceae,NA,NA
Boltonia_078,78,8-2-6,2011-2659-1,11A,1180062,United States,Illinois,Frederick,40.07116308939078,-90.42957195888599,40.07116308939078, -90.42957195888599,NA,"Frederick Landing, Maternal lines = 15, Seedheads = 44; 2 packets",2/29/24,3/7/24,4/12/24,N,0,1,12.6,14.6,14.5,2.2,2.3,2.2,NA,NA,NA,NA,NA,11 of 15 discs senesced,NA,NA,NA,NA,NA,NA,NA,NA,NA,NA,NA,NA,12,0,0,9,11,14,13,16,17,18,18,19,19,19,20,21,25,33,31,NA,0,0,0,0,0,0,0,0,0,1,1,5,6,3,10,13,15,17,3,17,17,7,6,3,4,2,1,1,7,7,14,16,21,33,49,94,96,NA,1,1,1,4,7,3,11,11,8,5,6,5,5,4,6,5,3,4,7,15,16,18,17,18,18,23,14,0,6,6,5,6,6,7,12,10,10,11,26,38,NA,0,0,0,0,0,3,2,4,5,8,8,9,8,8,3,2,3,0,2,0,1,1,0,0,0,0,3,5,2,4,2,4,20,42,38,10,3,0,2,2,2,2,2,2,2,1,2,2,2,2,1,1,1,1,1,1,1,1,1,1,1,1,1,1,1,1,2011-5009-2,78,4.1,11.8,24.6,41.7,46.8,51.7,51.7,52.4,47,52.9,50.8,47.9,50.8,50.7,50.7,50.7,Y,Y,Y,Y,Y,Y,Y,Y,Y,Y,Y,Y,Y,Y,Y,Y,Y,Y,Y,Boltonia decurrens,MBG Seed Bank,CCSD Seed Bank Freezer,NA,2023-12-01T00:00:00Z,Dormant,4101,Seed,Missouri Botanical Garden,Wild,Shaw Nature Reserve,US-1-MO-2011-2659,Project specific use only,2011-12-01T00:00:00Z,44,Smith,s.n.,01 Dec 2011,NA,NA,NA,NA,Open bottomland/floodplain,NA,Asteraceae,NA,NA
Boltonia_079,79,2-1-4,2011-2675-1,29B,1180078,United States,Illinois,Schuyler,40.0672223,-90.4275,40.07010712467176, -90.42899627731745,NA,"Frederick Borrow Pit, Maternal lines = 30, Seedheads = 90; 3 packets",2/29/24,3/8/24,4/12/24,NA,NA,0,10.1,14.3,21,1.5,1.6,2.1,NA,NA,NA,NA,NA,NA,NA,NA,NA,NA,NA,NA,NA,NA,NA,NA,NA,NA,NA,NA,NA,NA,NA,NA,NA,NA,NA,NA,NA,NA,NA,NA,NA,NA,NA,NA,NA,NA,NA,NA,NA,NA,NA,NA,NA,NA,NA,NA,NA,NA,NA,NA,NA,NA,NA,NA,NA,NA,NA,NA,NA,NA,NA,NA,NA,NA,NA,NA,NA,NA,NA,NA,NA,NA,NA,NA,NA,NA,NA,NA,NA,NA,NA,NA,NA,NA,NA,NA,NA,NA,NA,NA,NA,NA,NA,NA,NA,NA,NA,NA,NA,NA,NA,NA,0,0,NA,NA,NA,NA,NA,NA,NA,11,11,14,NA,NA,NA,NA,NA,NA,NA,NA,NA,NA,NA,NA,NA,NA,NA,NA,NA,NA,NA,NA,NA,NA,NA,NA,NA,NA,NA,NA,NA,NA,NA,NA,NA,NA,NA,NA,NA,NA,1,1,1,1,1,1,1,1,1,1,1,1,1,0,0,0,0,0,0,0,0,0,0,0,0,0,0,0,0,1999-5416-2,79,NA,NA,NA,NA,NA,NA,NA,NA,NA,NA,NA,NA,NA,NA,NA,NA,Y,Y,Y,Y,Y,Y,Y,Y,Y,Y,Y,Y,Y,Y,Y,Y,Y,Y,Y,Boltonia decurrens,MBG Seed Bank,CCSD Seed Bank Freezer,NA,2023-12-01T00:00:00Z,Dormant,8728,Seed,Missouri Botanical Garden,Wild,Shaw Nature Reserve,NA,Project specific use only,2011-12-01T00:00:00Z,90,Smith,s.n.,07 Oct 1999,NA,NA,NA,NA,Open bottomland/floodplain,NA,Asteraceae,NA,NA
Boltonia_080,80,7-1-8,2011-2650-1,27B,1180053,United States,Illinois,Woodford,40.8852777,-89.4583333,40.84668797480775, -89.0297386240063,NA,"Woodford County, Maternal lines = 30, Seedheads = 90; 6 packets",2/29/24,3/12/24,4/12/24,NA,NA,0,8.2,11.5,18.1,1.8,1.8,2,NA,NA,NA,NA,NA,NA,NA,NA,NA,NA,NA,NA,NA,NA,NA,NA,NA,NA,NA,NA,NA,NA,NA,NA,NA,NA,NA,NA,NA,NA,NA,NA,NA,NA,NA,NA,NA,NA,NA,NA,NA,NA,NA,NA,NA,NA,NA,NA,NA,NA,NA,NA,NA,NA,NA,NA,NA,NA,NA,NA,NA,NA,NA,NA,NA,NA,NA,NA,NA,NA,NA,NA,NA,NA,NA,NA,NA,NA,NA,NA,NA,NA,NA,NA,NA,NA,NA,NA,NA,NA,NA,NA,NA,NA,NA,NA,NA,NA,NA,NA,NA,NA,NA,NA,0,0,NA,NA,NA,NA,NA,NA,NA,8,11,14,NA,NA,NA,NA,NA,NA,NA,NA,NA,NA,NA,NA,NA,NA,NA,NA,NA,NA,NA,NA,NA,NA,NA,NA,NA,NA,NA,NA,NA,NA,NA,NA,NA,NA,NA,NA,NA,NA,1,1,1,1,1,1,1,1,1,1,2,3,3,0,0,0,0,0,0,0,0,0,0,0,0,0,0,0,0,1999-5383-3,80,NA,NA,NA,NA,NA,NA,NA,NA,NA,NA,NA,NA,NA,NA,NA,NA,Y,Y,Y,Y,Y,Y,Y,Y,Y,Y,Y,Y,Y,Y,Y,Y,Y,Y,Y,Boltonia decurrens,MBG Seed Bank,CCSD Seed Bank Freezer,NA,2023-12-01T00:00:00Z,Dormant,8743,Seed,Missouri Botanical Garden,Wild,Shaw Nature Reserve,US-1-MO-2011-2650,Project specific use only,2011-12-01T00:00:00Z,90,Smith,s.n.,11 Nov 1999,NA,NA,NA,NA,Open bottomland/floodplain,NA,Asteraceae,NA,NA
Boltonia_081,81,5-6-6,2011-2623-1,28C,1180026,United States,Illinois,Hennepin,41.34414603458205,-89.55849691836283,41.34414603458205, -89.55849691836283,NA,"Hennepin Bridge, Maternal lines = 30, Seedheads = 90; 6 packets",2/29/24,3/8/24,4/12/24,NA,NA,0,9.9,16,19.3,1.7,2.1,2.2,NA,NA,NA,NA,NA,NA,NA,NA,NA,NA,NA,NA,NA,NA,NA,NA,NA,NA,NA,NA,NA,NA,NA,NA,NA,NA,NA,NA,NA,NA,NA,NA,NA,NA,NA,NA,NA,NA,NA,NA,NA,NA,NA,NA,NA,NA,NA,NA,NA,NA,NA,NA,NA,NA,NA,NA,NA,NA,NA,NA,NA,NA,NA,NA,NA,NA,NA,NA,NA,NA,NA,NA,NA,NA,NA,NA,NA,NA,NA,NA,NA,NA,NA,NA,NA,NA,NA,NA,NA,NA,NA,NA,NA,NA,NA,NA,NA,NA,NA,NA,NA,NA,NA,NA,0,0,NA,NA,NA,NA,NA,NA,NA,16,24,29,NA,NA,NA,NA,NA,NA,NA,NA,NA,NA,NA,NA,NA,NA,NA,NA,NA,NA,NA,NA,NA,NA,NA,NA,NA,NA,NA,NA,NA,NA,NA,NA,NA,NA,NA,NA,NA,NA,2,2,2,2,2,1,1,2,1,2,3,2,2,0,0,0,0,0,0,0,0,0,0,0,0,0,0,0,0,1999-5146-3,81,NA,NA,NA,NA,NA,NA,NA,NA,NA,NA,NA,NA,NA,NA,NA,NA,Y,Y,Y,Y,Y,Y,Y,Y,Y,Y,Y,Y,Y,Y,Y,Y,Y,Y,Y,Boltonia decurrens,MBG Seed Bank,CCSD Seed Bank Freezer,NA,2023-12-01T00:00:00Z,Dormant,2883,Seed,Missouri Botanical Garden,Wild,Shaw Nature Reserve,NA,Project specific use only,2011-12-01T00:00:00Z,90,Smith,s.n.,11 Nov 1999,NA,NA,NA,NA,Open bottomland/floodplain,NA,Asteraceae,NA,NA
Boltonia_082,82,2-4-9,2011-2636-1,21,1180039,United States,Illinois,Cass,40.010555600000004,-90.4458333,40.0178975293398, -90.42445029519197,NA,"Beardstown, Maternal lines = 52, Seedheads = 53; 3 packets",2/29/24,3/6/24,4/12/24,NA,NA,0,11.1,13.4,15.8,2.2,2.1,2.3,NA,NA,NA,NA,NA,NA,NA,NA,NA,NA,NA,NA,NA,NA,NA,NA,NA,NA,NA,NA,NA,NA,NA,NA,NA,NA,NA,NA,NA,NA,NA,NA,NA,NA,NA,NA,NA,NA,NA,NA,NA,NA,NA,NA,NA,NA,NA,NA,NA,NA,NA,NA,NA,NA,NA,NA,NA,NA,NA,NA,NA,NA,NA,NA,NA,NA,NA,NA,NA,NA,NA,NA,NA,NA,NA,NA,NA,NA,NA,NA,NA,NA,NA,NA,NA,NA,NA,NA,NA,NA,NA,NA,NA,NA,NA,NA,NA,NA,NA,NA,NA,NA,NA,NA,0,0,NA,NA,NA,NA,NA,NA,NA,10,10,15,NA,NA,NA,NA,NA,NA,NA,NA,NA,NA,NA,NA,NA,NA,NA,NA,NA,NA,NA,NA,NA,NA,NA,NA,NA,NA,NA,NA,NA,NA,NA,NA,NA,NA,NA,NA,NA,NA,1,1,1,1,1,1,1,1,1,1,1,1,4,0,0,0,0,0,0,0,0,0,0,0,0,0,0,0,0,1997-5340-3,82,NA,NA,NA,NA,NA,NA,NA,NA,NA,NA,NA,NA,NA,NA,NA,NA,Y,Y,Y,Y,Y,Y,Y,Y,Y,Y,Y,Y,Y,Y,Y,Y,Y,Y,Y,Boltonia decurrens,MBG Seed Bank,CCSD Seed Bank Freezer,NA,2023-12-01T00:00:00Z,Dormant,5079,Seed,Missouri Botanical Garden,Wild,Shaw Nature Reserve,NA,Project specific use only,2011-12-01T00:00:00Z,53,Smith,s.n.,21 Nov 1997,NA,NA,NA,NA,Open bottomland/floodplain,NA,Asteraceae,NA,NA
Boltonia_083,83,2-2-2,2011-2598-1,S11C,1180001,United States,Illinois,Jersey,38.961398423802066,-90.51481032460987,38.961398423802066, -90.51481032460987,NA,"Gilbert Lake, Maternal lines = 32, Seedheads = 98; 6 packets",2/29/24,3/17/34,4/12/24,NA,NA,0,6.5,13.1,21.4,1.7,2.4,2.5,NA,NA,NA,NA,NA,NA,NA,NA,NA,NA,NA,NA,NA,NA,NA,NA,NA,NA,NA,NA,NA,NA,NA,NA,0,0,0,0,0,0,0,0,0,0,0,0,NA,NA,NA,NA,NA,NA,NA,NA,NA,NA,NA,NA,NA,NA,NA,NA,NA,NA,NA,NA,NA,NA,NA,NA,NA,NA,0,0,0,0,0,0,0,0,0,1,3,32,NA,NA,NA,NA,NA,NA,NA,NA,NA,NA,NA,NA,NA,NA,NA,NA,NA,NA,NA,NA,NA,NA,NA,NA,NA,NA,0,0,0,NA,0,0,NA,NA,NA,NA,NA,0,0,8,8,10,NA,NA,NA,NA,NA,NA,NA,NA,NA,NA,NA,NA,NA,NA,NA,NA,NA,NA,NA,NA,NA,NA,NA,NA,NA,0,0,0,0,0,0,0,0,1,11,31,24,NA,1,1,1,1,1,1,1,1,1,1,0,0,0,0,0,0,0,0,0,0,0,0,0,1,1,1,1,1,0,1997-5111-4,83,NA,NA,NA,NA,NA,NA,NA,NA,NA,NA,8.7,48.1,86.1,134.1,142.7,NA,Y,Y,Y,Y,Y,Y,Y,Y,Y,Y,Y,Y,Y,Y,Y,Y,Y,Y,Y,Boltonia decurrens,MBG Seed Bank,CCSD Seed Bank Freezer,NA,2023-12-01T00:00:00Z,Dormant,9628,Seed,Missouri Botanical Garden,Wild,Shaw Nature Reserve,NA,Project specific use only,2011-12-01T00:00:00Z,98,Smith,s.n.,08 Nov 1997,NA,NA,NA,NA,Open bottomland/floodplain,NA,Asteraceae,NA,NA
Boltonia_084,84,2-5-9,2011-2675-1,5A,1180078,United States,Illinois,Schuyler,40.0672223,-90.4275,40.07010712467176, -90.42899627731745,NA,"Frederick Borrow Pit, Maternal lines = 30, Seedheads = 90; 3 packets",2/29/24,3/8/24,4/12/24,N,0,7,11.5,12.5,12.8,2.2,2.3,2.1,NA,NA,NA,NA,3 of 6 discs senesced,7 of 8 discs senesced,NA,NA,NA,NA,NA,NA,NA,NA,NA,NA,NA,NA,7,4,3,4,7,7,6,7,8,8,8,8,8,10,9,15,18,18,0,NA,0,0,0,0,0,0,1,2,3,3,3,4,6,6,7,7,8,8,1,4,5,5,2,4,4,6,6,8,9,9,11,11,12,9,17,26,62,NA,1,2,2,3,2,1,3,3,2,2,1,1,0,0,1,2,1,2,5,6,7,7,6,4,5,5,6,0,10,6,3,5,4,6,7,11,5,9,23,15,NA,0,0,0,0,2,3,2,1,1,3,4,3,2,2,1,0,0,1,0,1,2,2,2,1,3,1,2,2,0,2,1,1,0,5,9,2,0,0,1,1,1,1,1,1,1,2,2,1,1,1,1,1,1,1,1,1,1,1,1,1,1,1,1,1,1,1,1999-5392-2,84,6.6,16.8,27.5,38,38.7,40.6,46.1,47.8,39,38.9,45.2,39.5,47,42.5,42.5,124.5,Y,Y,Y,Y,Y,Y,Y,Y,Y,Y,Y,Y,Y,Y,Y,Y,Y,Y,Y,Boltonia decurrens,MBG Seed Bank,CCSD Seed Bank Freezer,NA,2023-12-01T00:00:00Z,Dormant,8728,Seed,Missouri Botanical Garden,Wild,Shaw Nature Reserve,NA,Project specific use only,2011-12-01T00:00:00Z,90,Smith,s.n.,07 Oct 1999,NA,NA,NA,NA,Open bottomland/floodplain,NA,Asteraceae,NA,NA
Boltonia_085,85,2-3-10,2011-2650-1,1A,1180053,United States,Illinois,Woodford,40.8852777,-89.4583333,40.84668797480775, -89.0297386240063,NA,"Woodford County, Maternal lines = 30, Seedheads = 90; 6 packets",2/29/24,3/6/24,4/12/24,NA,NA,0,11.7,17.4,21.8,2.2,2.8,3.3,NA,NA,NA,NA,NA,NA,NA,NA,NA,NA,NA,NA,NA,NA,NA,No basal leaves,NA,NA,0,0,0,0,0,0,0,0,0,0,0,0,0,0,0,0,6,5,31,NA,NA,0,0,0,0,0,0,0,0,0,0,0,0,0,0,0,0,0,0,0,0,0,0,0,0,0,0,0,0,0,2,6,15,33,58,73,47,NA,NA,0,0,0,0,0,0,0,0,0,0,0,0,0,0,0,0,0,0,0,0,0,0,0,0,1,1,NA,0,0,0,0,0,0,0,0,8,10,10,14,NA,NA,0,0,0,0,0,0,0,0,0,0,0,0,0,0,0,0,0,0,0,0,0,0,0,0,0,0,0,1,1,6,11,28,30,39,8,0,1,1,0,0,0,0,1,0,0,1,0,0,0,0,0,1,1,1,1,1,1,1,1,1,1,1,1,1,1,1999-5357-3,85,NA,NA,3.7,13.1,24.5,41.9,47,58.2,62.2,92,106.2,146.5,146.5,148.8,147.7,42.5,Y,Y,Y,Y,Y,Y,Y,Y,Y,Y,Y,Y,Y,Y,Y,Y,Y,Y,Y,Boltonia decurrens,MBG Seed Bank,CCSD Seed Bank Freezer,NA,2023-12-01T00:00:00Z,Dormant,8743,Seed,Missouri Botanical Garden,Wild,Shaw Nature Reserve,US-1-MO-2011-2650,Project specific use only,2011-12-01T00:00:00Z,90,Smith,s.n.,11 Nov 1999,NA,NA,NA,NA,Open bottomland/floodplain,NA,Asteraceae,NA,NA
Boltonia_086,86,7-1-2,2011-2638-1,30B,1180041,United States,Illinois,Scott,39.7852777,-90.5902777,39.786569766256626, -90.58910563509704,Smith Lake,NA,2/29/24,Unknown,4/12/24,NA,NA,0,1.6,4,8.5,1,1.1,1.3,NA,NA,NA,NA,NA,NA,NA,NA,NA,NA,NA,NA,NA,NA,NA,NA,NA,NA,NA,NA,NA,NA,NA,NA,NA,NA,NA,NA,NA,NA,NA,NA,NA,NA,NA,NA,8,NA,NA,NA,NA,NA,NA,NA,NA,NA,NA,NA,NA,NA,NA,NA,NA,NA,NA,NA,NA,NA,NA,NA,NA,NA,NA,NA,NA,NA,NA,NA,NA,NA,NA,NA,NA,NA,92,NA,NA,NA,NA,NA,NA,NA,NA,NA,NA,NA,NA,NA,NA,NA,NA,NA,NA,NA,NA,NA,NA,NA,NA,NA,NA,NA,NA,NA,0,0,NA,NA,NA,NA,NA,NA,NA,6,7,8,NA,NA,NA,NA,NA,NA,NA,NA,NA,NA,NA,NA,NA,NA,NA,NA,NA,NA,NA,NA,NA,NA,NA,NA,NA,NA,NA,NA,NA,NA,NA,NA,NA,NA,NA,NA,NA,3,1,1,1,1,1,1,1,1,1,1,1,1,1,0,0,0,0,0,0,0,0,0,0,0,0,0,0,0,1,1998-5205-3,86,NA,NA,NA,NA,NA,NA,NA,NA,NA,NA,NA,NA,NA,NA,NA,147.7,Y,Y,Y,Y,Y,Y,Y,Y,Y,Y,Y,Y,Y,Y,Y,Y,Y,Y,Y,Boltonia decurrens,MBG Seed Bank,CCSD Seed Bank Freezer,NA,2023-12-01T00:00:00Z,Dormant,7818,Seed,Missouri Botanical Garden,Wild,Shaw Nature Reserve,US-1-MO-2011-2638,Project specific use only,2011-12-01T00:00:00Z,81,Smith,s.n.,11 Nov 1998,Maternal Lines,NA,NA,NA,Open bottomland/floodplain,NA,Asteraceae,NA,NA
Boltonia_087,87,7-5-6,2011-2629-1,17B,1180032,United States,Illinois,Marshal,41.045,-89.4311111,41.02868892611459, -89.43846248262098,NA,"Sparland, Maternal lines = 30, Seedheads = 90; 3 packets",2/29/24,3/7/24,4/12/24,NA,NA,0,7.3,13.5,18.6,1.3,1.1,1.6,NA,NA,NA,NA,NA,NA,NA,NA,NA,NA,NA,NA,NA,NA,NA,NA,NA,NA,NA,NA,NA,NA,NA,NA,NA,NA,NA,NA,NA,NA,NA,NA,NA,NA,NA,NA,NA,NA,NA,NA,NA,NA,NA,NA,NA,NA,NA,NA,NA,NA,NA,NA,NA,NA,NA,NA,NA,NA,NA,NA,NA,NA,NA,NA,NA,NA,NA,NA,NA,NA,NA,NA,NA,NA,NA,NA,NA,NA,NA,NA,NA,NA,NA,NA,NA,NA,NA,NA,NA,NA,NA,NA,NA,NA,NA,NA,NA,NA,NA,NA,NA,NA,NA,NA,0,0,NA,NA,NA,NA,NA,NA,NA,17,9,12,NA,NA,NA,NA,NA,NA,NA,NA,NA,NA,NA,NA,NA,NA,NA,NA,NA,NA,NA,NA,NA,NA,NA,NA,NA,NA,NA,NA,NA,NA,NA,NA,NA,NA,NA,NA,NA,NA,1,1,1,1,1,1,1,1,1,1,1,2,2,0,0,0,0,0,0,0,0,0,0,0,0,0,0,0,0,1999-5166-2,87,NA,NA,NA,NA,NA,NA,NA,NA,NA,NA,NA,NA,NA,NA,NA,NA,Y,Y,Y,Y,Y,Y,Y,Y,Y,Y,Y,Y,Y,Y,Y,Y,Y,Y,Y,Boltonia decurrens,MBG Seed Bank,CCSD Seed Bank Freezer,NA,2023-12-01T00:00:00Z,Dormant,8786,Seed,Missouri Botanical Garden,Wild,Shaw Nature Reserve,NA,Project specific use only,2011-12-01T00:00:00Z,90,Smith,s.n.,11 Nov 1999,NA,NA,NA,NA,Open bottomland/floodplain,NA,Asteraceae,NA,NA
Boltonia_088,88,9-5-4,2011-2664-1,7,1180067,United States,Illinois,Fulton,40.2047222,-90.1994444,40.207444479612775, -90.1871999885973,NA,"Anderson Lake, Maternal lines = 31, Seedheads = 31",2/29/24,3/8/24,4/12/24,N,0,2,14.5,21.6,22.5,2,2.3,2.4,"Side stems at ground level look like rosettes, but wiggling center stem show really are attached at the base.",NA,NA,NA,NA,NA,NA,NA,NA,NA,NA,NA,NA,NA,NA,NA,NA,NA,NA,NA,NA,NA,NA,NA,NA,NA,NA,NA,NA,NA,NA,NA,NA,NA,NA,NA,NA,NA,NA,NA,NA,NA,NA,NA,NA,NA,NA,NA,NA,NA,NA,NA,NA,NA,NA,NA,NA,NA,NA,NA,NA,NA,NA,NA,NA,NA,NA,NA,NA,NA,NA,NA,NA,NA,NA,NA,NA,NA,NA,NA,NA,NA,NA,NA,NA,NA,NA,NA,NA,NA,NA,NA,NA,NA,NA,NA,NA,NA,NA,NA,NA,NA,NA,0,0,0,NA,NA,NA,NA,NA,NA,NA,14,19,23,NA,NA,NA,NA,NA,NA,NA,NA,NA,NA,NA,NA,NA,NA,NA,NA,NA,NA,NA,NA,NA,NA,NA,NA,NA,NA,NA,NA,NA,NA,NA,NA,NA,NA,NA,NA,NA,NA,0,0,1,2,1,1,2,3,2,1,1,4,3,1,1,0,0,0,0,0,0,0,0,0,0,0,0,0,0,1997-5409-4,88,1.2,0.7,NA,NA,NA,NA,NA,NA,NA,NA,NA,NA,NA,NA,NA,NA,Y,Y,Y,Y,Y,Y,Y,Y,Y,Y,Y,Y,Y,Y,Y,Y,Y,Y,Y,Boltonia decurrens,MBG Seed Bank,CCSD Seed Bank Freezer,NA,2023-12-01T00:00:00Z,Dormant,2875,Seed,Missouri Botanical Garden,Wild,Shaw Nature Reserve,NA,Project specific use only,2011-12-01T00:00:00Z,31,Smith,s.n.,21 Nov 1997,NA,NA,NA,NA,Open bottomland/floodplain,NA,Asteraceae,NA,NA
Boltonia_089,89,6-6-9,2011-2629-1,1C,1180032,United States,Illinois,Marshal,41.045,-89.4311111,41.02868892611459, -89.43846248262098,NA,"Sparland, Maternal lines = 30, Seedheads = 90; 3 packets",2/29/24,3/7/24,4/12/24,NA,NA,0,12.9,19.2,23.9,1.6,1.6,2,NA,NA,NA,NA,NA,NA,NA,NA,NA,NA,NA,NA,NA,NA,NA,NA,NA,NA,NA,NA,NA,NA,NA,NA,NA,NA,NA,NA,NA,NA,NA,NA,NA,NA,NA,NA,NA,NA,NA,NA,NA,NA,NA,NA,NA,NA,NA,NA,NA,NA,NA,NA,NA,NA,NA,NA,NA,NA,NA,NA,NA,NA,NA,NA,NA,NA,NA,NA,NA,NA,NA,NA,NA,NA,NA,NA,NA,NA,NA,NA,NA,NA,NA,NA,NA,NA,NA,NA,NA,NA,NA,NA,NA,NA,NA,NA,NA,NA,NA,NA,NA,NA,NA,NA,0,0,NA,NA,NA,NA,NA,NA,NA,12,15,19,NA,NA,NA,NA,NA,NA,NA,NA,NA,NA,NA,NA,NA,NA,NA,NA,NA,NA,NA,NA,NA,NA,NA,NA,NA,NA,NA,NA,NA,NA,NA,NA,NA,NA,NA,NA,NA,NA,1,1,1,1,1,1,1,1,1,1,1,1,1,0,0,0,0,0,0,0,0,0,0,0,0,0,0,0,0,1999-5150-4,89,NA,NA,NA,NA,NA,NA,NA,NA,NA,NA,NA,NA,NA,NA,NA,NA,Y,Y,Y,Y,Y,Y,Y,Y,Y,Y,Y,Y,Y,Y,Y,Y,Y,Y,Y,Boltonia decurrens,MBG Seed Bank,CCSD Seed Bank Freezer,NA,2023-12-01T00:00:00Z,Dormant,8786,Seed,Missouri Botanical Garden,Wild,Shaw Nature Reserve,NA,Project specific use only,2011-12-01T00:00:00Z,90,Smith,s.n.,11 Nov 1999,NA,NA,NA,NA,Open bottomland/floodplain,NA,Asteraceae,NA,NA
Boltonia_090,90,6-6-7,2011-2629-1,1C,1180032,United States,Illinois,Marshal,41.045,-89.4311111,41.02868892611459, -89.43846248262098,NA,"Sparland, Maternal lines = 30, Seedheads = 90; 3 packets",2/29/24,Unknown,4/12/24,NA,NA,0,4.8,7.8,13.2,1.4,1.2,1.5,NA,NA,NA,NA,NA,NA,NA,NA,NA,NA,NA,NA,NA,NA,NA,NA,NA,NA,NA,NA,NA,NA,NA,NA,NA,NA,NA,NA,NA,NA,NA,NA,NA,NA,NA,NA,NA,NA,NA,NA,NA,NA,NA,NA,NA,NA,NA,NA,NA,NA,NA,NA,NA,NA,NA,NA,NA,NA,NA,NA,NA,NA,NA,NA,NA,NA,NA,NA,NA,NA,NA,NA,NA,NA,NA,NA,NA,NA,NA,NA,NA,NA,NA,NA,NA,NA,NA,NA,NA,NA,NA,NA,NA,NA,NA,NA,NA,NA,NA,NA,NA,NA,NA,NA,0,0,NA,NA,NA,NA,NA,NA,NA,7,8,11,NA,NA,NA,NA,NA,NA,NA,NA,NA,NA,NA,NA,NA,NA,NA,NA,NA,NA,NA,NA,NA,NA,NA,NA,NA,NA,NA,NA,NA,NA,NA,NA,NA,NA,NA,NA,NA,NA,1,1,1,1,1,1,1,1,1,1,1,1,2,0,0,0,0,0,0,0,0,0,0,0,0,0,0,0,0,1999-5150-2,90,NA,NA,NA,NA,NA,NA,NA,NA,NA,NA,NA,NA,NA,NA,NA,NA,Y,Y,Y,Y,Y,Y,Y,Y,Y,Y,Y,Y,Y,Y,Y,Y,Y,Y,Y,Boltonia decurrens,MBG Seed Bank,CCSD Seed Bank Freezer,NA,2023-12-01T00:00:00Z,Dormant,8786,Seed,Missouri Botanical Garden,Wild,Shaw Nature Reserve,NA,Project specific use only,2011-12-01T00:00:00Z,90,Smith,s.n.,11 Nov 1999,NA,NA,NA,NA,Open bottomland/floodplain,NA,Asteraceae,NA,NA
Boltonia_091,91,7-2-7,2011-2598-1,L9D,1180001,United States,Illinois,Jersey,38.961398423802066,-90.51481032460987,38.961398423802066, -90.51481032460987,NA,"Gilbert Lake, Maternal lines = 32, Seedheads = 98; 6 packets",2/29/24,3/7/24,4/12/24,NA,NA,0,9.4,17.1,22.5,1.8,2.2,2.2,NA,NA,NA,NA,NA,NA,NA,NA,NA,NA,NA,NA,NA,NA,NA,NA,NA,NA,NA,NA,NA,NA,NA,NA,NA,NA,NA,NA,NA,NA,NA,NA,NA,NA,NA,NA,NA,NA,NA,NA,NA,NA,NA,NA,NA,NA,NA,NA,NA,NA,NA,NA,NA,NA,NA,NA,NA,NA,NA,NA,NA,NA,NA,NA,NA,NA,NA,NA,NA,NA,NA,NA,NA,NA,NA,NA,NA,NA,NA,NA,NA,NA,NA,NA,NA,NA,NA,NA,NA,NA,NA,NA,NA,NA,NA,NA,NA,NA,NA,NA,NA,NA,NA,NA,0,0,NA,NA,NA,NA,NA,NA,NA,9,12,14,NA,NA,NA,NA,NA,NA,NA,NA,NA,NA,NA,NA,NA,NA,NA,NA,NA,NA,NA,NA,NA,NA,NA,NA,NA,NA,NA,NA,NA,NA,NA,NA,NA,NA,NA,NA,NA,NA,1,1,1,1,1,1,1,1,1,1,1,1,1,0,0,0,0,0,0,0,0,0,0,0,0,0,0,0,0,1997-5100-2,91,NA,NA,NA,NA,NA,NA,NA,NA,NA,NA,NA,NA,NA,NA,NA,NA,Y,Y,Y,Y,Y,Y,Y,Y,Y,Y,Y,Y,Y,Y,Y,Y,Y,Y,Y,Boltonia decurrens,MBG Seed Bank,CCSD Seed Bank Freezer,NA,2023-12-01T00:00:00Z,Dormant,9628,Seed,Missouri Botanical Garden,Wild,Shaw Nature Reserve,NA,Project specific use only,2011-12-01T00:00:00Z,98,Smith,s.n.,08 Nov 1997,NA,NA,NA,NA,Open bottomland/floodplain,NA,Asteraceae,NA,NA
Boltonia_092,92,5-5-8,2011-2613-1,14B,1180016,United States,Illinois,Fulton,40.2047222,-90.1994444,40.20813714639404, -90.18724497777134,NA,"Anderson Lake, Maternal lines = 30, Seedheads = 61; 2 packets",2/29/24,3/8/24,4/12/24,N,NA,2,14.9,18.7,26.5,2,2,2.4,NA,NA,NA,NA,NA,NA,NA,Curved stem,NA,NA,NA,NA,NA,NA,NA,NA,Broken lateral stem,NA,0,0,0,0,0,0,0,0,0,0,0,0,0,0,0,0,0,0,29,NA,NA,0,NA,0,0,NA,0,0,NA,NA,NA,NA,0,0,0,0,0,0,0,0,0,0,0,0,0,0,0,0,0,0,0,0,1,23,60,80,50,NA,NA,0,NA,0,0,NA,0,0,NA,NA,NA,NA,0,0,0,0,0,0,0,0,0,0,0,0,0,0,0,0,0,0,NA,0,0,0,0,0,7,13,16,15,NA,NA,0,NA,0,0,NA,0,0,NA,NA,NA,NA,0,0,0,0,0,0,0,0,0,0,0,0,0,0,0,0,0,0,1,3,39,49,19,2,0,0,1,0,0,0,1,1,0,0,1,0,0,0,1,0,1,1,1,0,1,1,1,1,1,1,1,1,1,1,2000-5013-3,92,1.3,NA,2.1,2.3,2.6,NA,5.1,12.4,25.4,43,54.4,96,112.5,113,112.9,113,Y,Y,Y,Y,Y,Y,Y,Y,Y,Y,Y,Y,Y,Y,Y,Y,Y,Y,Y,Boltonia decurrens,MBG Seed Bank,CCSD Seed Bank Freezer,NA,2023-12-01T00:00:00Z,Dormant,5913,Seed,Missouri Botanical Garden,Wild,Shaw Nature Reserve,NA,Project specific use only,2011-12-01T00:00:00Z,61,Smith,s.n.,01 Oct 2000,NA,NA,NA,NA,Open bottomland/floodplain,NA,Asteraceae,NA,NA
Boltonia_093,93,6-1-3,2011-2666-1,7B,1180069,United States,Illinois,Fulton,40.4925,-89.9022222,40.46699902833787, -89.9485498557629,NA,"Rice Lake, Maternal lines = 30, Seedheads = 90; 3 packets",2/29/24,3/5/24,4/12/24,N,0,8,11.4,12,13,2.2,2.4,1.6,"Side stems at ground level look like rosettes, but wiggling center stem show really are attached at the base.",NA,NA,NA,NA,NA,NA,NA,NA,NA,NA,NA,NA,NA,NA,NA,NA,NA,2,0,1,2,2,2,1,3,3,3,3,3,7,7,8,8,7,11,22,NA,0,0,0,0,0,0,0,1,1,2,2,2,2,2,3,3,3,3,1,3,2,1,1,1,2,0,0,0,0,0,4,4,9,21,46,78,75,NA,1,2,2,2,1,0,1,1,0,1,1,2,1,2,1,1,0,2,4,11,10,8,7,6,10,8,11,0,6,8,6,4,6,7,13,5,10,30,51,63,NA,0,0,0,0,1,2,2,1,1,0,0,1,1,1,0,0,0,0,0,0,0,0,0,0,0,0,0,0,1,2,0,2,17,45,35,6,0,3,0,3,1,1,1,4,1,1,1,0,1,1,1,1,1,4,3,3,3,3,3,1,3,2,3,3,4,3,1999-5006-2,93,6.5,16.6,27.1,35.7,37.1,53.9,38.2,37.3,29.7,36.5,37.6,37.3,39.8,38.8,38.8,38.8,Y,Y,Y,Y,Y,Y,Y,Y,Y,Y,Y,Y,Y,Y,Y,Y,Y,Y,Y,Boltonia decurrens,MBG Seed Bank,CCSD Seed Bank Freezer,NA,2023-12-01T00:00:00Z,Dormant,8574,Seed,Missouri Botanical Garden,Wild,Shaw Nature Reserve,NA,Project specific use only,2011-12-01T00:00:00Z,90,Smith,s.n.,14 Oct 1999,NA,NA,NA,NA,Open bottomland/floodplain,NA,Asteraceae,NA,NA
Boltonia_094,94,8-6-6,2011-2638-1,12C,1180041,United States,Illinois,Scott,39.7852777,-90.5902777,39.786569766256626, -90.58910563509704,Smith Lake,NA,2/29/24,3/8/24,4/12/24,NA,NA,0,9.4,15.7,22,1,1.4,1.9,NA,NA,NA,NA,Stem growing curved,Side growth,NA,Curved stem,NA,NA,NA,NA,NA,NA,NA,NA,NA,NA,0,0,0,0,0,0,0,0,0,0,0,0,0,0,0,0,33,4,42,NA,NA,NA,NA,NA,NA,NA,0,NA,NA,NA,NA,NA,0,0,0,0,0,0,0,0,0,0,0,0,0,0,0,0,0,1,3,3,3,9,27,69,52,NA,NA,NA,NA,NA,NA,NA,0,NA,NA,NA,NA,NA,0,0,0,0,0,0,0,0,0,0,0,0,0,2,3,NA,0,0,NA,0,0,0,0,0,7,11,13,15,NA,NA,NA,NA,NA,NA,NA,0,NA,NA,NA,NA,NA,0,0,0,0,0,0,0,0,0,0,0,0,0,0,0,1,1,0,0,0,8,34,44,5,1,1,1,1,1,1,1,1,0,0,1,0,0,0,0,0,0,0,0,0,1,1,1,1,1,1,1,1,1,1,1998-5188-4,94,NA,NA,NA,NA,NA,NA,1.5,7.8,19.8,41.5,64.8,86.2,86.4,95.8,91.1,91.1,Y,Y,Y,Y,Y,Y,Y,Y,Y,Y,Y,Y,Y,Y,Y,Y,Y,Y,Y,Boltonia decurrens,MBG Seed Bank,CCSD Seed Bank Freezer,NA,2023-12-01T00:00:00Z,Dormant,7818,Seed,Missouri Botanical Garden,Wild,Shaw Nature Reserve,US-1-MO-2011-2638,Project specific use only,2011-12-01T00:00:00Z,81,Smith,s.n.,11 Nov 1998,Maternal Lines,NA,NA,NA,Open bottomland/floodplain,NA,Asteraceae,NA,NA
Boltonia_095,95,2-4-2,2011-2666-1,18A,1180069,United States,Illinois,Fulton,40.4925,-89.9022222,40.46699902833787, -89.9485498557629,NA,"Rice Lake, Maternal lines = 30, Seedheads = 90; 3 packets",2/29/24,3/21/24,4/12/24,NA,NA,1,3.3,6.1,11.3,0.9,1.3,1.7,NA,NA,NA,NA,NA,NA,NA,NA,NA,NA,NA,NA,NA,NA,NA,NA,NA,NA,0,0,0,0,0,0,0,0,0,0,0,3,5,7,6,11,10,12,21,NA,0,0,NA,0,0,0,0,0,0,0,0,0,0,0,0,0,0,0,0,0,1,1,1,3,4,5,5,7,7,8,10,10,16,24,49,50,77,NA,0,0,NA,0,0,0,0,0,0,0,0,0,0,0,0,1,3,4,3,7,5,5,6,3,4,7,9,NA,0,0,0,1,3,9,14,12,15,6,10,14,NA,0,0,NA,0,0,0,0,0,0,0,0,0,0,0,0,0,0,0,2,2,2,1,2,1,1,0,2,3,2,3,4,7,12,28,12,8,4,1,1,0,0,0,0,2,0,2,1,2,3,2,0,0,1,2,2,1,1,2,2,1,1,1,1,1,2,2,1999-5017-3,95,NA,NA,3.8,12.3,27,42.7,51.5,68.6,61.7,75.9,75.5,76.7,79.1,76.8,76.8,76.8,Y,Y,Y,Y,Y,Y,Y,Y,Y,Y,Y,Y,Y,Y,Y,Y,Y,Y,Y,Boltonia decurrens,MBG Seed Bank,CCSD Seed Bank Freezer,NA,2023-12-01T00:00:00Z,Dormant,8574,Seed,Missouri Botanical Garden,Wild,Shaw Nature Reserve,NA,Project specific use only,2011-12-01T00:00:00Z,90,Smith,s.n.,14 Oct 1999,NA,NA,NA,NA,Open bottomland/floodplain,NA,Asteraceae,NA,NA
Boltonia_096,96,12-4-1,2011-2620-1,19A,1180023,United States,Illinois,Morgan,39.8672223,-90.5533333,39.87546015928839, -90.55308508241013,NA,"Meredosia Lake, Maternal lines = 30, Seedheads = 90; 5 packets",3/1/24,3/10/24,4/12/24,NA,NA,0,6.4,9.9,11.5,1.4,1.5,1.5,NA,NA,NA,NA,NA,NA,NA,NA,NA,NA,NA,NA,NA,NA,NA,NA,NA,NA,NA,NA,NA,NA,NA,NA,NA,NA,NA,NA,NA,NA,NA,NA,NA,NA,NA,NA,NA,NA,NA,NA,NA,NA,NA,NA,NA,NA,NA,NA,NA,NA,NA,NA,NA,NA,NA,NA,NA,NA,NA,NA,NA,NA,NA,NA,NA,NA,NA,NA,NA,NA,NA,NA,NA,NA,NA,NA,NA,NA,NA,NA,NA,NA,NA,NA,NA,NA,NA,NA,NA,NA,NA,NA,NA,NA,NA,NA,NA,NA,NA,NA,NA,NA,NA,NA,0,0,NA,NA,NA,NA,NA,NA,NA,10,12,14,NA,NA,NA,NA,NA,NA,NA,NA,NA,NA,NA,NA,NA,NA,NA,NA,NA,NA,NA,NA,NA,NA,NA,NA,NA,NA,NA,NA,NA,NA,NA,NA,NA,NA,NA,NA,NA,NA,1,1,1,1,1,1,1,1,1,1,1,1,1,0,0,0,0,0,0,0,0,0,0,0,0,0,0,0,0,1999-5106-3,96,NA,NA,NA,NA,NA,NA,NA,NA,NA,NA,NA,NA,NA,NA,NA,NA,Y,Y,Y,Y,Y,Y,Y,Y,Y,Y,Y,Y,Y,Y,Y,Y,Y,Y,Y,Boltonia decurrens,MBG Seed Bank,CCSD Seed Bank Freezer,NA,2023-12-01T00:00:00Z,Dormant,8756,Seed,Missouri Botanical Garden,Wild,Shaw Nature Reserve,NA,Project specific use only,2011-12-01T00:00:00Z,90,Smith,s.n.,07 Oct 1999,NA,NA,NA,NA,Open bottomland/floodplain,NA,Asteraceae,NA,NA
Boltonia_097,97,9-1-12,2011-2659-1,1B,1180062,United States,Illinois,Frederick,40.07116308939078,-90.42957195888599,40.07116308939078, -90.42957195888599,NA,"Frederick Landing, Maternal lines = 15, Seedheads = 44; 2 packets",2/29/24,3/7/24,4/12/24,NA,0,0,9.9,17.4,20.2,1.9,2,2.4,NA,NA,NA,NA,NA,NA,NA,NA,NA,NA,NA,NA,NA,NA,NA,NA,NA,NA,NA,NA,NA,NA,NA,NA,NA,NA,NA,NA,NA,NA,NA,NA,NA,NA,NA,NA,NA,NA,NA,NA,NA,NA,NA,NA,NA,NA,NA,NA,NA,NA,NA,NA,NA,NA,NA,NA,NA,NA,NA,NA,NA,NA,NA,NA,NA,NA,NA,NA,NA,NA,NA,NA,NA,NA,NA,NA,NA,NA,NA,NA,NA,NA,NA,NA,NA,NA,NA,NA,NA,NA,NA,NA,NA,NA,NA,NA,NA,NA,NA,NA,NA,NA,NA,NA,0,0,NA,NA,NA,NA,NA,NA,NA,9,13,16,NA,NA,NA,NA,NA,NA,NA,NA,NA,NA,NA,NA,NA,NA,NA,NA,NA,NA,NA,NA,NA,NA,NA,NA,NA,NA,NA,NA,NA,NA,NA,NA,NA,NA,NA,NA,NA,NA,1,0,1,1,1,1,1,1,1,1,1,3,3,0,1,0,0,0,0,0,0,0,0,0,0,0,0,0,0,2011-5000-3,97,NA,1.3,NA,NA,NA,NA,NA,NA,NA,NA,NA,NA,NA,NA,NA,NA,Y,Y,Y,Y,Y,Y,Y,Y,Y,Y,Y,Y,Y,Y,Y,Y,Y,Y,Y,Boltonia decurrens,MBG Seed Bank,CCSD Seed Bank Freezer,NA,2023-12-01T00:00:00Z,Dormant,4101,Seed,Missouri Botanical Garden,Wild,Shaw Nature Reserve,US-1-MO-2011-2659,Project specific use only,2011-12-01T00:00:00Z,44,Smith,s.n.,01 Dec 2011,NA,NA,NA,NA,Open bottomland/floodplain,NA,Asteraceae,NA,NA
Boltonia_098,98,4-5-8,2011-2618-1,25A,1180021,United States,Illinois,Peoria,40.7222223,-89.5519444,40.69352232924267, -89.59142458669179,NA,"McClugage Bridge, Maternal lines = 30, Seedheads = 90; 4 packets",2/29/24,3/8/24,4/12/24,NA,NA,0,9.4,12.6,18.3,1.5,1.3,1.4,NA,NA,NA,NA,NA,NA,NA,NA,NA,NA,NA,NA,NA,NA,NA,NA,NA,NA,NA,NA,NA,NA,NA,NA,NA,NA,NA,NA,NA,NA,NA,NA,NA,NA,NA,NA,NA,NA,NA,NA,NA,NA,NA,NA,NA,NA,NA,NA,NA,NA,NA,NA,NA,NA,NA,NA,NA,NA,NA,NA,NA,NA,NA,NA,NA,NA,NA,NA,NA,NA,NA,NA,NA,NA,NA,NA,NA,NA,NA,NA,NA,NA,NA,NA,NA,NA,NA,NA,NA,NA,NA,NA,NA,NA,NA,NA,NA,NA,NA,NA,NA,NA,NA,NA,0,0,NA,NA,NA,NA,NA,NA,NA,10,14,17,NA,NA,NA,NA,NA,NA,NA,NA,NA,NA,NA,NA,NA,NA,NA,NA,NA,NA,NA,NA,NA,NA,NA,NA,NA,NA,NA,NA,NA,NA,NA,NA,NA,NA,NA,NA,NA,NA,1,1,1,1,1,1,1,1,1,1,2,3,3,0,0,0,0,0,0,0,0,0,0,0,0,0,0,0,0,1999-5081-3,98,NA,NA,NA,NA,NA,NA,NA,NA,NA,NA,NA,NA,NA,NA,NA,NA,Y,Y,Y,Y,Y,Y,Y,Y,Y,Y,Y,Y,Y,Y,Y,Y,Y,Y,Y,Boltonia decurrens,MBG Seed Bank,CCSD Seed Bank Freezer,NA,2023-12-01T00:00:00Z,Dormant,8685,Seed,Missouri Botanical Garden,Wild,Shaw Nature Reserve,NA,Project specific use only,2011-12-01T00:00:00Z,90,Smith,s.n.,11 Nov 1999,NA,NA,NA,NA,Open bottomland/floodplain,NA,Asteraceae,NA,NA
Boltonia_099,99,3-3-6,2011-2666-1,21C,1180069,United States,Illinois,Fulton,40.4925,-89.9022222,40.46699902833787, -89.9485498557629,NA,"Rice Lake, Maternal lines = 30, Seedheads = 90; 3 packets",2/29/24,3/6/24,4/12/24,N,0,3,9.4,17.1,25.1,1.5,2.1,2.8,NA,NA,NA,NA,Stem growing curved,Side growth,NA,Curved stem,NA,Abnormal stem,NA,NA,NA,NA,NA,NA,NA,NA,0,0,0,0,0,0,0,0,0,0,0,0,0,0,0,0,3,3,9,NA,NA,NA,NA,0,NA,NA,0,0,NA,NA,NA,NA,0,0,0,0,0,0,0,0,0,0,0,0,0,0,0,0,0,0,0,2,9,27,36,61,85,NA,NA,NA,NA,0,NA,NA,0,0,NA,NA,NA,NA,0,0,0,0,0,0,0,0,0,0,0,0,0,0,0,0,0,0,NA,0,0,0,0,0,5,17,11,14,NA,NA,NA,NA,0,NA,NA,0,0,NA,NA,NA,NA,0,0,0,0,0,0,0,0,0,0,0,0,0,0,0,0,0,0,2,3,26,36,20,2,0,0,0,1,1,0,1,1,0,0,1,0,0,0,1,1,0,0,1,0,1,1,1,1,1,2,2,2,2,2,1997-5099-3,99,1.1,1,NA,NA,1.2,NA,1,3.3,8.9,31,44.5,89.1,103.9,102.3,101.3,101.8,Y,Y,Y,Y,Y,Y,Y,Y,Y,Y,Y,Y,Y,Y,Y,Y,Y,Y,Y,Boltonia decurrens,MBG Seed Bank,CCSD Seed Bank Freezer,NA,2023-12-01T00:00:00Z,Dormant,8574,Seed,Missouri Botanical Garden,Wild,Shaw Nature Reserve,NA,Project specific use only,2011-12-01T00:00:00Z,90,Smith,s.n.,14 Oct 1999,NA,NA,NA,NA,Open bottomland/floodplain,NA,Asteraceae,NA,NA
Boltonia_100,100,6-4-7,2011-2613-1,1A,1180016,United States,Illinois,Fulton,40.2047222,-90.1994444,40.20813714639404, -90.18724497777134,NA,"Anderson Lake, Maternal lines = 30, Seedheads = 61; 2 packets",2/29/24,3/14/24,4/12/24,NA,0,1,18.1,24.2,24.4,1.9,2.1,2.2,"Side stems at ground level look like rosettes, but wiggling center stem show really are attached at the base.",NA,NA,NA,NA,NA,NA,NA,NA,NA,NA,NA,NA,NA,NA,NA,NA,NA,0,0,0,0,0,0,0,0,0,0,0,0,0,0,0,0,2,1,9,NA,NA,0,0,0,0,0,0,0,0,0,0,0,0,0,0,0,0,0,0,0,0,0,0,0,0,0,0,0,0,0,0,1,4,19,51,80,79,NA,NA,0,0,0,0,0,0,0,0,0,0,0,0,0,0,0,0,0,0,0,0,0,0,0,0,0,0,NA,0,0,0,0,0,0,1,4,6,12,20,24,NA,NA,0,0,0,0,0,0,0,0,0,0,0,0,0,0,0,0,0,0,0,0,0,0,0,0,0,0,0,0,0,1,2,24,39,23,0,6,1,0,0,0,0,1,2,0,1,1,0,0,0,0,1,1,1,2,1,2,2,1,1,1,2,2,2,2,2,2000-5000-2,100,NA,1.5,3.1,8.6,16.2,30.2,31.5,38.9,44.7,65.8,71.8,102.5,117.5,118.2,115.8,117,Y,Y,Y,Y,Y,Y,Y,Y,Y,Y,Y,Y,Y,Y,Y,Y,Y,Y,Y,Boltonia decurrens,MBG Seed Bank,CCSD Seed Bank Freezer,NA,2023-12-01T00:00:00Z,Dormant,5913,Seed,Missouri Botanical Garden,Wild,Shaw Nature Reserve,NA,Project specific use only,2011-12-01T00:00:00Z,61,Smith,s.n.,01 Oct 2000,NA,NA,NA,NA,Open bottomland/floodplain,NA,Asteraceae,NA,NA
Boltonia_101,101,10-3-11,2011-2675-1,21C,1180078,United States,Illinois,Schuyler,40.0672223,-90.4275,40.07010712467176, -90.42899627731745,NA,"Frederick Borrow Pit, Maternal lines = 30, Seedheads = 90; 3 packets",3/1/24,3/8/24,4/12/24,NA,NA,0,10.2,16.9,21,1.6,1.2,1.4,"Side stems at ground level look like rosettes, but wiggling center stem show really are attached at the base.",NA,NA,NA,NA,NA,NA,NA,NA,NA,NA,NA,NA,NA,NA,NA,NA,NA,NA,NA,NA,NA,NA,NA,NA,NA,NA,NA,NA,NA,NA,NA,NA,NA,NA,NA,NA,NA,NA,NA,NA,NA,NA,NA,NA,NA,NA,NA,NA,NA,NA,NA,NA,NA,NA,NA,NA,NA,NA,NA,NA,NA,NA,NA,NA,NA,NA,NA,NA,NA,NA,NA,NA,NA,NA,NA,NA,NA,NA,NA,NA,NA,NA,NA,NA,NA,NA,NA,NA,NA,NA,NA,NA,NA,NA,NA,NA,NA,NA,NA,NA,NA,NA,NA,0,0,NA,NA,NA,NA,NA,NA,NA,12,13,18,NA,NA,NA,NA,NA,NA,NA,NA,NA,NA,NA,NA,NA,NA,NA,NA,NA,NA,NA,NA,NA,NA,NA,NA,NA,NA,NA,NA,NA,NA,NA,NA,NA,NA,NA,NA,NA,NA,1,1,1,1,1,1,1,1,1,1,1,1,1,0,0,0,0,0,0,0,0,0,0,0,0,0,0,0,0,1999-5408-2,101,NA,NA,NA,NA,NA,NA,NA,NA,NA,NA,NA,NA,NA,NA,NA,NA,Y,Y,Y,Y,Y,Y,Y,Y,Y,Y,Y,Y,Y,Y,Y,Y,Y,Y,Y,Boltonia decurrens,MBG Seed Bank,CCSD Seed Bank Freezer,NA,2023-12-01T00:00:00Z,Dormant,8728,Seed,Missouri Botanical Garden,Wild,Shaw Nature Reserve,NA,Project specific use only,2011-12-01T00:00:00Z,90,Smith,s.n.,07 Oct 1999,NA,NA,NA,NA,Open bottomland/floodplain,NA,Asteraceae,NA,NA
Boltonia_102,102,6-5-2,2011-2598-1,L4B,1180001,United States,Illinois,Jersey,38.961398423802066,-90.51481032460987,38.961398423802066, -90.51481032460987,NA,"Gilbert Lake, Maternal lines = 32, Seedheads = 98; 6 packets",2/29/24,3/7/24,4/12/24,N,0,3,14.1,18.1,20.8,2.4,2.3,2,NA,NA,NA,NA,NA,NA,NA,NA,NA,NA,NA,NA,NA,NA,NA,NA,NA,NA,0,0,0,0,0,3,3,3,3,4,5,5,7,8,8,13,26,25,38,NA,0,0,0,0,0,0,0,0,0,0,0,0,0,1,1,2,3,3,4,4,5,5,7,5,5,5,7,11,15,17,19,25,35,38,75,132,182,NA,0,0,0,0,0,0,0,3,2,2,3,3,1,3,3,4,4,3,1,4,7,6,7,7,8,5,6,0,0,0,0,5,4,7,10,8,8,18,30,34,NA,0,0,0,0,0,0,0,0,0,1,1,1,3,2,2,1,0,2,3,3,3,2,1,0,0,7,7,6,5,3,9,11,19,48,49,9,4,0,0,0,0,0,1,2,0,0,1,0,1,1,1,1,3,3,3,2,2,3,3,1,2,3,3,3,3,3,1997-5093-3,102,1.1,6.7,20,33.5,50.5,65.8,68.5,67.2,55.4,67.6,66.1,69.6,66.9,65.9,65.9,65.9,Y,Y,Y,Y,Y,Y,Y,Y,Y,Y,Y,Y,Y,Y,Y,Y,Y,Y,Y,Boltonia decurrens,MBG Seed Bank,CCSD Seed Bank Freezer,NA,2023-12-01T00:00:00Z,Dormant,9628,Seed,Missouri Botanical Garden,Wild,Shaw Nature Reserve,NA,Project specific use only,2011-12-01T00:00:00Z,98,Smith,s.n.,08 Nov 1997,NA,NA,NA,NA,Open bottomland/floodplain,NA,Asteraceae,NA,NA
Boltonia_103,103,7-3-2,2011-2598-1,L5A,1180001,United States,Illinois,Jersey,38.961398423802066,-90.51481032460987,38.961398423802066, -90.51481032460987,NA,"Gilbert Lake, Maternal lines = 32, Seedheads = 98; 6 packets",2/29/24,3/7/24,4/12/24,N,0,6,12.9,13,13,2,1.8,2,Rosette attached just below soil,NA,NA,NA,NA,NA,NA,NA,NA,NA,NA,NA,NA,NA,NA,NA,NA,NA,5,2,4,6,6,6,6,6,6,7,8,8,9,9,9,10,10,10,13,NA,0,0,0,0,0,0,0,0,1,3,4,4,4,5,5,6,6,6,2,5,3,2,2,2,2,2,2,1,1,3,3,3,3,1,3,7,11,NA,1,2,1,3,4,3,4,1,1,1,1,0,1,2,3,2,1,0,0,2,1,0,1,0,0,3,2,0,6,6,4,6,4,5,6,7,9,23,43,66,NA,0,0,0,0,0,1,1,4,3,1,1,2,2,1,1,0,1,2,1,1,1,0,0,0,0,0,1,2,1,0,0,0,0,4,2,0,0,0,3,3,3,3,2,4,3,3,1,1,3,3,1,1,1,1,1,1,1,1,1,1,1,1,1,1,1,1,1997-5094-2,103,5.4,15.6,26.1,35.2,36.4,37.7,37.5,36,30.5,36.5,37.6,37,34.7,35.9,35.9,35.9,Y,Y,Y,Y,Y,Y,Y,Y,Y,Y,Y,Y,Y,Y,Y,Y,Y,Y,Y,Boltonia decurrens,MBG Seed Bank,CCSD Seed Bank Freezer,NA,2023-12-01T00:00:00Z,Dormant,9628,Seed,Missouri Botanical Garden,Wild,Shaw Nature Reserve,NA,Project specific use only,2011-12-01T00:00:00Z,98,Smith,s.n.,08 Nov 1997,NA,NA,NA,NA,Open bottomland/floodplain,NA,Asteraceae,NA,NA
Boltonia_104,104,2-6-4,2011-2636-1,2,1180039,United States,Illinois,Cass,40.010555600000004,-90.4458333,40.0178975293398, -90.42445029519197,NA,"Beardstown, Maternal lines = 52, Seedheads = 53; 3 packets",2/29/24,3/7/24,4/12/24,NA,NA,0,11.2,14.7,16.7,2,1.9,2.1,NA,NA,NA,NA,NA,NA,NA,NA,NA,NA,NA,NA,NA,NA,Abnormal stem,NA,NA,NA,NA,NA,NA,NA,NA,NA,NA,NA,NA,NA,NA,0,0,0,0,0,0,0,11,NA,NA,NA,NA,NA,NA,NA,NA,NA,NA,NA,NA,NA,NA,NA,NA,NA,NA,NA,NA,NA,NA,NA,NA,NA,NA,NA,NA,NA,NA,0,0,0,0,0,1,24,26,NA,NA,NA,NA,NA,NA,NA,NA,NA,NA,NA,NA,NA,NA,NA,NA,NA,NA,NA,NA,NA,NA,NA,NA,NA,NA,NA,NA,NA,0,0,NA,NA,NA,NA,NA,NA,NA,11,13,15,NA,NA,NA,NA,NA,NA,NA,NA,NA,NA,NA,NA,NA,NA,NA,NA,NA,NA,NA,NA,NA,NA,NA,NA,NA,NA,NA,NA,NA,NA,0,0,0,0,0,20,10,0,1,1,1,1,1,1,1,1,1,1,1,3,2,0,0,0,0,0,0,0,0,0,0,0,0,1,1,2,1,1997-5321-3,104,NA,NA,NA,NA,NA,NA,NA,NA,NA,NA,NA,NA,38.6,62.4,69.1,62.5,Y,Y,Y,Y,Y,Y,Y,Y,Y,Y,Y,Y,Y,Y,Y,Y,Y,Y,Y,Boltonia decurrens,MBG Seed Bank,CCSD Seed Bank Freezer,NA,2023-12-01T00:00:00Z,Dormant,5079,Seed,Missouri Botanical Garden,Wild,Shaw Nature Reserve,NA,Project specific use only,2011-12-01T00:00:00Z,53,Smith,s.n.,21 Nov 1997,NA,NA,NA,NA,Open bottomland/floodplain,NA,Asteraceae,NA,NA
Boltonia_105,105,6-3-4,2011-2618-1,7B,1180021,United States,Illinois,Peoria,40.7222223,-89.5519444,40.69352232924267, -89.59142458669179,NA,"McClugage Bridge, Maternal lines = 30, Seedheads = 90; 4 packets",2/29/24,3/7/24,4/12/24,NA,NA,0,11.5,18.8,22.5,1.4,1.2,1.6,NA,NA,NA,NA,NA,NA,NA,NA,NA,NA,NA,NA,NA,NA,NA,NA,NA,NA,NA,0,NA,NA,NA,NA,0,0,0,0,0,0,0,0,0,0,0,0,13,NA,NA,NA,NA,NA,NA,NA,NA,NA,NA,NA,NA,NA,NA,NA,NA,NA,NA,NA,NA,0,NA,NA,NA,NA,0,0,0,0,0,0,0,0,0,17,54,115,118,NA,NA,NA,NA,NA,NA,NA,NA,NA,NA,NA,NA,NA,NA,NA,NA,NA,NA,NA,NA,0,NA,NA,NA,NA,0,0,0,NA,0,0,NA,NA,NA,0,NA,0,0,10,13,16,NA,NA,NA,NA,NA,NA,NA,NA,NA,NA,NA,NA,NA,NA,NA,NA,NA,NA,NA,NA,0,NA,NA,NA,NA,0,0,0,0,0,0,0,0,21,63,34,13,2,1,1,1,1,1,1,1,1,1,1,0,1,1,0,0,0,0,0,0,0,0,1,0,1,1,1,1,1,1,1999-5063-3,105,NA,NA,NA,NA,NA,NA,NA,NA,NA,NA,21.6,76.3,113.7,117.9,117.1,118.7,Y,Y,Y,Y,Y,Y,Y,Y,Y,Y,Y,Y,Y,Y,Y,Y,Y,Y,Y,Boltonia decurrens,MBG Seed Bank,CCSD Seed Bank Freezer,NA,2023-12-01T00:00:00Z,Dormant,8685,Seed,Missouri Botanical Garden,Wild,Shaw Nature Reserve,NA,Project specific use only,2011-12-01T00:00:00Z,90,Smith,s.n.,11 Nov 1999,NA,NA,NA,NA,Open bottomland/floodplain,NA,Asteraceae,NA,NA
Boltonia_106,106,8-4-7,2011-2613-1,22A,1180016,United States,Illinois,Fulton,40.2047222,-90.1994444,40.20813714639404, -90.18724497777134,NA,"Anderson Lake, Maternal lines = 30, Seedheads = 61; 2 packets",2/29/24,3/8/24,4/12/24,NA,NA,0,13.4,21.6,25.4,1.8,2.2,2.2,NA,NA,NA,NA,NA,NA,NA,NA,NA,NA,NA,NA,NA,NA,NA,NA,NA,NA,NA,NA,NA,NA,NA,NA,NA,NA,NA,NA,NA,NA,NA,NA,NA,NA,NA,NA,NA,NA,NA,NA,NA,NA,NA,NA,NA,NA,NA,NA,NA,NA,NA,NA,NA,NA,NA,NA,NA,NA,NA,NA,NA,NA,NA,NA,NA,NA,NA,NA,NA,NA,NA,NA,NA,NA,NA,NA,NA,NA,NA,NA,NA,NA,NA,NA,NA,NA,NA,NA,NA,NA,NA,NA,NA,NA,NA,NA,NA,NA,NA,NA,NA,NA,NA,NA,0,0,NA,NA,NA,NA,NA,NA,NA,11,12,15,NA,NA,NA,NA,NA,NA,NA,NA,NA,NA,NA,NA,NA,NA,NA,NA,NA,NA,NA,NA,NA,NA,NA,NA,NA,NA,NA,NA,NA,NA,NA,NA,NA,NA,NA,NA,NA,NA,1,1,1,1,1,1,1,1,1,1,1,3,3,0,0,0,0,0,0,0,0,0,0,0,0,0,0,0,0,2000-5021-3,106,NA,NA,NA,NA,NA,NA,NA,NA,NA,NA,NA,NA,NA,NA,NA,NA,Y,Y,Y,Y,Y,Y,Y,Y,Y,Y,Y,Y,Y,Y,Y,Y,Y,Y,Y,Boltonia decurrens,MBG Seed Bank,CCSD Seed Bank Freezer,NA,2023-12-01T00:00:00Z,Dormant,5913,Seed,Missouri Botanical Garden,Wild,Shaw Nature Reserve,NA,Project specific use only,2011-12-01T00:00:00Z,61,Smith,s.n.,01 Oct 2000,NA,NA,NA,NA,Open bottomland/floodplain,NA,Asteraceae,NA,NA
Boltonia_107,107,4-2-12,2011-2650-1,30C,1180053,United States,Illinois,Woodford,40.8852777,-89.4583333,40.84668797480775, -89.0297386240063,NA,"Woodford County, Maternal lines = 30, Seedheads = 90; 6 packets",2/29/24,3/8/24,4/12/24,NA,NA,0,12.4,20,22.9,2.1,2.7,2.6,NA,NA,NA,NA,NA,NA,NA,NA,NA,NA,NA,NA,NA,NA,NA,NA,NA,NA,NA,NA,NA,NA,NA,NA,NA,NA,NA,NA,NA,NA,NA,NA,NA,NA,NA,NA,NA,NA,NA,NA,NA,NA,NA,NA,NA,NA,NA,NA,NA,NA,NA,NA,NA,NA,NA,NA,NA,NA,NA,NA,NA,NA,NA,NA,NA,NA,NA,NA,NA,NA,NA,NA,NA,NA,NA,NA,NA,NA,NA,NA,NA,NA,NA,NA,NA,NA,NA,NA,NA,NA,NA,NA,NA,NA,NA,NA,NA,NA,NA,NA,NA,NA,NA,NA,0,0,NA,NA,NA,NA,NA,NA,NA,9,11,15,NA,NA,NA,NA,NA,NA,NA,NA,NA,NA,NA,NA,NA,NA,NA,NA,NA,NA,NA,NA,NA,NA,NA,NA,NA,NA,NA,NA,NA,NA,NA,NA,NA,NA,NA,NA,NA,NA,1,1,1,1,1,1,1,1,1,1,1,1,1,0,0,0,0,0,0,0,0,0,0,0,0,0,0,0,0,1999-5386-2,107,NA,NA,NA,NA,NA,NA,NA,NA,NA,NA,NA,NA,NA,NA,NA,NA,Y,Y,Y,Y,Y,Y,Y,Y,Y,Y,Y,Y,Y,Y,Y,Y,Y,Y,Y,Boltonia decurrens,MBG Seed Bank,CCSD Seed Bank Freezer,NA,2023-12-01T00:00:00Z,Dormant,8743,Seed,Missouri Botanical Garden,Wild,Shaw Nature Reserve,US-1-MO-2011-2650,Project specific use only,2011-12-01T00:00:00Z,90,Smith,s.n.,11 Nov 1999,NA,NA,NA,NA,Open bottomland/floodplain,NA,Asteraceae,NA,NA
Boltonia_108,108,4-5-5,2011-2618-1,27C,1180021,United States,Illinois,Peoria,40.7222223,-89.5519444,40.69352232924267, -89.59142458669179,NA,"McClugage Bridge, Maternal lines = 30, Seedheads = 90; 4 packets",2/29/24,3/8/24,4/12/24,NA,NA,0,10.6,14.6,18.1,1.5,1.3,1.8,NA,NA,NA,NA,NA,NA,NA,NA,NA,NA,NA,NA,NA,NA,NA,NA,NA,NA,NA,NA,NA,NA,NA,NA,NA,NA,NA,NA,NA,NA,NA,NA,NA,NA,NA,NA,NA,NA,NA,NA,NA,NA,NA,NA,NA,NA,NA,NA,NA,NA,NA,NA,NA,NA,NA,NA,NA,NA,NA,NA,NA,NA,NA,NA,NA,NA,NA,NA,NA,NA,NA,NA,NA,NA,NA,NA,NA,NA,NA,NA,NA,NA,NA,NA,NA,NA,NA,NA,NA,NA,NA,NA,NA,NA,NA,NA,NA,NA,NA,NA,NA,NA,NA,NA,0,0,NA,NA,NA,NA,NA,NA,NA,12,14,17,NA,NA,NA,NA,NA,NA,NA,NA,NA,NA,NA,NA,NA,NA,NA,NA,NA,NA,NA,NA,NA,NA,NA,NA,NA,NA,NA,NA,NA,NA,NA,NA,NA,NA,NA,NA,NA,NA,1,1,1,1,1,1,1,1,1,1,1,1,1,0,0,0,0,0,0,0,0,0,0,0,0,0,0,0,0,1999-5083-2,108,NA,NA,NA,NA,NA,NA,NA,NA,NA,NA,NA,NA,NA,NA,NA,NA,Y,Y,Y,Y,Y,Y,Y,Y,Y,Y,Y,Y,Y,Y,Y,Y,Y,Y,Y,Boltonia decurrens,MBG Seed Bank,CCSD Seed Bank Freezer,NA,2023-12-01T00:00:00Z,Dormant,8685,Seed,Missouri Botanical Garden,Wild,Shaw Nature Reserve,NA,Project specific use only,2011-12-01T00:00:00Z,90,Smith,s.n.,11 Nov 1999,NA,NA,NA,NA,Open bottomland/floodplain,NA,Asteraceae,NA,NA
Boltonia_109,109,10-4-5,2011-2620-1,13A,1180023,United States,Illinois,Morgan,39.8672223,-90.5533333,39.87546015928839, -90.55308508241013,NA,"Meredosia Lake, Maternal lines = 30, Seedheads = 90; 5 packets",3/1/24,3/7/24,4/12/24,N,Y,0,11.1,11.2,11.1,2,2.1,2.4,NA,NA,NA,Some discs senesced,NA,NA,NA,NA,NA,NA,NA,Broken lateral stem,NA,NA,NA,NA,NA,NA,11,9,10,11,10,12,12,11,12,12,12,11,12,11,13,14,15,19,18,0,0,0,0,1,1,3,4,7,10,9,9,10,11,11,11,12,12,12,1,3,2,1,2,0,0,0,0,0,0,0,1,2,9,18,21,44,43,4,4,7,7,6,6,2,2,3,1,1,4,3,1,7,3,5,4,4,11,11,15,12,12,10,3,9,1,0,6,6,6,6,6,6,7,9,7,13,36,49,0,1,1,1,3,3,6,5,2,2,2,2,2,1,1,1,0,0,0,0,0,0,0,0,0,0,0,0,0,0,0,2,4,9,14,10,4,6,0,2,2,2,3,2,2,2,3,3,1,3,2,1,1,1,1,1,1,1,1,1,1,1,1,1,1,1,1,1999-5100-2,109,6.2,19.4,28.6,28.8,28.3,33,28,27.5,23.1,27.9,31.5,27.6,29.2,28.2,28.2,28.2,Y,Y,Y,Y,Y,Y,Y,Y,Y,Y,Y,Y,Y,Y,Y,Y,Y,Y,Y,Boltonia decurrens,MBG Seed Bank,CCSD Seed Bank Freezer,NA,2023-12-01T00:00:00Z,Dormant,8756,Seed,Missouri Botanical Garden,Wild,Shaw Nature Reserve,NA,Project specific use only,2011-12-01T00:00:00Z,90,Smith,s.n.,07 Oct 1999,NA,NA,NA,NA,Open bottomland/floodplain,NA,Asteraceae,NA,NA
Boltonia_110,110,4-1-8,2011-2664-1,1,1180067,United States,Illinois,Fulton,40.2047222,-90.1994444,40.207444479612775, -90.1871999885973,NA,"Anderson Lake, Maternal lines = 31, Seedheads = 31",2/29/24,3/10/24,4/12/24,N,0,3,18,24.6,28.1,1.7,2.1,2,NA,NA,NA,NA,NA,NA,NA,NA,NA,NA,NA,NA,NA,NA,NA,NA,NA,NA,0,0,0,0,0,0,0,0,0,0,0,0,0,0,0,2,29,34,34,NA,0,0,0,0,0,0,0,0,0,0,0,0,0,0,0,0,0,0,0,0,0,0,0,0,0,0,0,0,1,2,8,23,50,78,77,69,110,NA,0,0,0,0,0,0,0,0,0,0,0,0,0,0,0,0,0,0,0,0,1,1,1,1,2,2,2,0,0,0,0,0,0,0,9,7,9,16,17,19,NA,0,0,0,0,0,0,0,0,0,0,0,0,0,0,0,0,0,0,0,0,0,0,0,0,0,1,1,2,1,1,16,26,34,23,11,5,2,0,0,0,0,0,0,1,0,0,1,0,0,0,1,1,1,1,1,1,1,1,1,1,1,1,1,1,1,1,1997-5403-2,110,0.7,2,12.1,26.2,41.5,57.5,68.5,80.1,83.3,112.6,117.2,122,124.2,123.1,123.1,123.1,Y,Y,Y,Y,Y,Y,Y,Y,Y,Y,Y,Y,Y,Y,Y,Y,Y,Y,Y,Boltonia decurrens,MBG Seed Bank,CCSD Seed Bank Freezer,NA,2023-12-01T00:00:00Z,Dormant,2875,Seed,Missouri Botanical Garden,Wild,Shaw Nature Reserve,NA,Project specific use only,2011-12-01T00:00:00Z,31,Smith,s.n.,21 Nov 1997,NA,NA,NA,NA,Open bottomland/floodplain,NA,Asteraceae,NA,NA
Boltonia_111,111,2-2-7,2011-2666-1,28A,1180069,United States,Illinois,Fulton,40.4925,-89.9022222,40.46699902833787, -89.9485498557629,NA,"Rice Lake, Maternal lines = 30, Seedheads = 90; 3 packets",2/29/24,3/7/24,4/12/24,NA,NA,0,11.6,17.8,22.1,1.7,1.6,1.5,NA,NA,NA,NA,NA,NA,NA,NA,NA,NA,NA,NA,NA,NA,NA,NA,NA,NA,NA,NA,NA,NA,NA,NA,NA,NA,NA,NA,NA,NA,NA,NA,NA,NA,NA,NA,NA,NA,NA,NA,NA,NA,NA,NA,NA,NA,NA,NA,NA,NA,NA,NA,NA,NA,NA,NA,NA,NA,NA,NA,NA,NA,NA,NA,NA,NA,NA,NA,NA,NA,NA,NA,NA,NA,NA,NA,NA,NA,NA,NA,NA,NA,NA,NA,NA,NA,NA,NA,NA,NA,NA,NA,NA,NA,NA,NA,NA,NA,NA,NA,NA,NA,NA,NA,0,0,NA,NA,NA,NA,NA,NA,NA,14,15,18,NA,NA,NA,NA,NA,NA,NA,NA,NA,NA,NA,NA,NA,NA,NA,NA,NA,NA,NA,NA,NA,NA,NA,NA,NA,NA,NA,NA,NA,NA,NA,NA,NA,NA,NA,NA,NA,NA,1,1,1,1,1,1,1,1,1,1,1,1,1,0,0,0,0,0,0,0,0,0,0,0,0,0,0,0,0,1999-5027-3,111,NA,NA,NA,NA,NA,NA,NA,NA,NA,NA,NA,NA,NA,NA,NA,NA,Y,Y,Y,Y,Y,Y,Y,Y,Y,Y,Y,Y,Y,Y,Y,Y,Y,Y,Y,Boltonia decurrens,MBG Seed Bank,CCSD Seed Bank Freezer,NA,2023-12-01T00:00:00Z,Dormant,8574,Seed,Missouri Botanical Garden,Wild,Shaw Nature Reserve,NA,Project specific use only,2011-12-01T00:00:00Z,90,Smith,s.n.,14 Oct 1999,NA,NA,NA,NA,Open bottomland/floodplain,NA,Asteraceae,NA,NA
Boltonia_112,112,8-3-10,2011-2666-1,3B,1180069,United States,Illinois,Fulton,40.4925,-89.9022222,40.46699902833787, -89.9485498557629,NA,"Rice Lake, Maternal lines = 30, Seedheads = 90; 3 packets",2/29/24,3/10/24,4/12/24,NA,NA,0,10.1,16.7,20.5,1.8,2.2,2.4,NA,NA,NA,NA,NA,NA,NA,NA,NA,NA,NA,NA,NA,NA,NA,NA,NA,NA,NA,NA,NA,NA,NA,NA,NA,NA,NA,NA,NA,NA,NA,NA,NA,NA,NA,NA,NA,NA,NA,NA,NA,NA,NA,NA,NA,NA,NA,NA,NA,NA,NA,NA,NA,NA,NA,NA,NA,NA,NA,NA,NA,NA,NA,NA,NA,NA,NA,NA,NA,NA,NA,NA,NA,NA,NA,NA,NA,NA,NA,NA,NA,NA,NA,NA,NA,NA,NA,NA,NA,NA,NA,NA,NA,NA,NA,NA,NA,NA,NA,NA,NA,NA,NA,NA,0,0,NA,NA,NA,NA,NA,NA,NA,12,17,20,NA,NA,NA,NA,NA,NA,NA,NA,NA,NA,NA,NA,NA,NA,NA,NA,NA,NA,NA,NA,NA,NA,NA,NA,NA,NA,NA,NA,NA,NA,NA,NA,NA,NA,NA,NA,NA,NA,1,1,1,1,1,1,1,1,1,1,1,2,2,0,0,0,0,0,0,0,0,0,0,0,0,0,0,0,0,1999-5002-5,112,NA,NA,NA,NA,NA,NA,NA,NA,NA,NA,NA,NA,NA,NA,NA,NA,Y,Y,Y,Y,Y,Y,Y,Y,Y,Y,Y,Y,Y,Y,Y,Y,Y,Y,Y,Boltonia decurrens,MBG Seed Bank,CCSD Seed Bank Freezer,NA,2023-12-01T00:00:00Z,Dormant,8574,Seed,Missouri Botanical Garden,Wild,Shaw Nature Reserve,NA,Project specific use only,2011-12-01T00:00:00Z,90,Smith,s.n.,14 Oct 1999,NA,NA,NA,NA,Open bottomland/floodplain,NA,Asteraceae,NA,NA
Boltonia_113,113,9-5-2,2011-2664-1,7,1180067,United States,Illinois,Fulton,40.2047222,-90.1994444,40.207444479612775, -90.1871999885973,NA,"Anderson Lake, Maternal lines = 31, Seedheads = 31",2/29/24,3/8/24,4/12/24,N,0,2,14.1,20.3,22.9,2.4,2.7,2.5,NA,NA,NA,NA,NA,NA,NA,NA,NA,NA,NA,NA,NA,NA,NA,NA,NA,NA,NA,NA,NA,NA,NA,NA,NA,NA,NA,NA,NA,NA,NA,NA,NA,NA,NA,NA,NA,NA,NA,NA,NA,NA,0,NA,NA,NA,NA,NA,NA,NA,NA,NA,NA,NA,NA,NA,NA,NA,NA,NA,NA,NA,NA,NA,NA,NA,NA,NA,NA,NA,NA,NA,NA,NA,NA,NA,NA,NA,NA,NA,0,NA,NA,NA,NA,NA,NA,NA,NA,NA,NA,NA,NA,NA,NA,NA,NA,NA,NA,NA,NA,NA,NA,0,0,0,NA,NA,NA,NA,NA,NA,NA,14,19,22,NA,NA,NA,NA,NA,0,NA,NA,NA,NA,NA,NA,NA,NA,NA,NA,NA,NA,NA,NA,NA,NA,NA,NA,NA,NA,NA,NA,NA,NA,NA,NA,NA,NA,NA,NA,NA,NA,0,0,1,0,1,1,1,1,1,1,2,3,3,1,1,0,1,0,0,0,0,0,0,0,0,0,0,0,0,1997-5409-2,113,1.2,0.6,NA,1.2,NA,NA,NA,NA,NA,NA,NA,NA,NA,NA,NA,NA,Y,Y,Y,Y,Y,Y,Y,Y,Y,Y,Y,Y,Y,Y,Y,Y,Y,Y,Y,Boltonia decurrens,MBG Seed Bank,CCSD Seed Bank Freezer,NA,2023-12-01T00:00:00Z,Dormant,2875,Seed,Missouri Botanical Garden,Wild,Shaw Nature Reserve,NA,Project specific use only,2011-12-01T00:00:00Z,31,Smith,s.n.,21 Nov 1997,NA,NA,NA,NA,Open bottomland/floodplain,NA,Asteraceae,NA,NA
Boltonia_114,114,10-4-4,2011-2599-1,27,1180002,United States,Illinois,Saint Clair,38.6494444,-90.1161111,38.651507278988504, -90.10298738781107,NA,"Fairmont City, Maternal lines = 28, Seedheads = 28; 2 packets",3/1/24,3/9/24,4/12/24,N,NA,0,13,18.5,21.6,2.2,2.1,2.5,NA,NA,NA,NA,NA,NA,NA,NA,NA,NA,NA,NA,NA,NA,NA,NA,NA,NA,NA,NA,NA,NA,NA,NA,NA,NA,NA,NA,NA,NA,NA,NA,NA,NA,NA,NA,NA,NA,NA,NA,NA,NA,NA,NA,NA,NA,NA,NA,NA,NA,0,NA,NA,NA,NA,NA,NA,NA,NA,NA,NA,NA,NA,NA,NA,NA,NA,NA,NA,NA,NA,NA,NA,NA,NA,NA,NA,NA,NA,NA,NA,NA,NA,NA,NA,NA,NA,NA,0,NA,NA,NA,NA,NA,NA,NA,NA,NA,NA,NA,NA,NA,NA,0,0,0,NA,NA,NA,NA,NA,NA,NA,12,14,17,NA,NA,NA,NA,NA,NA,NA,NA,NA,NA,NA,NA,NA,0,NA,NA,NA,NA,NA,NA,NA,NA,NA,NA,NA,NA,NA,NA,NA,NA,NA,NA,NA,NA,NA,NA,NA,NA,0,1,1,1,1,1,1,1,1,1,1,1,1,1,0,0,0,0,0,0,0,0,0,0,0,0,0,0,0,1997-5084-3,114,0.5,NA,NA,NA,NA,NA,NA,NA,NA,NA,NA,NA,NA,NA,NA,NA,Y,Y,Y,Y,Y,Y,Y,Y,Y,Y,Y,Y,Y,Y,Y,Y,Y,Y,Y,Boltonia decurrens,MBG Seed Bank,CCSD Seed Bank Freezer,NA,2023-12-01T00:00:00Z,Dormant,2632,Seed,Missouri Botanical Garden,Wild,Shaw Nature Reserve,NA,Project specific use only,2011-12-01T00:00:00Z,28,Smith,s.n.,05 Dec 1997,NA,NA,NA,NA,Open bottomland/floodplain,NA,Asteraceae,NA,NA
Boltonia_115,115,4-1-11,2011-2659-1,10C,1180062,United States,Illinois,Frederick,40.07116308939078,-90.42957195888599,40.07116308939078, -90.42957195888599,NA,"Frederick Landing, Maternal lines = 15, Seedheads = 44; 2 packets",2/29/24,3/7/24,4/12/24,NA,NA,0,9.5,18.5,21.4,1.8,1.9,1.8,NA,NA,NA,NA,NA,NA,NA,NA,NA,NA,NA,NA,NA,NA,NA,NA,NA,NA,NA,NA,NA,NA,NA,NA,NA,NA,NA,NA,NA,NA,NA,NA,NA,NA,NA,NA,NA,NA,NA,NA,NA,NA,NA,NA,NA,NA,NA,NA,NA,NA,NA,NA,NA,NA,NA,NA,NA,NA,NA,NA,NA,NA,NA,NA,NA,NA,NA,NA,NA,NA,NA,NA,NA,NA,NA,NA,NA,NA,NA,NA,NA,NA,NA,NA,NA,NA,NA,NA,NA,NA,NA,NA,NA,NA,NA,NA,NA,NA,NA,NA,NA,NA,NA,NA,0,0,NA,NA,NA,NA,NA,NA,NA,10,13,16,NA,NA,NA,NA,NA,NA,NA,NA,NA,NA,NA,NA,NA,NA,NA,NA,NA,NA,NA,NA,NA,NA,NA,NA,NA,NA,NA,NA,NA,NA,NA,NA,NA,NA,NA,NA,NA,NA,1,1,1,1,1,1,1,1,1,1,1,2,3,0,0,0,0,0,0,0,0,0,0,0,0,0,0,0,0,2011-5008-2,115,NA,NA,NA,NA,NA,NA,NA,NA,NA,NA,NA,NA,NA,NA,NA,NA,Y,Y,Y,Y,Y,Y,Y,Y,Y,Y,Y,Y,Y,Y,Y,Y,Y,Y,Y,Boltonia decurrens,MBG Seed Bank,CCSD Seed Bank Freezer,NA,2023-12-01T00:00:00Z,Dormant,4101,Seed,Missouri Botanical Garden,Wild,Shaw Nature Reserve,US-1-MO-2011-2659,Project specific use only,2011-12-01T00:00:00Z,44,Smith,s.n.,01 Dec 2011,NA,NA,NA,NA,Open bottomland/floodplain,NA,Asteraceae,NA,NA
Boltonia_116,116,6-2-11,2011-2618-1,24B,1180021,United States,Illinois,Peoria,40.7222223,-89.5519444,40.69352232924267, -89.59142458669179,NA,"McClugage Bridge, Maternal lines = 30, Seedheads = 90; 4 packets",2/29/24,3/7/24,4/12/24,NA,0,0,12.9,19.2,24,1.4,1.5,1.6,NA,NA,NA,NA,NA,NA,NA,NA,NA,NA,NA,NA,NA,NA,NA,NA,NA,NA,NA,NA,NA,NA,NA,NA,NA,NA,NA,NA,NA,NA,NA,NA,NA,NA,NA,NA,NA,NA,NA,NA,NA,NA,NA,NA,NA,NA,NA,NA,NA,NA,NA,NA,NA,NA,NA,NA,NA,NA,NA,NA,NA,NA,NA,NA,NA,NA,NA,NA,NA,NA,NA,NA,NA,NA,NA,NA,NA,NA,NA,NA,NA,NA,NA,NA,NA,NA,NA,NA,NA,NA,NA,NA,NA,NA,NA,NA,NA,NA,NA,NA,NA,NA,NA,NA,0,0,NA,NA,NA,NA,NA,NA,NA,12,15,19,NA,NA,NA,NA,NA,NA,NA,NA,NA,NA,NA,NA,NA,NA,NA,NA,NA,NA,NA,NA,NA,NA,NA,NA,NA,NA,NA,NA,NA,NA,NA,NA,NA,NA,NA,NA,NA,NA,1,0,1,1,1,1,1,1,1,1,1,1,1,0,1,0,0,0,0,0,0,0,0,0,0,0,0,0,0,1999-5080-3,116,NA,0.5,NA,NA,NA,NA,NA,NA,NA,NA,NA,NA,NA,NA,NA,NA,Y,Y,Y,Y,Y,Y,Y,Y,Y,Y,Y,Y,Y,Y,Y,Y,Y,Y,Y,Boltonia decurrens,MBG Seed Bank,CCSD Seed Bank Freezer,NA,2023-12-01T00:00:00Z,Dormant,8685,Seed,Missouri Botanical Garden,Wild,Shaw Nature Reserve,NA,Project specific use only,2011-12-01T00:00:00Z,90,Smith,s.n.,11 Nov 1999,NA,NA,NA,NA,Open bottomland/floodplain,NA,Asteraceae,NA,NA
Boltonia_117,117,12-4-8,2011-2666-1,16B,1180069,United States,Illinois,Fulton,40.4925,-89.9022222,40.46699902833787, -89.9485498557629,NA,"Rice Lake, Maternal lines = 30, Seedheads = 90; 3 packets",3/1/24,3/7/24,4/12/24,N,0,0,9.8,15.7,16.5,2.3,2,2.2,NA,NA,NA,NA,NA,NA,NA,NA,NA,NA,NA,NA,NA,NA,NA,NA,NA,NA,2,3,5,7,6,5,5,6,9,8,11,9,10,11,12,13,17,15,29,NA,0,0,0,0,0,0,0,1,1,2,2,3,3,3,5,6,6,6,5,4,2,1,2,4,3,4,2,6,1,5,5,7,10,28,45,72,93,NA,1,0,1,1,1,1,4,2,1,2,3,0,1,1,2,2,2,4,4,3,4,1,3,3,1,2,1,0,1,3,2,3,3,6,8,9,7,22,25,33,NA,0,0,0,0,1,2,1,1,3,2,2,4,3,3,2,0,0,0,2,2,3,1,2,1,1,1,1,1,0,0,5,7,25,24,13,15,0,2,2,1,1,1,1,3,1,1,1,1,2,2,1,1,2,2,2,2,2,2,2,1,2,2,2,2,2,2,1999-5015-2,117,3.3,10.7,18.4,29.6,33.5,36.4,35,34.2,28.7,33.9,37.5,34,35.1,34.3,34.3,34.3,Y,Y,Y,Y,Y,Y,Y,Y,Y,Y,Y,Y,Y,Y,Y,Y,Y,Y,Y,Boltonia decurrens,MBG Seed Bank,CCSD Seed Bank Freezer,NA,2023-12-01T00:00:00Z,Dormant,8574,Seed,Missouri Botanical Garden,Wild,Shaw Nature Reserve,NA,Project specific use only,2011-12-01T00:00:00Z,90,Smith,s.n.,14 Oct 1999,NA,NA,NA,NA,Open bottomland/floodplain,NA,Asteraceae,NA,NA
Boltonia_118,118,6-6-1,2011-2675-1,23A,1180078,United States,Illinois,Schuyler,40.0672223,-90.4275,40.07010712467176, -90.42899627731745,NA,"Frederick Borrow Pit, Maternal lines = 30, Seedheads = 90; 3 packets",2/29/24,3/7/24,4/12/24,N,Y,7,11.9,13,12.2,2.4,2.2,2.1,NA,NA,NA,Many discs senesced,NA,NA,NA,NA,NA,NA,NA,NA,NA,NA,NA,NA,NA,NA,15,17,17,18,18,18,18,18,17,17,16,16,16,16,18,18,21,22,29,0,0,0,1,2,NA,4,8,9,9,11,13,12,4,14,17,18,18,18,2,0,0,0,0,0,0,0,0,0,0,1,3,3,3,4,6,33,57,3,3,9,5,5,NA,2,5,7,3,3,2,1,0,3,3,1,0,2,10,6,8,6,9,6,3,2,1,0,4,4,4,7,3,6,3,7,3,35,50,52,1,1,1,1,4,NA,5,2,2,3,1,3,4,3,4,1,0,0,0,0,0,0,0,0,0,0,0,0,0,1,0,0,0,1,8,11,18,3,0,3,3,3,3,2,4,3,3,1,1,1,2,1,1,1,1,1,1,1,1,1,1,2,2,2,2,2,2,1999-5410-2,118,10.4,20.5,25.5,21.2,20.6,27.3,27,20.4,22.4,19.9,27.3,19.4,23.8,23.8,23.8,23.8,Y,Y,Y,Y,Y,Y,Y,Y,Y,Y,Y,Y,Y,Y,Y,Y,Y,Y,Y,Boltonia decurrens,MBG Seed Bank,CCSD Seed Bank Freezer,NA,2023-12-01T00:00:00Z,Dormant,8728,Seed,Missouri Botanical Garden,Wild,Shaw Nature Reserve,NA,Project specific use only,2011-12-01T00:00:00Z,90,Smith,s.n.,07 Oct 1999,NA,NA,NA,NA,Open bottomland/floodplain,NA,Asteraceae,NA,NA
Boltonia_119,119,13-1-5,2011-2675-1,18A,1180078,United States,Illinois,Schuyler,40.0672223,-90.4275,40.07010712467176, -90.42899627731745,NA,"Frederick Borrow Pit, Maternal lines = 30, Seedheads = 90; 3 packets",3/2/24,3/10/24,4/12/24,NA,NA,0,12.2,19.3,22.7,1.7,1.7,2,NA,NA,NA,NA,NA,NA,NA,NA,NA,NA,NA,NA,NA,NA,NA,NA,NA,NA,NA,NA,NA,NA,NA,NA,0,0,0,0,0,0,0,0,0,0,0,0,15,NA,NA,NA,NA,NA,NA,NA,NA,NA,NA,NA,NA,NA,0,NA,NA,NA,NA,NA,NA,NA,NA,NA,NA,NA,0,0,0,0,0,0,0,0,1,7,28,67,72,NA,NA,NA,NA,NA,NA,NA,NA,NA,NA,NA,NA,NA,0,NA,NA,NA,NA,NA,NA,NA,NA,NA,NA,NA,0,0,0,NA,0,0,NA,NA,NA,NA,NA,0,0,11,14,16,NA,NA,NA,NA,NA,NA,NA,NA,NA,NA,NA,NA,NA,0,NA,NA,NA,NA,NA,NA,NA,NA,NA,NA,NA,0,0,0,0,0,0,0,1,12,31,24,21,1,1,1,1,1,1,1,1,1,1,1,0,0,0,0,0,0,0,0,0,0,0,0,0,1,1,1,1,1,1,1999-5405-3,119,NA,NA,NA,NA,NA,NA,NA,NA,NA,NA,8.5,45.7,91.8,104,103.7,103.9,Y,Y,Y,Y,Y,Y,Y,Y,Y,Y,Y,Y,Y,Y,Y,Y,Y,Y,Y,Boltonia decurrens,MBG Seed Bank,CCSD Seed Bank Freezer,NA,2023-12-01T00:00:00Z,Dormant,8728,Seed,Missouri Botanical Garden,Wild,Shaw Nature Reserve,NA,Project specific use only,2011-12-01T00:00:00Z,90,Smith,s.n.,07 Oct 1999,NA,NA,NA,NA,Open bottomland/floodplain,NA,Asteraceae,NA,NA
Boltonia_120,120,4-2-5,2011-2664-1,9,1180067,United States,Illinois,Fulton,40.2047222,-90.1994444,40.207444479612775, -90.1871999885973,NA,"Anderson Lake, Maternal lines = 31, Seedheads = 31",2/29/24,3/8/24,4/12/24,NA,NA,0,9.8,12.2,15,1.7,1.8,2.1,NA,NA,NA,NA,NA,NA,NA,NA,NA,NA,NA,NA,NA,NA,NA,NA,NA,NA,NA,NA,NA,NA,NA,NA,NA,NA,NA,NA,NA,NA,NA,NA,NA,NA,NA,NA,NA,NA,NA,NA,NA,NA,NA,NA,NA,NA,NA,NA,NA,NA,NA,NA,NA,NA,NA,NA,NA,NA,NA,NA,NA,NA,NA,NA,NA,NA,NA,NA,NA,NA,NA,NA,NA,NA,NA,NA,NA,NA,NA,NA,NA,NA,NA,NA,NA,NA,NA,NA,NA,NA,NA,NA,NA,NA,NA,NA,NA,NA,NA,NA,NA,NA,NA,NA,0,0,NA,NA,NA,NA,NA,NA,NA,13,14,16,NA,NA,NA,NA,NA,NA,NA,NA,NA,NA,NA,NA,NA,NA,NA,NA,NA,NA,NA,NA,NA,NA,NA,NA,NA,NA,NA,NA,NA,NA,NA,NA,NA,NA,NA,NA,NA,NA,1,1,1,1,1,1,1,1,1,1,1,1,2,0,0,0,0,0,0,0,0,0,0,0,0,0,0,0,0,1997-5411-2,120,NA,NA,NA,NA,NA,NA,NA,NA,NA,NA,NA,NA,NA,NA,NA,NA,Y,Y,Y,Y,Y,Y,Y,Y,Y,Y,Y,Y,Y,Y,Y,Y,Y,Y,Y,Boltonia decurrens,MBG Seed Bank,CCSD Seed Bank Freezer,NA,2023-12-01T00:00:00Z,Dormant,2875,Seed,Missouri Botanical Garden,Wild,Shaw Nature Reserve,NA,Project specific use only,2011-12-01T00:00:00Z,31,Smith,s.n.,21 Nov 1997,NA,NA,NA,NA,Open bottomland/floodplain,NA,Asteraceae,NA,NA
Boltonia_121,121,3-2-9,2011-2664-1,8,1180067,United States,Illinois,Fulton,40.2047222,-90.1994444,40.207444479612775, -90.1871999885973,NA,"Anderson Lake, Maternal lines = 31, Seedheads = 31",2/29/24,3/6/24,4/12/24,NA,0,2,6.6,10.5,14.2,1.4,1.6,2.2,NA,NA,NA,NA,NA,NA,NA,NA,NA,NA,NA,NA,NA,NA,NA,NA,NA,NA,NA,NA,NA,NA,NA,NA,NA,NA,NA,NA,NA,NA,NA,NA,NA,NA,NA,NA,NA,NA,NA,NA,NA,NA,NA,NA,NA,NA,NA,NA,NA,NA,NA,NA,NA,NA,NA,NA,NA,NA,NA,NA,NA,NA,NA,NA,NA,NA,NA,NA,NA,NA,NA,NA,NA,NA,NA,NA,NA,NA,NA,NA,NA,NA,NA,NA,NA,NA,NA,NA,NA,NA,NA,NA,NA,NA,NA,NA,NA,NA,NA,NA,NA,NA,NA,NA,0,0,NA,NA,NA,NA,NA,NA,NA,9,15,13,NA,NA,NA,NA,NA,NA,NA,NA,NA,NA,NA,NA,NA,NA,NA,NA,NA,NA,NA,NA,NA,NA,NA,NA,NA,NA,NA,NA,NA,NA,NA,NA,NA,NA,NA,NA,NA,NA,1,0,1,1,1,1,1,1,1,1,1,2,3,0,1,0,0,0,0,0,0,0,0,0,0,0,0,0,0,1997-5410-3,121,NA,0.5,NA,NA,NA,NA,NA,NA,NA,NA,NA,NA,NA,NA,NA,NA,Y,Y,Y,Y,Y,Y,Y,Y,Y,Y,Y,Y,Y,Y,Y,Y,Y,Y,Y,Boltonia decurrens,MBG Seed Bank,CCSD Seed Bank Freezer,NA,2023-12-01T00:00:00Z,Dormant,2875,Seed,Missouri Botanical Garden,Wild,Shaw Nature Reserve,NA,Project specific use only,2011-12-01T00:00:00Z,31,Smith,s.n.,21 Nov 1997,NA,NA,NA,NA,Open bottomland/floodplain,NA,Asteraceae,NA,NA
Boltonia_122,122,1-6-10,2011-2661-1,23A,1180064,United States,Illinois,Tazewell,40.69584983597212,-89.54394792156027,40.69584983597212, -89.54394792156027,NA,"Cooper park South, Maternal lines = 43, Seedheads = 73; 4 packets",2/29/24,3/6/24,4/12/24,N,NA,3,3.9,7.6,13.1,0.8,1.5,2,NA,NA,NA,NA,NA,NA,NA,NA,NA,NA,NA,NA,NA,NA,NA,NA,NA,NA,0,0,0,0,0,0,0,0,0,0,0,0,0,0,0,0,0,0,11,NA,NA,NA,NA,NA,0,NA,0,0,0,0,0,NA,0,0,0,0,0,0,0,0,0,0,0,0,0,0,0,0,0,0,0,2,12,27,80,91,102,NA,NA,NA,NA,NA,0,NA,0,0,0,0,0,NA,0,0,0,0,0,0,0,0,0,0,0,0,0,0,0,0,0,0,0,0,0,0,1,0,5,5,12,15,NA,NA,NA,NA,NA,0,NA,0,0,0,0,0,NA,0,0,0,0,0,0,0,0,0,0,0,0,0,0,0,0,0,0,2,7,33,43,13,4,6,0,1,3,2,0,0,2,0,0,1,0,1,1,1,0,0,1,2,2,2,2,2,1,2,2,2,2,2,2,2000-5147-2,122,1.8,NA,NA,1.5,5.4,17.8,18.3,26,35.3,50.5,59.9,97,109.4,109.8,110.5,110.2,Y,Y,Y,Y,Y,Y,Y,Y,Y,Y,Y,Y,Y,Y,Y,Y,Y,Y,Y,Boltonia decurrens,MBG Seed Bank,CCSD Seed Bank Freezer,NA,2023-12-01T00:00:00Z,Dormant,6976,Seed,Missouri Botanical Garden,Wild,Shaw Nature Reserve,NA,Project specific use only,2011-12-01T00:00:00Z,73,Smith,s.n.,01 Oct 2000,NA,NA,NA,NA,Open bottomland/floodplain,NA,Asteraceae,NA,NA
Boltonia_123,123,10-1-9,2011-2650-1,11B,1180053,United States,Illinois,Woodford,40.8852777,-89.4583333,40.84668797480775, -89.0297386240063,NA,"Woodford County, Maternal lines = 30, Seedheads = 90; 6 packets",3/1/24,3/9/24,4/12/24,NA,NA,0,9.2,9.4,11.8,1.1,1.8,1.5,NA,NA,NA,NA,NA,NA,NA,NA,NA,NA,NA,Dead,NA,Dead,NA,NA,Dead,NA,NA,NA,NA,NA,NA,NA,NA,NA,NA,NA,NA,NA,NA,NA,NA,NA,NA,NA,NA,NA,NA,NA,NA,NA,NA,NA,NA,NA,NA,NA,NA,NA,NA,NA,NA,NA,NA,NA,NA,NA,NA,NA,NA,NA,NA,NA,NA,NA,NA,NA,NA,NA,NA,NA,NA,NA,NA,NA,NA,NA,NA,NA,NA,NA,NA,NA,NA,NA,NA,NA,NA,NA,NA,NA,NA,NA,NA,NA,NA,NA,NA,NA,NA,NA,NA,NA,0,0,NA,NA,NA,NA,NA,NA,NA,10,8,7,NA,NA,NA,NA,NA,NA,NA,NA,NA,NA,NA,NA,NA,NA,NA,NA,NA,NA,NA,NA,NA,NA,NA,NA,NA,NA,NA,NA,NA,NA,NA,NA,NA,NA,NA,NA,NA,NA,1,1,1,1,1,1,1,1,1,1,1,NA,NA,0,0,0,0,0,0,0,0,0,0,0,NA,NA,NA,NA,NA,1999-5367-4,123,NA,NA,NA,NA,NA,NA,NA,NA,NA,NA,NA,NA,NA,NA,NA,NA,Y,Y,Y,Y,Y,Y,Y,Y,Y,Y,N,N,N,N,N,N,N,N,N,Boltonia decurrens,MBG Seed Bank,CCSD Seed Bank Freezer,NA,2023-12-01T00:00:00Z,Dormant,8743,Seed,Missouri Botanical Garden,Wild,Shaw Nature Reserve,US-1-MO-2011-2650,Project specific use only,2011-12-01T00:00:00Z,90,Smith,s.n.,11 Nov 1999,NA,NA,NA,NA,Open bottomland/floodplain,NA,Asteraceae,NA,NA
Boltonia_124,124,4-6-10,2011-2650-1,8B,1180053,United States,Illinois,Woodford,40.8852777,-89.4583333,40.84668797480775, -89.0297386240063,NA,"Woodford County, Maternal lines = 30, Seedheads = 90; 6 packets",2/29/24,3/12/24,4/12/24,NA,NA,0,10.8,16.8,17.6,1.7,2.4,2.5,NA,NA,NA,NA,NA,NA,NA,NA,NA,NA,NA,NA,NA,NA,NA,NA,NA,NA,NA,NA,NA,NA,NA,NA,NA,NA,NA,NA,NA,NA,NA,NA,NA,NA,NA,NA,NA,NA,NA,NA,NA,NA,NA,NA,NA,NA,NA,NA,NA,NA,NA,NA,NA,NA,NA,NA,NA,NA,NA,NA,NA,NA,NA,NA,NA,NA,NA,NA,NA,NA,NA,NA,NA,NA,NA,NA,NA,NA,NA,NA,NA,NA,NA,NA,NA,NA,NA,NA,NA,NA,NA,NA,NA,NA,NA,NA,NA,NA,NA,NA,NA,NA,NA,NA,0,0,NA,NA,NA,NA,NA,NA,NA,11,14,16,NA,NA,NA,NA,NA,NA,NA,NA,NA,NA,NA,NA,NA,NA,NA,NA,NA,NA,NA,NA,NA,NA,NA,NA,NA,NA,NA,NA,NA,NA,NA,NA,NA,NA,NA,NA,NA,NA,1,1,1,1,1,1,1,1,1,1,1,2,2,0,0,0,0,0,0,0,0,0,0,0,0,0,0,0,0,1999-5364-3,124,NA,NA,NA,NA,NA,NA,NA,NA,NA,NA,NA,NA,NA,NA,NA,NA,Y,Y,Y,Y,Y,Y,Y,Y,Y,Y,Y,Y,Y,Y,Y,Y,Y,Y,Y,Boltonia decurrens,MBG Seed Bank,CCSD Seed Bank Freezer,NA,2023-12-01T00:00:00Z,Dormant,8743,Seed,Missouri Botanical Garden,Wild,Shaw Nature Reserve,US-1-MO-2011-2650,Project specific use only,2011-12-01T00:00:00Z,90,Smith,s.n.,11 Nov 1999,NA,NA,NA,NA,Open bottomland/floodplain,NA,Asteraceae,NA,NA
Boltonia_125,125,6-6-12,2011-2629-1,14A,1180032,United States,Illinois,Marshal,41.045,-89.4311111,41.02868892611459, -89.43846248262098,NA,"Sparland, Maternal lines = 30, Seedheads = 90; 3 packets",2/29/24,3/7/24,4/12/24,NA,NA,0,11.4,14.8,17.1,1.9,2.3,2,NA,NA,NA,NA,NA,NA,NA,NA,NA,NA,NA,NA,NA,NA,NA,NA,NA,NA,NA,NA,NA,NA,NA,NA,NA,NA,NA,NA,NA,NA,NA,NA,NA,NA,NA,NA,NA,NA,NA,NA,NA,NA,NA,NA,NA,NA,NA,NA,NA,NA,NA,NA,NA,NA,NA,NA,NA,NA,NA,NA,NA,NA,NA,NA,NA,NA,NA,NA,NA,NA,NA,NA,NA,NA,NA,NA,NA,NA,NA,NA,NA,NA,NA,NA,NA,NA,NA,NA,NA,NA,NA,NA,NA,NA,NA,NA,NA,NA,NA,NA,NA,NA,NA,NA,0,0,NA,NA,NA,NA,NA,NA,NA,13,19,24,NA,NA,NA,NA,NA,NA,NA,NA,NA,NA,NA,NA,NA,NA,NA,NA,NA,NA,NA,NA,NA,NA,NA,NA,NA,NA,NA,NA,NA,NA,NA,NA,NA,NA,NA,NA,NA,NA,1,1,1,1,1,1,1,1,1,1,2,2,3,0,0,0,0,0,0,0,0,0,0,0,0,0,0,0,0,1999-5163-4,125,NA,NA,NA,NA,NA,NA,NA,NA,NA,NA,NA,NA,NA,NA,NA,NA,Y,Y,Y,Y,Y,Y,Y,Y,Y,Y,Y,Y,Y,Y,Y,Y,Y,Y,Y,Boltonia decurrens,MBG Seed Bank,CCSD Seed Bank Freezer,NA,2023-12-01T00:00:00Z,Dormant,8786,Seed,Missouri Botanical Garden,Wild,Shaw Nature Reserve,NA,Project specific use only,2011-12-01T00:00:00Z,90,Smith,s.n.,11 Nov 1999,NA,NA,NA,NA,Open bottomland/floodplain,NA,Asteraceae,NA,NA
Boltonia_126,126,13-1-2,2011-2661-1,10B,1180064,United States,Illinois,Tazewell,40.69584983597212,-89.54394792156027,40.69584983597212, -89.54394792156027,NA,"Cooper park South, Maternal lines = 43, Seedheads = 73; 4 packets",3/1/24,3/10/24,4/12/24,NA,NA,0,10,15.1,20.3,1.7,1.9,2.2,NA,NA,NA,NA,NA,NA,NA,NA,NA,Twisted stem,NA,Corkscrew stem,Abnormal stem,Abnormal stem,Abnormal stem,Abnormal stem,Abnormal stem,Abnormal stem,NA,NA,NA,NA,NA,NA,NA,NA,NA,0,0,0,0,0,0,0,0,0,0,NA,NA,NA,NA,NA,NA,NA,NA,NA,NA,NA,NA,NA,NA,NA,NA,NA,NA,NA,NA,NA,NA,NA,NA,NA,NA,NA,NA,0,0,0,0,0,0,0,0,0,0,NA,NA,NA,NA,NA,NA,NA,NA,NA,NA,NA,NA,NA,NA,NA,NA,NA,NA,NA,NA,NA,NA,NA,NA,NA,NA,NA,NA,NA,0,0,NA,NA,NA,NA,NA,NA,0,10,12,15,NA,NA,NA,NA,NA,NA,NA,NA,NA,NA,NA,NA,NA,NA,NA,NA,NA,NA,NA,NA,NA,NA,NA,NA,NA,NA,NA,NA,0,0,0,0,0,0,0,0,0,0,1,1,1,1,1,1,1,1,1,1,1,0,1,0,0,0,0,0,0,0,0,0,0,0,1,1,1,1,1,2000-5134-2,126,NA,NA,NA,NA,NA,NA,NA,NA,NA,NA,NA,1.7,2.1,2.7,4,4.3,Y,Y,Y,Y,Y,Y,Y,Y,Y,Y,Y,Y,Y,Y,Y,Y,Y,Y,Y,Boltonia decurrens,MBG Seed Bank,CCSD Seed Bank Freezer,NA,2023-12-01T00:00:00Z,Dormant,6976,Seed,Missouri Botanical Garden,Wild,Shaw Nature Reserve,NA,Project specific use only,2011-12-01T00:00:00Z,73,Smith,s.n.,01 Oct 2000,NA,NA,NA,NA,Open bottomland/floodplain,NA,Asteraceae,NA,NA
Boltonia_127,127,4-3-9,2011-2635-1,8,1180038,United States,Illinois,Alton,38.86501904919102,-90.22302347588696,38.86501904919102, -90.22302347588696,NA,"West Alton, Maternal lines = 32, Seedheads = 32; 2 packets",2/29/24,Unknown,4/12/24,NA,NA,0,4.9,9.1,14.4,1.4,1.4,1.5,NA,NA,NA,NA,NA,NA,NA,NA,NA,Twisted stem,NA,NA,NA,NA,NA,NA,NA,NA,NA,NA,NA,NA,NA,NA,0,0,0,0,0,0,0,0,0,0,0,0,7,NA,NA,NA,NA,NA,NA,NA,NA,NA,NA,NA,NA,NA,NA,NA,NA,NA,NA,NA,NA,NA,NA,NA,NA,NA,0,0,0,0,0,0,0,0,0,1,1,31,94,NA,NA,NA,NA,NA,NA,NA,NA,NA,NA,NA,NA,NA,NA,NA,NA,NA,NA,NA,NA,NA,NA,NA,NA,NA,0,0,0,NA,0,0,NA,NA,NA,NA,NA,0,0,7,9,9,NA,NA,NA,NA,NA,NA,NA,NA,NA,NA,NA,NA,NA,NA,NA,NA,NA,NA,NA,NA,NA,NA,NA,NA,NA,0,0,0,0,0,0,0,0,1,10,13,46,5,1,1,1,1,1,1,1,1,1,1,0,0,0,0,0,0,0,0,0,0,0,0,0,1,2,2,2,2,2,1999-5214-2,127,NA,NA,NA,NA,NA,NA,NA,NA,NA,NA,16.2,49.1,82.2,103.5,103.4,108.4,Y,Y,Y,Y,Y,Y,Y,Y,Y,Y,Y,Y,Y,Y,Y,Y,Y,Y,Y,Boltonia decurrens,MBG Seed Bank,CCSD Seed Bank Freezer,NA,2023-12-01T00:00:00Z,Dormant,2831,Seed,Missouri Botanical Garden,Wild,Shaw Nature Reserve,NA,Project specific use only,2011-12-01T00:00:00Z,32,Smith,s.n.,07 Nov 1999,NA,NA,NA,NA,Open bottomland/floodplain,NA,Asteraceae,NA,NA
Boltonia_128,128,13-2-3,2011-2661-1,26A,1180064,United States,Illinois,Tazewell,40.69584983597212,-89.54394792156027,40.69584983597212, -89.54394792156027,NA,"Cooper park South, Maternal lines = 43, Seedheads = 73; 4 packets",3/2/24,3/12/24,4/12/24,NA,NA,0,10,16.7,21.6,1.6,1.8,1.6,NA,NA,NA,NA,NA,NA,NA,NA,NA,NA,NA,NA,NA,NA,NA,NA,NA,NA,NA,NA,NA,NA,NA,NA,NA,NA,NA,NA,NA,NA,NA,NA,NA,NA,NA,NA,NA,NA,NA,NA,NA,NA,NA,NA,NA,NA,NA,NA,NA,NA,NA,NA,NA,NA,NA,NA,NA,NA,NA,NA,NA,NA,NA,NA,NA,NA,NA,NA,NA,NA,NA,NA,NA,NA,NA,NA,NA,NA,NA,NA,NA,NA,NA,NA,NA,NA,NA,NA,NA,NA,NA,NA,NA,NA,NA,NA,NA,NA,NA,NA,NA,NA,NA,NA,0,0,NA,NA,NA,NA,NA,NA,NA,12,13,17,NA,NA,NA,NA,NA,NA,NA,NA,NA,NA,NA,NA,NA,NA,NA,NA,NA,NA,NA,NA,NA,NA,NA,NA,NA,NA,NA,NA,NA,NA,NA,NA,NA,NA,NA,NA,NA,NA,1,1,1,1,1,1,1,1,1,1,2,2,2,0,0,0,0,0,0,0,0,0,0,0,0,0,0,0,0,2000-5150-2,128,NA,NA,NA,NA,NA,NA,NA,NA,NA,NA,NA,NA,NA,NA,NA,NA,Y,Y,Y,Y,Y,Y,Y,Y,Y,Y,Y,Y,Y,Y,Y,Y,Y,Y,Y,Boltonia decurrens,MBG Seed Bank,CCSD Seed Bank Freezer,NA,2023-12-01T00:00:00Z,Dormant,6976,Seed,Missouri Botanical Garden,Wild,Shaw Nature Reserve,NA,Project specific use only,2011-12-01T00:00:00Z,73,Smith,s.n.,01 Oct 2000,NA,NA,NA,NA,Open bottomland/floodplain,NA,Asteraceae,NA,NA
Boltonia_129,129,3-1-4,2011-2675-1,15B,1180078,United States,Illinois,Schuyler,40.0672223,-90.4275,40.07010712467176, -90.42899627731745,NA,"Frederick Borrow Pit, Maternal lines = 30, Seedheads = 90; 3 packets",2/29/24,3/6/24,4/12/24,N,0,0,10.1,15.3,16.1,1.9,2.5,2.6,NA,NA,NA,NA,NA,NA,NA,NA,NA,NA,NA,NA,NA,NA,NA,NA,NA,NA,5,0,0,7,5,6,6,7,12,11,12,11,11,13,12,18,20,20,35,NA,0,0,NA,0,0,0,0,0,0,1,1,2,4,4,5,5,7,7,2,8,9,4,5,6,6,6,4,6,4,11,12,16,14,23,49,69,114,NA,0,0,NA,2,1,1,4,4,2,0,1,3,5,7,4,5,6,7,7,9,8,7,9,7,7,9,6,0,2,4,3,4,4,6,7,7,7,7,10,14,NA,0,0,NA,0,0,1,1,1,3,4,4,3,1,1,2,2,0,1,3,2,3,2,2,3,3,1,1,4,4,2,2,2,21,21,16,20,3,0,0,0,0,0,0,1,0,0,1,1,1,1,1,1,1,1,1,1,1,1,1,1,1,1,1,1,1,1,1999-5402-4,129,1,6,18.3,35.8,48.7,53.1,51.6,51.3,43.9,50.8,50.3,50.3,49.1,50.1,50.1,50.1,Y,Y,Y,Y,Y,Y,Y,Y,Y,Y,Y,Y,Y,Y,Y,Y,Y,Y,Y,Boltonia decurrens,MBG Seed Bank,CCSD Seed Bank Freezer,NA,2023-12-01T00:00:00Z,Dormant,8728,Seed,Missouri Botanical Garden,Wild,Shaw Nature Reserve,NA,Project specific use only,2011-12-01T00:00:00Z,90,Smith,s.n.,07 Oct 1999,NA,NA,NA,NA,Open bottomland/floodplain,NA,Asteraceae,NA,NA
Boltonia_130,130,5-6-11,2011-2629-1,22B,1180032,United States,Illinois,Marshal,41.045,-89.4311111,41.02868892611459, -89.43846248262098,NA,"Sparland, Maternal lines = 30, Seedheads = 90; 3 packets",2/29/24,3/12/24,4/12/24,NA,0,0,9.8,15.2,16.8,1.7,2.2,1.9,NA,NA,NA,NA,NA,NA,NA,NA,NA,NA,NA,NA,NA,NA,NA,NA,NA,NA,NA,NA,NA,NA,NA,NA,NA,NA,NA,NA,NA,NA,NA,NA,NA,NA,NA,NA,NA,NA,NA,NA,NA,NA,NA,NA,NA,NA,NA,NA,NA,NA,NA,NA,NA,NA,NA,NA,NA,NA,NA,NA,NA,NA,NA,NA,NA,NA,NA,NA,NA,NA,NA,NA,NA,NA,NA,NA,NA,NA,NA,NA,NA,NA,NA,NA,NA,NA,NA,NA,NA,NA,NA,NA,NA,NA,NA,NA,NA,NA,NA,NA,NA,NA,NA,NA,0,0,NA,NA,NA,NA,NA,NA,NA,13,14,19,NA,NA,NA,NA,NA,NA,NA,NA,NA,NA,NA,NA,NA,NA,NA,NA,NA,NA,NA,NA,NA,NA,NA,NA,NA,NA,NA,NA,NA,NA,NA,NA,NA,NA,NA,NA,NA,NA,1,0,1,1,1,1,1,1,1,1,1,1,1,0,1,0,0,0,0,0,0,0,0,0,0,0,0,0,0,1999-5171-3,130,NA,0.3,NA,NA,NA,NA,NA,NA,NA,NA,NA,NA,NA,NA,NA,NA,Y,Y,Y,Y,Y,Y,Y,Y,Y,Y,Y,Y,Y,Y,Y,Y,Y,Y,Y,Boltonia decurrens,MBG Seed Bank,CCSD Seed Bank Freezer,NA,2023-12-01T00:00:00Z,Dormant,8786,Seed,Missouri Botanical Garden,Wild,Shaw Nature Reserve,NA,Project specific use only,2011-12-01T00:00:00Z,90,Smith,s.n.,11 Nov 1999,NA,NA,NA,NA,Open bottomland/floodplain,NA,Asteraceae,NA,NA
Boltonia_131,131,5-3-2,2011-2623-1,12A,1180026,United States,Illinois,Hennepin,41.34414603458205,-89.55849691836283,41.34414603458205, -89.55849691836283,NA,"Hennepin Bridge, Maternal lines = 30, Seedheads = 90; 6 packets",2/29/24,3/8/24,4/12/24,N,0,0,13.9,16.5,18.4,1.7,1.6,1.7,NA,NA,NA,NA,NA,NA,NA,NA,NA,NA,NA,NA,NA,NA,NA,NA,NA,NA,NA,NA,NA,NA,NA,NA,NA,NA,NA,NA,NA,NA,NA,NA,NA,NA,NA,NA,NA,NA,NA,NA,NA,NA,NA,NA,NA,NA,NA,NA,NA,NA,NA,NA,NA,NA,NA,NA,NA,NA,NA,NA,NA,NA,NA,NA,NA,NA,NA,NA,NA,NA,NA,NA,NA,NA,NA,NA,NA,NA,NA,NA,NA,NA,NA,NA,NA,NA,NA,NA,NA,NA,NA,NA,NA,NA,NA,NA,NA,NA,NA,NA,NA,NA,NA,0,0,0,NA,NA,NA,NA,NA,NA,NA,14,23,26,NA,NA,NA,NA,NA,NA,NA,NA,NA,NA,NA,NA,NA,NA,NA,NA,NA,NA,NA,NA,NA,NA,NA,NA,NA,NA,NA,NA,NA,NA,NA,NA,NA,NA,NA,NA,NA,NA,0,0,2,2,2,2,2,2,1,1,2,2,3,1,1,0,0,0,0,0,0,0,0,0,0,0,0,0,0,1999-5130-2,131,0.7,0.5,NA,NA,NA,NA,NA,NA,NA,NA,NA,NA,NA,NA,NA,NA,Y,Y,Y,Y,Y,Y,Y,Y,Y,Y,Y,Y,Y,Y,Y,Y,Y,Y,Y,Boltonia decurrens,MBG Seed Bank,CCSD Seed Bank Freezer,NA,2023-12-01T00:00:00Z,Dormant,2883,Seed,Missouri Botanical Garden,Wild,Shaw Nature Reserve,NA,Project specific use only,2011-12-01T00:00:00Z,90,Smith,s.n.,11 Nov 1999,NA,NA,NA,NA,Open bottomland/floodplain,NA,Asteraceae,NA,NA
Boltonia_132,132,6-2-2,2011-2629-1,19C,1180032,United States,Illinois,Marshal,41.045,-89.4311111,41.02868892611459, -89.43846248262098,NA,"Sparland, Maternal lines = 30, Seedheads = 90; 3 packets",2/29/24,3/12/24,4/12/24,NA,NA,0,12.5,16.9,22.3,1.3,1.4,2.1,NA,NA,NA,NA,NA,NA,NA,NA,NA,NA,NA,NA,NA,NA,NA,NA,NA,NA,NA,NA,NA,NA,NA,NA,NA,NA,NA,NA,NA,NA,NA,NA,NA,NA,NA,NA,NA,NA,NA,NA,NA,NA,NA,NA,NA,NA,NA,NA,NA,NA,NA,NA,NA,NA,NA,NA,NA,NA,NA,NA,NA,NA,NA,NA,NA,NA,NA,NA,NA,NA,NA,NA,NA,NA,NA,NA,NA,NA,NA,NA,NA,NA,NA,NA,NA,NA,NA,NA,NA,NA,NA,NA,NA,NA,NA,NA,NA,NA,NA,NA,NA,NA,NA,NA,0,0,NA,NA,NA,NA,NA,NA,NA,10,13,15,NA,NA,NA,NA,NA,NA,NA,NA,NA,NA,NA,NA,NA,NA,NA,NA,NA,NA,NA,NA,NA,NA,NA,NA,NA,NA,NA,NA,NA,NA,NA,NA,NA,NA,NA,NA,NA,NA,1,1,1,1,1,1,1,1,1,1,1,3,3,0,0,0,0,0,0,0,0,0,0,0,0,0,0,0,0,1999-5168-2,132,NA,NA,NA,NA,NA,NA,NA,NA,NA,NA,NA,NA,NA,NA,NA,NA,Y,Y,Y,Y,Y,Y,Y,Y,Y,Y,Y,Y,Y,Y,Y,Y,Y,Y,Y,Boltonia decurrens,MBG Seed Bank,CCSD Seed Bank Freezer,NA,2023-12-01T00:00:00Z,Dormant,8786,Seed,Missouri Botanical Garden,Wild,Shaw Nature Reserve,NA,Project specific use only,2011-12-01T00:00:00Z,90,Smith,s.n.,11 Nov 1999,NA,NA,NA,NA,Open bottomland/floodplain,NA,Asteraceae,NA,NA
Boltonia_133,133,1-2-4,2011-2675-1,25A,1180078,United States,Illinois,Schuyler,40.0672223,-90.4275,40.07010712467176, -90.42899627731745,NA,"Frederick Borrow Pit, Maternal lines = 30, Seedheads = 90; 3 packets",2/28/24,3/21/24,4/12/24,NA,NA,0,11.2,17.1,25.6,1.9,2,2.1,NA,NA,NA,NA,NA,NA,NA,NA,NA,NA,NA,NA,NA,NA,NA,NA,NA,NA,NA,0,0,0,0,0,0,0,0,0,0,0,0,0,0,0,0,4,13,NA,NA,NA,NA,NA,NA,NA,NA,NA,NA,NA,NA,NA,NA,NA,NA,NA,NA,0,NA,0,0,0,0,0,0,0,0,0,0,3,7,10,20,31,48,67,101,NA,NA,NA,NA,NA,NA,NA,NA,NA,NA,NA,NA,NA,NA,NA,NA,NA,NA,0,NA,0,0,0,0,1,3,5,8,NA,0,0,NA,NA,NA,0,0,3,6,8,10,11,NA,NA,NA,NA,NA,NA,NA,NA,NA,NA,NA,NA,NA,NA,NA,NA,NA,NA,0,NA,0,0,0,0,0,0,0,0,3,3,1,3,10,19,40,12,9,1,1,1,1,1,1,1,1,1,1,1,0,0,0,0,0,0,0,0,0,0,0,1,1,1,1,1,1,1,1,1999-5412-2,133,NA,NA,NA,NA,NA,NA,NA,NA,14,32.6,52,64.1,64,25.3,64.2,51.2,Y,Y,Y,Y,Y,Y,Y,Y,Y,Y,Y,Y,Y,Y,Y,Y,Y,Y,Y,Boltonia decurrens,MBG Seed Bank,CCSD Seed Bank Freezer,NA,2023-12-01T00:00:00Z,Dormant,8728,Seed,Missouri Botanical Garden,Wild,Shaw Nature Reserve,NA,Project specific use only,2011-12-01T00:00:00Z,90,Smith,s.n.,07 Oct 1999,NA,NA,NA,NA,Open bottomland/floodplain,NA,Asteraceae,NA,NA
Boltonia_134,134,5-4-7,2011-2623-1,1B,1180026,United States,Illinois,Hennepin,41.34414603458205,-89.55849691836283,41.34414603458205, -89.55849691836283,NA,"Hennepin Bridge, Maternal lines = 30, Seedheads = 90; 6 packets",2/29/24,3/7/24,4/12/24,N,Y,8,12.7,13.2,11.8,2.3,2.4,1.5,NA,NA,NA,Some discs senesced,NA,NA,NA,NA,NA,NA,NA,NA,NA,NA,NA,NA,NA,NA,5,5,7,10,8,9,10,10,10,10,11,9,10,10,10,11,10,14,22,0,0,1,0,0,1,1,3,4,4,4,4,5,7,7,7,8,10,9,4,5,4,1,3,0,2,1,1,3,2,4,5,10,9,12,17,27,34,1,2,2,2,2,1,1,3,3,3,1,2,3,7,4,4,1,0,3,5,9,13,9,10,7,7,4,5,0,8,8,4,9,7,6,9,6,7,33,42,62,0,0,0,1,2,2,2,1,0,0,1,2,1,0,2,2,1,1,1,0,0,0,0,0,0,0,2,1,1,1,2,3,0,2,4,6,1,3,3,2,3,2,2,2,3,2,2,1,1,3,3,1,1,1,1,1,3,1,1,1,1,2,2,1,3,3,3,1999-5119-2,134,6.2,15.9,27.8,28,28,29.3,29.2,27.4,23.4,27.3,27.7,27.8,26.7,27.5,27.5,27.5,Y,Y,Y,Y,Y,Y,Y,Y,Y,Y,Y,Y,Y,Y,Y,Y,Y,Y,Y,Boltonia decurrens,MBG Seed Bank,CCSD Seed Bank Freezer,NA,2023-12-01T00:00:00Z,Dormant,2883,Seed,Missouri Botanical Garden,Wild,Shaw Nature Reserve,NA,Project specific use only,2011-12-01T00:00:00Z,90,Smith,s.n.,11 Nov 1999,NA,NA,NA,NA,Open bottomland/floodplain,NA,Asteraceae,NA,NA
Boltonia_135,135,9-2-10,2011-2629-1,5A,1180032,United States,Illinois,Marshal,41.045,-89.4311111,41.02868892611459, -89.43846248262098,NA,"Sparland, Maternal lines = 30, Seedheads = 90; 3 packets",2/29/24,3/14/24,4/12/24,NA,NA,0,4.5,7.2,9.8,1,1,1,NA,NA,NA,NA,NA,NA,NA,NA,NA,NA,NA,NA,NA,NA,NA,NA,NA,NA,NA,NA,NA,NA,NA,NA,NA,NA,NA,NA,NA,NA,NA,NA,NA,NA,NA,NA,NA,NA,NA,NA,NA,NA,NA,NA,NA,NA,NA,NA,NA,NA,NA,NA,NA,NA,NA,NA,NA,NA,NA,NA,NA,NA,NA,NA,NA,NA,NA,NA,NA,NA,NA,NA,NA,NA,NA,NA,NA,NA,NA,NA,NA,NA,NA,NA,NA,NA,NA,NA,NA,NA,NA,NA,NA,NA,NA,NA,NA,NA,NA,NA,NA,NA,NA,NA,0,0,NA,NA,NA,NA,NA,NA,NA,8,14,13,NA,NA,NA,NA,NA,NA,NA,NA,NA,NA,NA,NA,NA,NA,NA,NA,NA,NA,NA,NA,NA,NA,NA,NA,NA,NA,NA,NA,NA,NA,NA,NA,NA,NA,NA,NA,NA,NA,1,1,1,1,1,1,1,1,1,1,1,3,3,0,0,0,0,0,0,0,0,0,0,0,0,0,0,0,0,1999-5154-2,135,NA,NA,NA,NA,NA,NA,NA,NA,NA,NA,NA,NA,NA,NA,NA,NA,Y,Y,Y,Y,Y,Y,Y,Y,Y,Y,Y,Y,Y,Y,Y,Y,Y,Y,Y,Boltonia decurrens,MBG Seed Bank,CCSD Seed Bank Freezer,NA,2023-12-01T00:00:00Z,Dormant,8786,Seed,Missouri Botanical Garden,Wild,Shaw Nature Reserve,NA,Project specific use only,2011-12-01T00:00:00Z,90,Smith,s.n.,11 Nov 1999,NA,NA,NA,NA,Open bottomland/floodplain,NA,Asteraceae,NA,NA
Boltonia_136,136,8-1-8,2011-2638-1,18A,1180041,United States,Illinois,Scott,39.7852777,-90.5902777,39.786569766256626, -90.58910563509704,Smith Lake,NA,2/29/24,3/6/24,4/12/24,NA,NA,0,11,17.4,21.1,1.5,1.9,2,NA,NA,NA,NA,NA,NA,NA,NA,NA,NA,NA,NA,NA,NA,NA,NA,NA,NA,0,0,0,0,0,0,0,0,0,0,0,0,0,0,0,1,1,1,47,NA,NA,NA,NA,NA,NA,NA,NA,0,0,NA,NA,0,0,0,0,0,0,0,0,0,0,0,0,0,0,0,0,0,0,0,1,1,4,39,87,135,126,NA,NA,NA,NA,NA,NA,NA,NA,0,0,NA,NA,0,0,0,0,0,0,0,0,0,0,0,0,0,0,0,0,NA,0,0,NA,0,0,0,0,0,8,11,14,16,NA,NA,NA,NA,NA,NA,NA,NA,0,0,NA,NA,0,0,0,0,0,0,0,0,0,0,0,0,0,0,0,0,0,0,0,0,4,62,62,20,9,12,1,1,1,1,0,1,1,0,0,1,0,0,0,0,0,0,0,1,0,1,1,1,1,1,1,1,1,1,1,1998-5194-2,136,NA,NA,NA,NA,5.4,NA,41.5,30.4,40.4,65.7,69,107.6,112.3,111.9,112.1,112.1,Y,Y,Y,Y,Y,Y,Y,Y,Y,Y,Y,Y,Y,Y,Y,Y,Y,Y,Y,Boltonia decurrens,MBG Seed Bank,CCSD Seed Bank Freezer,NA,2023-12-01T00:00:00Z,Dormant,7818,Seed,Missouri Botanical Garden,Wild,Shaw Nature Reserve,US-1-MO-2011-2638,Project specific use only,2011-12-01T00:00:00Z,81,Smith,s.n.,11 Nov 1998,Maternal Lines,NA,NA,NA,Open bottomland/floodplain,NA,Asteraceae,NA,NA
Boltonia_137,137,7-5-7,2011-2629-1,17B,1180032,United States,Illinois,Marshal,41.045,-89.4311111,41.02868892611459, -89.43846248262098,NA,"Sparland, Maternal lines = 30, Seedheads = 90; 3 packets",2/29/24,3/8/24,4/12/24,NA,0,0,10.3,15.5,20.9,1.9,2.1,1.8,NA,NA,NA,NA,NA,NA,NA,NA,NA,NA,NA,NA,NA,NA,NA,NA,NA,NA,NA,NA,NA,NA,NA,NA,NA,NA,NA,NA,NA,NA,NA,NA,NA,NA,NA,NA,NA,NA,NA,NA,NA,NA,NA,NA,NA,NA,NA,NA,NA,NA,NA,NA,NA,NA,NA,NA,NA,NA,NA,NA,NA,NA,NA,NA,NA,NA,NA,NA,NA,NA,NA,NA,NA,NA,NA,NA,NA,NA,NA,NA,NA,NA,NA,NA,NA,NA,NA,NA,NA,NA,NA,NA,NA,NA,NA,NA,NA,NA,NA,NA,NA,NA,NA,NA,0,0,NA,NA,NA,NA,NA,NA,NA,10,14,16,NA,NA,NA,NA,NA,NA,NA,NA,NA,NA,NA,NA,NA,NA,NA,NA,NA,NA,NA,NA,NA,NA,NA,NA,NA,NA,NA,NA,NA,NA,NA,NA,NA,NA,NA,NA,NA,NA,1,0,1,1,1,1,1,1,1,1,1,1,2,0,1,0,0,0,0,0,0,0,0,0,0,0,0,0,0,1999-5166-3,137,NA,0.5,NA,NA,NA,NA,NA,NA,NA,NA,NA,NA,NA,NA,NA,NA,Y,Y,Y,Y,Y,Y,Y,Y,Y,Y,Y,Y,Y,Y,Y,Y,Y,Y,Y,Boltonia decurrens,MBG Seed Bank,CCSD Seed Bank Freezer,NA,2023-12-01T00:00:00Z,Dormant,8786,Seed,Missouri Botanical Garden,Wild,Shaw Nature Reserve,NA,Project specific use only,2011-12-01T00:00:00Z,90,Smith,s.n.,11 Nov 1999,NA,NA,NA,NA,Open bottomland/floodplain,NA,Asteraceae,NA,NA
Boltonia_138,138,4-1-1,2011-2675-1,27C,1180078,United States,Illinois,Schuyler,40.0672223,-90.4275,40.07010712467176, -90.42899627731745,NA,"Frederick Borrow Pit, Maternal lines = 30, Seedheads = 90; 3 packets",2/29/24,3/8/24,4/12/24,NA,0,1,16.5,21.6,21.6,2.1,2.4,2.6,NA,NA,NA,NA,NA,NA,NA,NA,NA,NA,NA,NA,NA,NA,NA,NA,NA,NA,0,0,0,0,0,0,0,0,0,0,0,0,0,0,0,0,1,3,27,NA,NA,0,0,0,0,0,0,0,0,0,0,0,0,0,0,0,0,0,0,0,0,0,0,0,0,0,0,0,0,0,1,2,7,20,31,92,100,NA,NA,0,0,0,0,0,0,0,0,0,0,0,0,0,0,0,0,0,0,0,0,0,0,0,0,0,0,NA,0,0,0,0,0,0,0,4,8,13,18,16,NA,NA,0,0,0,0,0,0,0,0,0,0,0,0,0,0,0,0,0,0,0,0,0,0,0,0,0,0,0,0,0,1,5,10,38,16,4,5,1,0,0,0,0,0,1,0,0,1,0,0,0,0,1,1,1,1,1,1,1,1,1,1,1,1,1,1,1,1999-5414-2,138,NA,0.8,3.5,10.1,19.4,30.6,41.8,45.5,52.1,78.9,86.2,111.3,110.8,112.1,111.4,111.4,Y,Y,Y,Y,Y,Y,Y,Y,Y,Y,Y,Y,Y,Y,Y,Y,Y,Y,Y,Boltonia decurrens,MBG Seed Bank,CCSD Seed Bank Freezer,NA,2023-12-01T00:00:00Z,Dormant,8728,Seed,Missouri Botanical Garden,Wild,Shaw Nature Reserve,NA,Project specific use only,2011-12-01T00:00:00Z,90,Smith,s.n.,07 Oct 1999,NA,NA,NA,NA,Open bottomland/floodplain,NA,Asteraceae,NA,NA
Boltonia_139,139,4-3-5,2011-2609-1,11C,1180012,United States,Illinois,Madison,38.6891666,-90.0972222,38.69652811427051, -90.08592610430901,NA,"Horseshoe Lake, Maternal lines = 30, Seedheads = 90; 3 packets",2/29/24,3/10/24,4/12/24,NA,NA,0,10,14.6,21.1,1.7,2,2.2,NA,NA,NA,NA,NA,NA,NA,NA,NA,NA,NA,NA,NA,NA,NA,NA,NA,NA,NA,NA,NA,NA,NA,NA,NA,NA,NA,NA,NA,NA,NA,NA,NA,NA,NA,NA,NA,NA,NA,NA,NA,NA,NA,NA,NA,NA,NA,NA,NA,NA,NA,NA,NA,NA,NA,NA,NA,NA,NA,NA,NA,NA,NA,NA,NA,NA,NA,NA,NA,NA,NA,NA,NA,NA,NA,NA,NA,NA,NA,NA,NA,NA,NA,NA,NA,NA,NA,NA,NA,NA,NA,NA,NA,NA,NA,NA,NA,NA,NA,NA,NA,NA,NA,NA,0,0,NA,NA,NA,NA,NA,NA,NA,12,14,16,NA,NA,NA,NA,NA,NA,NA,NA,NA,NA,NA,NA,NA,NA,NA,NA,NA,NA,NA,NA,NA,NA,NA,NA,NA,NA,NA,NA,NA,NA,NA,NA,NA,NA,NA,NA,NA,NA,1,1,1,1,1,1,1,1,1,1,1,1,1,0,0,0,0,0,0,0,0,0,0,0,0,0,0,0,0,2011-5046-2,139,NA,NA,NA,NA,NA,NA,NA,NA,NA,NA,NA,NA,NA,NA,NA,NA,Y,Y,Y,Y,Y,Y,Y,Y,Y,Y,Y,Y,Y,Y,Y,Y,Y,Y,Y,Boltonia decurrens,MBG Seed Bank,CCSD Seed Bank Freezer,NA,2023-12-01T00:00:00Z,Dormant,8688,Seed,Missouri Botanical Garden,Wild,Shaw Nature Reserve,NA,Project specific use only,2011-12-01T00:00:00Z,3,Smith,s.n.,01 Nov 2000,NA,NA,NA,NA,Open bottomland/floodplain,NA,Asteraceae,NA,NA
Boltonia_140,140,1-4-2,2011-2659-1,14A,1180062,United States,Illinois,Frederick,40.07116308939078,-90.42957195888599,40.07116308939078, -90.42957195888599,NA,"Frederick Landing, Maternal lines = 15, Seedheads = 44; 2 packets",2/28/24,3/5/24,4/12/24,N,0,3,13,13.9,14.6,2.1,1.8,2.2,NA,NA,NA,NA,NA,NA,NA,NA,NA,NA,NA,NA,NA,NA,NA,NA,NA,Two flowering branches broken,3,0,3,3,3,3,3,3,5,4,6,5,5,5,6,7,8,8,18,NA,0,0,0,0,0,0,0,0,0,0,1,1,2,3,3,3,4,4,1,4,1,1,1,2,2,2,0,1,0,2,1,1,0,1,3,25,54,NA,0,0,1,2,3,2,4,3,2,1,2,2,1,2,1,1,1,2,4,4,4,3,3,4,4,4,1,0,3,3,3,5,4,6,8,5,5,15,25,38,NA,0,0,0,0,0,1,0,1,2,3,2,2,1,0,1,1,0,0,0,0,1,1,1,0,0,0,0,1,0,0,0,0,1,15,7,21,3,0,0,0,0,0,0,1,0,0,1,0,0,0,1,2,3,3,3,3,1,3,3,1,3,3,3,3,3,3,2011-5035-2,140,3.5,9,20.7,34,44,46.5,45.5,44.6,50.3,44.5,44.7,44.9,44.3,45.8,45.8,45.8,Y,Y,Y,Y,Y,Y,Y,Y,Y,Y,Y,Y,Y,Y,Y,Y,Y,Y,Y,Boltonia decurrens,MBG Seed Bank,CCSD Seed Bank Freezer,NA,2023-12-01T00:00:00Z,Dormant,4101,Seed,Missouri Botanical Garden,Wild,Shaw Nature Reserve,US-1-MO-2011-2659,Project specific use only,2011-12-01T00:00:00Z,44,Smith,s.n.,01 Dec 2011,NA,NA,NA,NA,Open bottomland/floodplain,NA,Asteraceae,NA,NA
Boltonia_141,141,8-6-8,2011-2609-1,X2,1180012,United States,Illinois,Madison,38.6891666,-90.0972222,38.69652811427051, -90.08592610430901,NA,"Horseshoe Lake, Maternal lines = 30, Seedheads = 90; 3 packets",2/29/24,3/10/24,4/12/24,NA,0,0,10.5,20.7,21.6,2.2,2.8,2.9,NA,NA,NA,NA,NA,NA,NA,NA,NA,NA,NA,NA,NA,NA,NA,NA,NA,NA,0,0,0,0,0,0,0,0,0,0,0,0,0,0,1,1,1,1,6,NA,0,0,0,0,0,0,0,0,0,0,0,0,0,0,0,0,0,0,0,0,0,0,0,0,0,1,1,1,1,1,1,3,3,11,25,55,105,NA,0,0,0,0,0,0,0,0,0,0,0,0,0,0,0,0,0,0,1,1,1,1,1,1,1,1,1,NA,0,0,0,0,0,3,5,5,5,12,14,18,NA,0,0,0,0,0,0,0,0,0,0,0,0,0,0,0,0,0,0,0,0,0,0,0,0,0,0,0,0,0,0,2,2,13,26,18,24,3,1,0,0,0,0,0,1,0,0,1,0,0,0,0,1,1,1,1,1,1,1,1,1,1,1,1,1,1,1,2011-5037-2,141,NA,5.2,15.1,25.2,33.6,46.3,52.9,61,61.5,84.2,80.4,87.3,86.8,87.1,87.1,87.1,Y,Y,Y,Y,Y,Y,Y,Y,Y,Y,Y,Y,Y,Y,Y,Y,Y,Y,Y,Boltonia decurrens,MBG Seed Bank,CCSD Seed Bank Freezer,NA,2023-12-01T00:00:00Z,Dormant,8688,Seed,Missouri Botanical Garden,Wild,Shaw Nature Reserve,NA,Project specific use only,2011-12-01T00:00:00Z,3,Smith,s.n.,01 Nov 2000,NA,NA,NA,NA,Open bottomland/floodplain,NA,Asteraceae,NA,NA
Boltonia_142,142,3-6-3,2011-2650-1,19C,1180053,United States,Illinois,Woodford,40.8852777,-89.4583333,40.84668797480775, -89.0297386240063,NA,"Woodford County, Maternal lines = 30, Seedheads = 90; 6 packets",2/29/24,3/8/24,4/12/24,N,0,1,13.2,18.7,22.6,2,2.6,2.8,NA,NA,NA,NA,NA,NA,NA,NA,NA,NA,NA,NA,NA,NA,NA,NA,NA,NA,NA,NA,NA,NA,NA,NA,NA,NA,NA,NA,NA,NA,NA,NA,NA,NA,NA,NA,NA,NA,NA,NA,NA,NA,NA,NA,NA,NA,NA,NA,NA,NA,NA,NA,NA,NA,NA,NA,NA,NA,NA,NA,NA,NA,NA,NA,NA,NA,NA,NA,NA,NA,NA,NA,NA,NA,NA,NA,NA,NA,NA,NA,NA,NA,NA,NA,NA,NA,NA,NA,NA,NA,NA,NA,NA,NA,NA,NA,NA,NA,NA,NA,NA,NA,NA,0,0,0,NA,NA,NA,NA,NA,NA,NA,11,14,19,NA,NA,NA,NA,NA,NA,NA,NA,NA,NA,NA,NA,NA,NA,NA,NA,NA,NA,NA,NA,NA,NA,NA,NA,NA,NA,NA,NA,NA,NA,NA,NA,NA,NA,NA,NA,NA,NA,0,0,1,1,1,1,1,1,1,1,1,1,2,1,1,0,0,0,0,0,0,0,0,0,0,0,0,0,0,1999-5375-3,142,0.5,0.5,NA,NA,NA,NA,NA,NA,NA,NA,NA,NA,NA,NA,NA,NA,Y,Y,Y,Y,Y,Y,Y,Y,Y,Y,Y,Y,Y,Y,Y,Y,Y,Y,Y,Boltonia decurrens,MBG Seed Bank,CCSD Seed Bank Freezer,NA,2023-12-01T00:00:00Z,Dormant,8743,Seed,Missouri Botanical Garden,Wild,Shaw Nature Reserve,US-1-MO-2011-2650,Project specific use only,2011-12-01T00:00:00Z,90,Smith,s.n.,11 Nov 1999,NA,NA,NA,NA,Open bottomland/floodplain,NA,Asteraceae,NA,NA
Boltonia_143,143,4-2-8,2011-2623-1,18B,1180026,United States,Illinois,Hennepin,41.34414603458205,-89.55849691836283,41.34414603458205, -89.55849691836283,NA,"Hennepin Bridge, Maternal lines = 30, Seedheads = 90; 6 packets",2/29/24,3/8/24,4/12/24,N,Y,7,11.1,12.6,11.9,1.8,2,1.6,NA,NA,NA,Some discs senesced,NA,NA,NA,NA,NA,NA,NA,NA,NA,NA,NA,NA,NA,NA,12,12,12,4,7,10,12,13,10,11,10,11,11,12,11,11,12,14,14,0,0,0,0,0,0,1,2,5,5,5,5,6,8,9,10,12,11,12,0,0,0,6,4,0,0,0,0,0,0,0,1,1,1,1,1,0,0,1,1,0,4,4,4,2,4,2,4,5,5,4,1,5,4,1,0,1,8,8,5,3,1,3,6,5,1,0,10,10,7,9,9,10,11,9,10,28,55,54,0,0,0,0,1,1,3,3,1,0,2,2,2,3,1,2,0,0,0,0,0,0,0,0,0,0,0,0,0,0,0,0,0,0,0,0,0,3,1,2,2,2,2,2,3,2,2,1,1,2,2,1,1,1,1,1,1,1,1,1,1,2,1,1,1,1,2,1999-5136-3,143,6.8,17.5,26,27.1,28,27.9,27,27.2,22.9,26.4,27.3,27.2,27.5,27.3,27.3,27.3,Y,Y,Y,Y,Y,Y,Y,Y,Y,Y,Y,Y,Y,Y,Y,Y,Y,Y,Y,Boltonia decurrens,MBG Seed Bank,CCSD Seed Bank Freezer,NA,2023-12-01T00:00:00Z,Dormant,2883,Seed,Missouri Botanical Garden,Wild,Shaw Nature Reserve,NA,Project specific use only,2011-12-01T00:00:00Z,90,Smith,s.n.,11 Nov 1999,NA,NA,NA,NA,Open bottomland/floodplain,NA,Asteraceae,NA,NA
Boltonia_144,144,10-6-6,2011-2638-1,16A,1180041,United States,Illinois,Scott,39.7852777,-90.5902777,39.786569766256626, -90.58910563509704,Smith Lake,NA,3/1/24,3/9/24,4/12/24,NA,NA,0,10.4,13,18.4,1.7,1.8,1.8,NA,NA,NA,NA,NA,NA,NA,NA,NA,NA,NA,NA,NA,NA,NA,NA,NA,NA,NA,NA,NA,NA,NA,NA,NA,NA,NA,NA,NA,NA,NA,NA,NA,NA,NA,NA,NA,NA,NA,NA,NA,NA,NA,NA,NA,NA,NA,NA,NA,NA,NA,NA,NA,NA,NA,NA,NA,NA,NA,NA,NA,NA,NA,NA,NA,NA,NA,NA,NA,NA,NA,NA,NA,NA,NA,NA,NA,NA,NA,NA,NA,NA,NA,NA,NA,NA,NA,NA,NA,NA,NA,NA,NA,NA,NA,NA,NA,NA,NA,NA,NA,NA,NA,NA,0,0,NA,NA,NA,NA,NA,NA,NA,12,13,18,NA,NA,NA,NA,NA,NA,NA,NA,NA,NA,NA,NA,NA,NA,NA,NA,NA,NA,NA,NA,NA,NA,NA,NA,NA,NA,NA,NA,NA,NA,NA,NA,NA,NA,NA,NA,NA,NA,1,1,1,1,1,1,1,1,1,1,1,1,1,0,0,0,0,0,0,0,0,0,0,0,0,0,0,0,0,1998-5192-2,144,NA,NA,NA,NA,NA,NA,NA,NA,NA,NA,NA,NA,NA,NA,NA,NA,Y,Y,Y,Y,Y,Y,Y,Y,Y,Y,Y,Y,Y,Y,Y,Y,Y,Y,Y,Boltonia decurrens,MBG Seed Bank,CCSD Seed Bank Freezer,NA,2023-12-01T00:00:00Z,Dormant,7818,Seed,Missouri Botanical Garden,Wild,Shaw Nature Reserve,US-1-MO-2011-2638,Project specific use only,2011-12-01T00:00:00Z,81,Smith,s.n.,11 Nov 1998,Maternal Lines,NA,NA,NA,Open bottomland/floodplain,NA,Asteraceae,NA,NA
Boltonia_145,145,6-3-10,2011-2635-1,24,1180038,United States,Illinois,Alton,38.86501904919102,-90.22302347588696,38.86501904919102, -90.22302347588696,NA,"West Alton, Maternal lines = 32, Seedheads = 32; 2 packets",2/29/24,3/7/24,4/12/24,NA,NA,0,12.3,14.3,17,2.2,2.7,2.8,NA,NA,NA,NA,NA,NA,NA,NA,NA,NA,NA,NA,NA,NA,NA,NA,NA,NA,NA,NA,NA,NA,NA,NA,NA,NA,NA,NA,NA,NA,NA,NA,NA,NA,NA,NA,NA,NA,NA,NA,NA,NA,NA,NA,NA,NA,NA,NA,NA,NA,NA,NA,NA,NA,NA,NA,NA,NA,NA,NA,NA,NA,NA,NA,NA,NA,NA,NA,NA,NA,NA,NA,NA,NA,NA,NA,NA,NA,NA,NA,NA,NA,NA,NA,NA,NA,NA,NA,NA,NA,NA,NA,NA,NA,NA,NA,NA,NA,NA,NA,NA,NA,NA,NA,0,0,NA,NA,NA,NA,NA,NA,NA,11,13,17,NA,NA,NA,NA,NA,NA,NA,NA,NA,NA,NA,NA,NA,NA,NA,NA,NA,NA,NA,NA,NA,NA,NA,NA,NA,NA,NA,NA,NA,NA,NA,NA,NA,NA,NA,NA,NA,NA,1,1,1,1,1,1,1,1,1,1,1,1,2,0,0,0,0,0,0,0,0,0,0,0,0,0,0,0,0,1999-5228-3,145,NA,NA,NA,NA,NA,NA,NA,NA,NA,NA,NA,NA,NA,NA,NA,NA,Y,Y,Y,Y,Y,Y,Y,Y,Y,Y,Y,Y,Y,Y,Y,Y,Y,Y,Y,Boltonia decurrens,MBG Seed Bank,CCSD Seed Bank Freezer,NA,2023-12-01T00:00:00Z,Dormant,2831,Seed,Missouri Botanical Garden,Wild,Shaw Nature Reserve,NA,Project specific use only,2011-12-01T00:00:00Z,32,Smith,s.n.,07 Nov 1999,NA,NA,NA,NA,Open bottomland/floodplain,NA,Asteraceae,NA,NA
Boltonia_146,146,5-1-7,2011-2638-1,28A,1180041,United States,Illinois,Scott,39.7852777,-90.5902777,39.786569766256626, -90.58910563509704,Smith Lake,NA,2/29/24,3/8/24,4/12/24,NA,NA,0,8.3,13.6,14.6,1.9,2.1,1.8,NA,NA,NA,NA,NA,NA,NA,NA,NA,NA,NA,NA,NA,NA,NA,NA,NA,NA,NA,NA,NA,NA,NA,NA,0,0,0,0,0,0,0,0,0,0,0,0,9,NA,NA,NA,NA,NA,NA,NA,NA,NA,NA,NA,NA,NA,NA,NA,NA,NA,NA,NA,NA,NA,NA,NA,NA,NA,0,0,0,0,0,0,0,0,1,2,9,43,99,NA,NA,NA,NA,NA,NA,NA,NA,NA,NA,NA,NA,NA,NA,NA,NA,NA,NA,NA,NA,NA,NA,NA,NA,NA,0,0,0,NA,0,0,NA,NA,NA,NA,NA,0,0,11,14,17,NA,NA,NA,NA,NA,NA,NA,NA,NA,NA,NA,NA,NA,NA,NA,NA,NA,NA,NA,NA,NA,NA,NA,NA,NA,0,0,0,0,0,0,0,1,3,13,9,45,3,1,1,1,1,1,1,1,1,1,1,0,0,0,0,0,0,0,0,0,0,0,0,0,1,1,1,1,1,1,1998-5203-2,146,NA,NA,NA,NA,NA,NA,NA,NA,NA,NA,6.5,32.2,75,102.3,82.2,92.3,Y,Y,Y,Y,Y,Y,Y,Y,Y,Y,Y,Y,Y,Y,Y,Y,Y,Y,Y,Boltonia decurrens,MBG Seed Bank,CCSD Seed Bank Freezer,NA,2023-12-01T00:00:00Z,Dormant,7818,Seed,Missouri Botanical Garden,Wild,Shaw Nature Reserve,US-1-MO-2011-2638,Project specific use only,2011-12-01T00:00:00Z,81,Smith,s.n.,11 Nov 1998,Maternal Lines,NA,NA,NA,Open bottomland/floodplain,NA,Asteraceae,NA,NA
Boltonia_147,147,2-4-5,2011-2666-1,24A,1180069,United States,Illinois,Fulton,40.4925,-89.9022222,40.46699902833787, -89.9485498557629,NA,"Rice Lake, Maternal lines = 30, Seedheads = 90; 3 packets",2/29/24,3/7/24,4/12/24,N,Y,11,13.1,13.6,13.6,2,2.1,2.1,NA,NA,NA,Some discs senesced,NA,NA,NA,NA,NA,NA,Viable seed and seedlings in pot,NA,NA,NA,NA,NA,NA,NA,7,7,7,7,7,10,9,9,8,9,11,9,11,11,13,13,16,16,21,0,0,1,0,0,1,2,4,4,5,5,7,7,7,7,9,9,9,9,2,2,2,2,2,0,0,1,3,4,1,4,7,7,5,5,8,10,12,2,4,4,5,3,4,1,3,4,2,2,2,1,3,3,2,4,1,1,7,8,6,5,8,5,4,3,0,0,5,6,4,4,5,5,5,6,6,17,32,39,0,0,0,0,2,3,3,1,2,1,3,1,2,1,1,0,0,0,0,0,0,0,0,0,0,2,2,1,0,0,3,0,1,1,5,1,4,0,0,2,2,2,2,2,3,2,2,1,1,3,3,1,1,1,1,1,1,1,1,1,1,1,1,1,1,1,1,1999-5023-2,147,11,21,31,31.5,31.1,31.6,32.1,31.3,25.9,30.8,31.1,31.3,31.7,30.8,30.8,30.8,Y,Y,Y,Y,Y,Y,Y,Y,Y,Y,Y,Y,Y,Y,Y,Y,Y,Y,Y,Boltonia decurrens,MBG Seed Bank,CCSD Seed Bank Freezer,NA,2023-12-01T00:00:00Z,Dormant,8574,Seed,Missouri Botanical Garden,Wild,Shaw Nature Reserve,NA,Project specific use only,2011-12-01T00:00:00Z,90,Smith,s.n.,14 Oct 1999,NA,NA,NA,NA,Open bottomland/floodplain,NA,Asteraceae,NA,NA
Boltonia_148,148,2-3-12,2011-2675-1,10A,1180078,United States,Illinois,Schuyler,40.0672223,-90.4275,40.07010712467176, -90.42899627731745,NA,"Frederick Borrow Pit, Maternal lines = 30, Seedheads = 90; 3 packets",2/29/24,3/7/24,4/12/24,NA,NA,0,11.2,17.1,19.6,1.7,2.3,2.9,NA,NA,NA,NA,NA,NA,NA,NA,NA,NA,NA,NA,NA,NA,NA,NA,NA,NA,0,0,0,0,0,0,0,0,0,0,9,0,9,9,9,10,10,12,18,NA,NA,0,NA,0,0,NA,0,0,0,0,0,0,0,0,0,0,0,0,0,0,0,0,0,0,0,0,0,0,1,1,3,4,13,22,42,70,89,NA,NA,0,NA,0,0,NA,0,0,0,0,0,0,0,0,0,0,0,0,0,0,0,1,1,1,1,1,2,NA,0,0,0,0,0,0,7,6,7,12,14,19,NA,NA,0,NA,0,0,NA,0,0,0,0,0,0,0,0,0,0,0,0,0,0,0,0,0,0,0,0,0,1,0,1,3,5,16,32,15,3,0,1,1,0,0,0,0,1,0,0,1,0,0,0,0,0,1,1,1,1,1,1,1,1,1,1,1,1,1,1,1999-5397-2,148,NA,NA,1.2,5.8,13.6,32,44,50,53.3,73.7,77.2,79.5,78.7,79.1,79.1,79.1,Y,Y,Y,Y,Y,Y,Y,Y,Y,Y,Y,Y,Y,Y,Y,Y,Y,Y,Y,Boltonia decurrens,MBG Seed Bank,CCSD Seed Bank Freezer,NA,2023-12-01T00:00:00Z,Dormant,8728,Seed,Missouri Botanical Garden,Wild,Shaw Nature Reserve,NA,Project specific use only,2011-12-01T00:00:00Z,90,Smith,s.n.,07 Oct 1999,NA,NA,NA,NA,Open bottomland/floodplain,NA,Asteraceae,NA,NA
Boltonia_149,149,6-5-11,2011-2613-1,9A,1180016,United States,Illinois,Fulton,40.2047222,-90.1994444,40.20813714639404, -90.18724497777134,NA,"Anderson Lake, Maternal lines = 30, Seedheads = 61; 2 packets",2/29/24,3/7/24,4/12/24,N,0,3,14.3,24.8,26.2,2,2.8,3.1,NA,NA,NA,NA,NA,NA,NA,NA,NA,Tip is dead,Primary stem appears dead,Apical meristem damaged,NA,Apical meristem dead,NA,NA,NA,NA,0,0,0,0,0,0,0,0,0,0,0,0,0,0,0,0,0,2,43,NA,0,0,0,0,0,0,0,0,0,0,0,0,0,0,0,0,0,0,0,0,0,0,0,0,0,0,0,0,0,0,3,10,16,41,78,90,113,NA,0,0,0,0,0,0,0,0,0,0,0,0,0,0,0,0,0,0,0,0,0,0,0,0,0,0,0,0,0,0,0,0,0,0,6,6,8,15,21,21,NA,0,0,0,0,0,0,0,0,0,0,0,0,0,0,0,0,0,0,0,0,0,0,0,0,0,0,0,0,0,0,4,9,33,25,12,8,12,0,0,1,0,0,0,1,0,0,1,2,1,1,1,1,1,1,1,1,1,1,1,1,1,1,1,1,1,1,2000-5008-2,149,1,1.3,8,19.2,33.1,55.3,65.3,69.5,71.1,95,88,89.2,88.4,89,88.7,88.7,Y,Y,Y,Y,Y,Y,Y,Y,Y,Y,Y,Y,Y,Y,Y,Y,Y,Y,Y,Boltonia decurrens,MBG Seed Bank,CCSD Seed Bank Freezer,NA,2023-12-01T00:00:00Z,Dormant,5913,Seed,Missouri Botanical Garden,Wild,Shaw Nature Reserve,NA,Project specific use only,2011-12-01T00:00:00Z,61,Smith,s.n.,01 Oct 2000,NA,NA,NA,NA,Open bottomland/floodplain,NA,Asteraceae,NA,NA
Boltonia_150,150,2-3-11,2011-2650-1,1A,1180053,United States,Illinois,Woodford,40.8852777,-89.4583333,40.84668797480775, -89.0297386240063,NA,"Woodford County, Maternal lines = 30, Seedheads = 90; 6 packets",2/29/24,3/5/24,4/12/24,NA,NA,2,12.2,17.9,20.6,1.9,2.5,2.4,NA,NA,NA,NA,NA,NA,NA,NA,NA,NA,NA,NA,NA,NA,NA,NA,NA,NA,NA,NA,NA,NA,NA,NA,NA,NA,NA,NA,NA,NA,NA,NA,NA,NA,NA,NA,NA,NA,NA,NA,NA,NA,NA,NA,NA,NA,NA,NA,NA,NA,NA,NA,NA,NA,NA,NA,NA,NA,NA,NA,NA,NA,NA,NA,NA,NA,NA,NA,NA,NA,NA,NA,NA,NA,NA,NA,NA,NA,NA,NA,NA,NA,NA,NA,NA,NA,NA,NA,NA,NA,NA,NA,NA,NA,NA,NA,NA,NA,NA,NA,NA,NA,NA,NA,0,0,NA,NA,NA,NA,NA,NA,NA,12,17,20,NA,NA,NA,NA,NA,NA,NA,NA,NA,NA,NA,NA,NA,NA,NA,NA,NA,NA,NA,NA,NA,NA,NA,NA,NA,NA,NA,NA,NA,NA,NA,NA,NA,NA,NA,NA,NA,NA,1,1,2,1,1,1,1,1,1,1,2,3,3,0,0,0,0,0,0,0,0,0,0,0,0,0,0,0,0,1999-5357-4,150,NA,NA,NA,NA,NA,NA,NA,NA,NA,NA,NA,NA,NA,NA,NA,NA,Y,Y,Y,Y,Y,Y,Y,Y,Y,Y,Y,Y,Y,Y,Y,Y,Y,Y,Y,Boltonia decurrens,MBG Seed Bank,CCSD Seed Bank Freezer,NA,2023-12-01T00:00:00Z,Dormant,8743,Seed,Missouri Botanical Garden,Wild,Shaw Nature Reserve,US-1-MO-2011-2650,Project specific use only,2011-12-01T00:00:00Z,90,Smith,s.n.,11 Nov 1999,NA,NA,NA,NA,Open bottomland/floodplain,NA,Asteraceae,NA,NA
Boltonia_151,151,9-3-5,2011-2638-1,8B,1180041,United States,Illinois,Scott,39.7852777,-90.5902777,39.786569766256626, -90.58910563509704,Smith Lake,NA,2/29/24,3/7/24,4/12/24,NA,NA,0,9.8,15,20.5,1.5,1.7,2.2,NA,NA,NA,NA,NA,NA,NA,NA,NA,NA,NA,NA,NA,NA,NA,NA,NA,NA,NA,NA,NA,NA,NA,NA,NA,NA,NA,NA,NA,NA,NA,NA,NA,NA,NA,NA,NA,NA,NA,NA,NA,NA,NA,NA,NA,NA,NA,NA,NA,NA,NA,NA,NA,NA,NA,NA,NA,NA,NA,NA,NA,NA,NA,NA,NA,NA,NA,NA,NA,NA,NA,NA,NA,NA,NA,NA,NA,NA,NA,NA,NA,NA,NA,NA,NA,NA,NA,NA,NA,NA,NA,NA,NA,NA,NA,NA,NA,NA,NA,NA,NA,NA,NA,NA,0,0,NA,NA,NA,NA,NA,NA,NA,9,11,14,NA,NA,NA,NA,NA,NA,NA,NA,NA,NA,NA,NA,NA,NA,NA,NA,NA,NA,NA,NA,NA,NA,NA,NA,NA,NA,NA,NA,NA,NA,NA,NA,NA,NA,NA,NA,NA,NA,1,1,1,1,1,1,1,1,1,1,1,2,2,0,0,0,0,0,0,0,0,0,0,0,0,0,0,0,0,1998-5184-2,151,NA,NA,NA,NA,NA,NA,NA,NA,NA,NA,NA,NA,NA,NA,NA,NA,Y,Y,Y,Y,Y,Y,Y,Y,Y,Y,Y,Y,Y,Y,Y,Y,Y,Y,Y,Boltonia decurrens,MBG Seed Bank,CCSD Seed Bank Freezer,NA,2023-12-01T00:00:00Z,Dormant,7818,Seed,Missouri Botanical Garden,Wild,Shaw Nature Reserve,US-1-MO-2011-2638,Project specific use only,2011-12-01T00:00:00Z,81,Smith,s.n.,11 Nov 1998,Maternal Lines,NA,NA,NA,Open bottomland/floodplain,NA,Asteraceae,NA,NA
Boltonia_152,152,13-1-3,2011-2675-1,18A,1180078,United States,Illinois,Schuyler,40.0672223,-90.4275,40.07010712467176, -90.42899627731745,NA,"Frederick Borrow Pit, Maternal lines = 30, Seedheads = 90; 3 packets",3/2/24,3/12/24,4/12/24,NA,NA,0,7.5,11.5,17.1,1.2,1.2,1.5,NA,NA,NA,NA,NA,NA,NA,NA,NA,NA,NA,NA,NA,NA,NA,NA,NA,NA,NA,NA,NA,NA,NA,NA,NA,NA,NA,NA,NA,NA,NA,NA,NA,NA,NA,NA,NA,NA,NA,NA,NA,NA,NA,NA,NA,NA,NA,NA,NA,NA,NA,NA,NA,NA,NA,NA,NA,NA,NA,NA,NA,NA,NA,NA,NA,NA,NA,NA,NA,NA,NA,NA,NA,NA,NA,NA,NA,NA,NA,NA,NA,NA,NA,NA,NA,NA,NA,NA,NA,NA,NA,NA,NA,NA,NA,NA,NA,NA,NA,NA,NA,NA,NA,NA,0,0,NA,NA,NA,NA,NA,NA,NA,11,12,16,NA,NA,NA,NA,NA,NA,NA,NA,NA,NA,NA,NA,NA,NA,NA,NA,NA,NA,NA,NA,NA,NA,NA,NA,NA,NA,NA,NA,NA,NA,NA,NA,NA,NA,NA,NA,NA,NA,1,1,1,1,1,1,1,1,1,1,1,1,1,0,0,0,0,0,0,0,0,0,0,0,0,0,0,0,0,1999-5405-2,152,NA,NA,NA,NA,NA,NA,NA,NA,NA,NA,NA,NA,NA,NA,NA,NA,Y,Y,Y,Y,Y,Y,Y,Y,Y,Y,Y,Y,Y,Y,Y,Y,Y,Y,Y,Boltonia decurrens,MBG Seed Bank,CCSD Seed Bank Freezer,NA,2023-12-01T00:00:00Z,Dormant,8728,Seed,Missouri Botanical Garden,Wild,Shaw Nature Reserve,NA,Project specific use only,2011-12-01T00:00:00Z,90,Smith,s.n.,07 Oct 1999,NA,NA,NA,NA,Open bottomland/floodplain,NA,Asteraceae,NA,NA
Boltonia_153,153,5-1-6,2011-2635-1,35?,1180038,United States,Illinois,Alton,38.86501904919102,-90.22302347588696,38.86501904919102, -90.22302347588696,NA,"West Alton, Maternal lines = 32, Seedheads = 32; 2 packets",2/29/24,3/8/24,4/12/24,N,0,3,12.6,17.5,18.2,2,2.1,2,NA,NA,NA,NA,NA,NA,NA,NA,NA,NA,NA,NA,NA,NA,NA,NA,NA,NA,3,0,2,1,6,7,7,9,18,19,21,12,22,21,27,30,29,40,69,NA,0,0,0,0,0,0,0,0,0,0,0,1,1,3,4,4,6,8,5,9,9,15,11,11,11,10,6,8,10,25,38,63,89,85,138,141,177,NA,0,0,1,1,1,1,3,7,2,4,4,10,11,12,15,11,10,11,13,25,19,28,32,28,31,25,42,0,4,5,5,6,6,6,8,7,9,9,15,21,NA,0,0,0,0,0,1,0,0,4,4,4,3,3,1,2,4,2,3,7,7,5,1,2,1,3,12,8,13,13,17,15,26,29,47,24,7,5,0,0,0,0,0,0,1,0,0,1,2,2,2,1,1,1,1,1,1,1,1,1,1,1,1,1,1,1,1,1999-5238-3,153,2.9,10,25.3,45.9,59.6,63.5,62.5,61.7,50.3,61.3,60.2,61.3,58.4,59.4,59.4,59.4,Y,Y,Y,Y,Y,Y,Y,Y,Y,Y,Y,Y,Y,Y,Y,Y,Y,Y,Y,Boltonia decurrens,MBG Seed Bank,CCSD Seed Bank Freezer,NA,2023-12-01T00:00:00Z,Dormant,2831,Seed,Missouri Botanical Garden,Wild,Shaw Nature Reserve,NA,Project specific use only,2011-12-01T00:00:00Z,32,Smith,s.n.,07 Nov 1999,NA,NA,NA,NA,Open bottomland/floodplain,NA,Asteraceae,NA,NA
Boltonia_154,154,4-2-7,2011-2623-1,18B,1180026,United States,Illinois,Hennepin,41.34414603458205,-89.55849691836283,41.34414603458205, -89.55849691836283,NA,"Hennepin Bridge, Maternal lines = 30, Seedheads = 90; 6 packets",2/29/24,3/7/24,4/12/24,NA,NA,0,10.8,15.7,18.3,1.6,1.9,2.2,NA,NA,NA,NA,NA,NA,NA,NA,NA,NA,NA,NA,NA,NA,NA,NA,NA,NA,NA,NA,NA,NA,NA,NA,NA,NA,NA,NA,NA,NA,NA,NA,NA,NA,NA,NA,NA,NA,NA,NA,NA,NA,NA,NA,NA,NA,NA,NA,NA,NA,NA,NA,NA,NA,NA,NA,NA,NA,NA,NA,NA,NA,NA,NA,NA,NA,NA,NA,NA,NA,NA,NA,NA,NA,NA,NA,NA,NA,NA,NA,NA,NA,NA,NA,NA,NA,NA,NA,NA,NA,NA,NA,NA,NA,NA,NA,NA,NA,NA,NA,NA,NA,NA,NA,0,0,NA,NA,NA,NA,NA,NA,NA,11,13,17,NA,NA,NA,NA,NA,NA,NA,NA,NA,NA,NA,NA,NA,NA,NA,NA,NA,NA,NA,NA,NA,NA,NA,NA,NA,NA,NA,NA,NA,NA,NA,NA,NA,NA,NA,NA,NA,NA,1,1,1,1,1,1,1,1,1,1,1,1,1,0,0,0,0,0,0,0,0,0,0,0,0,0,0,0,0,1999-5136-2,154,NA,NA,NA,NA,NA,NA,NA,NA,NA,NA,NA,NA,NA,NA,NA,NA,Y,Y,Y,Y,Y,Y,Y,Y,Y,Y,Y,Y,Y,Y,Y,Y,Y,Y,Y,Boltonia decurrens,MBG Seed Bank,CCSD Seed Bank Freezer,NA,2023-12-01T00:00:00Z,Dormant,2883,Seed,Missouri Botanical Garden,Wild,Shaw Nature Reserve,NA,Project specific use only,2011-12-01T00:00:00Z,90,Smith,s.n.,11 Nov 1999,NA,NA,NA,NA,Open bottomland/floodplain,NA,Asteraceae,NA,NA
Boltonia_155,155,3-5-3,2011-2599-1,3,1180002,United States,Illinois,Saint Clair,38.6494444,-90.1161111,38.651507278988504, -90.10298738781107,NA,"Fairmont City, Maternal lines = 28, Seedheads = 28; 2 packets",2/29/24,3/7/24,4/12/24,NA,NA,1,10.3,16.3,22.1,1.8,2,2.2,NA,NA,NA,NA,Stem growing curved,NA,NA,NA,NA,NA,NA,NA,NA,NA,NA,NA,NA,NA,0,0,0,0,0,0,0,0,0,0,0,0,0,0,0,0,0,0,6,NA,NA,0,NA,0,0,NA,0,0,NA,NA,0,0,0,0,0,0,0,0,0,0,0,0,0,0,0,0,0,0,0,0,0,0,0,0,0,13,69,NA,NA,0,NA,0,0,NA,0,0,NA,NA,0,0,0,0,0,0,0,0,0,0,0,0,0,0,0,0,0,NA,0,0,0,0,0,0,2,0,0,11,13,18,NA,NA,0,NA,0,0,NA,0,0,NA,NA,0,0,0,0,0,0,0,0,0,0,0,0,0,0,0,0,0,0,0,0,0,0,0,4,1,46,2,1,2,0,0,0,1,2,0,0,1,0,0,0,0,0,2,2,2,1,2,2,2,1,2,3,3,3,3,3,1997-5061-3,155,NA,NA,3.6,0.6,1.4,16.7,2.4,20.1,26.7,41,45.2,65.8,86.2,103.6,126.4,115.8,Y,Y,Y,Y,Y,Y,Y,Y,Y,Y,Y,Y,Y,Y,Y,Y,Y,Y,Y,Boltonia decurrens,MBG Seed Bank,CCSD Seed Bank Freezer,NA,2023-12-01T00:00:00Z,Dormant,2632,Seed,Missouri Botanical Garden,Wild,Shaw Nature Reserve,NA,Project specific use only,2011-12-01T00:00:00Z,28,Smith,s.n.,05 Dec 1997,NA,NA,NA,NA,Open bottomland/floodplain,NA,Asteraceae,NA,NA
Boltonia_156,156,7-4-9,2011-2659-1,9A,1180062,United States,Illinois,Frederick,40.07116308939078,-90.42957195888599,40.07116308939078, -90.42957195888599,NA,"Frederick Landing, Maternal lines = 15, Seedheads = 44; 2 packets",2/29/24,3/5/24,4/12/24,NA,NA,NA,NA,NA,NA,NA,NA,NA,Dead,NA,NA,NA,NA,NA,NA,NA,NA,NA,NA,NA,NA,NA,NA,NA,NA,NA,NA,NA,NA,NA,NA,NA,NA,NA,NA,NA,NA,NA,NA,NA,NA,NA,NA,NA,NA,NA,NA,NA,NA,0,NA,NA,NA,NA,NA,NA,NA,NA,NA,NA,NA,NA,NA,NA,NA,NA,NA,NA,NA,NA,NA,NA,NA,NA,NA,NA,NA,NA,NA,NA,NA,NA,NA,NA,NA,NA,NA,0,NA,NA,NA,NA,NA,NA,NA,NA,NA,NA,NA,NA,NA,NA,NA,NA,NA,NA,NA,NA,NA,NA,NA,NA,NA,NA,NA,NA,NA,NA,NA,NA,NA,NA,NA,0,NA,NA,NA,NA,0,NA,NA,NA,NA,NA,NA,NA,NA,NA,NA,NA,NA,NA,NA,NA,NA,NA,NA,NA,NA,NA,NA,NA,NA,NA,NA,NA,NA,NA,NA,NA,NA,NA,NA,NA,0,NA,NA,NA,NA,NA,NA,NA,NA,NA,NA,NA,NA,0,NA,NA,NA,NA,NA,NA,NA,NA,NA,NA,0,NA,NA,2011-5007-2,156,NA,NA,NA,NA,NA,NA,NA,NA,NA,NA,NA,NA,NA,NA,NA,NA,N,N,N,N,N,N,N,N,N,N,N,N,N,N,Y,N,N,Y,N,Boltonia decurrens,MBG Seed Bank,CCSD Seed Bank Freezer,NA,2023-12-01T00:00:00Z,Dormant,4101,Seed,Missouri Botanical Garden,Wild,Shaw Nature Reserve,US-1-MO-2011-2659,Project specific use only,2011-12-01T00:00:00Z,44,Smith,s.n.,01 Dec 2011,NA,NA,NA,NA,Open bottomland/floodplain,NA,Asteraceae,NA,NA
Boltonia_157,157,5-3-9,2011-2659-1,5A,1180062,United States,Illinois,Frederick,40.07116308939078,-90.42957195888599,40.07116308939078, -90.42957195888599,NA,"Frederick Landing, Maternal lines = 15, Seedheads = 44; 2 packets",2/29/24,3/9/24,4/12/24,NA,0,2,16.6,22.2,28.8,2.3,2.5,2.6,NA,NA,NA,NA,NA,NA,NA,NA,NA,NA,NA,NA,NA,NA,NA,NA,NA,NA,NA,NA,NA,NA,NA,NA,NA,NA,NA,NA,NA,NA,NA,NA,NA,NA,NA,NA,NA,NA,NA,NA,NA,NA,NA,NA,NA,NA,NA,NA,NA,NA,NA,NA,NA,NA,NA,NA,NA,NA,NA,NA,NA,NA,NA,NA,NA,NA,NA,NA,NA,NA,NA,NA,NA,NA,NA,NA,NA,NA,NA,NA,NA,NA,NA,NA,NA,NA,NA,NA,NA,NA,NA,NA,NA,NA,NA,NA,NA,NA,NA,NA,NA,NA,NA,NA,0,0,NA,NA,NA,NA,NA,NA,NA,12,19,20,NA,NA,NA,NA,NA,NA,NA,NA,NA,NA,NA,NA,NA,NA,NA,NA,NA,NA,NA,NA,NA,NA,NA,NA,NA,NA,NA,NA,NA,NA,NA,NA,NA,NA,NA,NA,NA,NA,1,1,3,2,1,1,1,1,2,1,1,2,3,0,1,0,0,0,0,0,0,0,0,0,0,0,0,0,0,2011-5004-3,157,NA,0.5,NA,NA,NA,NA,NA,NA,NA,NA,NA,NA,NA,NA,NA,NA,Y,Y,Y,Y,Y,Y,Y,Y,Y,Y,Y,Y,Y,Y,Y,Y,Y,Y,Y,Boltonia decurrens,MBG Seed Bank,CCSD Seed Bank Freezer,NA,2023-12-01T00:00:00Z,Dormant,4101,Seed,Missouri Botanical Garden,Wild,Shaw Nature Reserve,US-1-MO-2011-2659,Project specific use only,2011-12-01T00:00:00Z,44,Smith,s.n.,01 Dec 2011,NA,NA,NA,NA,Open bottomland/floodplain,NA,Asteraceae,NA,NA
Boltonia_158,158,5-5-7,2011-2613-1,14B,1180016,United States,Illinois,Fulton,40.2047222,-90.1994444,40.20813714639404, -90.18724497777134,NA,"Anderson Lake, Maternal lines = 30, Seedheads = 61; 2 packets",2/29/24,3/8/24,4/12/24,NA,0,0,15.3,21.6,31.2,1.5,1.9,2.3,NA,NA,NA,NA,NA,NA,NA,NA,NA,NA,NA,NA,NA,NA,NA,NA,NA,NA,NA,NA,NA,NA,NA,NA,NA,NA,NA,NA,NA,NA,NA,NA,NA,NA,NA,NA,NA,NA,NA,NA,NA,NA,NA,NA,NA,NA,NA,NA,NA,NA,NA,NA,NA,NA,NA,NA,NA,NA,NA,NA,NA,NA,NA,NA,NA,NA,NA,NA,NA,NA,NA,NA,NA,NA,NA,NA,NA,NA,NA,NA,NA,NA,NA,NA,NA,NA,NA,NA,NA,NA,NA,NA,NA,NA,NA,NA,NA,NA,NA,NA,NA,NA,NA,NA,0,0,NA,NA,NA,NA,NA,NA,NA,11,14,16,NA,NA,NA,NA,NA,NA,NA,NA,NA,NA,NA,NA,NA,NA,NA,NA,NA,NA,NA,NA,NA,NA,NA,NA,NA,NA,NA,NA,NA,NA,NA,NA,NA,NA,NA,NA,NA,NA,1,0,1,1,1,1,1,1,1,1,1,1,3,0,1,0,0,0,0,0,0,0,0,0,0,0,0,0,0,2000-5013-2,158,NA,1,NA,NA,NA,NA,NA,NA,NA,NA,NA,NA,NA,NA,NA,NA,Y,Y,Y,Y,Y,Y,Y,Y,Y,Y,Y,Y,Y,Y,Y,Y,Y,Y,Y,Boltonia decurrens,MBG Seed Bank,CCSD Seed Bank Freezer,NA,2023-12-01T00:00:00Z,Dormant,5913,Seed,Missouri Botanical Garden,Wild,Shaw Nature Reserve,NA,Project specific use only,2011-12-01T00:00:00Z,61,Smith,s.n.,01 Oct 2000,NA,NA,NA,NA,Open bottomland/floodplain,NA,Asteraceae,NA,NA
Boltonia_159,159,3-3-7,2011-2666-1,21C,1180069,United States,Illinois,Fulton,40.4925,-89.9022222,40.46699902833787, -89.9485498557629,NA,"Rice Lake, Maternal lines = 30, Seedheads = 90; 3 packets",2/29/24,3/7/24,4/12/24,NA,NA,0,6.9,14.5,19.4,1.8,1.8,1.5,NA,NA,NA,NA,NA,NA,NA,NA,NA,NA,NA,NA,NA,NA,NA,NA,NA,NA,NA,NA,NA,NA,NA,NA,NA,NA,NA,NA,NA,NA,NA,NA,NA,NA,NA,NA,NA,NA,NA,NA,NA,NA,NA,NA,NA,NA,NA,NA,NA,NA,NA,NA,NA,NA,NA,NA,NA,NA,NA,NA,NA,NA,NA,NA,NA,NA,NA,NA,NA,NA,NA,NA,NA,NA,NA,NA,NA,NA,NA,NA,NA,NA,NA,NA,NA,NA,NA,NA,NA,NA,NA,NA,NA,NA,NA,NA,NA,NA,NA,NA,NA,NA,NA,NA,0,0,NA,NA,NA,NA,NA,NA,NA,8,12,14,NA,NA,NA,NA,NA,NA,NA,NA,NA,NA,NA,NA,NA,NA,NA,NA,NA,NA,NA,NA,NA,NA,NA,NA,NA,NA,NA,NA,NA,NA,NA,NA,NA,NA,NA,NA,NA,NA,1,1,1,1,1,1,1,1,1,1,1,1,2,0,0,0,0,0,0,0,0,0,0,0,0,0,0,0,0,1999-5020-3,159,NA,NA,NA,NA,NA,NA,NA,NA,NA,NA,NA,NA,NA,NA,NA,NA,Y,Y,Y,Y,Y,Y,Y,Y,Y,Y,Y,Y,Y,Y,Y,Y,Y,Y,Y,Boltonia decurrens,MBG Seed Bank,CCSD Seed Bank Freezer,NA,2023-12-01T00:00:00Z,Dormant,8574,Seed,Missouri Botanical Garden,Wild,Shaw Nature Reserve,NA,Project specific use only,2011-12-01T00:00:00Z,90,Smith,s.n.,14 Oct 1999,NA,NA,NA,NA,Open bottomland/floodplain,NA,Asteraceae,NA,NA
Boltonia_160,160,3-6-1,2011-2638-1,11B,1180041,United States,Illinois,Scott,39.7852777,-90.5902777,39.786569766256626, -90.58910563509704,Smith Lake,NA,2/29/24,3/8/24,4/12/24,NA,NA,0,8.8,14.9,20.2,1.2,1.6,1.9,NA,NA,NA,NA,NA,NA,NA,NA,NA,NA,NA,NA,NA,NA,NA,NA,NA,NA,NA,NA,NA,NA,NA,NA,NA,NA,NA,NA,NA,NA,NA,NA,NA,NA,NA,NA,NA,NA,NA,NA,NA,NA,NA,NA,NA,NA,NA,NA,NA,NA,NA,NA,NA,NA,NA,NA,NA,NA,NA,NA,NA,NA,NA,NA,NA,NA,NA,NA,NA,NA,NA,NA,NA,NA,NA,NA,NA,NA,NA,NA,NA,NA,NA,NA,NA,NA,NA,NA,NA,NA,NA,NA,NA,NA,NA,NA,NA,NA,NA,NA,NA,NA,NA,NA,0,0,NA,NA,NA,NA,NA,NA,NA,9,12,16,NA,NA,NA,NA,NA,NA,NA,NA,NA,NA,NA,NA,NA,NA,NA,NA,NA,NA,NA,NA,NA,NA,NA,NA,NA,NA,NA,NA,NA,NA,NA,NA,NA,NA,NA,NA,NA,NA,1,1,1,1,1,1,1,1,1,1,1,2,2,0,0,0,0,0,0,0,0,0,0,0,0,0,0,0,0,1998-5187-4,160,NA,NA,NA,NA,NA,NA,NA,NA,NA,NA,NA,NA,NA,NA,NA,NA,Y,Y,Y,Y,Y,Y,Y,Y,Y,Y,Y,Y,Y,Y,Y,Y,Y,Y,Y,Boltonia decurrens,MBG Seed Bank,CCSD Seed Bank Freezer,NA,2023-12-01T00:00:00Z,Dormant,7818,Seed,Missouri Botanical Garden,Wild,Shaw Nature Reserve,US-1-MO-2011-2638,Project specific use only,2011-12-01T00:00:00Z,81,Smith,s.n.,11 Nov 1998,Maternal Lines,NA,NA,NA,Open bottomland/floodplain,NA,Asteraceae,NA,NA
Boltonia_161,161,8-1-11,2011-2618-1,12A,1180021,United States,Illinois,Peoria,40.7222223,-89.5519444,40.69352232924267, -89.59142458669179,NA,"McClugage Bridge, Maternal lines = 30, Seedheads = 90; 4 packets",2/29/24,3/8/24,4/12/24,NA,NA,0,10.2,18.4,25,1.4,2.2,2.4,NA,NA,NA,NA,NA,NA,NA,NA,NA,NA,NA,NA,NA,NA,NA,NA,NA,NA,NA,NA,NA,NA,NA,NA,NA,NA,NA,NA,NA,NA,NA,NA,NA,NA,NA,NA,NA,NA,NA,NA,NA,NA,NA,NA,NA,NA,NA,NA,NA,NA,NA,NA,NA,NA,NA,NA,NA,NA,NA,NA,NA,NA,NA,NA,NA,NA,NA,NA,NA,NA,NA,NA,NA,NA,NA,NA,NA,NA,NA,NA,NA,NA,NA,NA,NA,NA,NA,NA,NA,NA,NA,NA,NA,NA,NA,NA,NA,NA,NA,NA,NA,NA,NA,NA,0,0,NA,NA,NA,NA,NA,NA,NA,12,15,16,NA,NA,NA,NA,NA,NA,NA,NA,NA,NA,NA,NA,NA,NA,NA,NA,NA,NA,NA,NA,NA,NA,NA,NA,NA,NA,NA,NA,NA,NA,NA,NA,NA,NA,NA,NA,NA,NA,1,1,1,1,1,1,1,1,1,1,2,3,5,0,0,0,0,0,0,0,0,0,0,0,0,0,0,0,0,1999-5068-4,161,NA,NA,NA,NA,NA,NA,NA,NA,NA,NA,NA,NA,NA,NA,NA,NA,Y,Y,Y,Y,Y,Y,Y,Y,Y,Y,Y,Y,Y,Y,Y,Y,Y,Y,Y,Boltonia decurrens,MBG Seed Bank,CCSD Seed Bank Freezer,NA,2023-12-01T00:00:00Z,Dormant,8685,Seed,Missouri Botanical Garden,Wild,Shaw Nature Reserve,NA,Project specific use only,2011-12-01T00:00:00Z,90,Smith,s.n.,11 Nov 1999,NA,NA,NA,NA,Open bottomland/floodplain,NA,Asteraceae,NA,NA
Boltonia_162,162,4-6-2,2011-2659-1,2A,1180062,United States,Illinois,Frederick,40.07116308939078,-90.42957195888599,40.07116308939078, -90.42957195888599,NA,"Frederick Landing, Maternal lines = 15, Seedheads = 44; 2 packets",2/29/24,3/7/24,4/12/24,NA,NA,3,13.7,18.6,22.1,1.8,2.3,2.3,NA,NA,NA,NA,NA,NA,NA,NA,NA,NA,NA,NA,NA,NA,NA,NA,NA,NA,NA,NA,NA,NA,NA,NA,NA,NA,NA,NA,NA,NA,NA,NA,NA,NA,NA,NA,NA,NA,NA,NA,NA,NA,NA,NA,NA,NA,NA,NA,NA,NA,NA,NA,NA,NA,NA,NA,NA,NA,NA,NA,NA,NA,NA,NA,NA,NA,NA,NA,NA,NA,NA,NA,NA,NA,NA,NA,NA,NA,NA,NA,NA,NA,NA,NA,NA,NA,NA,NA,NA,NA,NA,NA,NA,NA,NA,NA,NA,NA,NA,NA,NA,NA,NA,NA,0,0,NA,NA,NA,NA,NA,NA,NA,14,16,20,NA,NA,NA,NA,NA,NA,NA,NA,NA,NA,NA,NA,NA,NA,NA,NA,NA,NA,NA,NA,NA,NA,NA,NA,NA,NA,NA,NA,NA,NA,NA,NA,NA,NA,NA,NA,NA,NA,1,1,1,1,1,1,1,1,1,1,1,1,1,0,0,0,0,0,0,0,0,0,0,0,0,0,0,0,0,2011-5001-3,162,NA,NA,NA,NA,NA,NA,NA,NA,NA,NA,NA,NA,NA,NA,NA,NA,Y,Y,Y,Y,Y,Y,Y,Y,Y,Y,Y,Y,Y,Y,Y,Y,Y,Y,Y,Boltonia decurrens,MBG Seed Bank,CCSD Seed Bank Freezer,NA,2023-12-01T00:00:00Z,Dormant,4101,Seed,Missouri Botanical Garden,Wild,Shaw Nature Reserve,US-1-MO-2011-2659,Project specific use only,2011-12-01T00:00:00Z,44,Smith,s.n.,01 Dec 2011,NA,NA,NA,NA,Open bottomland/floodplain,NA,Asteraceae,NA,NA
Boltonia_163,163,7-3-11,2011-2629-1,15A,1180032,United States,Illinois,Marshal,41.045,-89.4311111,41.02868892611459, -89.43846248262098,NA,"Sparland, Maternal lines = 30, Seedheads = 90; 3 packets",2/29/24,3/7/24,4/12/24,NA,NA,0,3.9,9.7,14.9,1,1.7,1.9,NA,NA,NA,NA,NA,NA,NA,NA,NA,NA,NA,NA,NA,NA,NA,NA,NA,NA,NA,NA,NA,NA,NA,NA,NA,NA,NA,NA,NA,NA,NA,NA,NA,NA,NA,NA,NA,NA,NA,NA,NA,NA,NA,NA,NA,NA,NA,NA,NA,NA,NA,NA,NA,NA,NA,NA,NA,NA,NA,NA,NA,NA,NA,NA,NA,NA,NA,NA,NA,NA,NA,NA,NA,NA,NA,NA,NA,NA,NA,NA,NA,NA,NA,NA,NA,NA,NA,NA,NA,NA,NA,NA,NA,NA,NA,NA,NA,NA,NA,NA,NA,NA,NA,NA,0,0,NA,NA,NA,NA,NA,NA,NA,8,10,12,NA,NA,NA,NA,NA,NA,NA,NA,NA,NA,NA,NA,NA,NA,NA,NA,NA,NA,NA,NA,NA,NA,NA,NA,NA,NA,NA,NA,NA,NA,NA,NA,NA,NA,NA,NA,NA,NA,1,1,1,1,1,1,1,1,1,1,1,2,4,0,0,0,0,0,0,0,0,0,0,0,0,0,0,0,0,1999-5164-2,163,NA,NA,NA,NA,NA,NA,NA,NA,NA,NA,NA,NA,NA,NA,NA,NA,Y,Y,Y,Y,Y,Y,Y,Y,Y,Y,Y,Y,Y,Y,Y,Y,Y,Y,Y,Boltonia decurrens,MBG Seed Bank,CCSD Seed Bank Freezer,NA,2023-12-01T00:00:00Z,Dormant,8786,Seed,Missouri Botanical Garden,Wild,Shaw Nature Reserve,NA,Project specific use only,2011-12-01T00:00:00Z,90,Smith,s.n.,11 Nov 1999,NA,NA,NA,NA,Open bottomland/floodplain,NA,Asteraceae,NA,NA
Boltonia_164,164,12-6-1,2011-2675-1,10A,1180078,United States,Illinois,Schuyler,40.0672223,-90.4275,40.07010712467176, -90.42899627731745,NA,"Frederick Borrow Pit, Maternal lines = 30, Seedheads = 90; 3 packets",3/1/24,3/10/24,4/12/24,NA,NA,0,11.7,20.3,26.1,2.1,2.1,2.1,NA,NA,NA,NA,NA,NA,NA,NA,NA,NA,NA,NA,NA,NA,NA,NA,NA,NA,NA,NA,NA,NA,0,0,0,0,0,0,0,0,0,0,0,0,0,0,1,NA,NA,NA,NA,NA,NA,NA,NA,NA,NA,NA,NA,NA,NA,NA,NA,NA,NA,NA,NA,NA,NA,NA,0,0,0,0,0,0,0,0,0,0,1,9,29,71,127,NA,NA,NA,NA,NA,NA,NA,NA,NA,NA,NA,NA,NA,NA,NA,NA,NA,NA,NA,NA,NA,NA,NA,0,0,0,0,0,NA,0,0,NA,NA,NA,NA,0,0,0,10,12,14,NA,NA,NA,NA,NA,NA,NA,NA,NA,NA,NA,NA,NA,NA,NA,NA,NA,NA,NA,NA,NA,NA,NA,0,0,0,0,0,0,0,0,0,1,10,48,10,30,0,1,1,1,1,1,1,1,1,1,0,0,0,0,0,0,0,0,0,0,0,0,0,1,1,1,1,1,1,1,1999-5397-3,164,NA,NA,NA,NA,NA,NA,NA,NA,NA,11.5,26.5,67.6,103.4,107.5,106.5,107,Y,Y,Y,Y,Y,Y,Y,Y,Y,Y,Y,Y,Y,Y,Y,Y,Y,Y,Y,Boltonia decurrens,MBG Seed Bank,CCSD Seed Bank Freezer,NA,2023-12-01T00:00:00Z,Dormant,8728,Seed,Missouri Botanical Garden,Wild,Shaw Nature Reserve,NA,Project specific use only,2011-12-01T00:00:00Z,90,Smith,s.n.,07 Oct 1999,NA,NA,NA,NA,Open bottomland/floodplain,NA,Asteraceae,NA,NA
Boltonia_165,165,11-2-11,2011-2609-1,15A,1180012,United States,Illinois,Madison,38.6891666,-90.0972222,38.69652811427051, -90.08592610430901,NA,"Horseshoe Lake, Maternal lines = 30, Seedheads = 90; 3 packets",3/1/24,3/9/24,4/12/24,NA,NA,0,10.3,20,22.2,2,2.3,2.5,NA,NA,NA,NA,NA,NA,NA,NA,NA,NA,NA,NA,NA,NA,NA,NA,NA,NA,NA,NA,NA,NA,NA,NA,NA,NA,NA,NA,NA,NA,NA,NA,NA,NA,NA,NA,NA,NA,NA,NA,NA,NA,NA,NA,NA,NA,NA,NA,NA,NA,NA,NA,NA,NA,NA,NA,NA,NA,NA,NA,NA,NA,NA,NA,NA,NA,NA,NA,NA,NA,NA,NA,NA,NA,NA,NA,NA,NA,NA,NA,NA,NA,NA,NA,NA,NA,NA,NA,NA,NA,NA,NA,NA,NA,NA,NA,NA,NA,NA,NA,NA,NA,NA,NA,0,0,NA,NA,NA,NA,NA,NA,NA,12,14,17,NA,NA,NA,NA,NA,NA,NA,NA,NA,NA,NA,NA,NA,NA,NA,NA,NA,NA,NA,NA,NA,NA,NA,NA,NA,NA,NA,NA,NA,NA,NA,NA,NA,NA,NA,NA,NA,NA,1,1,1,1,1,1,1,1,1,1,1,1,1,0,0,0,0,0,0,0,0,0,0,0,0,0,0,0,0,2011-5050-2,165,NA,NA,NA,NA,NA,NA,NA,NA,NA,NA,NA,NA,NA,NA,NA,NA,Y,Y,Y,Y,Y,Y,Y,Y,Y,Y,Y,Y,Y,Y,Y,Y,Y,Y,Y,Boltonia decurrens,MBG Seed Bank,CCSD Seed Bank Freezer,NA,2023-12-01T00:00:00Z,Dormant,8688,Seed,Missouri Botanical Garden,Wild,Shaw Nature Reserve,NA,Project specific use only,2011-12-01T00:00:00Z,3,Smith,s.n.,01 Nov 2000,NA,NA,NA,NA,Open bottomland/floodplain,NA,Asteraceae,NA,NA
Boltonia_166,166,6-4-4,2011-2636-1,5,1180039,United States,Illinois,Cass,40.010555600000004,-90.4458333,40.0178975293398, -90.42445029519197,NA,"Beardstown, Maternal lines = 52, Seedheads = 53; 3 packets",2/29/24,3/6/24,4/12/24,NA,0,0,13.2,18.7,19,2.9,3.2,3.2,NA,NA,NA,NA,NA,NA,NA,NA,NA,NA,NA,NA,NA,NA,NA,NA,NA,NA,0,0,0,0,0,0,0,0,0,0,0,0,0,0,0,0,0,0,23,NA,NA,0,0,0,0,0,0,0,0,0,0,0,0,0,0,0,0,0,0,0,0,0,0,0,0,0,0,0,0,0,0,0,0,0,0,19,46,NA,NA,0,0,0,0,0,0,0,0,0,0,0,0,0,0,0,0,0,0,0,0,0,0,0,0,0,0,NA,0,0,0,0,0,0,0,6,8,9,13,15,NA,NA,0,0,0,0,0,0,0,0,0,0,0,0,0,0,0,0,0,0,0,0,0,0,0,0,0,0,0,0,0,0,0,0,0,0,51,0,1,1,1,1,1,1,1,0,1,1,1,1,1,0,1,1,1,1,1,1,1,1,1,1,1,1,1,1,1,1997-5324-3,166,NA,10.7,5.7,10,28.5,43.2,56.4,62.5,62.2,86.2,88.5,110.2,112.6,103,114.2,114.6,Y,Y,Y,Y,Y,Y,Y,Y,Y,Y,Y,Y,Y,Y,Y,Y,Y,Y,Y,Boltonia decurrens,MBG Seed Bank,CCSD Seed Bank Freezer,NA,2023-12-01T00:00:00Z,Dormant,5079,Seed,Missouri Botanical Garden,Wild,Shaw Nature Reserve,NA,Project specific use only,2011-12-01T00:00:00Z,53,Smith,s.n.,21 Nov 1997,NA,NA,NA,NA,Open bottomland/floodplain,NA,Asteraceae,NA,NA
Boltonia_167,167,4-3-3,2011-2675-1,19B,1180078,United States,Illinois,Schuyler,40.0672223,-90.4275,40.07010712467176, -90.42899627731745,NA,"Frederick Borrow Pit, Maternal lines = 30, Seedheads = 90; 3 packets",2/29/24,3/8/24,4/12/24,N,0,0,16.2,18.1,17.8,2.5,2.3,2.3,NA,NA,NA,NA,NA,NA,NA,NA,NA,NA,NA,NA,NA,NA,NA,NA,NA,NA,3,0,2,2,15,14,13,15,22,28,27,24,28,29,30,32,42,55,92,NA,0,0,0,0,0,0,0,1,1,4,5,8,12,13,14,15,15,16,13,16,16,18,7,9,15,12,7,4,7,25,25,40,61,87,109,117,106,NA,1,0,3,8,11,2,13,12,3,2,2,4,9,5,5,10,8,14,19,20,25,25,12,20,19,15,8,0,5,6,5,6,7,9,8,8,13,14,19,21,NA,0,0,0,0,1,8,2,3,12,10,9,6,4,2,2,1,1,0,4,5,3,2,6,7,1,7,6,6,7,17,12,18,25,41,25,12,0,0,0,0,0,0,0,1,0,0,0,0,1,1,1,1,1,1,1,1,1,1,1,1,1,1,1,1,1,1,1999-5406-2,167,3,13.3,28.5,46.3,51,51.5,52,51.9,41.9,50.5,51.3,51.7,49.9,50.2,50.2,50.2,Y,Y,Y,Y,Y,Y,Y,Y,Y,Y,Y,Y,Y,Y,Y,Y,Y,Y,Y,Boltonia decurrens,MBG Seed Bank,CCSD Seed Bank Freezer,NA,2023-12-01T00:00:00Z,Dormant,8728,Seed,Missouri Botanical Garden,Wild,Shaw Nature Reserve,NA,Project specific use only,2011-12-01T00:00:00Z,90,Smith,s.n.,07 Oct 1999,NA,NA,NA,NA,Open bottomland/floodplain,NA,Asteraceae,NA,NA
Boltonia_168,168,3-4-10,2011-2661-1,22A,1180064,United States,Illinois,Tazewell,40.69584983597212,-89.54394792156027,40.69584983597212, -89.54394792156027,NA,"Cooper park South, Maternal lines = 43, Seedheads = 73; 4 packets",2/29/24,3/7/24,4/12/24,NA,NA,0,7.9,14.3,20.7,1.3,1.6,1.8,NA,NA,NA,NA,NA,NA,NA,NA,NA,NA,NA,NA,NA,NA,NA,NA,NA,NA,NA,NA,NA,NA,NA,NA,NA,NA,NA,NA,NA,NA,NA,NA,NA,NA,NA,NA,NA,NA,NA,NA,NA,NA,NA,NA,NA,NA,NA,NA,NA,NA,NA,NA,NA,NA,NA,NA,NA,NA,NA,NA,NA,NA,NA,NA,NA,NA,NA,NA,NA,NA,NA,NA,NA,NA,NA,NA,NA,NA,NA,NA,NA,NA,NA,NA,NA,NA,NA,NA,NA,NA,NA,NA,NA,NA,NA,NA,NA,NA,NA,NA,NA,NA,NA,NA,0,0,NA,NA,NA,NA,NA,NA,NA,7,10,11,NA,NA,NA,NA,NA,NA,NA,NA,NA,NA,NA,NA,NA,NA,NA,NA,NA,NA,NA,NA,NA,NA,NA,NA,NA,NA,NA,NA,NA,NA,NA,NA,NA,NA,NA,NA,NA,NA,1,1,1,1,1,1,1,1,1,1,1,2,4,0,0,0,0,0,0,0,0,0,0,0,0,0,0,0,0,2000-5146-3,168,NA,NA,NA,NA,NA,NA,NA,NA,NA,NA,NA,NA,NA,NA,NA,NA,Y,Y,Y,Y,Y,Y,Y,Y,Y,Y,Y,Y,Y,Y,Y,Y,Y,Y,Y,Boltonia decurrens,MBG Seed Bank,CCSD Seed Bank Freezer,NA,2023-12-01T00:00:00Z,Dormant,6976,Seed,Missouri Botanical Garden,Wild,Shaw Nature Reserve,NA,Project specific use only,2011-12-01T00:00:00Z,73,Smith,s.n.,01 Oct 2000,NA,NA,NA,NA,Open bottomland/floodplain,NA,Asteraceae,NA,NA
Boltonia_169,169,6-2-9,2011-2599-1,4,1180002,United States,Illinois,Saint Clair,38.6494444,-90.1161111,38.651507278988504, -90.10298738781107,NA,"Fairmont City, Maternal lines = 28, Seedheads = 28; 2 packets",2/29/24,3/7/24,4/12/24,NA,NA,3,16.6,25.3,25.5,2.5,3.4,3.5,NA,NA,Stem growing weirdly,Curled stem,Swirled stem,NA,Twisted stem,Whirled stem,NA,NA,NA,NA,NA,NA,NA,NA,NA,NA,0,0,0,0,0,0,0,0,0,0,0,0,0,0,0,0,0,0,0,NA,NA,0,NA,NA,0,0,0,0,0,NA,0,0,0,0,0,0,0,0,0,0,0,0,0,0,0,0,0,0,0,0,0,0,0,1,6,27,64,NA,NA,0,NA,NA,0,0,0,0,0,NA,0,0,0,0,0,0,0,0,0,0,0,0,0,0,0,0,0,NA,0,0,0,0,0,0,0,0,0,17,16,22,NA,NA,0,NA,NA,0,0,0,0,0,NA,0,0,0,0,0,0,0,0,0,0,0,0,0,0,0,0,0,0,0,0,0,0,2,12,8,28,0,1,2,1,1,2,1,1,0,1,1,1,1,1,0,0,1,1,1,1,1,1,1,1,1,1,1,1,1,1,1997-5062-3,169,NA,NA,1.3,1.7,3,8.7,20.3,37,45.4,69.2,79.8,108.9,135.8,149.3,148,146.8,Y,Y,Y,Y,Y,Y,Y,Y,Y,Y,Y,Y,Y,Y,Y,Y,Y,Y,Y,Boltonia decurrens,MBG Seed Bank,CCSD Seed Bank Freezer,NA,2023-12-01T00:00:00Z,Dormant,2632,Seed,Missouri Botanical Garden,Wild,Shaw Nature Reserve,NA,Project specific use only,2011-12-01T00:00:00Z,28,Smith,s.n.,05 Dec 1997,NA,NA,NA,NA,Open bottomland/floodplain,NA,Asteraceae,NA,NA
Boltonia_170,170,7-1-9,2011-2650-1,27B,1180053,United States,Illinois,Woodford,40.8852777,-89.4583333,40.84668797480775, -89.0297386240063,NA,"Woodford County, Maternal lines = 30, Seedheads = 90; 6 packets",2/29/24,3/12/24,4/12/24,NA,NA,0,9.1,19.1,19.3,2.1,2.7,2.3,NA,NA,NA,NA,NA,NA,NA,NA,NA,NA,NA,NA,NA,NA,NA,NA,NA,NA,NA,NA,NA,NA,NA,NA,NA,NA,NA,NA,NA,NA,NA,NA,NA,NA,NA,NA,NA,NA,NA,NA,NA,NA,NA,NA,NA,NA,NA,NA,NA,NA,NA,NA,NA,NA,NA,NA,NA,NA,NA,NA,NA,NA,NA,NA,NA,NA,NA,NA,NA,NA,NA,NA,NA,NA,NA,NA,NA,NA,NA,NA,NA,NA,NA,NA,NA,NA,NA,NA,NA,NA,NA,NA,NA,NA,NA,NA,NA,NA,NA,NA,NA,NA,NA,NA,0,0,NA,NA,NA,NA,NA,NA,NA,8,11,12,NA,NA,NA,NA,NA,NA,NA,NA,NA,NA,NA,NA,NA,NA,NA,NA,NA,NA,NA,NA,NA,NA,NA,NA,NA,NA,NA,NA,NA,NA,NA,NA,NA,NA,NA,NA,NA,NA,1,1,1,1,1,1,1,1,1,1,1,1,1,0,0,0,0,0,0,0,0,0,0,0,0,0,0,0,0,1999-5383-4,170,NA,NA,NA,NA,NA,NA,NA,NA,NA,NA,NA,NA,NA,NA,NA,NA,Y,Y,Y,Y,Y,Y,Y,Y,Y,Y,Y,Y,Y,Y,Y,Y,Y,Y,Y,Boltonia decurrens,MBG Seed Bank,CCSD Seed Bank Freezer,NA,2023-12-01T00:00:00Z,Dormant,8743,Seed,Missouri Botanical Garden,Wild,Shaw Nature Reserve,US-1-MO-2011-2650,Project specific use only,2011-12-01T00:00:00Z,90,Smith,s.n.,11 Nov 1999,NA,NA,NA,NA,Open bottomland/floodplain,NA,Asteraceae,NA,NA
Boltonia_171,171,3-6-7,2011-2598-1,S8A,1180001,United States,Illinois,Jersey,38.961398423802066,-90.51481032460987,38.961398423802066, -90.51481032460987,NA,"Gilbert Lake, Maternal lines = 32, Seedheads = 98; 6 packets",2/29/24,3/6/24,4/12/24,NA,NA,0,11.2,19.6,25,2.1,2.2,2.8,NA,NA,NA,NA,NA,NA,NA,NA,NA,NA,NA,NA,NA,NA,NA,NA,NA,NA,NA,NA,NA,NA,NA,NA,NA,NA,NA,NA,NA,NA,NA,NA,NA,NA,NA,NA,NA,NA,NA,NA,NA,NA,NA,NA,NA,NA,NA,NA,NA,NA,NA,NA,NA,NA,NA,NA,NA,NA,NA,NA,NA,NA,NA,NA,NA,NA,NA,NA,NA,NA,NA,NA,NA,NA,NA,NA,NA,NA,NA,NA,NA,NA,NA,NA,NA,NA,NA,NA,NA,NA,NA,NA,NA,NA,NA,NA,NA,NA,NA,NA,NA,NA,NA,NA,0,0,NA,NA,NA,NA,NA,NA,NA,10,12,13,NA,NA,NA,NA,NA,NA,NA,NA,NA,NA,NA,NA,NA,NA,NA,NA,NA,NA,NA,NA,NA,NA,NA,NA,NA,NA,NA,NA,NA,NA,NA,NA,NA,NA,NA,NA,NA,NA,1,1,1,1,1,1,1,1,2,2,1,4,4,0,0,0,0,0,0,0,0,0,0,0,0,0,0,0,0,1997-5099-4,171,NA,NA,NA,NA,NA,NA,NA,NA,NA,NA,NA,NA,NA,NA,NA,NA,Y,Y,Y,Y,Y,Y,Y,Y,Y,Y,Y,Y,Y,Y,Y,Y,Y,Y,Y,Boltonia decurrens,MBG Seed Bank,CCSD Seed Bank Freezer,NA,2023-12-01T00:00:00Z,Dormant,9628,Seed,Missouri Botanical Garden,Wild,Shaw Nature Reserve,NA,Project specific use only,2011-12-01T00:00:00Z,98,Smith,s.n.,08 Nov 1997,NA,NA,NA,NA,Open bottomland/floodplain,NA,Asteraceae,NA,NA
Boltonia_172,172,8-5-12,2011-2613-1,24A,1180016,United States,Illinois,Fulton,40.2047222,-90.1994444,40.20813714639404, -90.18724497777134,NA,"Anderson Lake, Maternal lines = 30, Seedheads = 61; 2 packets",2/29/24,3/8/24,4/12/24,N,Y,2,13.2,14.4,14.6,2.1,2.1,2.5,NA,NA,NA,NA,4 of 6 discs senesced,NA,NA,NA,NA,NA,NA,NA,NA,NA,NA,NA,NA,NA,0,8,8,8,8,7,8,8,7,8,10,10,11,12,12,12,12,14,19,0,0,1,0,0,0,0,1,2,3,3,3,4,5,6,6,7,8,8,0,0,0,0,0,0,1,3,2,3,3,7,7,12,14,21,33,42,39,1,1,2,3,2,2,4,3,7,6,5,5,5,2,2,2,3,3,1,10,6,8,10,8,8,5,9,6,0,4,8,4,4,4,7,9,7,7,17,26,30,0,0,0,0,1,3,3,2,1,1,2,2,1,3,3,2,1,0,0,0,0,0,0,0,3,2,2,3,4,3,4,1,2,5,7,9,5,1,1,2,2,2,2,2,2,2,2,1,1,3,2,1,1,1,1,1,1,1,1,1,1,1,1,1,1,1,1,2000-5023-3,172,4.9,18,32.9,42.6,43.2,43.3,47.7,42.5,41.7,46.4,47.2,42.6,45.1,43.1,43.1,43.1,Y,Y,Y,Y,Y,Y,Y,Y,Y,Y,Y,Y,Y,Y,Y,Y,Y,Y,Y,Boltonia decurrens,MBG Seed Bank,CCSD Seed Bank Freezer,NA,2023-12-01T00:00:00Z,Dormant,5913,Seed,Missouri Botanical Garden,Wild,Shaw Nature Reserve,NA,Project specific use only,2011-12-01T00:00:00Z,61,Smith,s.n.,01 Oct 2000,NA,NA,NA,NA,Open bottomland/floodplain,NA,Asteraceae,NA,NA
Boltonia_173,173,3-1-1,2011-2636-1,19,1180039,United States,Illinois,Cass,40.010555600000004,-90.4458333,40.0178975293398, -90.42445029519197,NA,"Beardstown, Maternal lines = 52, Seedheads = 53; 3 packets",2/29/24,3/15/24,4/12/24,NA,NA,1,9,12.9,17.3,1.5,1.4,1.4,NA,NA,NA,NA,NA,NA,NA,NA,NA,NA,NA,NA,NA,NA,NA,NA,NA,NA,NA,NA,NA,NA,NA,NA,NA,NA,NA,NA,NA,NA,NA,NA,NA,NA,NA,NA,NA,NA,NA,NA,NA,NA,NA,NA,NA,NA,NA,NA,NA,NA,NA,NA,NA,NA,NA,NA,NA,NA,NA,NA,NA,NA,NA,NA,NA,NA,NA,NA,NA,NA,NA,NA,NA,NA,NA,NA,NA,NA,NA,NA,NA,NA,NA,NA,NA,NA,NA,NA,NA,NA,NA,NA,NA,NA,NA,NA,NA,NA,NA,NA,NA,NA,NA,NA,0,0,NA,NA,NA,NA,NA,NA,NA,9,11,12,NA,NA,NA,NA,NA,NA,NA,NA,NA,NA,NA,NA,NA,NA,NA,NA,NA,NA,NA,NA,NA,NA,NA,NA,NA,NA,NA,NA,NA,NA,NA,NA,NA,NA,NA,NA,NA,NA,1,1,1,1,1,1,1,1,1,1,1,1,1,0,0,0,0,0,0,0,0,0,0,0,0,0,0,0,0,1997-5338-3,173,NA,NA,NA,NA,NA,NA,NA,NA,NA,NA,NA,NA,NA,NA,NA,NA,Y,Y,Y,Y,Y,Y,Y,Y,Y,Y,Y,Y,Y,Y,Y,Y,Y,Y,Y,Boltonia decurrens,MBG Seed Bank,CCSD Seed Bank Freezer,NA,2023-12-01T00:00:00Z,Dormant,5079,Seed,Missouri Botanical Garden,Wild,Shaw Nature Reserve,NA,Project specific use only,2011-12-01T00:00:00Z,53,Smith,s.n.,21 Nov 1997,NA,NA,NA,NA,Open bottomland/floodplain,NA,Asteraceae,NA,NA
Boltonia_174,174,2-5-11,2011-2675-1,5A,1180078,United States,Illinois,Schuyler,40.0672223,-90.4275,40.07010712467176, -90.42899627731745,NA,"Frederick Borrow Pit, Maternal lines = 30, Seedheads = 90; 3 packets",2/29/24,3/7/24,4/12/24,NA,NA,0,13.5,20.6,24.4,1.7,1.8,2.3,NA,NA,NA,NA,NA,NA,Twisted stem,NA,NA,NA,NA,NA,NA,NA,NA,Measured tallest stem,NA,NA,NA,0,0,0,0,0,0,0,0,0,0,0,0,0,0,0,0,0,32,NA,NA,NA,NA,NA,NA,NA,NA,NA,NA,NA,0,0,NA,NA,NA,NA,NA,0,NA,0,0,0,0,0,0,0,0,0,0,0,0,0,4,26,47,104,102,NA,NA,NA,NA,NA,NA,NA,NA,NA,NA,NA,0,0,NA,NA,NA,NA,NA,0,NA,0,0,0,0,0,0,0,0,NA,0,0,0,NA,NA,0,0,0,0,10,13,16,NA,NA,NA,NA,NA,NA,NA,NA,NA,NA,NA,0,0,NA,NA,NA,NA,NA,0,NA,0,0,0,0,0,0,0,0,0,0,0,0,2,33,69,28,2,1,1,1,1,1,1,0,1,1,0,1,0,1,0,0,0,0,0,0,1,0,0,1,2,3,2,3,3,3,3,1999-5392-4,174,NA,NA,NA,NA,NA,1,NA,NA,2.4,24.8,38.3,68.5,99.5,106.7,105.4,106.1,Y,Y,Y,Y,Y,Y,Y,Y,Y,Y,Y,Y,Y,Y,Y,Y,Y,Y,Y,Boltonia decurrens,MBG Seed Bank,CCSD Seed Bank Freezer,NA,2023-12-01T00:00:00Z,Dormant,8728,Seed,Missouri Botanical Garden,Wild,Shaw Nature Reserve,NA,Project specific use only,2011-12-01T00:00:00Z,90,Smith,s.n.,07 Oct 1999,NA,NA,NA,NA,Open bottomland/floodplain,NA,Asteraceae,NA,NA
Boltonia_175,175,2-1-9,2011-2618-1,26A,1180021,United States,Illinois,Peoria,40.7222223,-89.5519444,40.69352232924267, -89.59142458669179,NA,"McClugage Bridge, Maternal lines = 30, Seedheads = 90; 4 packets",2/29/24,3/7/24,4/12/24,NA,NA,0,7.5,14.3,20,1.3,2,2,NA,NA,NA,NA,NA,NA,NA,NA,NA,NA,NA,NA,NA,NA,NA,NA,NA,NA,NA,NA,NA,NA,NA,NA,NA,NA,NA,NA,NA,NA,NA,NA,NA,NA,NA,NA,NA,NA,NA,NA,NA,NA,NA,NA,NA,NA,NA,NA,NA,NA,NA,NA,NA,NA,NA,NA,NA,NA,NA,NA,NA,NA,NA,NA,NA,NA,NA,NA,NA,NA,NA,NA,NA,NA,NA,NA,NA,NA,NA,NA,NA,NA,NA,NA,NA,NA,NA,NA,NA,NA,NA,NA,NA,NA,NA,NA,NA,NA,NA,NA,NA,NA,NA,NA,0,0,NA,NA,NA,NA,NA,NA,NA,11,13,16,NA,NA,NA,NA,NA,NA,NA,NA,NA,NA,NA,NA,NA,NA,NA,NA,NA,NA,NA,NA,NA,NA,NA,NA,NA,NA,NA,NA,NA,NA,NA,NA,NA,NA,NA,NA,NA,NA,1,1,1,1,1,1,1,1,1,1,1,1,1,0,0,0,0,0,0,0,0,0,0,0,0,0,0,0,0,1999-5082-3,175,NA,NA,NA,NA,NA,NA,NA,NA,NA,NA,NA,NA,NA,NA,NA,NA,Y,Y,Y,Y,Y,Y,Y,Y,Y,Y,Y,Y,Y,Y,Y,Y,Y,Y,Y,Boltonia decurrens,MBG Seed Bank,CCSD Seed Bank Freezer,NA,2023-12-01T00:00:00Z,Dormant,8685,Seed,Missouri Botanical Garden,Wild,Shaw Nature Reserve,NA,Project specific use only,2011-12-01T00:00:00Z,90,Smith,s.n.,11 Nov 1999,NA,NA,NA,NA,Open bottomland/floodplain,NA,Asteraceae,NA,NA
Boltonia_176,176,5-2-6,2011-2599-1,11,1180002,United States,Illinois,Saint Clair,38.6494444,-90.1161111,38.651507278988504, -90.10298738781107,NA,"Fairmont City, Maternal lines = 28, Seedheads = 28; 2 packets",2/29/24,3/7/24,4/12/24,N,Y,12,13.3,14.6,14.4,2.6,2.5,2.5,NA,NA,NA,NA,NA,NA,NA,NA,NA,NA,NA,NA,NA,NA,NA,NA,NA,NA,0,4,3,0,5,0,6,5,12,12,12,12,13,14,16,20,22,17,27,NA,0,0,0,0,0,0,0,0,0,1,1,2,3,3,3,5,6,6,9,6,7,11,6,12,7,10,3,2,5,11,10,13,11,14,26,46,94,NA,1,2,1,3,4,5,2,8,8,4,4,8,5,5,9,5,5,5,6,4,8,8,7,4,7,6,6,0,5,4,4,4,5,8,7,10,11,29,34,25,NA,0,0,0,0,0,0,1,1,1,2,2,1,3,3,3,4,4,3,2,1,1,1,2,3,1,4,0,3,4,3,1,1,7,23,13,41,0,2,1,5,4,5,3,3,2,3,3,1,3,3,1,1,1,1,1,1,1,1,1,1,1,1,1,1,1,1,1997-5069-3,176,8.4,18.1,30,46,23.2,52.8,45.4,59,53,53.4,57.6,52.7,55.8,53.7,53.7,53.7,Y,Y,Y,Y,Y,Y,Y,Y,Y,Y,Y,Y,Y,Y,Y,Y,Y,Y,Y,Boltonia decurrens,MBG Seed Bank,CCSD Seed Bank Freezer,NA,2023-12-01T00:00:00Z,Dormant,2632,Seed,Missouri Botanical Garden,Wild,Shaw Nature Reserve,NA,Project specific use only,2011-12-01T00:00:00Z,28,Smith,s.n.,05 Dec 1997,NA,NA,NA,NA,Open bottomland/floodplain,NA,Asteraceae,NA,NA
Boltonia_177,177,5-5-4,2011-2618-1,4A,1180021,United States,Illinois,Peoria,40.7222223,-89.5519444,40.69352232924267, -89.59142458669179,NA,"McClugage Bridge, Maternal lines = 30, Seedheads = 90; 4 packets",2/29/24,3/8/24,4/12/24,NA,0,0,13.8,22.6,28.8,2,2.9,2.7,NA,NA,NA,NA,NA,NA,NA,NA,NA,NA,NA,NA,NA,NA,NA,NA,NA,NA,0,0,0,0,0,0,0,0,0,0,0,0,0,0,0,0,0,0,3,NA,NA,0,0,0,0,0,0,0,0,0,0,0,0,0,0,0,0,0,0,0,0,0,0,0,0,0,0,0,0,0,0,3,8,22,45,56,58,NA,NA,0,0,0,0,0,0,0,0,0,0,0,0,0,0,0,0,0,0,0,0,0,0,0,0,0,0,NA,0,0,0,0,0,0,0,0,0,9,12,16,NA,NA,0,0,0,0,0,0,0,0,0,0,0,0,0,0,0,0,0,0,0,0,0,0,0,0,0,0,0,0,1,2,5,23,22,12,2,0,1,0,0,0,0,0,0,0,0,0,1,1,1,0,1,1,1,1,1,1,1,1,1,1,1,1,1,1,1,1999-5060-2,177,NA,0.6,3.9,11,23.2,34,49.3,60,66.2,83.5,85.1,123.5,137.4,146.9,137.8,142.4,Y,Y,Y,Y,Y,Y,Y,Y,Y,Y,Y,Y,Y,Y,Y,Y,Y,Y,Y,Boltonia decurrens,MBG Seed Bank,CCSD Seed Bank Freezer,NA,2023-12-01T00:00:00Z,Dormant,8685,Seed,Missouri Botanical Garden,Wild,Shaw Nature Reserve,NA,Project specific use only,2011-12-01T00:00:00Z,90,Smith,s.n.,11 Nov 1999,NA,NA,NA,NA,Open bottomland/floodplain,NA,Asteraceae,NA,NA
Boltonia_178,178,5-2-7,2011-2599-1,11,1180002,United States,Illinois,Saint Clair,38.6494444,-90.1161111,38.651507278988504, -90.10298738781107,NA,"Fairmont City, Maternal lines = 28, Seedheads = 28; 2 packets",2/29/24,3/7/24,4/12/24,NA,NA,0,13,19,20,2.4,2.9,3.1,NA,NA,NA,NA,NA,NA,NA,NA,NA,NA,NA,NA,NA,NA,NA,NA,NA,NA,NA,NA,NA,NA,NA,NA,NA,NA,NA,NA,NA,NA,NA,NA,NA,NA,NA,NA,NA,NA,NA,NA,NA,NA,NA,NA,NA,NA,NA,NA,NA,NA,NA,NA,NA,NA,NA,NA,NA,NA,NA,NA,NA,NA,NA,NA,NA,NA,NA,NA,NA,NA,NA,NA,NA,NA,NA,NA,NA,NA,NA,NA,NA,NA,NA,NA,NA,NA,NA,NA,NA,NA,NA,NA,NA,NA,NA,NA,NA,NA,NA,NA,NA,NA,NA,NA,0,0,NA,NA,NA,NA,NA,NA,NA,11,14,16,NA,NA,NA,NA,NA,NA,NA,NA,NA,NA,NA,NA,NA,NA,NA,NA,NA,NA,NA,NA,NA,NA,NA,NA,NA,NA,NA,NA,NA,NA,NA,NA,NA,NA,NA,NA,NA,NA,1,1,1,1,1,1,1,1,1,1,1,1,1,0,0,0,0,0,0,0,0,0,0,0,0,0,0,0,0,1997-5069-4,178,NA,NA,NA,NA,NA,NA,NA,NA,NA,NA,NA,NA,NA,NA,NA,NA,Y,Y,Y,Y,Y,Y,Y,Y,Y,Y,Y,Y,Y,Y,Y,Y,Y,Y,Y,Boltonia decurrens,MBG Seed Bank,CCSD Seed Bank Freezer,NA,2023-12-01T00:00:00Z,Dormant,2632,Seed,Missouri Botanical Garden,Wild,Shaw Nature Reserve,NA,Project specific use only,2011-12-01T00:00:00Z,28,Smith,s.n.,05 Dec 1997,NA,NA,NA,NA,Open bottomland/floodplain,NA,Asteraceae,NA,NA
Boltonia_179,179,8-2-4,2011-2613-1,3A,1180016,United States,Illinois,Fulton,40.2047222,-90.1994444,40.20813714639404, -90.18724497777134,NA,"Anderson Lake, Maternal lines = 30, Seedheads = 61; 2 packets",2/29/24,3/9/24,4/12/24,NA,NA,0,9.3,15.9,17.8,1.7,1.8,1.9,NA,NA,NA,NA,NA,NA,NA,NA,NA,NA,NA,NA,NA,NA,NA,NA,NA,NA,NA,NA,NA,NA,NA,NA,NA,NA,NA,NA,NA,NA,NA,NA,NA,NA,NA,NA,NA,NA,NA,NA,NA,NA,NA,NA,NA,NA,NA,NA,NA,NA,NA,NA,NA,NA,NA,NA,NA,NA,NA,NA,NA,NA,NA,NA,NA,NA,NA,NA,NA,NA,NA,NA,NA,NA,NA,NA,NA,NA,NA,NA,NA,NA,NA,NA,NA,NA,NA,NA,NA,NA,NA,NA,NA,NA,NA,NA,NA,NA,NA,NA,NA,NA,NA,NA,0,0,NA,NA,NA,NA,NA,NA,NA,11,13,13,NA,NA,NA,NA,NA,NA,NA,NA,NA,NA,NA,NA,NA,NA,NA,NA,NA,NA,NA,NA,NA,NA,NA,NA,NA,NA,NA,NA,NA,NA,NA,NA,NA,NA,NA,NA,NA,NA,1,1,1,1,1,1,1,1,1,1,1,2,2,0,0,0,0,0,0,0,0,0,0,0,0,0,0,0,0,2000-5002-2,179,NA,NA,NA,NA,NA,NA,NA,NA,NA,NA,NA,NA,NA,NA,NA,NA,Y,Y,Y,Y,Y,Y,Y,Y,Y,Y,Y,Y,Y,Y,Y,Y,Y,Y,Y,Boltonia decurrens,MBG Seed Bank,CCSD Seed Bank Freezer,NA,2023-12-01T00:00:00Z,Dormant,5913,Seed,Missouri Botanical Garden,Wild,Shaw Nature Reserve,NA,Project specific use only,2011-12-01T00:00:00Z,61,Smith,s.n.,01 Oct 2000,NA,NA,NA,NA,Open bottomland/floodplain,NA,Asteraceae,NA,NA
Boltonia_180,180,6-6-8,2011-2629-1,1C,1180032,United States,Illinois,Marshal,41.045,-89.4311111,41.02868892611459, -89.43846248262098,NA,"Sparland, Maternal lines = 30, Seedheads = 90; 3 packets",2/29/24,3/6/24,4/12/24,N,Y,7,11.7,13.1,12.8,1.5,1.8,1.7,NA,NA,NA,NA,12 of 14 discs senesced,NA,NA,Very small flowers,NA,NA,NA,NA,NA,NA,NA,NA,NA,NA,12,17,14,13,14,13,13,16,16,19,17,17,16,16,16,16,20,20,36,0,0,0,0,1,1,4,5,6,7,7,6,8,10,14,3,10,8,17,1,2,4,3,3,0,4,4,0,0,2,3,3,6,6,7,7,10,11,3,4,5,5,3,1,1,1,3,5,4,7,5,2,2,5,3,6,1,6,0,9,8,3,11,8,5,3,0,11,11,9,9,9,10,9,9,9,26,53,74,0,0,1,1,3,5,2,1,2,2,1,1,3,3,1,12,6,6,1,4,1,0,1,0,4,0,2,3,4,1,0,3,0,1,0,1,0,0,0,1,1,1,2,2,2,2,2,2,1,2,3,1,1,1,1,1,1,1,1,1,1,1,1,1,1,1,1,1999-5150-3,180,6.1,18.7,25.7,21.6,23.5,22.1,22.6,22,21.6,21.8,21.2,21.3,22.6,22,22,22,Y,Y,Y,Y,Y,Y,Y,Y,Y,Y,Y,Y,Y,Y,Y,Y,Y,Y,Y,Boltonia decurrens,MBG Seed Bank,CCSD Seed Bank Freezer,NA,2023-12-01T00:00:00Z,Dormant,8786,Seed,Missouri Botanical Garden,Wild,Shaw Nature Reserve,NA,Project specific use only,2011-12-01T00:00:00Z,90,Smith,s.n.,11 Nov 1999,NA,NA,NA,NA,Open bottomland/floodplain,NA,Asteraceae,NA,NA
Boltonia_181,181,1-3-2,2011-2618-1,1B,1180021,United States,Illinois,Peoria,40.7222223,-89.5519444,40.69352232924267, -89.59142458669179,NA,"McClugage Bridge, Maternal lines = 30, Seedheads = 90; 4 packets",2/28/24,3/12/24,4/12/24,N,Y,4,13.4,14.3,13.8,2.2,2.4,2,NA,NA,NA,NA,9 of 11 discs senesced,NA,NA,Very poor condition,NA,NA,NA,NA,NA,NA,NA,NA,NA,NA,4,16,10,14,21,20,20,20,20,20,17,17,17,18,20,20,23,25,31,NA,0,0,0,0,0,0,1,2,3,4,5,8,10,11,7,12,16,15,13,1,5,4,0,0,0,0,0,0,0,0,0,1,10,21,57,69,61,NA,1,3,3,4,7,9,8,12,13,5,8,6,0,0,3,3,3,2,13,10,11,10,0,0,0,0,0,0,8,12,9,6,6,12,8,6,12,12,26,40,NA,0,0,0,1,1,1,2,3,3,7,3,3,7,6,7,5,0,0,0,0,0,0,0,0,0,0,0,0,0,1,0,4,16,26,14,1,0,0,3,3,3,4,3,3,2,2,2,0,1,2,1,1,1,1,1,1,1,1,1,2,3,3,3,3,3,3,1999-5057-2,181,7.1,21.2,37.3,41.7,12.7,42.3,42.5,42,42,51.2,43.3,41.6,42.3,36.3,36.3,36.3,Y,Y,Y,Y,Y,Y,Y,Y,Y,Y,Y,Y,Y,Y,Y,Y,Y,Y,Y,Boltonia decurrens,MBG Seed Bank,CCSD Seed Bank Freezer,NA,2023-12-01T00:00:00Z,Dormant,8685,Seed,Missouri Botanical Garden,Wild,Shaw Nature Reserve,NA,Project specific use only,2011-12-01T00:00:00Z,90,Smith,s.n.,11 Nov 1999,NA,NA,NA,NA,Open bottomland/floodplain,NA,Asteraceae,NA,NA
Boltonia_182,182,8-2-2,2011-2623-1,11A,1180026,United States,Illinois,Hennepin,41.34414603458205,-89.55849691836283,41.34414603458205, -89.55849691836283,NA,"Hennepin Bridge, Maternal lines = 30, Seedheads = 90; 6 packets",2/29/24,3/8/24,4/12/24,NA,NA,0,14.6,21,21.2,2.3,2.2,2.2,NA,NA,NA,NA,NA,NA,NA,NA,NA,NA,NA,NA,NA,NA,NA,NA,NA,NA,NA,NA,NA,NA,NA,NA,NA,NA,NA,NA,NA,NA,NA,NA,NA,NA,NA,NA,NA,NA,NA,NA,NA,NA,NA,NA,NA,NA,NA,NA,NA,NA,NA,NA,NA,NA,NA,NA,NA,NA,NA,NA,NA,NA,NA,NA,NA,NA,NA,NA,NA,NA,NA,NA,NA,NA,NA,NA,NA,NA,NA,NA,NA,NA,NA,NA,NA,NA,NA,NA,NA,NA,NA,NA,NA,NA,NA,NA,NA,NA,NA,NA,NA,NA,NA,NA,0,0,NA,NA,NA,NA,NA,NA,NA,11,14,14,NA,NA,NA,NA,NA,NA,NA,NA,NA,NA,NA,NA,NA,NA,NA,NA,NA,NA,NA,NA,NA,NA,NA,NA,NA,NA,NA,NA,NA,NA,NA,NA,NA,NA,NA,NA,NA,NA,1,1,1,1,1,1,1,1,1,2,1,2,3,0,0,0,0,0,0,0,0,0,0,0,0,0,0,0,0,1999-5129-2,182,NA,NA,NA,NA,NA,NA,NA,NA,NA,NA,NA,NA,NA,NA,NA,NA,Y,Y,Y,Y,Y,Y,Y,Y,Y,Y,Y,Y,Y,Y,Y,Y,Y,Y,Y,Boltonia decurrens,MBG Seed Bank,CCSD Seed Bank Freezer,NA,2023-12-01T00:00:00Z,Dormant,2883,Seed,Missouri Botanical Garden,Wild,Shaw Nature Reserve,NA,Project specific use only,2011-12-01T00:00:00Z,90,Smith,s.n.,11 Nov 1999,NA,NA,NA,NA,Open bottomland/floodplain,NA,Asteraceae,NA,NA
Boltonia_183,183,1-6-2,2011-2636-1,22,1180039,United States,Illinois,Cass,40.010555600000004,-90.4458333,40.0178975293398, -90.42445029519197,NA,"Beardstown, Maternal lines = 52, Seedheads = 53; 3 packets",2/29/24,3/7/24,4/12/24,N,NA,0,9.9,15.7,21.1,1.8,2.1,2.6,NA,NA,NA,NA,NA,NA,NA,NA,NA,NA,NA,NA,NA,NA,NA,NA,NA,NA,NA,NA,NA,NA,NA,NA,NA,NA,NA,NA,NA,NA,NA,NA,NA,NA,NA,NA,NA,NA,NA,NA,NA,NA,NA,NA,NA,NA,NA,NA,NA,NA,NA,NA,NA,NA,NA,NA,NA,NA,NA,NA,NA,NA,NA,NA,NA,NA,NA,NA,NA,NA,NA,NA,NA,NA,NA,NA,NA,NA,NA,NA,NA,NA,NA,NA,NA,NA,NA,NA,NA,NA,NA,NA,NA,NA,NA,NA,NA,NA,NA,NA,NA,NA,NA,0,0,0,NA,NA,NA,NA,NA,NA,NA,10,12,16,NA,NA,NA,NA,NA,NA,NA,NA,NA,NA,NA,NA,NA,NA,NA,NA,NA,NA,NA,NA,NA,NA,NA,NA,NA,NA,NA,NA,NA,NA,NA,NA,NA,NA,NA,NA,NA,NA,0,1,1,1,1,1,1,1,1,1,1,2,3,1,0,0,0,0,0,0,0,0,0,0,0,0,0,0,0,1997-5341-3,183,1.2,NA,NA,NA,NA,NA,NA,NA,NA,NA,NA,NA,NA,NA,NA,NA,Y,Y,Y,Y,Y,Y,Y,Y,Y,Y,Y,Y,Y,Y,Y,Y,Y,Y,Y,Boltonia decurrens,MBG Seed Bank,CCSD Seed Bank Freezer,NA,2023-12-01T00:00:00Z,Dormant,5079,Seed,Missouri Botanical Garden,Wild,Shaw Nature Reserve,NA,Project specific use only,2011-12-01T00:00:00Z,53,Smith,s.n.,21 Nov 1997,NA,NA,NA,NA,Open bottomland/floodplain,NA,Asteraceae,NA,NA
Boltonia_184,184,6-3-7,2011-2609-1,18C,1180012,United States,Illinois,Madison,38.6891666,-90.0972222,38.69652811427051, -90.08592610430901,NA,"Horseshoe Lake, Maternal lines = 30, Seedheads = 90; 3 packets",2/29/24,3/10/24,4/12/24,NA,NA,0,13.3,21.7,22.6,2,2.8,3,NA,NA,NA,NA,NA,NA,NA,NA,NA,NA,NA,NA,NA,NA,NA,NA,NA,NA,NA,NA,NA,NA,NA,NA,NA,NA,NA,NA,NA,NA,NA,NA,NA,NA,NA,NA,NA,NA,NA,NA,NA,NA,NA,NA,NA,NA,NA,NA,NA,NA,NA,NA,NA,NA,NA,NA,NA,NA,NA,NA,NA,NA,NA,NA,NA,NA,NA,NA,NA,NA,NA,NA,NA,NA,NA,NA,NA,NA,NA,NA,NA,NA,NA,NA,NA,NA,NA,NA,NA,NA,NA,NA,NA,NA,NA,NA,NA,NA,NA,NA,NA,NA,NA,NA,0,0,NA,NA,NA,NA,NA,NA,NA,10,13,16,NA,NA,NA,NA,NA,NA,NA,NA,NA,NA,NA,NA,NA,NA,NA,NA,NA,NA,NA,NA,NA,NA,NA,NA,NA,NA,NA,NA,NA,NA,NA,NA,NA,NA,NA,NA,NA,NA,1,1,1,1,1,1,1,1,1,1,1,2,2,0,0,0,0,0,0,0,0,0,0,0,0,0,0,0,0,2011-5053-4,184,NA,NA,NA,NA,NA,NA,NA,NA,NA,NA,NA,NA,NA,NA,NA,NA,Y,Y,Y,Y,Y,Y,Y,Y,Y,Y,Y,Y,Y,Y,Y,Y,Y,Y,Y,Boltonia decurrens,MBG Seed Bank,CCSD Seed Bank Freezer,NA,2023-12-01T00:00:00Z,Dormant,8688,Seed,Missouri Botanical Garden,Wild,Shaw Nature Reserve,NA,Project specific use only,2011-12-01T00:00:00Z,3,Smith,s.n.,01 Nov 2000,NA,NA,NA,NA,Open bottomland/floodplain,NA,Asteraceae,NA,NA
Boltonia_185,185,9-2-4,2011-2650-1,21A,1180053,United States,Illinois,Woodford,40.8852777,-89.4583333,40.84668797480775, -89.0297386240063,NA,"Woodford County, Maternal lines = 30, Seedheads = 90; 6 packets",2/29/24,3/9/24,4/12/24,NA,NA,0,8.7,11.9,17.3,2.4,2.3,2.9,NA,NA,NA,NA,NA,NA,NA,NA,NA,NA,NA,NA,NA,NA,NA,NA,NA,NA,NA,NA,NA,NA,NA,NA,NA,NA,NA,NA,NA,NA,NA,NA,NA,NA,NA,NA,NA,NA,NA,NA,NA,NA,NA,NA,NA,NA,NA,NA,NA,NA,NA,NA,NA,NA,NA,NA,NA,NA,NA,NA,NA,NA,NA,NA,NA,NA,NA,NA,NA,NA,NA,NA,NA,NA,NA,NA,NA,NA,NA,NA,NA,NA,NA,NA,NA,NA,NA,NA,NA,NA,NA,NA,NA,NA,NA,NA,NA,NA,NA,NA,NA,NA,NA,NA,0,0,NA,NA,NA,NA,NA,NA,NA,11,15,15,NA,NA,NA,NA,NA,NA,NA,NA,NA,NA,NA,NA,NA,NA,NA,NA,NA,NA,NA,NA,NA,NA,NA,NA,NA,NA,NA,NA,NA,NA,NA,NA,NA,NA,NA,NA,NA,NA,1,1,1,1,1,1,1,1,1,1,1,2,4,0,0,0,0,0,0,0,0,0,0,0,0,0,0,0,0,1999-5377-2,185,NA,NA,NA,NA,NA,NA,NA,NA,NA,NA,NA,NA,NA,NA,NA,NA,Y,Y,Y,Y,Y,Y,Y,Y,Y,Y,Y,Y,Y,Y,Y,Y,Y,Y,Y,Boltonia decurrens,MBG Seed Bank,CCSD Seed Bank Freezer,NA,2023-12-01T00:00:00Z,Dormant,8743,Seed,Missouri Botanical Garden,Wild,Shaw Nature Reserve,US-1-MO-2011-2650,Project specific use only,2011-12-01T00:00:00Z,90,Smith,s.n.,11 Nov 1999,NA,NA,NA,NA,Open bottomland/floodplain,NA,Asteraceae,NA,NA
Boltonia_186,186,10-3-3,2011-2661-1,12A,1180064,United States,Illinois,Tazewell,40.69584983597212,-89.54394792156027,40.69584983597212, -89.54394792156027,NA,"Cooper park South, Maternal lines = 43, Seedheads = 73; 4 packets",3/1/24,3/8/24,4/12/24,NA,NA,0,7.1,13.3,17.6,1.8,2.1,2.2,NA,NA,NA,NA,NA,NA,NA,NA,NA,NA,NA,NA,NA,NA,NA,NA,NA,NA,NA,NA,NA,NA,NA,NA,NA,NA,NA,NA,NA,NA,NA,NA,NA,NA,NA,NA,NA,NA,NA,NA,NA,NA,NA,NA,NA,NA,NA,NA,NA,NA,NA,NA,NA,NA,NA,NA,NA,NA,NA,NA,NA,NA,NA,NA,NA,NA,NA,NA,NA,NA,NA,NA,NA,NA,NA,NA,NA,NA,NA,NA,NA,NA,NA,NA,NA,NA,NA,NA,NA,NA,NA,NA,NA,NA,NA,NA,NA,NA,NA,NA,NA,NA,NA,NA,0,0,NA,NA,NA,NA,NA,NA,NA,10,11,13,NA,NA,NA,NA,NA,NA,NA,NA,NA,NA,NA,NA,NA,NA,NA,NA,NA,NA,NA,NA,NA,NA,NA,NA,NA,NA,NA,NA,NA,NA,NA,NA,NA,NA,NA,NA,NA,NA,1,1,1,1,1,1,1,1,1,1,1,1,3,0,0,0,0,0,0,0,0,0,0,0,0,0,0,0,0,2000-5136-2,186,NA,NA,NA,NA,NA,NA,NA,NA,NA,NA,NA,NA,NA,NA,NA,NA,Y,Y,Y,Y,Y,Y,Y,Y,Y,Y,Y,Y,Y,Y,Y,Y,Y,Y,Y,Boltonia decurrens,MBG Seed Bank,CCSD Seed Bank Freezer,NA,2023-12-01T00:00:00Z,Dormant,6976,Seed,Missouri Botanical Garden,Wild,Shaw Nature Reserve,NA,Project specific use only,2011-12-01T00:00:00Z,73,Smith,s.n.,01 Oct 2000,NA,NA,NA,NA,Open bottomland/floodplain,NA,Asteraceae,NA,NA
Boltonia_187,187,4-1-4,2011-2675-1,16A,1180078,United States,Illinois,Schuyler,40.0672223,-90.4275,40.07010712467176, -90.42899627731745,NA,"Frederick Borrow Pit, Maternal lines = 30, Seedheads = 90; 3 packets",2/29/24,3/6/24,4/12/24,NA,NA,0,14.7,23,25.6,2.1,2.5,2.4,NA,NA,NA,NA,NA,NA,Twisted stem,NA,NA,NA,NA,NA,NA,NA,NA,NA,NA,NA,0,0,0,0,0,0,0,0,0,0,0,0,0,0,0,0,0,0,0,NA,NA,NA,NA,NA,NA,NA,NA,NA,NA,NA,NA,NA,NA,NA,NA,NA,NA,0,0,0,0,0,0,0,0,0,0,0,0,0,0,0,5,16,41,57,84,NA,NA,NA,NA,NA,NA,NA,NA,NA,NA,NA,NA,NA,NA,NA,NA,NA,NA,0,0,0,0,0,0,0,0,0,0,NA,0,0,NA,NA,NA,0,0,0,0,9,12,14,NA,NA,NA,NA,NA,NA,NA,NA,NA,NA,NA,NA,NA,NA,NA,NA,NA,NA,0,0,0,0,0,0,0,0,0,0,0,0,0,0,4,26,15,16,5,4,1,1,1,1,1,1,1,1,0,0,0,0,0,0,0,0,0,0,0,0,0,1,1,1,1,1,1,1,1,1999-5403-3,187,NA,NA,NA,NA,NA,NA,NA,NA,2,30.3,47.9,90.9,121.1,128,126.7,127.4,Y,Y,Y,Y,Y,Y,Y,Y,Y,Y,Y,Y,Y,Y,Y,Y,Y,Y,Y,Boltonia decurrens,MBG Seed Bank,CCSD Seed Bank Freezer,NA,2023-12-01T00:00:00Z,Dormant,8728,Seed,Missouri Botanical Garden,Wild,Shaw Nature Reserve,NA,Project specific use only,2011-12-01T00:00:00Z,90,Smith,s.n.,07 Oct 1999,NA,NA,NA,NA,Open bottomland/floodplain,NA,Asteraceae,NA,NA
Boltonia_188,188,2-2-3,2011-2675-1,3C,1180078,United States,Illinois,Schuyler,40.0672223,-90.4275,40.07010712467176, -90.42899627731745,NA,"Frederick Borrow Pit, Maternal lines = 30, Seedheads = 90; 3 packets",2/29/24,3/7/24,4/12/24,NA,0,0,12.6,18.3,18,1.9,2,2,NA,NA,NA,NA,NA,NA,NA,NA,NA,NA,NA,NA,NA,One lateral stem broken,NA,NA,NA,NA,0,4,0,0,2,1,5,5,20,23,29,28,31,30,36,37,37,55,58,NA,0,0,0,0,0,0,0,0,0,0,0,0,1,1,3,4,5,6,8,5,11,14,15,19,19,24,7,12,10,21,23,27,31,61,78,107,59,NA,0,0,0,1,3,4,4,7,9,1,8,8,4,8,12,10,16,15,15,17,22,18,14,24,16,17,16,NA,0,5,5,5,5,6,7,10,8,10,13,18,NA,0,0,0,0,0,0,0,0,0,4,1,1,3,5,5,5,6,3,9,7,6,5,8,8,5,9,7,7,8,5,9,16,15,26,18,4,0,1,0,0,0,0,0,0,0,0,0,1,1,1,0,1,1,1,1,1,1,1,1,1,1,1,1,1,1,1,1999-5390-2,188,NA,6.5,20.5,41.3,61.3,68.5,70.9,76.5,70.2,69.8,79,76,73.9,73.8,73.8,73.8,Y,Y,Y,Y,Y,Y,Y,Y,Y,Y,Y,Y,Y,Y,Y,Y,Y,Y,Y,Boltonia decurrens,MBG Seed Bank,CCSD Seed Bank Freezer,NA,2023-12-01T00:00:00Z,Dormant,8728,Seed,Missouri Botanical Garden,Wild,Shaw Nature Reserve,NA,Project specific use only,2011-12-01T00:00:00Z,90,Smith,s.n.,07 Oct 1999,NA,NA,NA,NA,Open bottomland/floodplain,NA,Asteraceae,NA,NA
Boltonia_189,189,8-3-9,2011-2666-1,3B,1180069,United States,Illinois,Fulton,40.4925,-89.9022222,40.46699902833787, -89.9485498557629,NA,"Rice Lake, Maternal lines = 30, Seedheads = 90; 3 packets",2/29/24,3/7/24,4/12/24,NA,NA,0,11.6,23,23.5,1.5,2.3,2.3,NA,NA,NA,NA,NA,NA,NA,NA,NA,NA,NA,NA,NA,NA,NA,NA,NA,NA,0,NA,0,0,0,0,0,0,0,0,0,0,0,0,0,0,0,0,9,NA,NA,NA,NA,NA,NA,NA,NA,NA,NA,NA,NA,NA,NA,NA,NA,NA,0,0,0,NA,0,0,0,0,0,0,0,0,0,0,0,1,4,14,58,90,124,NA,NA,NA,NA,NA,NA,NA,NA,NA,NA,NA,NA,NA,NA,NA,NA,NA,0,0,0,NA,0,0,0,0,0,0,0,NA,0,0,NA,NA,0,NA,0,0,8,13,16,19,NA,NA,NA,NA,NA,NA,NA,NA,NA,NA,NA,NA,NA,NA,NA,NA,NA,0,0,0,NA,0,0,0,0,0,0,0,0,0,0,1,4,28,24,22,11,2,1,1,1,1,1,1,1,1,1,0,0,0,0,0,0,0,0,0,0,0,1,0,1,1,1,1,1,1,1,1999-5002-4,189,NA,NA,NA,NA,NA,NA,NA,20,NA,44.7,56.3,94,107.5,109.4,107.5,108.5,Y,Y,Y,Y,Y,Y,Y,Y,Y,Y,Y,Y,Y,Y,Y,Y,Y,Y,Y,Boltonia decurrens,MBG Seed Bank,CCSD Seed Bank Freezer,NA,2023-12-01T00:00:00Z,Dormant,8574,Seed,Missouri Botanical Garden,Wild,Shaw Nature Reserve,NA,Project specific use only,2011-12-01T00:00:00Z,90,Smith,s.n.,14 Oct 1999,NA,NA,NA,NA,Open bottomland/floodplain,NA,Asteraceae,NA,NA
Boltonia_190,190,8-2-5,2011-2598-1,L12A,1180001,United States,Illinois,Jersey,38.961398423802066,-90.51481032460987,38.961398423802066, -90.51481032460987,NA,"Gilbert Lake, Maternal lines = 32, Seedheads = 98; 6 packets",2/29/24,3/8/24,4/12/24,N,Y,2,12.6,14.7,13.6,2.4,2.5,1.9,NA,NA,NA,NA,3 of 5 discs senesced,NA,NA,NA,NA,NA,NA,NA,NA,NA,NA,NA,NA,NA,3,7,3,1,4,4,7,7,7,7,7,7,8,8,8,8,8,7,9,NA,0,0,0,0,0,0,1,2,3,3,3,3,4,5,5,6,7,8,4,0,4,6,3,3,0,0,0,0,0,0,1,1,1,1,1,1,0,NA,1,3,3,2,1,2,2,3,3,3,4,2,0,0,1,1,1,0,0,0,0,0,0,0,0,1,1,0,3,4,4,3,3,4,4,4,4,18,24,31,NA,0,0,0,1,2,3,2,1,1,1,0,2,2,2,2,1,1,0,0,0,0,0,0,0,0,0,0,0,0,0,0,0,0,0,0,0,0,0,1,1,1,1,1,1,1,1,0,1,1,1,1,1,1,1,1,1,1,1,1,1,1,1,1,1,1,1,1997-5113-3,190,7.4,20.1,36.6,44.6,46.1,45.6,46.4,46.3,45.5,45.3,45.1,45.8,46.3,46,46,46,Y,Y,Y,Y,Y,Y,Y,Y,Y,Y,Y,Y,Y,Y,Y,Y,Y,Y,Y,Boltonia decurrens,MBG Seed Bank,CCSD Seed Bank Freezer,NA,2023-12-01T00:00:00Z,Dormant,9628,Seed,Missouri Botanical Garden,Wild,Shaw Nature Reserve,NA,Project specific use only,2011-12-01T00:00:00Z,98,Smith,s.n.,08 Nov 1997,NA,NA,NA,NA,Open bottomland/floodplain,NA,Asteraceae,NA,NA
Boltonia_191,191,7-3-9,2011-2629-1,11B,1180032,United States,Illinois,Marshal,41.045,-89.4311111,41.02868892611459, -89.43846248262098,NA,"Sparland, Maternal lines = 30, Seedheads = 90; 3 packets",2/29/24,3/14/24,4/12/24,NA,NA,0,8,12.1,14.7,1.3,1.4,1.6,NA,NA,NA,NA,NA,NA,NA,NA,NA,NA,NA,NA,NA,NA,NA,NA,NA,NA,NA,NA,NA,NA,NA,NA,NA,NA,NA,NA,NA,NA,NA,NA,NA,NA,NA,NA,NA,NA,NA,NA,NA,NA,NA,NA,NA,NA,NA,NA,NA,NA,NA,NA,NA,NA,NA,NA,NA,NA,NA,NA,NA,NA,NA,NA,NA,NA,NA,NA,NA,NA,NA,NA,NA,NA,NA,NA,NA,NA,NA,NA,NA,NA,NA,NA,NA,NA,NA,NA,NA,NA,NA,NA,NA,NA,NA,NA,NA,NA,NA,NA,NA,NA,NA,NA,0,0,NA,NA,NA,NA,NA,NA,NA,13,16,18,NA,NA,NA,NA,NA,NA,NA,NA,NA,NA,NA,NA,NA,NA,NA,NA,NA,NA,NA,NA,NA,NA,NA,NA,NA,NA,NA,NA,NA,NA,NA,NA,NA,NA,NA,NA,NA,NA,1,1,1,1,1,1,1,1,1,1,2,2,4,0,0,0,0,0,0,0,0,0,0,0,0,0,0,0,0,1999-5160-2,191,NA,NA,NA,NA,NA,NA,NA,NA,NA,NA,NA,NA,NA,NA,NA,NA,Y,Y,Y,Y,Y,Y,Y,Y,Y,Y,Y,Y,Y,Y,Y,Y,Y,Y,Y,Boltonia decurrens,MBG Seed Bank,CCSD Seed Bank Freezer,NA,2023-12-01T00:00:00Z,Dormant,8786,Seed,Missouri Botanical Garden,Wild,Shaw Nature Reserve,NA,Project specific use only,2011-12-01T00:00:00Z,90,Smith,s.n.,11 Nov 1999,NA,NA,NA,NA,Open bottomland/floodplain,NA,Asteraceae,NA,NA
Boltonia_192,192,3-3-11,2011-2638-1,6A,1180041,United States,Illinois,Scott,39.7852777,-90.5902777,39.786569766256626, -90.58910563509704,Smith Lake,NA,2/29/24,3/6/24,4/12/24,NA,NA,0,5.8,9.9,16.4,1.2,1.7,1.6,NA,NA,NA,NA,NA,NA,NA,NA,NA,NA,NA,NA,NA,NA,NA,NA,NA,NA,NA,NA,NA,NA,NA,NA,NA,NA,NA,NA,NA,NA,NA,NA,NA,NA,NA,NA,NA,NA,NA,NA,NA,NA,NA,NA,NA,NA,NA,NA,NA,NA,NA,NA,NA,NA,NA,NA,NA,NA,NA,NA,NA,NA,NA,NA,NA,NA,NA,NA,NA,NA,NA,NA,NA,NA,NA,NA,NA,NA,NA,NA,NA,NA,NA,NA,NA,NA,NA,NA,NA,NA,NA,NA,NA,NA,NA,NA,NA,NA,NA,NA,NA,NA,NA,NA,0,0,NA,NA,NA,NA,NA,NA,NA,7,8,11,NA,NA,NA,NA,NA,NA,NA,NA,NA,NA,NA,NA,NA,NA,NA,NA,NA,NA,NA,NA,NA,NA,NA,NA,NA,NA,NA,NA,NA,NA,NA,NA,NA,NA,NA,NA,NA,NA,1,1,1,1,1,1,1,1,1,2,2,2,2,0,0,0,0,0,0,0,0,0,0,0,0,0,0,0,0,1998-5182-3,192,NA,NA,NA,NA,NA,NA,NA,NA,NA,NA,NA,NA,NA,NA,NA,NA,Y,Y,Y,Y,Y,Y,Y,Y,Y,Y,Y,Y,Y,Y,Y,Y,Y,Y,Y,Boltonia decurrens,MBG Seed Bank,CCSD Seed Bank Freezer,NA,2023-12-01T00:00:00Z,Dormant,7818,Seed,Missouri Botanical Garden,Wild,Shaw Nature Reserve,US-1-MO-2011-2638,Project specific use only,2011-12-01T00:00:00Z,81,Smith,s.n.,11 Nov 1998,Maternal Lines,NA,NA,NA,Open bottomland/floodplain,NA,Asteraceae,NA,NA
Boltonia_193,193,6-1-7,2011-2664-1,16,1180067,United States,Illinois,Fulton,40.2047222,-90.1994444,40.207444479612775, -90.1871999885973,NA,"Anderson Lake, Maternal lines = 31, Seedheads = 31",2/29/24,3/7/24,4/12/24,NA,NA,1,13.7,18.2,18.4,1.5,2,1.6,NA,NA,NA,NA,NA,NA,NA,NA,NA,NA,NA,NA,NA,NA,NA,NA,NA,NA,NA,NA,NA,NA,NA,NA,NA,NA,NA,NA,NA,NA,NA,NA,NA,NA,NA,NA,NA,NA,NA,NA,NA,NA,NA,NA,NA,NA,NA,NA,NA,NA,NA,NA,NA,NA,NA,NA,NA,NA,NA,NA,NA,NA,NA,NA,NA,NA,NA,NA,NA,NA,NA,NA,NA,NA,NA,NA,NA,NA,NA,NA,NA,NA,NA,NA,NA,NA,NA,NA,NA,NA,NA,NA,NA,NA,NA,NA,NA,NA,NA,NA,NA,NA,NA,NA,0,0,NA,NA,NA,NA,NA,NA,NA,16,19,23,NA,NA,NA,NA,NA,NA,NA,NA,NA,NA,NA,NA,NA,NA,NA,NA,NA,NA,NA,NA,NA,NA,NA,NA,NA,NA,NA,NA,NA,NA,NA,NA,NA,NA,NA,NA,NA,NA,2,1,2,1,2,1,2,1,2,3,3,3,3,0,0,0,0,0,0,0,0,0,0,0,0,0,0,0,0,1997-5418-2,193,NA,NA,NA,NA,NA,NA,NA,NA,NA,NA,NA,NA,NA,NA,NA,NA,Y,Y,Y,Y,Y,Y,Y,Y,Y,Y,Y,Y,Y,Y,Y,Y,Y,Y,Y,Boltonia decurrens,MBG Seed Bank,CCSD Seed Bank Freezer,NA,2023-12-01T00:00:00Z,Dormant,2875,Seed,Missouri Botanical Garden,Wild,Shaw Nature Reserve,NA,Project specific use only,2011-12-01T00:00:00Z,31,Smith,s.n.,21 Nov 1997,NA,NA,NA,NA,Open bottomland/floodplain,NA,Asteraceae,NA,NA
Boltonia_194,194,2-3-4,2011-2636-1,30,1180039,United States,Illinois,Cass,40.010555600000004,-90.4458333,40.0178975293398, -90.42445029519197,NA,"Beardstown, Maternal lines = 52, Seedheads = 53; 3 packets",2/29/24,3/7/24,4/12/24,NA,NA,0,11.6,16,17.6,2,2.2,2.4,NA,NA,NA,NA,NA,NA,NA,NA,NA,NA,NA,NA,NA,NA,NA,NA,NA,NA,NA,NA,NA,NA,NA,NA,NA,NA,NA,NA,NA,NA,NA,NA,NA,NA,NA,NA,NA,NA,NA,NA,NA,NA,NA,NA,NA,NA,NA,NA,NA,NA,NA,NA,NA,NA,NA,NA,NA,NA,NA,NA,NA,NA,NA,NA,NA,NA,NA,NA,NA,NA,NA,NA,NA,NA,NA,NA,NA,NA,NA,NA,NA,NA,NA,NA,NA,NA,NA,NA,NA,NA,NA,NA,NA,NA,NA,NA,NA,NA,NA,NA,NA,NA,NA,NA,0,0,NA,NA,NA,NA,NA,NA,NA,15,17,19,NA,NA,NA,NA,NA,NA,NA,NA,NA,NA,NA,NA,NA,NA,NA,NA,NA,NA,NA,NA,NA,NA,NA,NA,NA,NA,NA,NA,NA,NA,NA,NA,NA,NA,NA,NA,NA,NA,1,1,1,1,1,1,1,1,1,1,1,2,2,0,0,0,0,0,0,0,0,0,0,0,0,0,0,0,0,1997-5370-2,194,NA,NA,NA,NA,NA,NA,NA,NA,NA,NA,NA,NA,NA,NA,NA,NA,Y,Y,Y,Y,Y,Y,Y,Y,Y,Y,Y,Y,Y,Y,Y,Y,Y,Y,Y,Boltonia decurrens,MBG Seed Bank,CCSD Seed Bank Freezer,NA,2023-12-01T00:00:00Z,Dormant,5079,Seed,Missouri Botanical Garden,Wild,Shaw Nature Reserve,NA,Project specific use only,2011-12-01T00:00:00Z,53,Smith,s.n.,21 Nov 1997,NA,NA,NA,NA,Open bottomland/floodplain,NA,Asteraceae,NA,NA
Boltonia_195,195,6-1-10,2011-2629-1,7C,1180032,United States,Illinois,Marshal,41.045,-89.4311111,41.02868892611459, -89.43846248262098,NA,"Sparland, Maternal lines = 30, Seedheads = 90; 3 packets",2/29/24,3/7/24,4/12/24,N,0,6,14.9,15.9,15.6,2.4,2.5,2.2,NA,NA,NA,NA,3 of 8 discs senesced,NA,NA,NA,NA,NA,NA,NA,NA,NA,One lateral branch was broken and removed,NA,NA,NA,7,11,9,8,10,10,9,10,8,16,14,14,15,15,27,18,15,16,19,NA,0,0,0,0,0,0,0,1,1,2,4,4,6,8,10,9,9,13,6,2,5,8,4,4,5,6,7,1,3,11,14,20,5,20,6,6,3,NA,1,2,1,3,2,5,5,6,8,5,6,6,2,3,5,2,2,2,4,5,8,8,8,9,6,10,7,0,4,4,5,6,5,7,7,6,7,19,29,35,NA,0,0,0,0,1,1,2,3,3,3,1,3,4,2,0,4,4,0,1,1,0,0,0,3,2,2,3,2,2,2,5,0,1,6,1,0,0,0,0,0,0,0,0,0,0,0,0,0,0,0,1,1,1,2,1,1,1,1,1,2,2,1,2,1,2,2,1999-5156-4,195,3.2,12.2,24.4,38.3,42.2,42.1,50.3,42.5,41.7,42.1,42,42.2,44.9,43.3,43.3,43.3,Y,Y,Y,Y,Y,Y,Y,Y,Y,Y,Y,Y,Y,Y,Y,Y,Y,Y,Y,Boltonia decurrens,MBG Seed Bank,CCSD Seed Bank Freezer,NA,2023-12-01T00:00:00Z,Dormant,8786,Seed,Missouri Botanical Garden,Wild,Shaw Nature Reserve,NA,Project specific use only,2011-12-01T00:00:00Z,90,Smith,s.n.,11 Nov 1999,NA,NA,NA,NA,Open bottomland/floodplain,NA,Asteraceae,NA,NA
Boltonia_196,196,10-1-5,2011-2599-1,19,1180002,United States,Illinois,Saint Clair,38.6494444,-90.1161111,38.651507278988504, -90.10298738781107,NA,"Fairmont City, Maternal lines = 28, Seedheads = 28; 2 packets",3/1/24,3/10/24,4/12/24,NA,NA,0,9.4,14.2,17.2,2.1,2.5,2.4,NA,NA,NA,NA,NA,NA,NA,NA,NA,NA,NA,NA,NA,NA,NA,NA,NA,NA,NA,NA,NA,NA,NA,NA,NA,NA,NA,NA,NA,NA,NA,NA,NA,NA,NA,NA,NA,NA,NA,NA,NA,NA,NA,NA,NA,NA,NA,NA,NA,NA,NA,NA,NA,NA,NA,NA,NA,NA,NA,NA,NA,NA,NA,NA,NA,NA,NA,NA,NA,NA,NA,NA,NA,NA,NA,NA,NA,NA,NA,NA,NA,NA,NA,NA,NA,NA,NA,NA,NA,NA,NA,NA,NA,NA,NA,NA,NA,NA,NA,NA,NA,NA,NA,NA,0,0,NA,NA,NA,NA,NA,NA,NA,10,14,15,NA,NA,NA,NA,NA,NA,NA,NA,NA,NA,NA,NA,NA,NA,NA,NA,NA,NA,NA,NA,NA,NA,NA,NA,NA,NA,NA,NA,NA,NA,NA,NA,NA,NA,NA,NA,NA,NA,1,1,1,1,1,1,1,1,1,2,2,2,3,0,0,0,0,0,0,0,0,0,0,0,0,0,0,0,0,1997-5076-2,196,NA,NA,NA,NA,NA,NA,NA,NA,NA,NA,NA,NA,NA,NA,NA,NA,Y,Y,Y,Y,Y,Y,Y,Y,Y,Y,Y,Y,Y,Y,Y,Y,Y,Y,Y,Boltonia decurrens,MBG Seed Bank,CCSD Seed Bank Freezer,NA,2023-12-01T00:00:00Z,Dormant,2632,Seed,Missouri Botanical Garden,Wild,Shaw Nature Reserve,NA,Project specific use only,2011-12-01T00:00:00Z,28,Smith,s.n.,05 Dec 1997,NA,NA,NA,NA,Open bottomland/floodplain,NA,Asteraceae,NA,NA
Boltonia_197,197,5-3-10,2011-2659-1,5A,1180062,United States,Illinois,Frederick,40.07116308939078,-90.42957195888599,40.07116308939078, -90.42957195888599,NA,"Frederick Landing, Maternal lines = 15, Seedheads = 44; 2 packets",2/29/24,3/7/24,4/12/24,N,NA,0,15,24,25,1.9,2.3,2.4,NA,NA,NA,NA,NA,NA,NA,NA,NA,NA,NA,NA,NA,NA,NA,NA,NA,NA,NA,NA,NA,NA,NA,NA,NA,NA,NA,NA,NA,NA,NA,NA,NA,NA,NA,NA,NA,NA,NA,NA,NA,NA,NA,NA,NA,NA,NA,NA,NA,NA,NA,NA,NA,NA,NA,NA,NA,NA,NA,NA,NA,NA,NA,NA,NA,NA,NA,NA,NA,NA,NA,NA,NA,NA,NA,NA,NA,NA,NA,NA,NA,NA,NA,NA,NA,NA,NA,NA,NA,NA,NA,NA,NA,NA,NA,NA,NA,NA,NA,NA,NA,NA,NA,0,0,0,NA,NA,NA,NA,NA,NA,NA,13,15,17,NA,NA,NA,NA,NA,NA,NA,NA,NA,NA,NA,NA,NA,NA,NA,NA,NA,NA,NA,NA,NA,NA,NA,NA,NA,NA,NA,NA,NA,NA,NA,NA,NA,NA,NA,NA,NA,NA,0,1,1,1,1,1,1,1,1,2,2,2,3,1,0,0,0,0,0,0,0,0,0,0,0,0,0,0,0,2011-5004-4,197,1.1,NA,NA,NA,NA,NA,NA,NA,NA,NA,NA,NA,NA,NA,NA,NA,Y,Y,Y,Y,Y,Y,Y,Y,Y,Y,Y,Y,Y,Y,Y,Y,Y,Y,Y,Boltonia decurrens,MBG Seed Bank,CCSD Seed Bank Freezer,NA,2023-12-01T00:00:00Z,Dormant,4101,Seed,Missouri Botanical Garden,Wild,Shaw Nature Reserve,US-1-MO-2011-2659,Project specific use only,2011-12-01T00:00:00Z,44,Smith,s.n.,01 Dec 2011,NA,NA,NA,NA,Open bottomland/floodplain,NA,Asteraceae,NA,NA
Boltonia_198,198,7-4-2,2011-2620-1,15B,1180023,United States,Illinois,Morgan,39.8672223,-90.5533333,39.87546015928839, -90.55308508241013,NA,"Meredosia Lake, Maternal lines = 30, Seedheads = 90; 5 packets",2/29/24,3/9/24,4/12/24,NA,NA,0,11.6,19.1,24.1,2,1.9,1.9,NA,NA,Twisted Tea stem,Curled stem,NA,NA,Twisted stem,NA,NA,NA,NA,NA,NA,NA,NA,NA,NA,NA,0,0,0,0,0,0,0,0,0,0,0,0,0,0,4,5,6,9,15,NA,NA,NA,NA,NA,0,0,0,0,0,NA,0,0,0,NA,NA,NA,NA,0,0,0,0,0,0,0,0,0,0,0,0,1,3,10,17,46,67,131,133,NA,NA,NA,NA,NA,0,0,0,0,0,NA,0,0,0,NA,NA,NA,NA,0,0,0,0,0,0,0,0,3,3,NA,0,0,0,NA,NA,0,0,0,7,8,10,12,NA,NA,NA,NA,NA,0,0,0,0,0,NA,0,0,0,NA,NA,NA,NA,0,0,0,0,0,0,0,0,0,0,0,0,4,4,13,25,20,15,10,0,1,1,1,0,0,0,1,1,0,0,0,0,0,0,0,0,1,1,1,0,0,1,1,1,1,1,2,2,1,1999-5102-2,198,NA,NA,NA,1,2,1.6,NA,NA,9.3,19.7,41.6,72.5,72.6,73.1,72.9,72.9,Y,Y,Y,Y,Y,Y,Y,Y,Y,Y,Y,Y,Y,Y,Y,Y,Y,Y,Y,Boltonia decurrens,MBG Seed Bank,CCSD Seed Bank Freezer,NA,2023-12-01T00:00:00Z,Dormant,8756,Seed,Missouri Botanical Garden,Wild,Shaw Nature Reserve,NA,Project specific use only,2011-12-01T00:00:00Z,90,Smith,s.n.,07 Oct 1999,NA,NA,NA,NA,Open bottomland/floodplain,NA,Asteraceae,NA,NA
Boltonia_199,199,8-5-3,2011-2636-1,1,1180039,United States,Illinois,Cass,40.010555600000004,-90.4458333,40.0178975293398, -90.42445029519197,NA,"Beardstown, Maternal lines = 52, Seedheads = 53; 3 packets",2/29/24,3/8/24,4/12/24,NA,0,0,13.4,20,19.9,2.1,2,2,NA,NA,NA,NA,NA,NA,NA,NA,NA,NA,NA,NA,NA,NA,NA,NA,NA,NA,0,0,0,0,0,0,0,0,0,0,0,0,0,0,0,0,0,2,0,NA,0,0,0,0,0,0,0,0,0,0,0,0,0,0,0,0,0,0,0,0,0,0,0,0,0,0,0,0,0,0,0,2,2,3,37,100,153,NA,0,0,0,0,0,0,0,0,0,0,0,0,0,0,0,0,0,0,1,3,4,2,2,2,2,4,3,NA,0,0,0,0,2,6,7,7,10,8,11,13,NA,0,0,0,0,0,0,0,0,0,0,0,0,0,0,0,0,0,0,0,0,0,0,0,0,0,0,0,0,0,0,1,1,0,19,34,21,0,1,0,0,0,0,0,0,0,0,0,0,2,1,0,1,1,1,1,1,1,1,1,1,1,1,1,4,3,1,1997-5320-2,199,NA,3.5,13.3,24.5,37.3,58.6,64.4,74.7,83.7,89,90.2,91.6,90.4,91.2,90.2,90.7,Y,Y,Y,Y,Y,Y,Y,Y,Y,Y,Y,Y,Y,Y,Y,Y,Y,Y,Y,Boltonia decurrens,MBG Seed Bank,CCSD Seed Bank Freezer,NA,2023-12-01T00:00:00Z,Dormant,5079,Seed,Missouri Botanical Garden,Wild,Shaw Nature Reserve,NA,Project specific use only,2011-12-01T00:00:00Z,53,Smith,s.n.,21 Nov 1997,NA,NA,NA,NA,Open bottomland/floodplain,NA,Asteraceae,NA,NA
Boltonia_200,200,8-1-5,2011-2620-1,30B,1180023,United States,Illinois,Morgan,39.8672223,-90.5533333,39.87546015928839, -90.55308508241013,NA,"Meredosia Lake, Maternal lines = 30, Seedheads = 90; 5 packets",2/29/24,3/9/24,4/12/24,NA,0,0,15.4,23.3,25.2,1.6,1.7,1.5,NA,NA,NA,NA,NA,NA,NA,NA,NA,NA,NA,NA,NA,NA,NA,NA,NA,NA,0,0,9,0,0,0,0,0,0,12,15,15,17,18,49,45,51,50,55,NA,0,0,0,0,0,0,0,0,0,0,0,0,0,0,0,0,0,1,1,2,3,5,5,10,12,16,18,9,9,20,21,44,17,42,60,66,60,NA,0,0,0,0,0,0,0,2,3,1,5,5,4,4,8,9,11,10,13,16,21,21,16,10,15,18,17,NA,0,0,5,5,8,7,8,9,9,10,12,18,NA,0,0,0,0,0,0,0,0,0,0,0,0,0,1,1,1,5,0,4,3,3,1,5,12,4,10,5,8,8,13,11,17,18,16,3,3,0,1,0,0,0,0,0,0,0,0,0,0,0,0,0,1,1,1,1,1,1,1,1,1,1,1,1,1,1,1,1999-5117-2,200,NA,2.2,10.9,23.6,38.8,57.8,66.2,67.6,67.4,66.7,66.9,67.2,66.8,67,67,67,Y,Y,Y,Y,Y,Y,Y,Y,Y,Y,Y,Y,Y,Y,Y,Y,Y,Y,Y,Boltonia decurrens,MBG Seed Bank,CCSD Seed Bank Freezer,NA,2023-12-01T00:00:00Z,Dormant,8756,Seed,Missouri Botanical Garden,Wild,Shaw Nature Reserve,NA,Project specific use only,2011-12-01T00:00:00Z,90,Smith,s.n.,07 Oct 1999,NA,NA,NA,NA,Open bottomland/floodplain,NA,Asteraceae,NA,NA
Boltonia_201,201,4-6-9,2011-2650-1,8B,1180053,United States,Illinois,Woodford,40.8852777,-89.4583333,40.84668797480775, -89.0297386240063,NA,"Woodford County, Maternal lines = 30, Seedheads = 90; 6 packets",2/29/24,3/7/24,4/12/24,NA,NA,0,12.2,18.4,19.7,1.8,2.2,2.4,NA,NA,Stem growing sideways,NA,NA,NA,NA,NA,NA,NA,NA,NA,NA,NA,NA,NA,NA,NA,0,0,0,0,0,0,0,0,0,0,0,0,0,0,6,7,8,6,12,NA,NA,NA,NA,NA,0,0,0,0,0,NA,0,0,0,0,0,0,0,0,0,0,0,0,0,0,0,0,0,0,0,0,2,10,17,91,113,137,149,NA,NA,NA,NA,NA,0,0,0,0,0,NA,0,0,0,0,0,0,0,0,0,0,0,0,0,0,0,1,1,NA,0,0,0,0,0,0,0,0,16,10,13,16,NA,NA,NA,NA,NA,0,0,0,0,0,NA,0,0,0,0,0,0,0,0,0,0,0,0,0,0,0,0,0,0,0,3,2,22,47,26,12,1,0,1,1,1,0,0,0,0,0,0,0,0,0,0,0,0,0,1,1,1,1,1,1,1,1,1,1,1,1,1,1999-5364-2,201,NA,NA,NA,0.6,5,13.3,26.4,36,43.2,61.5,81.1,109.9,110.2,112.1,111.2,111.2,Y,Y,Y,Y,Y,Y,Y,Y,Y,Y,Y,Y,Y,Y,Y,Y,Y,Y,Y,Boltonia decurrens,MBG Seed Bank,CCSD Seed Bank Freezer,NA,2023-12-01T00:00:00Z,Dormant,8743,Seed,Missouri Botanical Garden,Wild,Shaw Nature Reserve,US-1-MO-2011-2650,Project specific use only,2011-12-01T00:00:00Z,90,Smith,s.n.,11 Nov 1999,NA,NA,NA,NA,Open bottomland/floodplain,NA,Asteraceae,NA,NA
Boltonia_202,202,6-1-4,2011-2666-1,7B,1180069,United States,Illinois,Fulton,40.4925,-89.9022222,40.46699902833787, -89.9485498557629,NA,"Rice Lake, Maternal lines = 30, Seedheads = 90; 3 packets",2/29/24,3/6/24,4/12/24,N,0,3,10.7,12.5,16.9,2.2,2.1,2.3,NA,NA,NA,NA,NA,NA,NA,NA,NA,NA,NA,NA,NA,NA,NA,NA,NA,NA,2,5,2,1,4,3,5,5,5,8,8,8,7,7,10,10,10,9,11,NA,0,0,0,0,0,0,0,1,1,2,2,3,4,4,5,6,6,7,5,1,5,6,3,4,2,3,3,0,0,2,3,5,3,8,13,23,24,NA,1,1,1,2,3,2,3,2,2,2,3,2,1,2,0,1,2,0,1,3,3,3,4,5,2,5,4,0,6,6,5,3,5,14,8,9,11,20,37,50,NA,0,0,0,0,0,1,2,2,2,2,2,1,2,1,2,1,1,0,0,0,0,0,0,1,1,0,0,2,2,0,0,2,2,4,12,3,0,2,2,2,2,2,1,1,2,3,2,3,3,3,1,1,1,1,1,1,1,1,1,2,2,1,2,1,2,2,1999-5006-3,202,2.3,9.4,19.1,29.6,33.6,32.7,33.8,33.7,33,32.4,33,33.2,33.7,33.2,33.2,33.2,Y,Y,Y,Y,Y,Y,Y,Y,Y,Y,Y,Y,Y,Y,Y,Y,Y,Y,Y,Boltonia decurrens,MBG Seed Bank,CCSD Seed Bank Freezer,NA,2023-12-01T00:00:00Z,Dormant,8574,Seed,Missouri Botanical Garden,Wild,Shaw Nature Reserve,NA,Project specific use only,2011-12-01T00:00:00Z,90,Smith,s.n.,14 Oct 1999,NA,NA,NA,NA,Open bottomland/floodplain,NA,Asteraceae,NA,NA
Boltonia_203,203,8-3-3,2011-2609-1,X1,1180012,United States,Illinois,Madison,38.6891666,-90.0972222,38.69652811427051, -90.08592610430901,NA,"Horseshoe Lake, Maternal lines = 30, Seedheads = 90; 3 packets",2/29/24,3/15/24,4/12/24,NA,NA,0,10.2,19.2,22.2,2.1,2.3,2.8,NA,NA,NA,NA,NA,NA,NA,NA,NA,NA,NA,NA,NA,NA,NA,NA,NA,NA,NA,NA,NA,NA,NA,NA,NA,NA,NA,NA,NA,NA,NA,NA,NA,NA,NA,NA,NA,NA,NA,NA,NA,NA,NA,NA,NA,NA,NA,NA,NA,NA,NA,NA,NA,NA,NA,NA,NA,NA,NA,NA,NA,NA,NA,NA,NA,NA,NA,NA,NA,NA,NA,NA,NA,NA,NA,NA,NA,NA,NA,NA,NA,NA,NA,NA,NA,NA,NA,NA,NA,NA,NA,NA,NA,NA,NA,NA,NA,NA,NA,NA,NA,NA,NA,NA,0,0,NA,NA,NA,NA,NA,NA,NA,12,15,19,NA,NA,NA,NA,NA,NA,NA,NA,NA,NA,NA,NA,NA,NA,NA,NA,NA,NA,NA,NA,NA,NA,NA,NA,NA,NA,NA,NA,NA,NA,NA,NA,NA,NA,NA,NA,NA,NA,1,1,1,1,1,1,1,1,1,1,1,1,1,0,0,0,0,0,0,0,0,0,0,0,0,0,0,0,0,2011-5036-3,203,NA,NA,NA,NA,NA,NA,NA,NA,NA,NA,NA,NA,NA,NA,NA,NA,Y,Y,Y,Y,Y,Y,Y,Y,Y,Y,Y,Y,Y,Y,Y,Y,Y,Y,Y,Boltonia decurrens,MBG Seed Bank,CCSD Seed Bank Freezer,NA,2023-12-01T00:00:00Z,Dormant,8688,Seed,Missouri Botanical Garden,Wild,Shaw Nature Reserve,NA,Project specific use only,2011-12-01T00:00:00Z,3,Smith,s.n.,01 Nov 2000,NA,NA,NA,NA,Open bottomland/floodplain,NA,Asteraceae,NA,NA
Boltonia_204,204,10-1-10,2011-2620-1,6A,1180023,United States,Illinois,Morgan,39.8672223,-90.5533333,39.87546015928839, -90.55308508241013,NA,"Meredosia Lake, Maternal lines = 30, Seedheads = 90; 5 packets",3/1/24,3/8/24,4/12/24,NA,NA,0,9.2,14.6,17.2,1.1,1.2,1.1,NA,NA,NA,NA,NA,NA,NA,NA,NA,NA,NA,NA,NA,NA,NA,NA,NA,NA,NA,NA,NA,NA,NA,NA,NA,NA,NA,NA,NA,NA,NA,NA,NA,NA,NA,NA,NA,NA,NA,NA,NA,NA,NA,NA,NA,NA,NA,NA,NA,NA,NA,NA,NA,NA,NA,NA,NA,NA,NA,NA,NA,NA,NA,NA,NA,NA,NA,NA,NA,NA,NA,NA,NA,NA,NA,NA,NA,NA,NA,NA,NA,NA,NA,NA,NA,NA,NA,NA,NA,NA,NA,NA,NA,NA,NA,NA,NA,NA,NA,NA,NA,NA,NA,NA,0,0,NA,NA,NA,NA,NA,NA,NA,10,12,14,NA,NA,NA,NA,NA,NA,NA,NA,NA,NA,NA,NA,NA,NA,NA,NA,NA,NA,NA,NA,NA,NA,NA,NA,NA,NA,NA,NA,NA,NA,NA,NA,NA,NA,NA,NA,NA,NA,1,1,1,1,1,1,1,1,1,1,1,2,4,0,0,0,0,0,0,0,0,0,0,0,0,0,0,0,0,1999-5093-2,204,NA,NA,NA,NA,NA,NA,NA,NA,NA,NA,NA,NA,NA,NA,NA,NA,Y,Y,Y,Y,Y,Y,Y,Y,Y,Y,Y,Y,Y,Y,Y,Y,Y,Y,Y,Boltonia decurrens,MBG Seed Bank,CCSD Seed Bank Freezer,NA,2023-12-01T00:00:00Z,Dormant,8756,Seed,Missouri Botanical Garden,Wild,Shaw Nature Reserve,NA,Project specific use only,2011-12-01T00:00:00Z,90,Smith,s.n.,07 Oct 1999,NA,NA,NA,NA,Open bottomland/floodplain,NA,Asteraceae,NA,NA
Boltonia_205,205,6-5-5,2011-2623-1,27B,1180026,United States,Illinois,Hennepin,41.34414603458205,-89.55849691836283,41.34414603458205, -89.55849691836283,NA,"Hennepin Bridge, Maternal lines = 30, Seedheads = 90; 6 packets",2/29/24,3/7/24,4/12/24,NA,NA,0,10.1,17.6,21.2,1.6,2,1.7,NA,NA,NA,NA,NA,NA,NA,NA,NA,NA,NA,NA,NA,NA,NA,NA,NA,NA,NA,NA,NA,NA,NA,NA,NA,NA,NA,NA,NA,NA,NA,NA,NA,NA,NA,NA,NA,NA,NA,NA,NA,NA,NA,NA,NA,NA,NA,NA,NA,NA,NA,NA,NA,NA,NA,NA,NA,NA,NA,NA,NA,NA,NA,NA,NA,NA,NA,NA,NA,NA,NA,NA,NA,NA,NA,NA,NA,NA,NA,NA,NA,NA,NA,NA,NA,NA,NA,NA,NA,NA,NA,NA,NA,NA,NA,NA,NA,NA,NA,NA,NA,NA,NA,NA,0,0,NA,NA,NA,NA,NA,NA,NA,14,22,24,NA,NA,NA,NA,NA,NA,NA,NA,NA,NA,NA,NA,NA,NA,NA,NA,NA,NA,NA,NA,NA,NA,NA,NA,NA,NA,NA,NA,NA,NA,NA,NA,NA,NA,NA,NA,NA,NA,1,1,1,1,1,1,1,1,1,1,2,3,3,0,0,0,0,0,0,0,0,0,0,0,0,0,0,0,0,1999-5145-3,205,NA,NA,NA,NA,NA,NA,NA,NA,NA,NA,NA,NA,NA,NA,NA,NA,Y,Y,Y,Y,Y,Y,Y,Y,Y,Y,Y,Y,Y,Y,Y,Y,Y,Y,Y,Boltonia decurrens,MBG Seed Bank,CCSD Seed Bank Freezer,NA,2023-12-01T00:00:00Z,Dormant,2883,Seed,Missouri Botanical Garden,Wild,Shaw Nature Reserve,NA,Project specific use only,2011-12-01T00:00:00Z,90,Smith,s.n.,11 Nov 1999,NA,NA,NA,NA,Open bottomland/floodplain,NA,Asteraceae,NA,NA
Boltonia_206,206,2-6-2,2011-2636-1,7,1180039,United States,Illinois,Cass,40.010555600000004,-90.4458333,40.0178975293398, -90.42445029519197,NA,"Beardstown, Maternal lines = 52, Seedheads = 53; 3 packets",2/29/24,3/7/24,4/12/24,NA,NA,0,11,14.7,17.6,2.9,2.6,2,NA,NA,NA,NA,NA,NA,NA,NA,NA,NA,NA,NA,NA,NA,NA,NA,NA,NA,NA,NA,NA,NA,NA,NA,NA,NA,NA,NA,NA,NA,NA,NA,NA,NA,NA,NA,NA,NA,NA,NA,NA,NA,NA,NA,NA,NA,NA,NA,NA,NA,NA,NA,NA,NA,NA,NA,NA,NA,NA,NA,NA,NA,NA,NA,NA,NA,NA,NA,NA,NA,NA,NA,NA,NA,NA,NA,NA,NA,NA,NA,NA,NA,NA,NA,NA,NA,NA,NA,NA,NA,NA,NA,NA,NA,NA,NA,NA,NA,NA,NA,NA,NA,NA,NA,0,0,NA,NA,NA,NA,NA,NA,NA,10,12,13,NA,NA,NA,NA,NA,NA,NA,NA,NA,NA,NA,NA,NA,NA,NA,NA,NA,NA,NA,NA,NA,NA,NA,NA,NA,NA,NA,NA,NA,NA,NA,NA,NA,NA,NA,NA,NA,NA,1,1,1,1,1,1,1,1,1,1,3,4,4,0,0,0,0,0,0,0,0,0,0,0,0,0,0,0,0,1997-5326-3,206,NA,NA,NA,NA,NA,NA,NA,NA,NA,NA,NA,NA,NA,NA,NA,NA,Y,Y,Y,Y,Y,Y,Y,Y,Y,Y,Y,Y,Y,Y,Y,Y,Y,Y,Y,Boltonia decurrens,MBG Seed Bank,CCSD Seed Bank Freezer,NA,2023-12-01T00:00:00Z,Dormant,5079,Seed,Missouri Botanical Garden,Wild,Shaw Nature Reserve,NA,Project specific use only,2011-12-01T00:00:00Z,53,Smith,s.n.,21 Nov 1997,NA,NA,NA,NA,Open bottomland/floodplain,NA,Asteraceae,NA,NA
Boltonia_207,207,4-2-4,2011-2666-1,6B,1180069,United States,Illinois,Fulton,40.4925,-89.9022222,40.46699902833787, -89.9485498557629,NA,"Rice Lake, Maternal lines = 30, Seedheads = 90; 3 packets",2/29/24,3/9/24,4/12/24,NA,NA,0,16.6,25.1,26.4,1.9,2,1.9,NA,NA,NA,NA,NA,NA,NA,NA,NA,NA,NA,NA,NA,NA,NA,NA,NA,NA,NA,NA,NA,NA,NA,NA,NA,NA,NA,NA,NA,NA,NA,NA,NA,NA,NA,NA,NA,NA,NA,NA,NA,NA,NA,NA,NA,NA,NA,NA,NA,NA,NA,NA,NA,NA,NA,NA,NA,NA,NA,NA,NA,NA,NA,NA,NA,NA,NA,NA,NA,NA,NA,NA,NA,NA,NA,NA,NA,NA,NA,NA,NA,NA,NA,NA,NA,NA,NA,NA,NA,NA,NA,NA,NA,NA,NA,NA,NA,NA,NA,NA,NA,NA,NA,NA,0,0,NA,NA,NA,NA,NA,NA,NA,13,17,19,NA,NA,NA,NA,NA,NA,NA,NA,NA,NA,NA,NA,NA,NA,NA,NA,NA,NA,NA,NA,NA,NA,NA,NA,NA,NA,NA,NA,NA,NA,NA,NA,NA,NA,NA,NA,NA,NA,1,1,1,1,1,1,1,1,1,1,1,1,2,0,0,0,0,0,0,0,0,0,0,0,0,0,0,0,0,1999-5005-3,207,NA,NA,NA,NA,NA,NA,NA,NA,NA,NA,NA,NA,NA,NA,NA,NA,Y,Y,Y,Y,Y,Y,Y,Y,Y,Y,Y,Y,Y,Y,Y,Y,Y,Y,Y,Boltonia decurrens,MBG Seed Bank,CCSD Seed Bank Freezer,NA,2023-12-01T00:00:00Z,Dormant,8574,Seed,Missouri Botanical Garden,Wild,Shaw Nature Reserve,NA,Project specific use only,2011-12-01T00:00:00Z,90,Smith,s.n.,14 Oct 1999,NA,NA,NA,NA,Open bottomland/floodplain,NA,Asteraceae,NA,NA
Boltonia_208,208,7-5-10,2011-2629-1,3B,1180032,United States,Illinois,Marshal,41.045,-89.4311111,41.02868892611459, -89.43846248262098,NA,"Sparland, Maternal lines = 30, Seedheads = 90; 3 packets",2/29/24,3/9/24,4/12/24,NA,NA,0,13.1,19.1,23,1.6,1.7,1.8,NA,NA,NA,NA,NA,NA,NA,NA,NA,NA,NA,NA,NA,NA,NA,NA,NA,NA,NA,NA,NA,NA,NA,NA,NA,NA,NA,NA,NA,NA,NA,NA,NA,NA,NA,NA,NA,NA,NA,NA,NA,NA,NA,NA,NA,NA,NA,NA,NA,NA,NA,NA,NA,NA,NA,NA,NA,NA,NA,NA,NA,NA,NA,NA,NA,NA,NA,NA,NA,NA,NA,NA,NA,NA,NA,NA,NA,NA,NA,NA,NA,NA,NA,NA,NA,NA,NA,NA,NA,NA,NA,NA,NA,NA,NA,NA,NA,NA,NA,NA,NA,NA,NA,NA,0,0,NA,NA,NA,NA,NA,NA,NA,11,15,17,NA,NA,NA,NA,NA,NA,NA,NA,NA,NA,NA,NA,NA,NA,NA,NA,NA,NA,NA,NA,NA,NA,NA,NA,NA,NA,NA,NA,NA,NA,NA,NA,NA,NA,NA,NA,NA,NA,1,1,1,1,1,1,1,1,1,1,2,3,4,0,0,0,0,0,0,0,0,0,0,0,0,0,0,0,0,1999-5152-3,208,NA,NA,NA,NA,NA,NA,NA,NA,NA,NA,NA,NA,NA,NA,NA,NA,Y,Y,Y,Y,Y,Y,Y,Y,Y,Y,Y,Y,Y,Y,Y,Y,Y,Y,Y,Boltonia decurrens,MBG Seed Bank,CCSD Seed Bank Freezer,NA,2023-12-01T00:00:00Z,Dormant,8786,Seed,Missouri Botanical Garden,Wild,Shaw Nature Reserve,NA,Project specific use only,2011-12-01T00:00:00Z,90,Smith,s.n.,11 Nov 1999,NA,NA,NA,NA,Open bottomland/floodplain,NA,Asteraceae,NA,NA
Boltonia_209,209,13-2-1,2011-2623-1,11A,1180026,United States,Illinois,Hennepin,41.34414603458205,-89.55849691836283,41.34414603458205, -89.55849691836283,NA,"Hennepin Bridge, Maternal lines = 30, Seedheads = 90; 6 packets",3/2/24,3/12/24,4/12/24,NA,NA,0,8.8,15.4,20.1,1.6,1.6,1.8,NA,NA,NA,NA,NA,NA,NA,NA,NA,NA,NA,NA,NA,NA,NA,NA,NA,SAM did not flower.,NA,NA,NA,NA,NA,NA,NA,NA,NA,NA,NA,0,0,0,0,0,0,0,10,NA,NA,NA,NA,NA,NA,NA,NA,NA,NA,NA,NA,NA,NA,NA,NA,NA,NA,NA,NA,NA,NA,NA,NA,NA,NA,NA,NA,NA,NA,0,0,0,0,0,31,85,75,NA,NA,NA,NA,NA,NA,NA,NA,NA,NA,NA,NA,NA,NA,NA,NA,NA,NA,NA,NA,NA,NA,NA,NA,NA,NA,NA,NA,NA,0,0,NA,NA,NA,NA,NA,NA,NA,9,12,15,NA,NA,NA,NA,NA,NA,NA,NA,NA,NA,NA,NA,NA,NA,NA,NA,NA,NA,NA,NA,NA,NA,NA,NA,NA,NA,NA,NA,NA,NA,0,0,0,0,9,29,0,0,1,1,1,1,1,1,1,1,1,1,2,2,0,0,0,0,0,0,0,0,0,0,0,0,0,1,1,1,1,1999-5129-3,209,NA,NA,NA,NA,NA,NA,NA,NA,NA,NA,NA,NA,56.4,86.5,86.2,85.9,Y,Y,Y,Y,Y,Y,Y,Y,Y,Y,Y,Y,Y,Y,Y,Y,Y,Y,Y,Boltonia decurrens,MBG Seed Bank,CCSD Seed Bank Freezer,NA,2023-12-01T00:00:00Z,Dormant,2883,Seed,Missouri Botanical Garden,Wild,Shaw Nature Reserve,NA,Project specific use only,2011-12-01T00:00:00Z,90,Smith,s.n.,11 Nov 1999,NA,NA,NA,NA,Open bottomland/floodplain,NA,Asteraceae,NA,NA
Boltonia_210,210,9-3-4,2011-2598-1,S16A,1180001,United States,Illinois,Jersey,38.961398423802066,-90.51481032460987,38.961398423802066, -90.51481032460987,NA,"Gilbert Lake, Maternal lines = 32, Seedheads = 98; 6 packets",2/29/24,3/7/24,4/12/24,NA,NA,0,7.4,9,13.2,0.9,1.3,1.6,NA,NA,NA,NA,NA,NA,NA,NA,NA,NA,NA,NA,NA,NA,NA,NA,NA,NA,NA,NA,NA,NA,NA,NA,NA,NA,NA,NA,NA,NA,NA,NA,NA,NA,NA,NA,NA,NA,NA,NA,NA,NA,NA,NA,NA,NA,NA,NA,NA,NA,NA,NA,NA,NA,NA,NA,NA,NA,NA,NA,NA,NA,NA,NA,NA,NA,NA,NA,NA,NA,NA,NA,NA,NA,NA,NA,NA,NA,NA,NA,NA,NA,NA,NA,NA,NA,NA,NA,NA,NA,NA,NA,NA,NA,NA,NA,NA,NA,NA,NA,NA,NA,NA,NA,0,0,NA,NA,NA,NA,NA,NA,NA,11,12,14,NA,NA,NA,NA,NA,NA,NA,NA,NA,NA,NA,NA,NA,NA,NA,NA,NA,NA,NA,NA,NA,NA,NA,NA,NA,NA,NA,NA,NA,NA,NA,NA,NA,NA,NA,NA,NA,NA,1,1,1,1,1,1,1,1,1,1,2,1,1,0,0,0,0,0,0,0,0,0,0,0,0,0,0,0,0,1997-5118-4,210,NA,NA,NA,NA,NA,NA,NA,NA,NA,NA,NA,NA,NA,NA,NA,NA,Y,Y,Y,Y,Y,Y,Y,Y,Y,Y,Y,Y,Y,Y,Y,Y,Y,Y,Y,Boltonia decurrens,MBG Seed Bank,CCSD Seed Bank Freezer,NA,2023-12-01T00:00:00Z,Dormant,9628,Seed,Missouri Botanical Garden,Wild,Shaw Nature Reserve,NA,Project specific use only,2011-12-01T00:00:00Z,98,Smith,s.n.,08 Nov 1997,NA,NA,NA,NA,Open bottomland/floodplain,NA,Asteraceae,NA,NA
Boltonia_211,211,8-1-2,2011-2635-1,31,1180038,United States,Illinois,Alton,38.86501904919102,-90.22302347588696,38.86501904919102, -90.22302347588696,NA,"West Alton, Maternal lines = 32, Seedheads = 32; 2 packets",2/29/24,3/10/24,4/12/24,NA,NA,0,12.5,NA,20.7,2.1,NA,2.4,A whole datasheet was left blank.,NA,ing sideways,NA,NA,NA,NA,NA,NA,NA,NA,NA,NA,NA,NA,NA,NA,NA,0,0,0,0,0,0,0,0,0,0,0,0,0,0,8,9,10,13,26,NA,NA,NA,NA,NA,NA,0,0,0,0,NA,0,0,0,0,0,0,0,0,0,0,0,0,0,0,0,0,0,0,1,3,5,12,10,36,72,98,133,NA,NA,NA,NA,NA,NA,0,0,0,0,NA,0,0,0,0,0,0,0,0,0,0,0,1,1,3,2,5,7,NA,0,0,0,0,0,0,6,6,6,10,NA,14,NA,NA,NA,NA,NA,NA,0,0,0,0,NA,0,0,0,0,0,0,0,0,0,0,0,0,0,0,0,1,0,1,2,5,2,14,13,14,13,20,0,1,NA,1,1,0,0,0,0,0,0,0,0,0,0,NA,0,0,1,1,1,1,1,1,1,1,1,1,1,1,1999-5234-3,211,NA,NA,NA,NA,2.5,10.2,21,31.8,39,60.3,37.9,71.1,70,70.6,70.6,70.6,Y,NA,Y,Y,Y,Y,Y,Y,Y,Y,Y,Y,Y,Y,Y,Y,Y,Y,Y,Boltonia decurrens,MBG Seed Bank,CCSD Seed Bank Freezer,NA,2023-12-01T00:00:00Z,Dormant,2831,Seed,Missouri Botanical Garden,Wild,Shaw Nature Reserve,NA,Project specific use only,2011-12-01T00:00:00Z,32,Smith,s.n.,07 Nov 1999,NA,NA,NA,NA,Open bottomland/floodplain,NA,Asteraceae,NA,NA
Boltonia_212,212,12-6-2,2011-2675-1,10A,1180078,United States,Illinois,Schuyler,40.0672223,-90.4275,40.07010712467176, -90.42899627731745,NA,"Frederick Borrow Pit, Maternal lines = 30, Seedheads = 90; 3 packets",3/1/24,Unknown,4/12/24,NA,NA,0,3.4,NA,12.8,1,NA,1.6,A whole datasheet was left blank.,NA,NA,NA,NA,NA,NA,NA,NA,NA,NA,NA,NA,NA,NA,NA,NA,NA,NA,NA,NA,NA,NA,NA,NA,NA,NA,NA,NA,NA,NA,NA,NA,NA,NA,NA,NA,NA,NA,NA,NA,NA,NA,NA,NA,NA,NA,NA,NA,NA,NA,NA,NA,NA,NA,NA,NA,NA,NA,NA,NA,NA,NA,NA,NA,NA,NA,NA,NA,NA,NA,NA,NA,NA,NA,NA,NA,NA,NA,NA,NA,NA,NA,NA,NA,NA,NA,NA,NA,NA,NA,NA,NA,NA,NA,NA,NA,NA,NA,NA,NA,NA,NA,NA,0,0,NA,NA,NA,NA,NA,NA,NA,7,NA,10,NA,NA,NA,NA,NA,NA,NA,NA,NA,NA,NA,NA,NA,NA,NA,NA,NA,NA,NA,NA,NA,NA,NA,NA,NA,NA,NA,NA,NA,NA,NA,NA,NA,NA,NA,NA,NA,NA,1,NA,1,1,1,1,1,1,1,1,1,1,1,0,NA,0,0,0,0,0,0,0,0,0,0,0,0,0,0,1999-5397-4,212,NA,NA,NA,NA,NA,NA,NA,NA,NA,NA,NA,NA,NA,NA,NA,NA,Y,NA,Y,Y,Y,Y,Y,Y,Y,Y,Y,Y,Y,Y,Y,Y,Y,Y,Y,Boltonia decurrens,MBG Seed Bank,CCSD Seed Bank Freezer,NA,2023-12-01T00:00:00Z,Dormant,8728,Seed,Missouri Botanical Garden,Wild,Shaw Nature Reserve,NA,Project specific use only,2011-12-01T00:00:00Z,90,Smith,s.n.,07 Oct 1999,NA,NA,NA,NA,Open bottomland/floodplain,NA,Asteraceae,NA,NA
Boltonia_213,213,5-1-5,2011-2635-1,35?,1180038,United States,Illinois,Alton,38.86501904919102,-90.22302347588696,38.86501904919102, -90.22302347588696,NA,"West Alton, Maternal lines = 32, Seedheads = 32; 2 packets",2/29/24,3/7/24,4/12/24,NA,NA,1,13.2,NA,21.7,1.7,NA,2.1,A whole datasheet was left blank.,NA,NA,NA,NA,NA,NA,NA,NA,NA,NA,NA,NA,NA,NA,NA,NA,NA,NA,NA,NA,NA,NA,NA,NA,NA,NA,NA,NA,NA,NA,NA,NA,NA,NA,NA,NA,NA,NA,NA,NA,NA,NA,NA,NA,NA,NA,NA,NA,NA,NA,NA,NA,NA,NA,NA,NA,NA,NA,NA,NA,NA,NA,NA,NA,NA,NA,NA,NA,NA,NA,NA,NA,NA,NA,NA,NA,NA,NA,NA,NA,NA,NA,NA,NA,NA,NA,NA,NA,NA,NA,NA,NA,NA,NA,NA,NA,NA,NA,NA,NA,NA,NA,NA,0,0,NA,NA,NA,NA,NA,NA,NA,12,NA,17,NA,NA,NA,NA,NA,NA,NA,NA,NA,NA,NA,NA,NA,NA,NA,NA,NA,NA,NA,NA,NA,NA,NA,NA,NA,NA,NA,NA,NA,NA,NA,NA,NA,NA,NA,NA,NA,NA,1,NA,1,1,1,1,1,1,1,1,1,1,1,0,NA,0,0,0,0,0,0,0,0,0,0,0,0,0,0,1999-5238-2,213,NA,NA,NA,NA,NA,NA,NA,NA,NA,NA,NA,NA,NA,NA,NA,NA,Y,NA,Y,Y,Y,Y,Y,Y,Y,Y,Y,Y,Y,Y,Y,Y,Y,Y,Y,Boltonia decurrens,MBG Seed Bank,CCSD Seed Bank Freezer,NA,2023-12-01T00:00:00Z,Dormant,2831,Seed,Missouri Botanical Garden,Wild,Shaw Nature Reserve,NA,Project specific use only,2011-12-01T00:00:00Z,32,Smith,s.n.,07 Nov 1999,NA,NA,NA,NA,Open bottomland/floodplain,NA,Asteraceae,NA,NA
Boltonia_214,214,11-5-6,2011-2609-1,7C,1180012,United States,Illinois,Madison,38.6891666,-90.0972222,38.69652811427051, -90.08592610430901,NA,"Horseshoe Lake, Maternal lines = 30, Seedheads = 90; 3 packets",3/1/24,3/10/24,4/12/24,N,NA,1,10.4,NA,19,2.1,NA,2.1,A whole datasheet was left blank.,NA,NA,NA,NA,NA,NA,NA,NA,NA,NA,NA,NA,NA,NA,NA,NA,NA,NA,NA,NA,NA,NA,NA,NA,NA,NA,NA,NA,NA,NA,NA,NA,NA,NA,NA,NA,NA,NA,NA,NA,NA,NA,NA,NA,NA,NA,NA,NA,NA,NA,NA,NA,NA,NA,NA,NA,NA,NA,NA,NA,NA,NA,NA,NA,NA,NA,NA,NA,NA,NA,NA,NA,NA,NA,NA,NA,NA,NA,NA,NA,NA,NA,NA,NA,NA,NA,NA,NA,NA,NA,NA,NA,NA,NA,NA,NA,NA,NA,NA,NA,NA,NA,0,0,0,NA,NA,NA,NA,NA,NA,NA,16,NA,23,NA,NA,NA,NA,NA,NA,NA,NA,NA,NA,NA,NA,NA,NA,NA,NA,NA,NA,NA,NA,NA,NA,NA,NA,NA,NA,NA,NA,NA,NA,NA,NA,NA,NA,NA,NA,NA,NA,0,NA,1,1,1,1,1,1,1,1,1,1,2,1,NA,0,0,0,0,0,0,0,0,0,0,0,0,0,0,2011-5042-2,214,1,NA,NA,NA,NA,NA,NA,NA,NA,NA,NA,NA,NA,NA,NA,NA,Y,NA,Y,Y,Y,Y,Y,Y,Y,Y,Y,Y,Y,Y,Y,Y,Y,Y,Y,Boltonia decurrens,MBG Seed Bank,CCSD Seed Bank Freezer,NA,2023-12-01T00:00:00Z,Dormant,8688,Seed,Missouri Botanical Garden,Wild,Shaw Nature Reserve,NA,Project specific use only,2011-12-01T00:00:00Z,3,Smith,s.n.,01 Nov 2000,NA,NA,NA,NA,Open bottomland/floodplain,NA,Asteraceae,NA,NA
Boltonia_215,215,4-1-10,2011-2664-1,1,1180067,United States,Illinois,Fulton,40.2047222,-90.1994444,40.207444479612775, -90.1871999885973,NA,"Anderson Lake, Maternal lines = 31, Seedheads = 31",2/29/24,3/7/24,4/12/24,NA,NA,0,16.4,NA,24.7,2.5,NA,2.2,A whole datasheet was left blank.,NA,NA,NA,NA,NA,NA,NA,NA,NA,NA,NA,NA,NA,NA,NA,NA,NA,NA,NA,NA,NA,NA,NA,NA,NA,NA,NA,NA,NA,NA,NA,NA,NA,NA,NA,NA,NA,NA,NA,NA,NA,NA,NA,NA,NA,NA,NA,NA,NA,NA,NA,NA,NA,NA,NA,NA,NA,NA,NA,NA,NA,NA,NA,NA,NA,NA,NA,NA,NA,NA,NA,NA,NA,NA,NA,NA,NA,NA,NA,NA,NA,NA,NA,NA,NA,NA,NA,NA,NA,NA,NA,NA,NA,NA,NA,NA,NA,NA,NA,NA,NA,NA,NA,0,0,NA,NA,NA,NA,NA,NA,NA,9,NA,16,NA,NA,NA,NA,NA,NA,NA,NA,NA,NA,NA,NA,NA,NA,NA,NA,NA,NA,NA,NA,NA,NA,NA,NA,NA,NA,NA,NA,NA,NA,NA,NA,NA,NA,NA,NA,NA,NA,1,NA,2,2,2,1,1,2,2,2,2,3,3,0,NA,0,0,0,0,0,0,0,0,0,0,0,0,0,0,1997-5403-4,215,NA,NA,NA,NA,NA,NA,NA,NA,NA,NA,NA,NA,NA,NA,NA,NA,Y,NA,Y,Y,Y,Y,Y,Y,Y,Y,Y,Y,Y,Y,Y,Y,Y,Y,Y,Boltonia decurrens,MBG Seed Bank,CCSD Seed Bank Freezer,NA,2023-12-01T00:00:00Z,Dormant,2875,Seed,Missouri Botanical Garden,Wild,Shaw Nature Reserve,NA,Project specific use only,2011-12-01T00:00:00Z,31,Smith,s.n.,21 Nov 1997,NA,NA,NA,NA,Open bottomland/floodplain,NA,Asteraceae,NA,NA
Boltonia_216,216,2-4-8,2011-2636-1,21,1180039,United States,Illinois,Cass,40.010555600000004,-90.4458333,40.0178975293398, -90.42445029519197,NA,"Beardstown, Maternal lines = 52, Seedheads = 53; 3 packets",2/29/24,3/10/24,4/12/24,NA,NA,0,12.7,NA,19.1,2,NA,2.7,A whole datasheet was left blank.,NA,NA,NA,NA,NA,NA,NA,NA,NA,NA,NA,NA,NA,NA,NA,NA,NA,0,0,0,0,0,0,0,0,0,0,0,0,0,0,16,16,16,23,39,NA,0,0,0,0,0,0,0,0,0,0,0,0,0,0,0,0,0,0,0,0,0,0,0,0,0,0,0,0,0,4,11,19,11,28,59,110,121,NA,0,0,0,0,0,0,0,0,0,0,0,0,0,0,1,1,1,1,1,3,5,9,6,15,10,18,19,NA,0,0,0,0,6,9,7,9,8,11,NA,18,NA,0,0,0,0,0,0,0,0,0,0,0,0,0,0,0,0,0,0,0,0,0,0,0,0,0,0,0,0,1,7,7,23,15,9,43,16,0,1,NA,0,0,0,0,0,0,0,0,0,0,0,0,NA,1,1,1,1,1,1,1,1,1,1,1,1,1,1,1997-5340-2,216,NA,NA,11.7,28.6,48.2,66.4,82.2,89,94.4,96.8,95.1,95.8,95.7,96.3,96,96,Y,NA,Y,Y,Y,Y,Y,Y,Y,Y,Y,Y,Y,Y,Y,Y,Y,Y,Y,Boltonia decurrens,MBG Seed Bank,CCSD Seed Bank Freezer,NA,2023-12-01T00:00:00Z,Dormant,5079,Seed,Missouri Botanical Garden,Wild,Shaw Nature Reserve,NA,Project specific use only,2011-12-01T00:00:00Z,53,Smith,s.n.,21 Nov 1997,NA,NA,NA,NA,Open bottomland/floodplain,NA,Asteraceae,NA,NA
Boltonia_217,217,7-1-4,2011-2650-1,18A,1180053,United States,Illinois,Woodford,40.8852777,-89.4583333,40.84668797480775, -89.0297386240063,NA,"Woodford County, Maternal lines = 30, Seedheads = 90; 6 packets",2/29/24,3/7/24,4/12/24,NA,NA,1,12.3,NA,20.5,1.8,NA,2.2,A whole datasheet was left blank.,NA,NA,NA,NA,NA,NA,NA,NA,NA,NA,NA,NA,NA,NA,NA,NA,NA,NA,NA,NA,NA,NA,NA,NA,NA,NA,NA,NA,NA,NA,NA,NA,NA,NA,NA,NA,NA,NA,NA,NA,NA,NA,NA,NA,NA,NA,NA,NA,NA,NA,NA,NA,NA,NA,NA,NA,NA,NA,NA,NA,NA,NA,NA,NA,NA,NA,NA,NA,NA,NA,NA,NA,NA,NA,NA,NA,NA,NA,NA,NA,NA,NA,NA,NA,NA,NA,NA,NA,NA,NA,NA,NA,NA,NA,NA,NA,NA,NA,NA,NA,NA,NA,NA,0,0,NA,NA,NA,NA,NA,NA,NA,13,NA,31,NA,NA,NA,NA,NA,NA,NA,NA,NA,NA,NA,NA,NA,NA,NA,NA,NA,NA,NA,NA,NA,NA,NA,NA,NA,NA,NA,NA,NA,NA,NA,NA,NA,NA,NA,NA,NA,NA,1,NA,4,2,3,1,1,1,2,2,3,3,4,0,NA,0,0,0,0,0,0,0,0,0,0,0,0,0,0,1999-5374-2,217,NA,NA,NA,NA,NA,NA,NA,NA,NA,NA,NA,NA,NA,NA,NA,NA,Y,NA,Y,Y,Y,Y,Y,Y,Y,Y,Y,Y,Y,Y,Y,Y,Y,Y,Y,Boltonia decurrens,MBG Seed Bank,CCSD Seed Bank Freezer,NA,2023-12-01T00:00:00Z,Dormant,8743,Seed,Missouri Botanical Garden,Wild,Shaw Nature Reserve,US-1-MO-2011-2650,Project specific use only,2011-12-01T00:00:00Z,90,Smith,s.n.,11 Nov 1999,NA,NA,NA,NA,Open bottomland/floodplain,NA,Asteraceae,NA,NA
Boltonia_218,218,3-6-9,2011-2598-1,L14A,1180001,United States,Illinois,Jersey,38.961398423802066,-90.51481032460987,38.961398423802066, -90.51481032460987,NA,"Gilbert Lake, Maternal lines = 32, Seedheads = 98; 6 packets",2/29/24,3/8/24,4/12/24,NA,NA,0,14.8,NA,24.6,1.8,NA,2.1,A whole datasheet was left blank.,NA,NA,NA,NA,NA,NA,NA,NA,NA,NA,NA,NA,NA,NA,NA,NA,NA,NA,NA,NA,NA,NA,NA,NA,NA,NA,NA,NA,NA,NA,NA,NA,NA,NA,NA,NA,NA,NA,NA,NA,NA,NA,NA,NA,NA,NA,NA,NA,NA,NA,NA,NA,NA,NA,NA,NA,NA,NA,NA,NA,NA,NA,NA,NA,NA,NA,NA,NA,NA,NA,NA,NA,NA,NA,NA,NA,NA,NA,NA,NA,NA,NA,NA,NA,NA,NA,NA,NA,NA,NA,NA,NA,NA,NA,NA,NA,NA,NA,NA,NA,NA,NA,NA,0,0,NA,NA,NA,NA,NA,NA,NA,9,NA,13,NA,NA,NA,NA,NA,NA,NA,NA,NA,NA,NA,NA,NA,NA,NA,NA,NA,NA,NA,NA,NA,NA,NA,NA,NA,NA,NA,NA,NA,NA,NA,NA,NA,NA,NA,NA,NA,NA,1,NA,1,1,1,1,1,1,1,1,1,1,1,0,NA,0,0,0,0,0,0,0,0,0,0,0,0,0,0,1997-5115-3,218,NA,NA,NA,NA,NA,NA,NA,NA,NA,NA,NA,NA,NA,NA,NA,NA,Y,NA,Y,Y,Y,Y,Y,Y,Y,Y,Y,Y,Y,Y,Y,Y,Y,Y,Y,Boltonia decurrens,MBG Seed Bank,CCSD Seed Bank Freezer,NA,2023-12-01T00:00:00Z,Dormant,9628,Seed,Missouri Botanical Garden,Wild,Shaw Nature Reserve,NA,Project specific use only,2011-12-01T00:00:00Z,98,Smith,s.n.,08 Nov 1997,NA,NA,NA,NA,Open bottomland/floodplain,NA,Asteraceae,NA,NA
Boltonia_219,219,3-2-1,2011-2661-1,25A,1180064,United States,Illinois,Tazewell,40.69584983597212,-89.54394792156027,40.69584983597212, -89.54394792156027,NA,"Cooper park South, Maternal lines = 43, Seedheads = 73; 4 packets",2/29/24,3/7/24,4/12/24,NA,NA,0,9.3,NA,18.3,1.5,NA,1.9,A whole datasheet was left blank.,NA,NA,NA,NA,NA,NA,NA,NA,NA,NA,NA,NA,NA,NA,NA,NA,NA,NA,NA,NA,NA,NA,NA,NA,NA,NA,NA,NA,NA,NA,NA,NA,NA,NA,NA,NA,NA,NA,NA,NA,NA,NA,NA,NA,NA,NA,NA,NA,NA,NA,NA,NA,NA,NA,NA,NA,NA,NA,NA,NA,NA,NA,NA,NA,NA,NA,NA,NA,NA,NA,NA,NA,NA,NA,NA,NA,NA,NA,NA,NA,NA,NA,NA,NA,NA,NA,NA,NA,NA,NA,NA,NA,NA,NA,NA,NA,NA,NA,NA,NA,NA,NA,NA,0,0,NA,NA,NA,NA,NA,NA,NA,19,NA,30,NA,NA,NA,NA,NA,NA,NA,NA,NA,NA,NA,NA,NA,NA,NA,NA,NA,NA,NA,NA,NA,NA,NA,NA,NA,NA,NA,NA,NA,NA,NA,NA,NA,NA,NA,NA,NA,NA,2,NA,2,2,2,2,2,2,2,2,2,2,2,0,NA,0,0,0,0,0,0,0,0,0,0,0,0,0,0,2000-5149-2,219,NA,NA,NA,NA,NA,NA,NA,NA,NA,NA,NA,NA,NA,NA,NA,NA,Y,NA,Y,Y,Y,Y,Y,Y,Y,Y,Y,Y,Y,Y,Y,Y,Y,Y,Y,Boltonia decurrens,MBG Seed Bank,CCSD Seed Bank Freezer,NA,2023-12-01T00:00:00Z,Dormant,6976,Seed,Missouri Botanical Garden,Wild,Shaw Nature Reserve,NA,Project specific use only,2011-12-01T00:00:00Z,73,Smith,s.n.,01 Oct 2000,NA,NA,NA,NA,Open bottomland/floodplain,NA,Asteraceae,NA,NA
Boltonia_220,220,10-6-2,2011-2675-1,12B,1180078,United States,Illinois,Schuyler,40.0672223,-90.4275,40.07010712467176, -90.42899627731745,NA,"Frederick Borrow Pit, Maternal lines = 30, Seedheads = 90; 3 packets",3/1/24,3/8/24,4/12/24,NA,NA,0,10.5,NA,19.8,2,NA,2.4,A whole datasheet was left blank.,NA,NA,NA,NA,NA,NA,NA,NA,NA,NA,NA,NA,NA,NA,NA,NA,NA,NA,NA,NA,NA,NA,NA,NA,NA,NA,NA,NA,NA,NA,NA,NA,NA,NA,NA,NA,NA,NA,NA,NA,NA,NA,NA,NA,NA,NA,NA,NA,NA,NA,NA,NA,NA,NA,NA,NA,NA,NA,NA,NA,NA,NA,NA,NA,NA,NA,NA,NA,NA,NA,NA,NA,NA,NA,NA,NA,NA,NA,NA,NA,NA,NA,NA,NA,NA,NA,NA,NA,NA,NA,NA,NA,NA,NA,NA,NA,NA,NA,NA,NA,NA,NA,NA,0,0,NA,NA,NA,NA,NA,NA,NA,11,NA,17,NA,NA,NA,NA,NA,NA,NA,NA,NA,NA,NA,NA,NA,NA,NA,NA,NA,NA,NA,NA,NA,NA,NA,NA,NA,NA,NA,NA,NA,NA,NA,NA,NA,NA,NA,NA,NA,NA,1,NA,1,1,1,1,1,1,1,1,2,2,2,0,NA,0,0,0,0,0,0,0,0,0,0,0,0,0,0,1999-5399-3,220,NA,NA,NA,NA,NA,NA,NA,NA,NA,NA,NA,NA,NA,NA,NA,NA,Y,NA,Y,Y,Y,Y,Y,Y,Y,Y,Y,Y,Y,Y,Y,Y,Y,Y,Y,Boltonia decurrens,MBG Seed Bank,CCSD Seed Bank Freezer,NA,2023-12-01T00:00:00Z,Dormant,8728,Seed,Missouri Botanical Garden,Wild,Shaw Nature Reserve,NA,Project specific use only,2011-12-01T00:00:00Z,90,Smith,s.n.,07 Oct 1999,NA,NA,NA,NA,Open bottomland/floodplain,NA,Asteraceae,NA,NA
Boltonia_221,221,6-6-10,2011-2629-1,14A,1180032,United States,Illinois,Marshal,41.045,-89.4311111,41.02868892611459, -89.43846248262098,NA,"Sparland, Maternal lines = 30, Seedheads = 90; 3 packets",2/29/24,3/8/24,4/12/24,NA,NA,0,12.2,NA,21.6,2.2,NA,2.3,A whole datasheet was left blank.,NA,NA,NA,NA,NA,Twisted stem,NA,NA,NA,NA,NA,NA,NA,NA,NA,NA,NA,0,0,0,0,0,0,0,0,0,0,0,0,0,0,8,9,10,14,18,NA,NA,NA,NA,NA,NA,NA,NA,NA,NA,NA,NA,NA,NA,NA,NA,NA,0,0,0,0,0,0,0,0,0,0,0,0,0,3,6,13,11,41,136,134,168,NA,NA,NA,NA,NA,NA,NA,NA,NA,NA,NA,NA,NA,NA,NA,NA,NA,0,0,0,0,0,0,0,0,1,5,4,NA,0,0,NA,NA,0,0,0,3,5,10,NA,17,NA,NA,NA,NA,NA,NA,NA,NA,NA,NA,NA,NA,NA,NA,NA,NA,NA,0,0,0,0,0,0,0,0,0,0,0,1,7,4,2,12,30,32,27,2,0,1,NA,1,1,1,1,1,0,0,0,0,0,0,0,NA,0,0,0,0,0,1,1,1,1,1,1,1,1,1,1999-5163-2,221,NA,NA,NA,NA,NA,NA,NA,5.5,10.6,23.6,52.3,70.4,70.3,70.6,70.4,70.4,Y,NA,Y,Y,Y,Y,Y,Y,Y,Y,Y,Y,Y,Y,Y,Y,Y,Y,Y,Boltonia decurrens,MBG Seed Bank,CCSD Seed Bank Freezer,NA,2023-12-01T00:00:00Z,Dormant,8786,Seed,Missouri Botanical Garden,Wild,Shaw Nature Reserve,NA,Project specific use only,2011-12-01T00:00:00Z,90,Smith,s.n.,11 Nov 1999,NA,NA,NA,NA,Open bottomland/floodplain,NA,Asteraceae,NA,NA
Boltonia_222,222,3-4-11,2011-2661-1,15A,1180064,United States,Illinois,Tazewell,40.69584983597212,-89.54394792156027,40.69584983597212, -89.54394792156027,NA,"Cooper park South, Maternal lines = 43, Seedheads = 73; 4 packets",2/29/24,3/8/24,4/12/24,NA,NA,0,8.6,NA,21.8,1.2,NA,2.3,A whole datasheet was left blank.,NA,NA,NA,NA,NA,NA,NA,NA,NA,NA,NA,NA,NA,NA,NA,NA,NA,0,0,0,0,0,0,0,0,0,0,0,0,0,0,10,11,11,16,12,NA,NA,NA,NA,NA,0,NA,0,0,0,0,0,0,0,0,0,0,0,0,0,0,0,0,0,0,0,0,0,0,0,1,3,11,11,47,70,68,133,NA,NA,NA,NA,NA,0,NA,0,0,0,0,0,0,0,0,0,0,0,0,0,0,0,0,0,0,0,2,2,NA,0,0,0,0,0,0,8,7,7,7,NA,15,NA,NA,NA,NA,NA,0,NA,0,0,0,0,0,0,0,0,0,0,0,0,0,0,0,0,0,0,0,0,0,0,0,4,4,16,29,10,16,4,1,1,NA,2,1,1,1,1,1,1,1,1,1,1,0,NA,0,1,1,1,1,1,1,1,1,1,1,1,1,1,2000-5139-2,222,NA,NA,NA,2.1,8.6,20,36.1,48.5,55.8,74.7,86.5,102.5,99.8,96.5,98.2,98.2,Y,NA,Y,Y,Y,Y,Y,Y,Y,Y,Y,Y,Y,Y,Y,Y,Y,Y,Y,Boltonia decurrens,MBG Seed Bank,CCSD Seed Bank Freezer,NA,2023-12-01T00:00:00Z,Dormant,6976,Seed,Missouri Botanical Garden,Wild,Shaw Nature Reserve,NA,Project specific use only,2011-12-01T00:00:00Z,73,Smith,s.n.,01 Oct 2000,NA,NA,NA,NA,Open bottomland/floodplain,NA,Asteraceae,NA,NA
Boltonia_223,223,10-2-9,2011-2636-1,9,1180039,United States,Illinois,Cass,40.010555600000004,-90.4458333,40.0178975293398, -90.42445029519197,NA,"Beardstown, Maternal lines = 52, Seedheads = 53; 3 packets",3/1/24,3/8/24,4/12/24,NA,NA,0,8.8,NA,15.2,1.8,NA,1.9,A whole datasheet was left blank.,NA,NA,NA,NA,NA,NA,NA,NA,NA,NA,NA,NA,NA,NA,NA,NA,NA,NA,NA,NA,NA,NA,NA,NA,NA,NA,NA,NA,NA,NA,NA,NA,NA,NA,NA,NA,NA,NA,NA,NA,NA,NA,NA,NA,NA,NA,NA,NA,NA,NA,NA,NA,NA,NA,NA,NA,NA,NA,NA,NA,NA,NA,NA,NA,NA,NA,NA,NA,NA,NA,NA,NA,NA,NA,NA,NA,NA,NA,NA,NA,NA,NA,NA,NA,NA,NA,NA,NA,NA,NA,NA,NA,NA,NA,NA,NA,NA,NA,NA,NA,NA,NA,NA,0,0,NA,NA,NA,NA,NA,NA,NA,11,NA,15,NA,NA,NA,NA,NA,NA,NA,NA,NA,NA,NA,NA,NA,NA,NA,NA,NA,NA,NA,NA,NA,NA,NA,NA,NA,NA,NA,NA,NA,NA,NA,NA,NA,NA,NA,NA,NA,NA,1,NA,1,1,1,1,1,1,1,1,1,2,2,0,NA,0,0,0,0,0,0,0,0,0,0,0,0,0,0,1997-5328-4,223,NA,NA,NA,NA,NA,NA,NA,NA,NA,NA,NA,NA,NA,NA,NA,NA,Y,NA,Y,Y,Y,Y,Y,Y,Y,Y,Y,Y,Y,Y,Y,Y,Y,Y,Y,Boltonia decurrens,MBG Seed Bank,CCSD Seed Bank Freezer,NA,2023-12-01T00:00:00Z,Dormant,5079,Seed,Missouri Botanical Garden,Wild,Shaw Nature Reserve,NA,Project specific use only,2011-12-01T00:00:00Z,53,Smith,s.n.,21 Nov 1997,NA,NA,NA,NA,Open bottomland/floodplain,NA,Asteraceae,NA,NA
Boltonia_224,224,8-6-4,2011-2638-1,12C,1180041,United States,Illinois,Scott,39.7852777,-90.5902777,39.786569766256626, -90.58910563509704,Smith Lake,NA,2/29/24,3/9/24,4/12/24,N,NA,0,12.6,NA,24,1.7,NA,1.9,A whole datasheet was left blank.,NA,NA,NA,NA,NA,NA,NA,NA,NA,NA,NA,NA,NA,NA,NA,NA,NA,0,0,0,0,0,0,0,0,0,0,0,0,0,0,0,0,0,0,1,NA,0,0,0,0,0,0,0,0,0,0,0,0,0,0,0,0,0,0,0,0,0,0,0,0,0,0,0,0,0,0,0,0,0,1,13,38,59,NA,0,0,0,0,0,0,0,0,0,0,0,0,0,0,0,0,0,0,0,0,0,0,0,0,0,0,0,0,0,0,0,0,0,0,0,0,0,9,NA,16,NA,0,0,0,0,0,0,0,0,0,0,0,0,0,0,0,0,0,0,0,0,0,0,0,0,0,0,0,0,0,0,0,1,1,7,14,15,0,0,NA,0,0,1,0,0,0,0,0,0,0,1,1,NA,1,1,1,1,1,1,1,1,1,1,1,1,1,1,1998-5188-2,224,1,NA,9,20.2,31,40.1,53.5,60,61.6,72.8,86.5,116.5,142.6,147.5,144.4,146.2,Y,NA,Y,Y,Y,Y,Y,Y,Y,Y,Y,Y,Y,Y,Y,Y,Y,Y,Y,Boltonia decurrens,MBG Seed Bank,CCSD Seed Bank Freezer,NA,2023-12-01T00:00:00Z,Dormant,7818,Seed,Missouri Botanical Garden,Wild,Shaw Nature Reserve,US-1-MO-2011-2638,Project specific use only,2011-12-01T00:00:00Z,81,Smith,s.n.,11 Nov 1998,Maternal Lines,NA,NA,NA,Open bottomland/floodplain,NA,Asteraceae,NA,NA
Boltonia_225,225,8-5-8,2011-2598-1,S6B,1180001,United States,Illinois,Jersey,38.961398423802066,-90.51481032460987,38.961398423802066, -90.51481032460987,NA,"Gilbert Lake, Maternal lines = 32, Seedheads = 98; 6 packets",2/29/24,3/8/24,4/12/24,N,NA,4,13.5,NA,15.7,3,NA,2.6,A whole datasheet was left blank.,NA,NA,NA,NA,NA,NA,NA,NA,NA,NA,NA,NA,NA,NA,NA,NA,NA,0,7,0,7,6,4,7,7,7,10,7,7,7,7,20,18,26,25,29,NA,0,0,0,0,0,0,0,0,1,1,1,4,4,4,7,7,7,7,7,0,8,0,2,4,3,3,4,4,6,10,11,12,2,11,40,46,72,NA,1,0,2,4,4,4,6,6,4,3,3,1,2,2,2,3,3,2,7,7,9,6,7,7,7,4,2,0,3,5,4,3,4,7,7,7,7,18,NA,32,NA,0,0,0,0,0,1,1,2,3,3,3,3,3,3,0,1,0,0,0,1,1,3,0,4,0,5,4,2,1,2,1,3,9,13,19,10,0,0,NA,3,1,3,3,1,2,3,2,2,2,2,1,NA,1,1,1,1,1,1,1,1,1,1,1,1,1,1,1997-5095-4,225,6.2,NA,32.7,51.3,62.2,61.4,62.4,62.8,62,62,61.6,61.8,62.8,62.1,62.1,62.1,Y,NA,Y,Y,Y,Y,Y,Y,Y,Y,Y,Y,Y,Y,Y,Y,Y,Y,Y,Boltonia decurrens,MBG Seed Bank,CCSD Seed Bank Freezer,NA,2023-12-01T00:00:00Z,Dormant,9628,Seed,Missouri Botanical Garden,Wild,Shaw Nature Reserve,NA,Project specific use only,2011-12-01T00:00:00Z,98,Smith,s.n.,08 Nov 1997,NA,NA,NA,NA,Open bottomland/floodplain,NA,Asteraceae,NA,NA
Boltonia_226,226,6-2-7,2011-2599-1,4,1180002,United States,Illinois,Saint Clair,38.6494444,-90.1161111,38.651507278988504, -90.10298738781107,NA,"Fairmont City, Maternal lines = 28, Seedheads = 28; 2 packets",2/29/24,3/8/24,4/12/24,N,NA,4,12.5,NA,17,2.4,NA,3.3,A whole datasheet was left blank.,NA,NA,NA,NA,NA,NA,NA,NA,NA,NA,NA,NA,NA,NA,NA,NA,NA,0,3,0,3,3,5,4,4,4,10,7,10,10,11,25,24,26,30,34,NA,0,0,0,0,0,0,0,0,0,0,0,0,1,1,3,3,4,5,5,2,7,6,6,6,6,8,8,3,4,8,9,7,4,19,46,78,147,NA,0,0,0,1,3,3,4,7,6,4,6,4,5,4,5,5,4,1,4,4,8,8,7,8,5,14,7,0,2,5,5,5,5,7,7,7,9,16,NA,21,NA,0,0,0,0,0,0,0,0,1,1,1,3,3,4,2,2,3,4,4,3,3,1,1,2,1,2,0,3,3,5,2,5,11,11,24,25,0,0,NA,0,0,0,0,0,0,0,0,0,0,0,1,NA,1,1,1,1,1,1,1,1,1,1,1,1,1,1,1997-5062-2,226,2.6,NA,21.9,41.1,61.1,64.3,64.6,65,64.4,64.5,63.8,63.6,64.2,64.3,64.3,64.3,Y,NA,Y,Y,Y,Y,Y,Y,Y,Y,Y,Y,Y,Y,Y,Y,Y,Y,Y,Boltonia decurrens,MBG Seed Bank,CCSD Seed Bank Freezer,NA,2023-12-01T00:00:00Z,Dormant,2632,Seed,Missouri Botanical Garden,Wild,Shaw Nature Reserve,NA,Project specific use only,2011-12-01T00:00:00Z,28,Smith,s.n.,05 Dec 1997,NA,NA,NA,NA,Open bottomland/floodplain,NA,Asteraceae,NA,NA
Boltonia_227,227,7-5-4,2011-2613-1,18A,1180016,United States,Illinois,Fulton,40.2047222,-90.1994444,40.20813714639404, -90.18724497777134,NA,"Anderson Lake, Maternal lines = 30, Seedheads = 61; 2 packets",2/29/24,3/16/24,4/12/24,NA,NA,0,14.2,NA,23.7,1.9,NA,2.2,A whole datasheet was left blank.,NA,NA,NA,NA,NA,NA,NA,NA,NA,NA,NA,NA,NA,NA,NA,NA,NA,NA,NA,NA,NA,NA,NA,NA,NA,NA,NA,NA,NA,NA,NA,NA,NA,NA,NA,NA,NA,NA,NA,NA,NA,NA,NA,NA,NA,NA,NA,NA,NA,NA,NA,NA,NA,NA,NA,NA,NA,NA,NA,NA,NA,NA,NA,NA,NA,NA,NA,NA,NA,NA,NA,NA,NA,NA,NA,NA,NA,NA,NA,NA,NA,NA,NA,NA,NA,NA,NA,NA,NA,NA,NA,NA,NA,NA,NA,NA,NA,NA,NA,NA,NA,NA,NA,0,0,NA,NA,NA,NA,NA,NA,NA,8,NA,14,NA,NA,NA,NA,NA,NA,NA,NA,NA,NA,NA,NA,NA,NA,NA,NA,NA,NA,NA,NA,NA,NA,NA,NA,NA,NA,NA,NA,NA,NA,NA,NA,NA,NA,NA,NA,NA,NA,1,NA,1,1,1,1,1,1,2,2,3,4,6,0,NA,0,0,0,0,0,0,0,0,0,0,0,0,0,0,2000-5017-2,227,NA,NA,NA,NA,NA,NA,NA,NA,NA,NA,NA,NA,NA,NA,NA,NA,Y,NA,Y,Y,Y,Y,Y,Y,Y,Y,Y,Y,Y,Y,Y,Y,Y,Y,Y,Boltonia decurrens,MBG Seed Bank,CCSD Seed Bank Freezer,NA,2023-12-01T00:00:00Z,Dormant,5913,Seed,Missouri Botanical Garden,Wild,Shaw Nature Reserve,NA,Project specific use only,2011-12-01T00:00:00Z,61,Smith,s.n.,01 Oct 2000,NA,NA,NA,NA,Open bottomland/floodplain,NA,Asteraceae,NA,NA
Boltonia_228,228,9-3-8,2011-2629-1,30A,1180032,United States,Illinois,Marshal,41.045,-89.4311111,41.02868892611459, -89.43846248262098,NA,"Sparland, Maternal lines = 30, Seedheads = 90; 3 packets",2/29/24,3/9/24,4/12/24,N,NA,0,9.5,NA,20.8,1.9,NA,2.6,A whole datasheet was left blank.,NA,NA,NA,NA,NA,NA,NA,NA,NA,NA,NA,NA,NA,NA,NA,NA,NA,NA,NA,NA,NA,NA,NA,NA,NA,NA,NA,NA,NA,NA,NA,NA,NA,NA,NA,NA,NA,NA,NA,NA,NA,NA,NA,NA,NA,NA,NA,NA,NA,NA,NA,NA,NA,NA,NA,NA,NA,NA,NA,NA,NA,NA,NA,NA,NA,NA,NA,NA,NA,NA,NA,NA,NA,NA,NA,NA,NA,NA,NA,NA,NA,NA,NA,NA,NA,NA,NA,NA,NA,NA,NA,NA,NA,NA,NA,NA,NA,NA,NA,NA,NA,NA,0,0,0,NA,NA,NA,NA,NA,NA,NA,12,NA,15,NA,NA,NA,NA,NA,NA,NA,NA,NA,NA,NA,NA,NA,NA,NA,NA,NA,NA,NA,NA,NA,NA,NA,NA,NA,NA,NA,NA,NA,NA,NA,NA,NA,NA,NA,NA,NA,NA,0,NA,1,1,1,1,1,1,1,1,1,1,3,1,NA,0,0,0,0,0,0,0,0,0,0,0,0,0,0,1999-5179-3,228,0.6,NA,NA,NA,NA,NA,NA,NA,NA,NA,NA,NA,NA,NA,NA,NA,Y,NA,Y,Y,Y,Y,Y,Y,Y,Y,Y,Y,Y,Y,Y,Y,Y,Y,Y,Boltonia decurrens,MBG Seed Bank,CCSD Seed Bank Freezer,NA,2023-12-01T00:00:00Z,Dormant,8786,Seed,Missouri Botanical Garden,Wild,Shaw Nature Reserve,NA,Project specific use only,2011-12-01T00:00:00Z,90,Smith,s.n.,11 Nov 1999,NA,NA,NA,NA,Open bottomland/floodplain,NA,Asteraceae,NA,NA
Boltonia_229,229,2-1-8,2011-2618-1,26A,1180021,United States,Illinois,Peoria,40.7222223,-89.5519444,40.69352232924267, -89.59142458669179,NA,"McClugage Bridge, Maternal lines = 30, Seedheads = 90; 4 packets",2/29/24,3/6/24,4/12/24,N,NA,6,12.6,NA,13.1,1.4,NA,2,A whole datasheet was left blank.,NA,NA,NA,NA,NA,NA,NA,NA,NA,NA,NA,NA,NA,NA,NA,NA,NA,4,9,2,9,7,9,9,9,9,10,9,9,10,13,19,18,24,20,30,NA,0,0,0,0,0,0,0,0,1,2,2,4,5,5,6,6,8,9,5,0,8,1,3,1,1,1,3,3,3,6,6,4,2,8,20,28,14,NA,1,3,2,4,6,6,9,8,10,7,7,6,6,4,2,3,6,3,8,7,9,5,9,11,5,8,7,0,7,8,6,3,7,8,6,7,7,12,NA,24,NA,0,0,0,0,0,1,1,2,2,2,3,0,1,3,3,3,1,1,1,1,0,0,0,2,0,4,1,1,2,2,0,2,6,3,6,4,0,0,NA,2,2,2,2,2,2,2,2,2,2,3,1,NA,1,1,1,1,1,1,1,1,1,1,1,1,1,1,1999-5082-2,229,2.5,NA,22.2,31.6,34.8,34.5,35.2,35,34.3,34.6,34.3,34.4,35.1,34.7,34.7,34.7,Y,NA,Y,Y,Y,Y,Y,Y,Y,Y,Y,Y,Y,Y,Y,Y,Y,Y,Y,Boltonia decurrens,MBG Seed Bank,CCSD Seed Bank Freezer,NA,2023-12-01T00:00:00Z,Dormant,8685,Seed,Missouri Botanical Garden,Wild,Shaw Nature Reserve,NA,Project specific use only,2011-12-01T00:00:00Z,90,Smith,s.n.,11 Nov 1999,NA,NA,NA,NA,Open bottomland/floodplain,NA,Asteraceae,NA,NA
Boltonia_230,230,1-6-9,2011-2618-1,1B,1180021,United States,Illinois,Peoria,40.7222223,-89.5519444,40.69352232924267, -89.59142458669179,NA,"McClugage Bridge, Maternal lines = 30, Seedheads = 90; 4 packets",2/29/24,3/6/24,4/12/24,N,NA,3,6.8,NA,16.8,0.8,NA,1.9,A whole datasheet was left blank.,NA,NA,NA,NA,NA,NA,NA,NA,NA,NA,NA,NA,NA,NA,NA,NA,NA,0,0,0,0,0,0,0,0,0,0,0,0,0,0,4,5,6,4,13,NA,NA,0,0,0,0,0,0,0,0,0,0,0,0,0,0,0,0,0,0,0,0,0,0,0,0,0,0,0,0,2,2,4,6,25,54,50,75,NA,NA,0,0,0,0,0,0,0,0,0,0,0,0,0,0,0,0,0,0,0,0,2,1,2,1,3,3,0,0,0,0,0,0,0,5,5,7,4,NA,22,NA,NA,0,0,0,0,0,0,0,0,0,0,0,0,0,0,0,0,0,0,0,0,0,0,0,0,0,0,0,0,0,1,6,16,16,2,4,0,0,NA,3,3,3,3,3,3,3,3,3,3,3,1,NA,1,1,1,1,1,1,1,1,1,1,1,1,1,1,1999-5057-4,230,1.5,NA,5.9,14,22.7,28.8,38.2,43.4,49,60.5,62.3,62.4,61.4,62.7,62.1,62.1,Y,NA,Y,Y,Y,Y,Y,Y,Y,Y,Y,Y,Y,Y,Y,Y,Y,Y,Y,Boltonia decurrens,MBG Seed Bank,CCSD Seed Bank Freezer,NA,2023-12-01T00:00:00Z,Dormant,8685,Seed,Missouri Botanical Garden,Wild,Shaw Nature Reserve,NA,Project specific use only,2011-12-01T00:00:00Z,90,Smith,s.n.,11 Nov 1999,NA,NA,NA,NA,Open bottomland/floodplain,NA,Asteraceae,NA,NA
Boltonia_231,231,2-3-6,2011-2666-1,11B,1180069,United States,Illinois,Fulton,40.4925,-89.9022222,40.46699902833787, -89.9485498557629,NA,"Rice Lake, Maternal lines = 30, Seedheads = 90; 3 packets",2/29/24,3/6/24,4/12/24,NA,NA,7,12.4,NA,17.2,2.2,NA,2,A whole datasheet was left blank.,NA,NA,NA,NA,NA,NA,NA,NA,NA,NA,NA,NA,NA,NA,NA,NA,NA,NA,NA,NA,NA,NA,NA,NA,NA,NA,NA,NA,NA,NA,NA,NA,NA,NA,NA,NA,NA,NA,NA,NA,NA,NA,NA,NA,NA,NA,NA,NA,NA,NA,NA,NA,NA,NA,NA,NA,NA,NA,NA,NA,NA,NA,NA,NA,NA,NA,NA,NA,NA,NA,NA,NA,NA,NA,NA,NA,NA,NA,NA,NA,NA,NA,NA,NA,NA,NA,NA,NA,NA,NA,NA,NA,NA,NA,NA,NA,NA,NA,NA,NA,NA,NA,NA,0,0,0,NA,NA,NA,NA,NA,NA,13,NA,41,NA,NA,NA,NA,NA,NA,NA,NA,NA,NA,NA,NA,NA,NA,NA,NA,NA,NA,NA,NA,NA,NA,NA,NA,NA,NA,NA,NA,NA,NA,NA,NA,NA,NA,NA,NA,NA,NA,1,NA,3,2,5,2,1,2,2,2,4,5,4,0,NA,0,0,0,0,0,0,0,0,0,0,0,0,0,0,1999-5010-2,231,NA,NA,NA,NA,NA,NA,NA,NA,NA,NA,NA,NA,NA,NA,NA,NA,Y,NA,Y,Y,Y,Y,Y,Y,Y,Y,Y,Y,Y,Y,Y,Y,Y,Y,Y,Boltonia decurrens,MBG Seed Bank,CCSD Seed Bank Freezer,NA,2023-12-01T00:00:00Z,Dormant,8574,Seed,Missouri Botanical Garden,Wild,Shaw Nature Reserve,NA,Project specific use only,2011-12-01T00:00:00Z,90,Smith,s.n.,14 Oct 1999,NA,NA,NA,NA,Open bottomland/floodplain,NA,Asteraceae,NA,NA
Boltonia_232,232,7-4-12,2011-2650-1,6B,1180053,United States,Illinois,Woodford,40.8852777,-89.4583333,40.84668797480775, -89.0297386240063,NA,"Woodford County, Maternal lines = 30, Seedheads = 90; 6 packets",2/29/24,3/7/24,4/12/24,N,NA,1,7.3,NA,13.5,1.5,NA,2.4,A whole datasheet was left blank.,NA,NA,NA,NA,NA,NA,NA,NA,NA,NA,NA,NA,NA,NA,NA,NA,NA,4,8,0,7,5,8,7,8,8,12,8,8,8,10,26,26,28,30,33,NA,0,0,0,0,0,0,0,0,0,1,1,1,4,4,4,6,8,8,4,0,8,1,3,7,4,6,10,7,13,14,13,13,10,10,35,52,48,NA,0,0,0,3,4,4,5,8,7,7,5,4,4,0,2,1,4,4,7,9,11,8,11,8,9,6,3,0,6,8,9,3,5,16,6,6,6,10,NA,29,NA,0,0,0,0,0,0,0,1,1,0,3,3,0,4,4,2,0,0,0,0,2,4,3,3,2,7,3,3,1,3,1,8,9,9,8,2,0,0,NA,1,1,2,1,1,1,2,2,2,2,2,1,NA,1,1,1,1,1,1,1,1,1,1,1,1,1,1,1999-5362-2,232,1.8,NA,17.5,33.5,43.3,43.9,48.5,48.5,44.5,44.3,43.7,44.3,48.5,46,46,46,Y,NA,Y,Y,Y,Y,Y,Y,Y,Y,Y,Y,Y,Y,Y,Y,Y,Y,Y,Boltonia decurrens,MBG Seed Bank,CCSD Seed Bank Freezer,NA,2023-12-01T00:00:00Z,Dormant,8743,Seed,Missouri Botanical Garden,Wild,Shaw Nature Reserve,US-1-MO-2011-2650,Project specific use only,2011-12-01T00:00:00Z,90,Smith,s.n.,11 Nov 1999,NA,NA,NA,NA,Open bottomland/floodplain,NA,Asteraceae,NA,NA
Boltonia_233,233,8-1-4,2011-2623-1,14B,1180026,United States,Illinois,Hennepin,41.34414603458205,-89.55849691836283,41.34414603458205, -89.55849691836283,NA,"Hennepin Bridge, Maternal lines = 30, Seedheads = 90; 6 packets",2/29/24,3/8/24,4/12/24,NA,NA,0,10.1,NA,22.3,1.3,NA,1.7,A whole datasheet was left blank.,NA,NA,NA,NA,NA,NA,NA,NA,NA,NA,NA,NA,NA,NA,NA,NA,NA,NA,NA,NA,NA,NA,NA,NA,NA,NA,NA,NA,NA,NA,NA,NA,NA,NA,NA,NA,NA,NA,0,NA,NA,NA,NA,NA,NA,NA,NA,NA,NA,NA,NA,NA,NA,NA,NA,NA,NA,NA,NA,NA,NA,NA,NA,NA,NA,NA,NA,NA,NA,NA,NA,NA,NA,NA,NA,NA,0,NA,NA,NA,NA,NA,NA,NA,NA,NA,NA,NA,NA,NA,NA,NA,NA,NA,NA,NA,NA,NA,NA,NA,NA,NA,NA,0,0,NA,NA,NA,NA,NA,NA,NA,13,NA,18,NA,NA,0,NA,NA,NA,NA,NA,NA,NA,NA,NA,NA,NA,NA,NA,NA,NA,NA,NA,NA,NA,NA,NA,NA,NA,NA,NA,NA,NA,NA,NA,NA,NA,NA,NA,NA,NA,1,NA,0,1,1,1,1,1,1,1,1,1,1,0,NA,1,0,0,0,0,0,0,0,0,0,0,0,0,0,1999-5132-2,233,NA,NA,1,NA,NA,NA,NA,NA,NA,NA,NA,NA,NA,NA,NA,NA,Y,NA,Y,Y,Y,Y,Y,Y,Y,Y,Y,Y,Y,Y,Y,Y,Y,Y,Y,Boltonia decurrens,MBG Seed Bank,CCSD Seed Bank Freezer,NA,2023-12-01T00:00:00Z,Dormant,2883,Seed,Missouri Botanical Garden,Wild,Shaw Nature Reserve,NA,Project specific use only,2011-12-01T00:00:00Z,90,Smith,s.n.,11 Nov 1999,NA,NA,NA,NA,Open bottomland/floodplain,NA,Asteraceae,NA,NA
Boltonia_234,234,4-5-12,2011-2659-1,15A,1180062,United States,Illinois,Frederick,40.07116308939078,-90.42957195888599,40.07116308939078, -90.42957195888599,NA,"Frederick Landing, Maternal lines = 15, Seedheads = 44; 2 packets",2/29/24,3/6/24,4/12/24,NA,NA,0,10,NA,18,1.9,NA,1.9,A whole datasheet was left blank.,NA,NA,NA,NA,NA,NA,NA,NA,NA,NA,NA,NA,NA,NA,NA,NA,NA,NA,NA,NA,NA,NA,NA,NA,NA,NA,NA,NA,NA,NA,NA,NA,NA,NA,NA,NA,NA,NA,NA,0,NA,NA,NA,NA,NA,NA,NA,NA,NA,NA,NA,NA,NA,NA,NA,NA,NA,NA,NA,NA,NA,NA,NA,NA,NA,NA,NA,NA,NA,NA,NA,NA,NA,NA,NA,NA,NA,0,NA,NA,NA,NA,NA,NA,NA,NA,NA,NA,NA,NA,NA,NA,NA,NA,NA,NA,NA,NA,NA,NA,NA,NA,NA,0,0,NA,NA,NA,NA,NA,NA,NA,10,NA,16,NA,NA,NA,0,NA,NA,NA,NA,NA,NA,NA,NA,NA,NA,NA,NA,NA,NA,NA,NA,NA,NA,NA,NA,NA,NA,NA,NA,NA,NA,NA,NA,NA,NA,NA,NA,NA,NA,1,NA,1,1,1,1,1,1,1,1,1,1,2,0,NA,0,0,0,0,0,0,0,0,0,0,0,0,0,0,2011-5012-3,234,NA,NA,NA,NA,NA,NA,NA,NA,NA,NA,NA,NA,NA,NA,NA,NA,Y,NA,Y,Y,Y,Y,Y,Y,Y,Y,Y,Y,Y,Y,Y,Y,Y,Y,Y,Boltonia decurrens,MBG Seed Bank,CCSD Seed Bank Freezer,NA,2023-12-01T00:00:00Z,Dormant,4101,Seed,Missouri Botanical Garden,Wild,Shaw Nature Reserve,US-1-MO-2011-2659,Project specific use only,2011-12-01T00:00:00Z,44,Smith,s.n.,01 Dec 2011,NA,NA,NA,NA,Open bottomland/floodplain,NA,Asteraceae,NA,NA
Boltonia_235,235,3-1-3,2011-2675-1,15B,1180078,United States,Illinois,Schuyler,40.0672223,-90.4275,40.07010712467176, -90.42899627731745,NA,"Frederick Borrow Pit, Maternal lines = 30, Seedheads = 90; 3 packets",2/29/24,3/6/24,4/12/24,NA,NA,0,7,NA,18.7,1.2,NA,1.8,A whole datasheet was left blank.,NA,NA,NA,NA,NA,NA,NA,NA,NA,NA,NA,NA,NA,NA,NA,NA,NA,NA,NA,NA,NA,NA,NA,NA,NA,NA,NA,NA,NA,NA,NA,NA,NA,NA,NA,NA,NA,NA,NA,NA,NA,NA,NA,NA,NA,NA,NA,NA,NA,NA,NA,NA,NA,NA,NA,NA,NA,NA,NA,NA,NA,NA,NA,NA,NA,NA,NA,NA,NA,NA,NA,NA,NA,NA,NA,NA,NA,NA,NA,NA,NA,NA,NA,NA,NA,NA,NA,NA,NA,NA,NA,NA,NA,NA,NA,NA,NA,NA,NA,NA,NA,NA,NA,0,0,NA,NA,NA,NA,NA,NA,NA,8,NA,11,NA,NA,NA,NA,NA,NA,NA,NA,NA,NA,NA,NA,NA,NA,NA,NA,NA,NA,NA,NA,NA,NA,NA,NA,NA,NA,NA,NA,NA,NA,NA,NA,NA,NA,NA,NA,NA,NA,1,NA,1,1,1,1,1,1,1,1,1,1,1,0,NA,0,0,0,0,0,0,0,0,0,0,0,0,0,0,1999-5402-3,235,NA,NA,NA,NA,NA,NA,NA,NA,NA,NA,NA,NA,NA,NA,NA,NA,Y,NA,Y,Y,Y,Y,Y,Y,Y,Y,Y,Y,Y,Y,Y,Y,Y,Y,Y,Boltonia decurrens,MBG Seed Bank,CCSD Seed Bank Freezer,NA,2023-12-01T00:00:00Z,Dormant,8728,Seed,Missouri Botanical Garden,Wild,Shaw Nature Reserve,NA,Project specific use only,2011-12-01T00:00:00Z,90,Smith,s.n.,07 Oct 1999,NA,NA,NA,NA,Open bottomland/floodplain,NA,Asteraceae,NA,NA
Boltonia_236,236,2-5-3,2011-2638-1,20C,1180041,United States,Illinois,Scott,39.7852777,-90.5902777,39.786569766256626, -90.58910563509704,Smith Lake,NA,2/29/24,3/7/24,4/12/24,NA,NA,4,13.3,NA,24.7,1.7,NA,1.7,A whole datasheet was left blank.,NA,NA,NA,NA,NA,NA,NA,NA,NA,NA,NA,NA,NA,NA,NA,NA,NA,0,0,0,0,0,0,0,0,0,0,0,0,0,0,0,0,0,0,7,NA,NA,0,0,0,0,0,0,0,0,0,0,0,0,0,0,0,0,0,0,0,0,0,0,0,0,0,0,0,0,0,0,0,1,11,45,107,80,NA,NA,0,0,0,0,0,0,0,0,0,0,0,0,0,0,0,0,0,0,0,0,0,0,0,0,0,0,NA,0,0,0,0,0,0,0,0,5,10,NA,23,NA,NA,0,0,0,0,0,0,0,0,0,0,0,0,0,0,0,0,0,0,0,0,0,0,0,0,0,0,0,0,0,0,2,6,18,11,5,3,1,NA,3,0,0,0,0,0,0,0,0,0,0,0,NA,1,1,1,1,1,1,1,1,1,1,1,1,1,1,1998-5196-4,236,NA,NA,1.8,6.6,18.2,32.6,50,65.3,73.9,88.6,104.5,132,151.2,154.8,151.7,153.3,Y,NA,Y,Y,Y,Y,Y,Y,Y,Y,Y,Y,Y,Y,Y,Y,Y,Y,Y,Boltonia decurrens,MBG Seed Bank,CCSD Seed Bank Freezer,NA,2023-12-01T00:00:00Z,Dormant,7818,Seed,Missouri Botanical Garden,Wild,Shaw Nature Reserve,US-1-MO-2011-2638,Project specific use only,2011-12-01T00:00:00Z,81,Smith,s.n.,11 Nov 1998,Maternal Lines,NA,NA,NA,Open bottomland/floodplain,NA,Asteraceae,NA,NA
Boltonia_237,237,4-6-1,2011-2659-1,2A,1180062,United States,Illinois,Frederick,40.07116308939078,-90.42957195888599,40.07116308939078, -90.42957195888599,NA,"Frederick Landing, Maternal lines = 15, Seedheads = 44; 2 packets",2/29/24,3/16/24,4/12/24,NA,NA,0,14.5,NA,27.8,1.6,NA,2.5,A whole datasheet was left blank.,NA,Stem growing sideways,NA,Abnormal stem,NA,NA,NA,NA,NA,NA,NA,NA,NA,One lateral branch removed,NA,NA,NA,0,0,0,0,0,0,0,0,0,0,0,0,0,0,4,4,6,6,12,NA,0,0,0,0,0,0,0,0,0,0,0,0,0,0,0,0,0,0,0,0,0,0,0,0,0,0,0,0,0,1,2,5,13,69,97,110,108,NA,0,0,0,0,0,0,0,0,0,0,0,0,0,0,0,0,0,0,0,0,0,0,1,2,2,4,4,NA,0,0,0,0,0,0,12,14,14,11,NA,15,NA,0,0,0,0,0,0,0,0,0,0,0,0,0,0,0,0,0,0,0,0,0,0,0,0,0,0,0,1,1,2,1,24,43,50,5,0,0,1,NA,0,0,0,0,0,0,0,0,0,0,0,0,NA,1,1,1,1,1,1,1,1,1,1,1,1,1,1,2011-5001-2,237,NA,NA,2.6,8.6,19.5,29.4,46.9,56,70.6,84.5,89.2,89.8,90,93.7,91.9,91.9,Y,NA,Y,Y,Y,Y,Y,Y,Y,Y,Y,Y,Y,Y,Y,Y,Y,Y,Y,Boltonia decurrens,MBG Seed Bank,CCSD Seed Bank Freezer,NA,2023-12-01T00:00:00Z,Dormant,4101,Seed,Missouri Botanical Garden,Wild,Shaw Nature Reserve,US-1-MO-2011-2659,Project specific use only,2011-12-01T00:00:00Z,44,Smith,s.n.,01 Dec 2011,NA,NA,NA,NA,Open bottomland/floodplain,NA,Asteraceae,NA,NA
Boltonia_238,238,1-4-10,2011-2659-1,5A,1180062,United States,Illinois,Frederick,40.07116308939078,-90.42957195888599,40.07116308939078, -90.42957195888599,NA,"Frederick Landing, Maternal lines = 15, Seedheads = 44; 2 packets",2/28/24,3/18/24,4/12/24,NA,NA,3,7.8,NA,21,1.4,NA,1.8,A whole datasheet was left blank.,NA,NA,NA,NA,NA,NA,NA,NA,NA,NA,NA,NA,NA,NA,NA,NA,NA,NA,NA,NA,NA,NA,NA,NA,NA,NA,NA,NA,NA,NA,NA,NA,NA,NA,NA,NA,NA,NA,NA,NA,NA,NA,NA,NA,NA,NA,NA,NA,NA,NA,NA,NA,NA,NA,NA,NA,NA,NA,NA,NA,NA,NA,NA,NA,NA,NA,NA,NA,NA,NA,NA,NA,NA,NA,NA,NA,NA,NA,NA,NA,NA,NA,NA,NA,NA,NA,NA,NA,NA,NA,NA,NA,NA,NA,NA,NA,NA,NA,NA,NA,NA,NA,NA,0,0,NA,NA,NA,NA,NA,NA,NA,8,NA,13,NA,NA,NA,NA,NA,NA,NA,NA,NA,NA,NA,NA,NA,NA,NA,NA,NA,NA,NA,NA,NA,NA,NA,NA,NA,NA,NA,NA,NA,NA,NA,NA,NA,NA,NA,NA,NA,NA,1,NA,1,1,1,1,1,1,2,2,2,2,4,0,NA,0,0,0,0,0,0,0,0,0,0,0,0,0,0,2011-5004-2,238,NA,NA,NA,NA,NA,NA,NA,NA,NA,NA,NA,NA,NA,NA,NA,NA,Y,NA,Y,Y,Y,Y,Y,Y,Y,Y,Y,Y,Y,Y,Y,Y,Y,Y,Y,Boltonia decurrens,MBG Seed Bank,CCSD Seed Bank Freezer,NA,2023-12-01T00:00:00Z,Dormant,4101,Seed,Missouri Botanical Garden,Wild,Shaw Nature Reserve,US-1-MO-2011-2659,Project specific use only,2011-12-01T00:00:00Z,44,Smith,s.n.,01 Dec 2011,NA,NA,NA,NA,Open bottomland/floodplain,NA,Asteraceae,NA,NA
Boltonia_239,239,8-2-7,2011-2659-1,11A,1180062,United States,Illinois,Frederick,40.07116308939078,-90.42957195888599,40.07116308939078, -90.42957195888599,NA,"Frederick Landing, Maternal lines = 15, Seedheads = 44; 2 packets",2/29/24,3/7/24,4/12/24,NA,NA,0,12.1,NA,20.7,2.1,NA,2,A whole datasheet was left blank.,NA,NA,NA,NA,NA,NA,NA,NA,NA,NA,NA,NA,NA,NA,NA,NA,NA,NA,NA,NA,NA,NA,NA,NA,NA,NA,NA,NA,NA,NA,NA,NA,NA,NA,NA,NA,NA,NA,NA,NA,NA,NA,NA,NA,NA,NA,NA,NA,NA,NA,NA,NA,NA,NA,NA,NA,NA,NA,NA,NA,NA,NA,NA,NA,NA,NA,NA,NA,NA,NA,NA,NA,NA,NA,NA,NA,NA,NA,NA,NA,NA,NA,NA,NA,NA,NA,NA,NA,NA,NA,NA,NA,NA,NA,NA,NA,NA,NA,NA,NA,NA,NA,NA,0,0,NA,NA,NA,NA,NA,NA,NA,9,NA,14,NA,NA,NA,NA,NA,NA,NA,NA,NA,NA,NA,NA,NA,NA,NA,NA,NA,NA,NA,NA,NA,NA,NA,NA,NA,NA,NA,NA,NA,NA,NA,NA,NA,NA,NA,NA,NA,NA,1,NA,1,1,1,1,1,1,1,1,1,1,1,0,NA,0,0,0,0,0,0,0,0,0,0,0,0,0,0,2011-5009-3,239,NA,NA,NA,NA,NA,NA,NA,NA,NA,NA,NA,NA,NA,NA,NA,NA,Y,NA,Y,Y,Y,Y,Y,Y,Y,Y,Y,Y,Y,Y,Y,Y,Y,Y,Y,Boltonia decurrens,MBG Seed Bank,CCSD Seed Bank Freezer,NA,2023-12-01T00:00:00Z,Dormant,4101,Seed,Missouri Botanical Garden,Wild,Shaw Nature Reserve,US-1-MO-2011-2659,Project specific use only,2011-12-01T00:00:00Z,44,Smith,s.n.,01 Dec 2011,NA,NA,NA,NA,Open bottomland/floodplain,NA,Asteraceae,NA,NA
Boltonia_240,240,3-5-8,2011-2661-1,2A,1180064,United States,Illinois,Tazewell,40.69584983597212,-89.54394792156027,40.69584983597212, -89.54394792156027,NA,"Cooper park South, Maternal lines = 43, Seedheads = 73; 4 packets",2/29/24,3/6/24,4/12/24,NA,NA,0,6.4,NA,14.3,0.9,NA,2.1,A whole datasheet was left blank.,NA,NA,NA,NA,NA,NA,NA,NA,NA,NA,NA,NA,NA,NA,NA,NA,NA,0,3,0,3,1,3,3,4,2,7,5,7,6,8,35,8,38,37,27,NA,0,0,0,0,0,0,0,0,0,0,0,0,1,1,2,3,4,5,6,3,6,4,6,4,4,7,7,7,10,18,21,32,10,52,50,67,96,NA,0,0,0,0,0,1,2,5,5,4,5,5,3,2,2,2,3,0,2,3,7,6,8,7,9,7,7,NA,0,3,3,3,3,11,6,7,7,6,NA,19,NA,0,0,0,0,0,0,0,0,0,0,1,1,2,3,3,2,2,2,1,1,1,0,0,4,3,7,6,4,4,8,7,12,6,15,10,13,0,1,NA,3,2,3,2,1,2,3,2,2,2,2,0,NA,1,1,1,1,1,1,1,1,1,1,1,1,1,1,2000-5126-2,240,NA,NA,9.4,21.8,35.2,44.4,45.7,45.8,45.4,45.4,45.3,45,45.4,45.4,45.4,45.4,Y,NA,Y,Y,Y,Y,Y,Y,Y,Y,Y,Y,Y,Y,Y,Y,Y,Y,Y,Boltonia decurrens,MBG Seed Bank,CCSD Seed Bank Freezer,NA,2023-12-01T00:00:00Z,Dormant,6976,Seed,Missouri Botanical Garden,Wild,Shaw Nature Reserve,NA,Project specific use only,2011-12-01T00:00:00Z,73,Smith,s.n.,01 Oct 2000,NA,NA,NA,NA,Open bottomland/floodplain,NA,Asteraceae,NA,NA
Boltonia_241,241,2-4-3,2011-2666-1,18A,1180069,United States,Illinois,Fulton,40.4925,-89.9022222,40.46699902833787, -89.9485498557629,NA,"Rice Lake, Maternal lines = 30, Seedheads = 90; 3 packets",2/29/24,3/7/24,4/12/24,NA,NA,1,11.7,NA,19,2.1,NA,1.9,A whole datasheet was left blank.,NA,NA,NA,NA,NA,NA,NA,NA,NA,NA,NA,NA,NA,NA,NA,NA,NA,NA,NA,NA,NA,NA,NA,NA,NA,NA,NA,NA,NA,NA,NA,NA,NA,NA,NA,NA,NA,0,0,NA,NA,NA,NA,NA,NA,NA,NA,NA,NA,NA,NA,NA,NA,NA,NA,NA,NA,NA,NA,NA,NA,NA,NA,NA,NA,NA,NA,NA,NA,NA,NA,NA,NA,NA,NA,0,0,NA,NA,NA,NA,NA,NA,NA,NA,NA,NA,NA,NA,NA,NA,NA,NA,NA,NA,NA,NA,NA,NA,NA,NA,NA,NA,0,0,NA,NA,NA,NA,NA,NA,NA,11,NA,23,NA,0,0,NA,NA,NA,NA,NA,NA,NA,NA,NA,NA,NA,NA,NA,NA,NA,NA,NA,NA,NA,NA,NA,NA,NA,NA,NA,NA,NA,NA,NA,NA,NA,NA,NA,NA,NA,1,NA,2,2,2,2,2,1,2,2,2,3,3,0,NA,1,0,0,0,0,0,0,0,0,0,0,0,0,0,1999-5017-4,241,NA,NA,0.8,NA,NA,NA,NA,NA,NA,NA,NA,NA,NA,NA,NA,NA,Y,NA,Y,Y,Y,Y,Y,Y,Y,Y,Y,Y,Y,Y,Y,Y,Y,Y,Y,Boltonia decurrens,MBG Seed Bank,CCSD Seed Bank Freezer,NA,2023-12-01T00:00:00Z,Dormant,8574,Seed,Missouri Botanical Garden,Wild,Shaw Nature Reserve,NA,Project specific use only,2011-12-01T00:00:00Z,90,Smith,s.n.,14 Oct 1999,NA,NA,NA,NA,Open bottomland/floodplain,NA,Asteraceae,NA,NA
Boltonia_242,242,7-4-10,2011-2659-1,9A,1180062,United States,Illinois,Frederick,40.07116308939078,-90.42957195888599,40.07116308939078, -90.42957195888599,NA,"Frederick Landing, Maternal lines = 15, Seedheads = 44; 2 packets",2/29/24,3/5/24,4/12/24,NA,NA,0,4.8,NA,15.3,1.1,NA,2.2,A whole datasheet was left blank.,NA,NA,NA,NA,NA,NA,NA,NA,NA,NA,NA,NA,NA,NA,NA,NA,NA,0,0,0,0,0,0,0,0,0,2,0,0,0,0,15,19,16,19,23,NA,0,0,0,0,0,0,0,0,0,0,0,0,0,0,0,0,0,0,0,0,0,0,0,2,2,3,4,2,5,8,12,12,13,27,68,70,85,NA,0,0,0,0,0,0,0,0,0,0,0,0,0,0,0,0,3,4,4,5,6,4,4,5,6,4,6,NA,0,0,0,0,0,8,8,8,8,6,NA,13,NA,0,0,0,0,0,0,0,0,0,0,0,0,0,0,0,0,0,0,0,0,0,1,1,3,1,4,0,4,3,4,3,11,21,34,8,3,0,1,NA,2,0,0,0,0,0,0,0,1,1,1,0,NA,1,1,1,1,1,1,1,1,1,1,1,1,1,1,2011-5007-3,242,NA,NA,8.9,21.3,33.9,42.8,55.7,73,83.7,86.3,84.4,54.4,84.1,86.7,77.4,77.4,Y,NA,Y,Y,Y,Y,Y,Y,Y,Y,Y,Y,Y,Y,Y,Y,Y,Y,Y,Boltonia decurrens,MBG Seed Bank,CCSD Seed Bank Freezer,NA,2023-12-01T00:00:00Z,Dormant,4101,Seed,Missouri Botanical Garden,Wild,Shaw Nature Reserve,US-1-MO-2011-2659,Project specific use only,2011-12-01T00:00:00Z,44,Smith,s.n.,01 Dec 2011,NA,NA,NA,NA,Open bottomland/floodplain,NA,Asteraceae,NA,NA
Boltonia_243,243,6-1-5,2011-2666-1,7B,1180069,United States,Illinois,Fulton,40.4925,-89.9022222,40.46699902833787, -89.9485498557629,NA,"Rice Lake, Maternal lines = 30, Seedheads = 90; 3 packets",2/29/24,3/6/24,4/12/24,Y,NA,8,10.8,NA,17.6,1.7,NA,1.9,A whole datasheet was left blank.,NA,NA,All discs are senesced,NA,NA,Primary stem not the tallest,NA,NA,NA,NA,NA,NA,NA,NA,NA,NA,NA,5,10,5,10,9,10,10,10,10,8,9,11,10,9,24,25,76,22,83,0,1,1,2,3,3,5,4,5,5,5,5,5,5,1,1,8,7,9,5,0,5,0,0,0,0,2,3,3,6,4,15,25,24,34,46,118,43,1,2,1,2,0,0,2,5,7,6,3,8,7,2,3,4,4,10,7,17,7,13,8,14,10,8,13,9,1,7,8,7,6,7,7,6,6,7,51,NA,82,2,2,2,3,2,2,0,1,0,0,0,0,0,4,2,3,1,2,1,0,0,0,0,0,3,3,4,3,6,3,0,5,12,37,45,10,3,0,5,NA,2,1,1,0,0,0,1,1,1,1,1,1,NA,3,4,4,3,3,3,3,3,3,3,3,3,3,3,1999-5006-4,243,11.8,NA,18.2,17.8,18,18.3,18.9,NA,18,17.1,17.6,17.1,18,18,18,18,Y,NA,Y,Y,Y,Y,Y,Y,Y,Y,Y,Y,Y,Y,Y,Y,Y,Y,Y,Boltonia decurrens,MBG Seed Bank,CCSD Seed Bank Freezer,NA,2023-12-01T00:00:00Z,Dormant,8574,Seed,Missouri Botanical Garden,Wild,Shaw Nature Reserve,NA,Project specific use only,2011-12-01T00:00:00Z,90,Smith,s.n.,14 Oct 1999,NA,NA,NA,NA,Open bottomland/floodplain,NA,Asteraceae,NA,NA
Boltonia_244,244,8-5-1,2011-2620-1,12B,1180023,United States,Illinois,Morgan,39.8672223,-90.5533333,39.87546015928839, -90.55308508241013,NA,"Meredosia Lake, Maternal lines = 30, Seedheads = 90; 5 packets",2/29/24,3/8/24,4/12/24,NA,NA,0,8.7,NA,15.7,1.7,NA,1.1,A whole datasheet was left blank.,NA,NA,NA,NA,NA,NA,NA,NA,NA,NA,NA,NA,NA,NA,NA,NA,NA,NA,NA,NA,NA,NA,NA,NA,NA,NA,NA,NA,NA,NA,NA,NA,NA,NA,NA,NA,NA,NA,NA,NA,NA,NA,NA,NA,NA,NA,NA,NA,NA,NA,NA,NA,NA,NA,NA,NA,NA,NA,NA,NA,NA,NA,NA,NA,NA,NA,NA,NA,NA,NA,NA,NA,NA,NA,NA,NA,NA,NA,NA,NA,NA,NA,NA,NA,NA,NA,NA,NA,NA,NA,NA,NA,NA,NA,NA,NA,NA,NA,NA,NA,NA,NA,NA,0,0,NA,NA,NA,NA,NA,NA,NA,11,NA,17,NA,NA,NA,NA,NA,NA,NA,NA,NA,NA,NA,NA,NA,NA,NA,NA,NA,NA,NA,NA,NA,NA,NA,NA,NA,NA,NA,NA,NA,NA,NA,NA,NA,NA,NA,NA,NA,NA,1,NA,1,1,1,1,1,1,1,1,4,4,4,0,NA,0,0,0,0,0,0,0,0,0,0,0,0,0,0,1999-5099-2,244,NA,NA,NA,NA,NA,NA,NA,NA,NA,NA,NA,NA,NA,NA,NA,NA,Y,NA,Y,Y,Y,Y,Y,Y,Y,Y,Y,Y,Y,Y,Y,Y,Y,Y,Y,Boltonia decurrens,MBG Seed Bank,CCSD Seed Bank Freezer,NA,2023-12-01T00:00:00Z,Dormant,8756,Seed,Missouri Botanical Garden,Wild,Shaw Nature Reserve,NA,Project specific use only,2011-12-01T00:00:00Z,90,Smith,s.n.,07 Oct 1999,NA,NA,NA,NA,Open bottomland/floodplain,NA,Asteraceae,NA,NA
Boltonia_245,245,10-5-2,2011-2620-1,27A,1180023,United States,Illinois,Morgan,39.8672223,-90.5533333,39.87546015928839, -90.55308508241013,NA,"Meredosia Lake, Maternal lines = 30, Seedheads = 90; 5 packets",3/1/24,3/9/24,4/12/24,NA,NA,0,6.7,NA,10.3,1.2,NA,1.4,A whole datasheet was left blank.,NA,NA,NA,NA,NA,NA,NA,NA,NA,NA,NA,NA,NA,NA,NA,NA,NA,NA,NA,NA,NA,NA,NA,NA,NA,NA,NA,NA,NA,NA,NA,NA,NA,NA,NA,NA,NA,NA,NA,NA,NA,NA,NA,NA,NA,NA,NA,NA,NA,NA,NA,NA,NA,NA,NA,NA,NA,NA,NA,NA,NA,NA,NA,NA,NA,NA,NA,NA,NA,NA,NA,NA,NA,NA,NA,NA,NA,NA,NA,NA,NA,NA,NA,NA,NA,NA,NA,NA,NA,NA,NA,NA,NA,NA,NA,NA,NA,NA,NA,NA,NA,NA,NA,0,0,NA,NA,NA,NA,NA,NA,NA,9,NA,14,NA,NA,NA,NA,NA,NA,NA,NA,NA,NA,NA,NA,NA,NA,NA,NA,NA,NA,NA,NA,NA,NA,NA,NA,NA,NA,NA,NA,NA,NA,NA,NA,NA,NA,NA,NA,NA,NA,1,NA,1,1,1,1,1,1,1,1,1,1,1,0,NA,0,0,0,0,0,0,0,0,0,0,0,0,0,0,1999-5114-2,245,NA,NA,NA,NA,NA,NA,NA,NA,NA,NA,NA,NA,NA,NA,NA,NA,Y,NA,Y,Y,Y,Y,Y,Y,Y,Y,Y,Y,Y,Y,Y,Y,Y,Y,Y,Boltonia decurrens,MBG Seed Bank,CCSD Seed Bank Freezer,NA,2023-12-01T00:00:00Z,Dormant,8756,Seed,Missouri Botanical Garden,Wild,Shaw Nature Reserve,NA,Project specific use only,2011-12-01T00:00:00Z,90,Smith,s.n.,07 Oct 1999,NA,NA,NA,NA,Open bottomland/floodplain,NA,Asteraceae,NA,NA
Boltonia_246,246,3-2-2,2011-2613-1,29A,1180016,United States,Illinois,Fulton,40.2047222,-90.1994444,40.20813714639404, -90.18724497777134,NA,"Anderson Lake, Maternal lines = 30, Seedheads = 61; 2 packets",2/29/24,3/8/24,4/12/24,N,NA,4,12.2,NA,21.5,1.1,NA,2.1,A whole datasheet was left blank.,NA,Primary rosette is not a stem,NA,NA,NA,NA,NA,NA,NA,NA,NA,NA,NA,NA,NA,NA,NA,0,0,0,0,0,0,0,0,0,0,0,0,0,0,1,1,9,11,9,NA,NA,0,0,NA,0,NA,0,0,0,0,0,0,0,0,0,0,0,0,0,0,0,0,0,0,0,0,0,0,0,0,0,1,3,7,20,42,63,NA,NA,0,0,NA,0,NA,0,0,0,0,0,0,0,0,0,0,0,0,0,0,0,0,0,0,0,0,0,0,0,0,0,0,0,0,0,0,4,10,NA,25,NA,NA,0,0,NA,0,NA,0,0,0,0,0,0,0,0,0,0,0,0,0,0,0,0,0,0,0,0,0,0,0,1,1,1,7,15,17,8,5,0,NA,2,2,2,2,1,2,2,2,2,2,2,1,NA,1,1,1,1,1,1,1,1,1,1,1,1,1,1,2000-5028-2,246,0.5,NA,2,3.9,NA,19.3,33.4,41.4,47.8,58,68.5,100.8,111.8,113.5,113.4,113.5,Y,NA,Y,Y,Y,Y,Y,Y,Y,Y,Y,Y,Y,Y,Y,Y,Y,Y,Y,Boltonia decurrens,MBG Seed Bank,CCSD Seed Bank Freezer,NA,2023-12-01T00:00:00Z,Dormant,5913,Seed,Missouri Botanical Garden,Wild,Shaw Nature Reserve,NA,Project specific use only,2011-12-01T00:00:00Z,61,Smith,s.n.,01 Oct 2000,NA,NA,NA,NA,Open bottomland/floodplain,NA,Asteraceae,NA,NA
Boltonia_247,247,3-2-12,2011-2635-1,28,1180038,United States,Illinois,Alton,38.86501904919102,-90.22302347588696,38.86501904919102, -90.22302347588696,NA,"West Alton, Maternal lines = 32, Seedheads = 32; 2 packets",2/29/24,3/6/24,4/12/24,NA,NA,0,8.2,NA,16,1.1,NA,2.3,A whole datasheet was left blank.,NA,NA,NA,NA,NA,NA,NA,NA,NA,NA,NA,NA,NA,NA,NA,NA,NA,NA,NA,NA,NA,NA,NA,NA,NA,NA,NA,NA,NA,NA,NA,NA,NA,NA,NA,NA,NA,NA,NA,NA,NA,NA,NA,NA,NA,NA,NA,NA,NA,NA,NA,NA,NA,NA,NA,NA,NA,NA,NA,NA,NA,NA,NA,NA,NA,NA,NA,NA,NA,NA,NA,NA,NA,NA,NA,NA,NA,NA,NA,NA,NA,NA,NA,NA,NA,NA,NA,NA,NA,NA,NA,NA,NA,NA,NA,NA,NA,NA,NA,NA,NA,NA,NA,0,0,NA,NA,NA,NA,NA,NA,NA,10,NA,12,NA,NA,NA,NA,NA,NA,NA,NA,NA,NA,NA,NA,NA,NA,NA,NA,NA,NA,NA,NA,NA,NA,NA,NA,NA,NA,NA,NA,NA,NA,NA,NA,NA,NA,NA,NA,NA,NA,1,NA,1,1,1,1,1,1,1,1,1,1,2,0,NA,0,0,0,0,0,0,0,0,0,0,0,0,0,0,1999-5232-3,247,NA,NA,NA,NA,NA,NA,NA,NA,NA,NA,NA,NA,NA,NA,NA,NA,Y,NA,Y,Y,Y,Y,Y,Y,Y,Y,Y,Y,Y,Y,Y,Y,Y,Y,Y,Boltonia decurrens,MBG Seed Bank,CCSD Seed Bank Freezer,NA,2023-12-01T00:00:00Z,Dormant,2831,Seed,Missouri Botanical Garden,Wild,Shaw Nature Reserve,NA,Project specific use only,2011-12-01T00:00:00Z,32,Smith,s.n.,07 Nov 1999,NA,NA,NA,NA,Open bottomland/floodplain,NA,Asteraceae,NA,NA
Boltonia_248,248,8-4-1,2011-2635-1,26,1180038,United States,Illinois,Alton,38.86501904919102,-90.22302347588696,38.86501904919102, -90.22302347588696,NA,"West Alton, Maternal lines = 32, Seedheads = 32; 2 packets",2/29/24,3/18/24,4/12/24,NA,NA,0,5.6,NA,15.3,1.7,NA,1.7,A whole datasheet was left blank.,NA,NA,NA,NA,NA,NA,NA,NA,NA,NA,NA,NA,NA,NA,NA,NA,NA,NA,NA,NA,NA,NA,NA,NA,NA,NA,NA,NA,NA,NA,NA,NA,NA,NA,NA,NA,NA,NA,NA,NA,NA,NA,NA,NA,NA,NA,NA,NA,NA,NA,NA,NA,NA,NA,NA,NA,NA,NA,NA,NA,NA,NA,NA,NA,NA,NA,NA,NA,NA,NA,NA,NA,NA,NA,NA,NA,NA,NA,NA,NA,NA,NA,NA,NA,NA,NA,NA,NA,NA,NA,NA,NA,NA,NA,NA,NA,NA,NA,NA,NA,NA,NA,NA,0,0,NA,NA,NA,NA,NA,NA,NA,7,NA,11,NA,NA,NA,NA,NA,NA,NA,NA,NA,NA,NA,NA,NA,NA,NA,NA,NA,NA,NA,NA,NA,NA,NA,NA,NA,NA,NA,NA,NA,NA,NA,NA,NA,NA,NA,NA,NA,NA,1,NA,1,1,1,1,1,1,1,1,1,1,2,0,NA,0,0,0,0,0,0,0,0,0,0,0,0,0,0,1999-5230-2,248,NA,NA,NA,NA,NA,NA,NA,NA,NA,NA,NA,NA,NA,NA,NA,NA,Y,NA,Y,Y,Y,Y,Y,Y,Y,Y,Y,Y,Y,Y,Y,Y,Y,Y,Y,Boltonia decurrens,MBG Seed Bank,CCSD Seed Bank Freezer,NA,2023-12-01T00:00:00Z,Dormant,2831,Seed,Missouri Botanical Garden,Wild,Shaw Nature Reserve,NA,Project specific use only,2011-12-01T00:00:00Z,32,Smith,s.n.,07 Nov 1999,NA,NA,NA,NA,Open bottomland/floodplain,NA,Asteraceae,NA,NA
Boltonia_249,249,10-3-1,2011-2661-1,23A,1180064,United States,Illinois,Tazewell,40.69584983597212,-89.54394792156027,40.69584983597212, -89.54394792156027,NA,"Cooper park South, Maternal lines = 43, Seedheads = 73; 4 packets",3/1/24,3/12/24,4/12/24,NA,NA,0,10,NA,20.9,1.5,NA,2.2,A whole datasheet was left blank.,NA,NA,NA,NA,NA,Twisted stem,Corkscrew stem,NA,NA,NA,NA,NA,NA,NA,NA,NA,NA,NA,0,0,0,0,0,0,0,0,0,0,0,0,0,3,3,16,12,26,NA,NA,NA,NA,NA,NA,NA,NA,NA,NA,NA,NA,0,NA,NA,NA,0,NA,0,NA,0,0,0,0,0,0,0,0,0,0,0,1,3,6,9,23,63,53,NA,NA,NA,NA,NA,NA,NA,NA,NA,NA,NA,NA,0,NA,NA,NA,0,NA,0,NA,0,0,0,0,0,0,0,0,NA,0,0,NA,NA,NA,0,0,0,4,10,NA,13,NA,NA,NA,NA,NA,NA,NA,NA,NA,NA,NA,NA,0,NA,NA,NA,0,NA,0,NA,0,0,0,0,0,0,0,0,0,0,2,1,2,8,10,32,5,0,1,NA,1,1,1,2,1,1,0,1,0,1,1,0,NA,0,0,0,0,0,0,1,1,1,1,1,1,1,1,2000-5147-3,249,NA,NA,NA,NA,NA,NA,NA,NA,1.4,NA,3.3,40.1,52.8,54,53.4,53.4,Y,NA,Y,Y,Y,Y,Y,Y,Y,Y,Y,Y,Y,Y,Y,Y,Y,Y,Y,Boltonia decurrens,MBG Seed Bank,CCSD Seed Bank Freezer,NA,2023-12-01T00:00:00Z,Dormant,6976,Seed,Missouri Botanical Garden,Wild,Shaw Nature Reserve,NA,Project specific use only,2011-12-01T00:00:00Z,73,Smith,s.n.,01 Oct 2000,NA,NA,NA,NA,Open bottomland/floodplain,NA,Asteraceae,NA,NA
Boltonia_250,250,8-5-7,2011-2598-1,S6B,1180001,United States,Illinois,Jersey,38.961398423802066,-90.51481032460987,38.961398423802066, -90.51481032460987,NA,"Gilbert Lake, Maternal lines = 32, Seedheads = 98; 6 packets",2/29/24,3/6/24,4/12/24,N,NA,5,12,NA,13.5,1.9,NA,1.6,A whole datasheet was left blank.,NA,NA,NA,NA,NA,Primary stem not the tallest,NA,NA,NA,NA,NA,NA,NA,NA,NA,NA,NA,1,4,1,4,3,3,3,6,7,10,8,8,9,10,18,19,29,26,32,NA,0,0,0,0,0,0,1,1,1,2,2,3,3,3,4,4,4,7,6,3,7,4,5,5,5,3,4,1,3,6,6,9,8,11,27,61,81,NA,0,1,3,3,2,2,2,4,4,1,3,4,3,3,1,1,3,3,6,5,7,7,6,4,3,7,9,0,3,5,4,2,4,7,8,7,7,24,NA,49,NA,0,0,0,0,1,1,1,1,2,1,1,0,2,2,3,3,3,0,1,1,0,1,1,1,1,1,0,2,3,2,2,4,6,8,32,8,0,0,NA,3,0,0,0,0,0,0,1,0,1,1,1,NA,2,2,2,2,2,2,2,2,4,2,2,1,3,1,1997-5095-3,250,4.4,NA,20.9,37.2,42.2,42.6,42.2,54.5,42.6,42.6,42.6,42.6,42.6,43.8,43.8,43.8,Y,NA,Y,Y,Y,Y,Y,Y,Y,Y,Y,Y,Y,Y,Y,Y,Y,Y,Y,Boltonia decurrens,MBG Seed Bank,CCSD Seed Bank Freezer,NA,2023-12-01T00:00:00Z,Dormant,9628,Seed,Missouri Botanical Garden,Wild,Shaw Nature Reserve,NA,Project specific use only,2011-12-01T00:00:00Z,98,Smith,s.n.,08 Nov 1997,NA,NA,NA,NA,Open bottomland/floodplain,NA,Asteraceae,NA,NA
Boltonia_251,251,12-5-3,2011-2638-1,17A,1180041,United States,Illinois,Scott,39.7852777,-90.5902777,39.786569766256626, -90.58910563509704,Smith Lake,NA,3/1/24,3/8/24,4/12/24,NA,NA,0,10.7,NA,17.6,1.5,NA,1.3,A whole datasheet was left blank.,NA,NA,NA,NA,NA,NA,NA,NA,NA,NA,NA,NA,NA,NA,NA,NA,NA,NA,NA,NA,NA,NA,0,0,NA,0,0,0,0,0,0,0,0,0,0,0,NA,NA,NA,NA,NA,NA,NA,NA,NA,NA,NA,NA,NA,NA,NA,NA,NA,NA,NA,NA,NA,NA,NA,NA,0,0,NA,0,0,0,0,0,0,0,0,1,12,83,NA,NA,NA,NA,NA,NA,NA,NA,NA,NA,NA,NA,NA,NA,NA,NA,NA,NA,NA,NA,NA,NA,NA,NA,0,0,NA,0,NA,0,0,NA,NA,NA,NA,NA,0,0,12,NA,19,NA,NA,NA,NA,NA,NA,NA,NA,NA,NA,NA,NA,NA,NA,NA,NA,NA,NA,NA,NA,NA,NA,NA,NA,0,0,NA,0,0,0,0,0,0,0,0,10,20,0,1,NA,3,1,1,1,1,1,1,1,0,0,1,0,NA,0,0,0,0,0,0,0,0,1,1,1,1,1,1,1998-5193-2,251,NA,NA,NA,NA,NA,NA,NA,NA,NA,NA,1.2,9.8,36.4,90.4,98.3,98.5,Y,NA,Y,Y,Y,Y,Y,Y,Y,Y,Y,Y,Y,Y,Y,Y,Y,Y,Y,Boltonia decurrens,MBG Seed Bank,CCSD Seed Bank Freezer,NA,2023-12-01T00:00:00Z,Dormant,7818,Seed,Missouri Botanical Garden,Wild,Shaw Nature Reserve,US-1-MO-2011-2638,Project specific use only,2011-12-01T00:00:00Z,81,Smith,s.n.,11 Nov 1998,Maternal Lines,NA,NA,NA,Open bottomland/floodplain,NA,Asteraceae,NA,NA
Boltonia_252,252,6-6-4,2011-2636-1,10,1180039,United States,Illinois,Cass,40.010555600000004,-90.4458333,40.0178975293398, -90.42445029519197,NA,"Beardstown, Maternal lines = 52, Seedheads = 53; 3 packets",2/29/24,3/7/24,4/12/24,NA,NA,0,9.2,NA,14.8,2,NA,2.1,A whole datasheet was left blank.,NA,NA,NA,NA,NA,NA,NA,NA,NA,NA,NA,NA,NA,NA,NA,NA,NA,NA,NA,NA,NA,NA,NA,NA,NA,NA,NA,NA,NA,NA,NA,NA,NA,NA,NA,NA,NA,NA,NA,NA,NA,NA,NA,NA,NA,NA,NA,NA,NA,NA,NA,NA,NA,NA,NA,NA,NA,NA,NA,NA,NA,NA,NA,NA,NA,NA,NA,NA,NA,NA,NA,NA,NA,NA,NA,NA,NA,NA,NA,NA,NA,NA,NA,NA,NA,NA,NA,NA,NA,NA,NA,NA,NA,NA,NA,NA,NA,NA,NA,NA,NA,NA,NA,0,0,NA,NA,NA,NA,NA,NA,NA,10,NA,15,NA,NA,NA,NA,NA,NA,NA,NA,NA,NA,NA,NA,NA,NA,NA,NA,NA,NA,NA,NA,NA,NA,NA,NA,NA,NA,NA,NA,NA,NA,NA,NA,NA,NA,NA,NA,NA,NA,1,NA,1,1,1,1,1,1,1,1,1,1,4,0,NA,0,0,0,0,0,0,0,0,0,0,0,0,0,0,1997-5329-2,252,NA,NA,NA,NA,NA,NA,NA,NA,NA,NA,NA,NA,NA,NA,NA,NA,Y,NA,Y,Y,Y,Y,Y,Y,Y,Y,Y,Y,Y,Y,Y,Y,Y,Y,Y,Boltonia decurrens,MBG Seed Bank,CCSD Seed Bank Freezer,NA,2023-12-01T00:00:00Z,Dormant,5079,Seed,Missouri Botanical Garden,Wild,Shaw Nature Reserve,NA,Project specific use only,2011-12-01T00:00:00Z,53,Smith,s.n.,21 Nov 1997,NA,NA,NA,NA,Open bottomland/floodplain,NA,Asteraceae,NA,NA
Boltonia_253,253,2-6-11,2011-2675-1,25A,1180078,United States,Illinois,Schuyler,40.0672223,-90.4275,40.07010712467176, -90.42899627731745,NA,"Frederick Borrow Pit, Maternal lines = 30, Seedheads = 90; 3 packets",2/29/24,3/7/24,4/12/24,NA,NA,4,12.9,20.7,25.6,1.1,2.5,2.4,NA,NA,NA,NA,NA,NA,NA,NA,NA,NA,NA,NA,NA,NA,NA,NA,NA,NA,NA,0,0,0,0,0,0,0,0,0,0,0,0,0,0,0,0,0,0,NA,NA,0,NA,NA,NA,NA,NA,NA,NA,NA,NA,NA,NA,NA,NA,0,NA,NA,NA,0,0,0,0,0,0,0,0,0,0,0,0,0,0,0,0,15,103,NA,NA,0,NA,NA,NA,NA,NA,NA,NA,NA,NA,NA,NA,NA,NA,0,NA,NA,NA,0,0,0,0,0,0,0,0,NA,0,0,NA,NA,NA,0,0,0,0,10,16,22,NA,NA,0,NA,NA,NA,NA,NA,NA,NA,NA,NA,NA,NA,NA,NA,0,NA,NA,NA,0,0,0,0,0,0,0,0,0,0,0,0,0,0,0,10,22,1,1,2,4,2,1,1,1,1,0,1,0,0,0,0,0,1,0,0,0,0,0,1,1,2,2,2,2,2,2,1999-5412-3,253,NA,NA,1.7,NA,NA,NA,NA,NA,1.5,11.7,14.7,50,82.8,125.7,149.5,148.6,Y,Y,Y,Y,Y,Y,Y,Y,Y,Y,Y,Y,Y,Y,Y,Y,Y,Y,Y,Boltonia decurrens,MBG Seed Bank,CCSD Seed Bank Freezer,NA,2023-12-01T00:00:00Z,Dormant,8728,Seed,Missouri Botanical Garden,Wild,Shaw Nature Reserve,NA,Project specific use only,2011-12-01T00:00:00Z,90,Smith,s.n.,07 Oct 1999,NA,NA,NA,NA,Open bottomland/floodplain,NA,Asteraceae,NA,NA
Boltonia_254,254,2-5-2,2011-2638-1,20C,1180041,United States,Illinois,Scott,39.7852777,-90.5902777,39.786569766256626, -90.58910563509704,Smith Lake,NA,2/29/24,3/7/24,4/12/24,NA,NA,0,7.7,11,16.7,1.8,1.8,2.1,NA,NA,NA,NA,NA,NA,NA,NA,NA,NA,NA,NA,NA,NA,NA,NA,NA,NA,NA,NA,NA,NA,NA,NA,NA,NA,NA,NA,NA,NA,NA,NA,NA,NA,NA,NA,NA,NA,NA,NA,NA,NA,NA,NA,NA,NA,NA,NA,NA,NA,NA,NA,NA,NA,NA,NA,NA,NA,NA,NA,NA,NA,NA,NA,NA,NA,NA,NA,NA,NA,NA,NA,NA,NA,NA,NA,NA,NA,NA,NA,NA,NA,NA,NA,NA,NA,NA,NA,NA,NA,NA,NA,NA,NA,NA,NA,NA,NA,NA,NA,NA,NA,NA,NA,0,0,NA,NA,NA,NA,NA,NA,NA,21,24,28,NA,NA,NA,NA,NA,NA,NA,NA,NA,NA,NA,NA,NA,NA,NA,NA,NA,NA,NA,NA,NA,NA,NA,NA,NA,NA,NA,NA,NA,NA,NA,NA,NA,NA,NA,NA,NA,NA,2,2,2,2,2,2,2,2,2,2,4,3,4,0,0,0,0,0,0,0,0,0,0,0,0,0,0,0,0,1998-5196-3,254,NA,NA,NA,NA,NA,NA,NA,NA,NA,NA,NA,NA,NA,NA,NA,NA,Y,Y,Y,Y,Y,Y,Y,Y,Y,Y,Y,Y,Y,Y,Y,Y,Y,Y,Y,Boltonia decurrens,MBG Seed Bank,CCSD Seed Bank Freezer,NA,2023-12-01T00:00:00Z,Dormant,7818,Seed,Missouri Botanical Garden,Wild,Shaw Nature Reserve,US-1-MO-2011-2638,Project specific use only,2011-12-01T00:00:00Z,81,Smith,s.n.,11 Nov 1998,Maternal Lines,NA,NA,NA,Open bottomland/floodplain,NA,Asteraceae,NA,NA
Boltonia_255,255,10-4-3,2011-2599-1,27,1180002,United States,Illinois,Saint Clair,38.6494444,-90.1161111,38.651507278988504, -90.10298738781107,NA,"Fairmont City, Maternal lines = 28, Seedheads = 28; 2 packets",3/1/24,3/7/24,4/12/24,NA,NA,0,10.7,17.2,20.3,2.2,2.1,2.3,NA,Roots coming out of pot,NA,NA,NA,NA,NA,NA,NA,NA,NA,NA,NA,NA,NA,NA,NA,NA,NA,NA,NA,NA,NA,0,0,0,0,0,0,0,0,0,0,0,0,0,0,NA,NA,NA,NA,NA,NA,NA,NA,NA,NA,NA,NA,NA,NA,NA,NA,NA,NA,NA,NA,NA,NA,NA,NA,0,0,0,0,0,0,0,0,0,0,0,0,13,16,NA,NA,NA,NA,NA,NA,NA,NA,NA,NA,NA,NA,NA,NA,NA,NA,NA,NA,NA,NA,NA,NA,NA,NA,0,0,0,0,NA,0,0,NA,NA,NA,NA,NA,0,0,13,17,22,NA,NA,NA,NA,NA,NA,NA,NA,NA,NA,NA,NA,NA,NA,NA,NA,NA,NA,NA,NA,NA,NA,NA,NA,0,0,0,0,0,0,0,0,0,0,2,13,24,20,1,2,2,2,1,2,1,1,1,1,1,1,1,0,0,0,0,0,0,0,0,0,0,1,1,1,1,1,1,1997-5084-2,255,NA,NA,NA,NA,NA,NA,NA,NA,NA,NA,10.3,39,79.5,128.6,133.7,134.5,Y,Y,Y,Y,Y,Y,Y,Y,Y,Y,Y,Y,Y,Y,Y,Y,Y,Y,Y,Boltonia decurrens,MBG Seed Bank,CCSD Seed Bank Freezer,NA,2023-12-01T00:00:00Z,Dormant,2632,Seed,Missouri Botanical Garden,Wild,Shaw Nature Reserve,NA,Project specific use only,2011-12-01T00:00:00Z,28,Smith,s.n.,05 Dec 1997,NA,NA,NA,NA,Open bottomland/floodplain,NA,Asteraceae,NA,NA
Boltonia_256,256,2-5-1,2011-2638-1,20C,1180041,United States,Illinois,Scott,39.7852777,-90.5902777,39.786569766256626, -90.58910563509704,Smith Lake,NA,2/29/24,3/10/24,4/12/24,NA,NA,2,7,10.3,16,1.2,1.2,1.5,NA,NA,NA,NA,NA,NA,NA,NA,NA,NA,NA,NA,NA,NA,NA,NA,NA,NA,0,0,0,0,0,0,0,0,0,0,0,0,0,0,0,0,1,0,108,NA,NA,NA,NA,NA,NA,NA,NA,NA,NA,NA,NA,NA,NA,NA,NA,NA,NA,NA,0,0,0,0,0,0,0,0,0,0,0,0,0,0,0,0,13,137,73,NA,NA,NA,NA,NA,NA,NA,NA,NA,NA,NA,NA,NA,NA,NA,NA,NA,NA,NA,0,0,0,0,0,0,0,0,0,NA,0,0,NA,NA,NA,0,0,0,7,13,16,17,NA,NA,NA,NA,NA,NA,NA,NA,NA,NA,NA,NA,NA,NA,NA,NA,NA,NA,NA,0,0,0,0,0,0,0,0,0,0,0,0,0,0,1,9,69,26,0,1,1,1,1,1,1,1,1,0,0,0,0,0,0,0,0,0,0,0,0,0,1,1,1,1,1,1,1,1,1998-5196-2,256,NA,NA,NA,NA,NA,NA,NA,NA,6,15.4,32.1,67.6,92,102.2,102.1,100.3,Y,Y,Y,Y,Y,Y,Y,Y,Y,Y,Y,Y,Y,Y,Y,Y,Y,Y,Y,Boltonia decurrens,MBG Seed Bank,CCSD Seed Bank Freezer,NA,2023-12-01T00:00:00Z,Dormant,7818,Seed,Missouri Botanical Garden,Wild,Shaw Nature Reserve,US-1-MO-2011-2638,Project specific use only,2011-12-01T00:00:00Z,81,Smith,s.n.,11 Nov 1998,Maternal Lines,NA,NA,NA,Open bottomland/floodplain,NA,Asteraceae,NA,NA
Boltonia_257,257,2-3-9,2011-2650-1,1A,1180053,United States,Illinois,Woodford,40.8852777,-89.4583333,40.84668797480775, -89.0297386240063,NA,"Woodford County, Maternal lines = 30, Seedheads = 90; 6 packets",2/29/24,3/10/24,4/12/24,NA,NA,1,7.4,10.6,16.5,1.5,1.7,2.2,NA,NA,NA,NA,NA,NA,NA,NA,NA,NA,NA,NA,NA,NA,NA,NA,NA,NA,NA,NA,NA,NA,NA,NA,NA,NA,NA,NA,NA,NA,NA,NA,NA,NA,NA,NA,NA,NA,NA,NA,NA,NA,NA,NA,NA,NA,NA,NA,NA,NA,NA,NA,NA,NA,NA,NA,NA,NA,NA,NA,NA,NA,NA,NA,NA,NA,NA,NA,NA,NA,NA,NA,NA,NA,NA,NA,NA,NA,NA,NA,NA,NA,NA,NA,NA,NA,NA,NA,NA,NA,NA,NA,NA,NA,NA,NA,NA,NA,NA,NA,NA,NA,NA,NA,0,0,NA,NA,NA,NA,NA,NA,NA,10,12,14,NA,NA,NA,NA,NA,NA,NA,NA,NA,NA,NA,NA,NA,NA,NA,NA,NA,NA,NA,NA,NA,NA,NA,NA,NA,NA,NA,NA,NA,NA,NA,NA,NA,NA,NA,NA,NA,NA,1,1,1,1,1,1,1,1,1,1,4,4,3,0,0,0,0,0,0,0,0,0,0,0,0,0,0,0,0,1999-5357-2,257,NA,NA,NA,NA,NA,NA,NA,NA,NA,NA,NA,NA,NA,NA,NA,NA,Y,Y,Y,Y,Y,Y,Y,Y,Y,Y,Y,Y,Y,Y,Y,Y,Y,Y,Y,Boltonia decurrens,MBG Seed Bank,CCSD Seed Bank Freezer,NA,2023-12-01T00:00:00Z,Dormant,8743,Seed,Missouri Botanical Garden,Wild,Shaw Nature Reserve,US-1-MO-2011-2650,Project specific use only,2011-12-01T00:00:00Z,90,Smith,s.n.,11 Nov 1999,NA,NA,NA,NA,Open bottomland/floodplain,NA,Asteraceae,NA,NA
Boltonia_258,258,5-2-2,2011-2623-1,19A,1180026,United States,Illinois,Hennepin,41.34414603458205,-89.55849691836283,41.34414603458205, -89.55849691836283,NA,"Hennepin Bridge, Maternal lines = 30, Seedheads = 90; 6 packets",2/29/24,3/9/24,4/12/24,N,NA,0,13.6,20.8,25.8,1.8,2.2,2.5,NA,NA,NA,NA,NA,NA,NA,NA,NA,NA,NA,NA,NA,NA,NA,NA,NA,NA,NA,NA,NA,NA,NA,NA,NA,NA,NA,NA,NA,NA,NA,NA,NA,NA,NA,NA,NA,NA,0,0,NA,NA,NA,NA,NA,NA,NA,NA,NA,NA,NA,NA,NA,NA,NA,NA,NA,NA,NA,NA,NA,NA,NA,NA,NA,NA,NA,NA,NA,NA,NA,NA,NA,NA,NA,NA,0,0,NA,NA,NA,NA,NA,NA,NA,NA,NA,NA,NA,NA,NA,NA,NA,NA,NA,NA,NA,NA,NA,NA,NA,NA,NA,0,0,0,NA,NA,NA,NA,NA,NA,NA,12,15,17,NA,0,0,NA,NA,NA,NA,NA,NA,NA,NA,NA,NA,NA,NA,NA,NA,NA,NA,NA,NA,NA,NA,NA,NA,NA,NA,NA,NA,NA,NA,NA,NA,NA,NA,NA,NA,NA,0,1,0,1,1,1,1,1,1,1,1,1,1,1,0,1,0,0,0,0,0,0,0,0,0,0,0,0,0,1999-5137-2,258,1.3,NA,1.5,NA,NA,NA,NA,NA,NA,NA,NA,NA,NA,NA,NA,NA,Y,Y,Y,Y,Y,Y,Y,Y,Y,Y,Y,Y,Y,Y,Y,Y,Y,Y,Y,Boltonia decurrens,MBG Seed Bank,CCSD Seed Bank Freezer,NA,2023-12-01T00:00:00Z,Dormant,2883,Seed,Missouri Botanical Garden,Wild,Shaw Nature Reserve,NA,Project specific use only,2011-12-01T00:00:00Z,90,Smith,s.n.,11 Nov 1999,NA,NA,NA,NA,Open bottomland/floodplain,NA,Asteraceae,NA,NA
Boltonia_259,259,9-1-9,2011-2598-1,S10D,1180001,United States,Illinois,Jersey,38.961398423802066,-90.51481032460987,38.961398423802066, -90.51481032460987,NA,"Gilbert Lake, Maternal lines = 32, Seedheads = 98; 6 packets",2/29/24,3/6/24,4/12/24,N,NA,0,8.8,17.4,23.7,1.6,1.4,1.5,NA,NA,NA,NA,NA,NA,NA,NA,NA,NA,NA,NA,NA,NA,NA,NA,NA,NA,NA,NA,NA,NA,NA,NA,NA,NA,NA,NA,NA,NA,NA,NA,NA,NA,NA,NA,NA,NA,0,0,NA,NA,NA,NA,NA,NA,NA,NA,NA,NA,NA,NA,NA,NA,NA,NA,NA,NA,NA,NA,NA,NA,NA,NA,NA,NA,NA,NA,NA,NA,NA,NA,NA,NA,NA,NA,0,0,NA,NA,NA,NA,NA,NA,NA,NA,NA,NA,NA,NA,NA,NA,NA,NA,NA,NA,NA,NA,NA,NA,NA,NA,NA,0,0,0,NA,NA,NA,NA,NA,NA,NA,11,13,16,NA,0,0,NA,NA,NA,NA,NA,NA,NA,NA,NA,NA,NA,NA,NA,NA,NA,NA,NA,NA,NA,NA,NA,NA,NA,NA,NA,NA,NA,NA,NA,NA,NA,NA,NA,NA,NA,0,1,0,1,1,1,1,1,1,1,1,1,1,1,0,1,0,0,0,0,0,0,0,0,0,0,0,0,0,1997-5101-2,259,1.3,NA,2,NA,NA,NA,NA,NA,NA,NA,NA,NA,NA,NA,NA,NA,Y,Y,Y,Y,Y,Y,Y,Y,Y,Y,Y,Y,Y,Y,Y,Y,Y,Y,Y,Boltonia decurrens,MBG Seed Bank,CCSD Seed Bank Freezer,NA,2023-12-01T00:00:00Z,Dormant,9628,Seed,Missouri Botanical Garden,Wild,Shaw Nature Reserve,NA,Project specific use only,2011-12-01T00:00:00Z,98,Smith,s.n.,08 Nov 1997,NA,NA,NA,NA,Open bottomland/floodplain,NA,Asteraceae,NA,NA
Boltonia_260,260,1-6-12,2011-2636-1,19,1180039,United States,Illinois,Cass,40.010555600000004,-90.4458333,40.0178975293398, -90.42445029519197,NA,"Beardstown, Maternal lines = 52, Seedheads = 53; 3 packets",2/29/24,3/7/24,4/12/24,NA,NA,0,8.5,11.1,17.2,1.5,1.4,1.6,NA,NA,NA,NA,NA,NA,NA,NA,NA,NA,NA,NA,NA,NA,NA,NA,NA,NA,NA,NA,NA,NA,NA,NA,NA,NA,NA,NA,NA,NA,NA,NA,NA,NA,NA,NA,NA,NA,NA,NA,NA,NA,NA,NA,NA,NA,NA,NA,NA,NA,NA,NA,NA,NA,NA,NA,NA,NA,NA,NA,NA,NA,NA,NA,NA,NA,NA,NA,NA,NA,NA,NA,NA,NA,NA,NA,NA,NA,NA,NA,NA,NA,NA,NA,NA,NA,NA,NA,NA,NA,NA,NA,NA,NA,NA,NA,NA,NA,NA,NA,NA,NA,NA,NA,0,0,NA,NA,NA,NA,NA,NA,NA,11,15,14,NA,NA,NA,NA,NA,NA,NA,NA,NA,NA,NA,NA,NA,NA,NA,NA,NA,NA,NA,NA,NA,NA,NA,NA,NA,NA,NA,NA,NA,NA,NA,NA,NA,NA,NA,NA,NA,NA,1,1,1,1,1,1,1,1,1,1,1,1,1,0,0,0,0,0,0,0,0,0,0,0,0,0,0,0,0,1997-5338-2,260,NA,NA,NA,NA,NA,NA,NA,NA,NA,NA,NA,NA,NA,NA,NA,NA,Y,Y,Y,Y,Y,Y,Y,Y,Y,Y,Y,Y,Y,Y,Y,Y,Y,Y,Y,Boltonia decurrens,MBG Seed Bank,CCSD Seed Bank Freezer,NA,2023-12-01T00:00:00Z,Dormant,5079,Seed,Missouri Botanical Garden,Wild,Shaw Nature Reserve,NA,Project specific use only,2011-12-01T00:00:00Z,53,Smith,s.n.,21 Nov 1997,NA,NA,NA,NA,Open bottomland/floodplain,NA,Asteraceae,NA,NA
Boltonia_261,261,12-5-11,2011-2635-1,13,1180038,United States,Illinois,Alton,38.86501904919102,-90.22302347588696,38.86501904919102, -90.22302347588696,NA,"West Alton, Maternal lines = 32, Seedheads = 32; 2 packets",3/1/24,3/9/24,4/12/24,NA,NA,0,9,13.3,18.5,1.6,1.6,2,NA,NA,NA,NA,NA,NA,NA,NA,NA,NA,NA,NA,NA,NA,NA,NA,NA,NA,NA,0,0,0,0,0,0,0,0,0,0,0,0,0,1,4,4,5,14,NA,NA,NA,NA,NA,NA,NA,NA,NA,NA,NA,NA,NA,NA,NA,NA,NA,NA,NA,NA,0,0,0,0,0,0,0,0,0,0,1,1,4,4,2,12,54,67,NA,NA,NA,NA,NA,NA,NA,NA,NA,NA,NA,NA,NA,NA,NA,NA,NA,NA,NA,NA,0,0,0,0,0,0,1,1,NA,0,0,NA,NA,NA,0,0,0,8,10,12,15,NA,NA,NA,NA,NA,NA,NA,NA,NA,NA,NA,NA,NA,NA,NA,NA,NA,NA,NA,NA,0,0,0,0,0,0,0,0,0,0,1,3,0,1,9,34,14,0,1,1,1,1,1,1,1,1,0,1,0,0,0,0,0,0,0,0,0,0,0,1,1,1,1,1,1,1,1,1999-5218-3,261,NA,NA,NA,NA,NA,NA,NA,NA,2.5,19.5,42,82.1,84.8,88.8,86.8,86.8,Y,Y,Y,Y,Y,Y,Y,Y,Y,Y,Y,Y,Y,Y,Y,Y,Y,Y,Y,Boltonia decurrens,MBG Seed Bank,CCSD Seed Bank Freezer,NA,2023-12-01T00:00:00Z,Dormant,2831,Seed,Missouri Botanical Garden,Wild,Shaw Nature Reserve,NA,Project specific use only,2011-12-01T00:00:00Z,32,Smith,s.n.,07 Nov 1999,NA,NA,NA,NA,Open bottomland/floodplain,NA,Asteraceae,NA,NA
Boltonia_262,262,5-2-5,2011-2599-1,11,1180002,United States,Illinois,Saint Clair,38.6494444,-90.1161111,38.651507278988504, -90.10298738781107,NA,"Fairmont City, Maternal lines = 28, Seedheads = 28; 2 packets",2/29/24,3/6/24,4/12/24,NA,NA,1,13.9,19.6,21.9,2.1,2.2,2.2,NA,NA,NA,NA,NA,NA,NA,NA,NA,NA,NA,NA,NA,NA,NA,NA,NA,NA,NA,NA,NA,NA,NA,NA,NA,NA,NA,NA,NA,NA,NA,NA,NA,NA,NA,NA,NA,NA,NA,0,NA,NA,NA,NA,NA,NA,NA,NA,NA,NA,NA,NA,NA,NA,NA,NA,NA,NA,NA,NA,NA,NA,NA,NA,NA,NA,NA,NA,NA,NA,NA,NA,NA,NA,NA,NA,NA,0,NA,NA,NA,NA,NA,NA,NA,NA,NA,NA,NA,NA,NA,NA,NA,NA,NA,NA,NA,NA,NA,NA,NA,NA,NA,NA,0,0,NA,NA,NA,NA,NA,NA,NA,14,22,23,NA,NA,0,NA,NA,NA,NA,NA,NA,NA,NA,NA,NA,NA,NA,NA,NA,NA,NA,NA,NA,NA,NA,NA,NA,NA,NA,NA,NA,NA,NA,NA,NA,NA,NA,NA,NA,NA,1,1,2,2,2,2,1,1,1,1,2,2,2,0,0,1,0,0,0,0,0,0,0,0,0,0,0,0,0,1997-5069-2,262,NA,NA,1.8,NA,NA,NA,NA,NA,NA,NA,NA,NA,NA,NA,NA,NA,Y,Y,Y,Y,Y,Y,Y,Y,Y,Y,Y,Y,Y,Y,Y,Y,Y,Y,Y,Boltonia decurrens,MBG Seed Bank,CCSD Seed Bank Freezer,NA,2023-12-01T00:00:00Z,Dormant,2632,Seed,Missouri Botanical Garden,Wild,Shaw Nature Reserve,NA,Project specific use only,2011-12-01T00:00:00Z,28,Smith,s.n.,05 Dec 1997,NA,NA,NA,NA,Open bottomland/floodplain,NA,Asteraceae,NA,NA
Boltonia_263,263,9-4-9,2011-2618-1,20C,1180021,United States,Illinois,Peoria,40.7222223,-89.5519444,40.69352232924267, -89.59142458669179,NA,"McClugage Bridge, Maternal lines = 30, Seedheads = 90; 4 packets",2/29/24,3/6/24,4/12/24,NA,NA,0,8.9,13.9,17.8,1.9,1.6,1.8,NA,NA,NA,NA,NA,NA,NA,NA,NA,NA,NA,NA,NA,NA,NA,NA,NA,NA,NA,NA,NA,NA,NA,NA,NA,NA,NA,NA,NA,NA,NA,NA,NA,NA,NA,NA,NA,NA,NA,0,NA,NA,NA,NA,NA,NA,NA,NA,NA,NA,NA,NA,NA,NA,NA,NA,NA,NA,NA,NA,NA,NA,NA,NA,NA,NA,NA,NA,NA,NA,NA,NA,NA,NA,NA,NA,NA,0,NA,NA,NA,NA,NA,NA,NA,NA,NA,NA,NA,NA,NA,NA,NA,NA,NA,NA,NA,NA,NA,NA,NA,NA,NA,NA,0,0,NA,NA,NA,NA,NA,NA,NA,10,17,17,NA,NA,0,NA,NA,NA,NA,NA,NA,NA,NA,NA,NA,NA,NA,NA,NA,NA,NA,NA,NA,NA,NA,NA,NA,NA,NA,NA,NA,NA,NA,NA,NA,NA,NA,NA,NA,NA,1,1,1,1,1,1,1,1,1,1,1,1,1,0,0,1,0,0,0,0,0,0,0,0,0,0,0,0,0,1999-5076-3,263,NA,NA,1.2,NA,NA,NA,NA,NA,NA,NA,NA,NA,NA,NA,NA,NA,Y,Y,Y,Y,Y,Y,Y,Y,Y,Y,Y,Y,Y,Y,Y,Y,Y,Y,Y,Boltonia decurrens,MBG Seed Bank,CCSD Seed Bank Freezer,NA,2023-12-01T00:00:00Z,Dormant,8685,Seed,Missouri Botanical Garden,Wild,Shaw Nature Reserve,NA,Project specific use only,2011-12-01T00:00:00Z,90,Smith,s.n.,11 Nov 1999,NA,NA,NA,NA,Open bottomland/floodplain,NA,Asteraceae,NA,NA
Boltonia_264,264,5-4-10,2011-2598-1,S15B,1180001,United States,Illinois,Jersey,38.961398423802066,-90.51481032460987,38.961398423802066, -90.51481032460987,NA,"Gilbert Lake, Maternal lines = 32, Seedheads = 98; 6 packets",2/29/24,3/9/24,4/12/24,NA,NA,0,12.1,17.2,22.1,1.4,1.7,1.3,NA,NA,NA,NA,NA,NA,NA,NA,NA,NA,NA,NA,NA,NA,NA,NA,NA,NA,NA,NA,NA,NA,NA,NA,NA,NA,NA,NA,NA,NA,NA,NA,NA,NA,NA,NA,NA,NA,NA,NA,NA,NA,NA,NA,NA,NA,NA,NA,NA,NA,NA,NA,NA,NA,NA,NA,NA,NA,NA,NA,NA,NA,NA,NA,NA,NA,NA,NA,NA,NA,NA,NA,NA,NA,NA,NA,NA,NA,NA,NA,NA,NA,NA,NA,NA,NA,NA,NA,NA,NA,NA,NA,NA,NA,NA,NA,NA,NA,NA,NA,NA,NA,NA,NA,0,0,NA,NA,NA,NA,NA,NA,NA,9,16,15,NA,NA,NA,NA,NA,NA,NA,NA,NA,NA,NA,NA,NA,NA,NA,NA,NA,NA,NA,NA,NA,NA,NA,NA,NA,NA,NA,NA,NA,NA,NA,NA,NA,NA,NA,NA,NA,NA,1,1,1,1,1,1,1,1,1,1,1,1,1,0,0,0,0,0,0,0,0,0,0,0,0,0,0,0,0,1997-5116-2,264,NA,NA,NA,NA,NA,NA,NA,NA,NA,NA,NA,NA,NA,NA,NA,NA,Y,Y,Y,Y,Y,Y,Y,Y,Y,Y,Y,Y,Y,Y,Y,Y,Y,Y,Y,Boltonia decurrens,MBG Seed Bank,CCSD Seed Bank Freezer,NA,2023-12-01T00:00:00Z,Dormant,9628,Seed,Missouri Botanical Garden,Wild,Shaw Nature Reserve,NA,Project specific use only,2011-12-01T00:00:00Z,98,Smith,s.n.,08 Nov 1997,NA,NA,NA,NA,Open bottomland/floodplain,NA,Asteraceae,NA,NA
Boltonia_265,265,10-6-1,2011-2675-1,12B,1180078,United States,Illinois,Schuyler,40.0672223,-90.4275,40.07010712467176, -90.42899627731745,NA,"Frederick Borrow Pit, Maternal lines = 30, Seedheads = 90; 3 packets",3/1/24,3/12/24,4/12/24,N,NA,1,10.6,16.7,23.3,1.6,1.4,1.6,NA,NA,NA,NA,NA,NA,NA,NA,NA,NA,NA,NA,NA,NA,NA,NA,NA,NA,0,0,0,0,0,0,0,0,0,0,0,0,0,0,13,24,57,66,63,NA,NA,NA,NA,NA,NA,NA,NA,NA,NA,0,0,0,0,0,0,0,0,0,0,0,0,0,0,0,0,0,0,0,0,3,6,20,22,42,47,46,69,NA,NA,NA,NA,NA,NA,NA,NA,NA,NA,0,0,0,0,0,0,0,0,0,0,0,0,0,0,0,0,1,2,0,0,0,0,0,0,0,0,0,6,12,15,16,NA,NA,NA,NA,NA,NA,NA,NA,NA,NA,0,0,0,0,0,0,0,0,0,0,0,0,0,0,0,0,0,0,1,1,5,9,9,33,35,24,10,0,0,1,1,1,1,0,1,0,0,0,0,0,0,1,0,0,0,0,1,1,1,1,1,1,1,1,1,1,1,1999-5399-2,265,0.5,NA,NA,NA,NA,4.6,23.2,34.2,42.5,57.7,85.4,116.6,116.4,117.2,116.8,116.8,Y,Y,Y,Y,Y,Y,Y,Y,Y,Y,Y,Y,Y,Y,Y,Y,Y,Y,Y,Boltonia decurrens,MBG Seed Bank,CCSD Seed Bank Freezer,NA,2023-12-01T00:00:00Z,Dormant,8728,Seed,Missouri Botanical Garden,Wild,Shaw Nature Reserve,NA,Project specific use only,2011-12-01T00:00:00Z,90,Smith,s.n.,07 Oct 1999,NA,NA,NA,NA,Open bottomland/floodplain,NA,Asteraceae,NA,NA
Boltonia_266,266,9-6-4,2011-2609-1,9C,1180012,United States,Illinois,Madison,38.6891666,-90.0972222,38.69652811427051, -90.08592610430901,NA,"Horseshoe Lake, Maternal lines = 30, Seedheads = 90; 3 packets",3/1/24,3/10/24,4/12/24,N,NA,0,13.4,16.4,25.3,2,2,1.5,NA,NA,NA,NA,NA,NA,NA,NA,NA,NA,NA,NA,NA,NA,NA,NA,NA,NA,NA,NA,NA,NA,NA,0,0,0,0,0,0,0,0,0,0,0,0,0,4,NA,0,NA,NA,NA,NA,NA,NA,NA,NA,NA,NA,NA,NA,NA,NA,NA,NA,NA,NA,NA,NA,NA,NA,0,0,0,0,0,0,0,0,0,0,0,2,18,105,NA,0,NA,NA,NA,NA,NA,NA,NA,NA,NA,NA,NA,NA,NA,NA,NA,NA,NA,NA,NA,NA,NA,NA,0,0,0,0,0,0,0,NA,NA,NA,NA,NA,0,0,12,16,17,NA,0,NA,NA,NA,NA,NA,NA,NA,NA,NA,NA,NA,NA,NA,NA,NA,NA,NA,NA,NA,NA,NA,NA,0,0,0,0,0,0,0,0,0,0,2,14,21,1,0,1,1,1,1,1,1,1,1,1,0,0,0,1,0,0,0,0,0,0,0,0,0,1,1,1,1,1,1,2011-5044-2,266,0.5,NA,NA,NA,NA,NA,NA,NA,NA,NA,2.5,24.5,65.6,93.3,95,93.1,Y,Y,Y,Y,Y,Y,Y,Y,Y,Y,Y,Y,Y,Y,Y,Y,Y,Y,Y,Boltonia decurrens,MBG Seed Bank,CCSD Seed Bank Freezer,NA,2023-12-01T00:00:00Z,Dormant,8688,Seed,Missouri Botanical Garden,Wild,Shaw Nature Reserve,NA,Project specific use only,2011-12-01T00:00:00Z,3,Smith,s.n.,01 Nov 2000,NA,NA,NA,NA,Open bottomland/floodplain,NA,Asteraceae,NA,NA
Boltonia_267,267,2-1-12,2011-2598-1,S11C,1180001,United States,Illinois,Jersey,38.961398423802066,-90.51481032460987,38.961398423802066, -90.51481032460987,NA,"Gilbert Lake, Maternal lines = 32, Seedheads = 98; 6 packets",2/29/24,3/7/24,4/12/24,NA,NA,0,11.4,17.6,24.1,1.6,1.9,2,NA,NA,NA,NA,NA,NA,NA,NA,NA,NA,NA,NA,NA,NA,NA,NA,NA,NA,NA,NA,NA,NA,NA,NA,NA,NA,NA,NA,NA,NA,NA,NA,NA,NA,NA,NA,NA,NA,0,NA,NA,NA,NA,NA,NA,NA,NA,NA,NA,NA,NA,NA,NA,NA,NA,NA,NA,NA,NA,NA,NA,NA,NA,NA,NA,NA,NA,NA,NA,NA,NA,NA,NA,NA,NA,NA,0,NA,NA,NA,NA,NA,NA,NA,NA,NA,NA,NA,NA,NA,NA,NA,NA,NA,NA,NA,NA,NA,NA,NA,NA,NA,NA,NA,0,0,NA,NA,NA,NA,NA,NA,NA,10,12,14,NA,0,NA,NA,NA,NA,NA,NA,NA,NA,NA,NA,NA,NA,NA,NA,NA,NA,NA,NA,NA,NA,NA,NA,NA,NA,NA,NA,NA,NA,NA,NA,NA,NA,NA,NA,NA,NA,1,1,1,1,1,1,1,1,1,1,1,1,1,0,0,0,0,0,0,0,0,0,0,0,0,0,0,0,0,1997-5111-2,267,NA,NA,NA,NA,NA,NA,NA,NA,NA,NA,NA,NA,NA,NA,NA,NA,Y,Y,Y,Y,Y,Y,Y,Y,Y,Y,Y,Y,Y,Y,Y,Y,Y,Y,Y,Boltonia decurrens,MBG Seed Bank,CCSD Seed Bank Freezer,NA,2023-12-01T00:00:00Z,Dormant,9628,Seed,Missouri Botanical Garden,Wild,Shaw Nature Reserve,NA,Project specific use only,2011-12-01T00:00:00Z,98,Smith,s.n.,08 Nov 1997,NA,NA,NA,NA,Open bottomland/floodplain,NA,Asteraceae,NA,NA
Boltonia_268,268,6-2-5,2011-2629-1,9A,1180032,United States,Illinois,Marshal,41.045,-89.4311111,41.02868892611459, -89.43846248262098,NA,"Sparland, Maternal lines = 30, Seedheads = 90; 3 packets",2/29/24,3/9/24,4/12/24,NA,NA,0,10.1,14.2,16.5,1.5,1.8,2,NA,Growing sideways,NA,NA,NA,NA,NA,NA,NA,NA,NA,NA,NA,NA,NA,NA,NA,NA,0,0,0,0,0,0,0,0,0,0,0,0,0,0,1,1,11,10,18,NA,NA,NA,NA,NA,0,0,0,NA,0,0,0,0,0,0,0,0,0,0,0,0,0,0,0,0,0,0,0,0,0,0,0,1,1,13,40,60,77,NA,NA,NA,NA,NA,0,0,0,NA,0,0,0,0,0,0,0,0,0,0,0,0,0,0,0,0,0,0,0,NA,0,0,0,0,0,0,0,0,8,10,12,14,NA,NA,NA,NA,NA,0,0,0,NA,0,0,0,0,0,0,0,0,0,0,0,0,0,0,0,0,0,0,0,0,0,0,1,0,12,27,23,2,0,1,1,1,0,1,0,1,0,0,0,0,0,0,0,0,0,1,0,1,1,1,1,1,1,1,1,1,1,1,1999-5158-3,268,NA,NA,NA,0.9,NA,7.4,18.4,26.4,30.5,40.8,56.8,89.2,96.5,98.4,98.3,98.4,Y,Y,Y,Y,Y,Y,Y,Y,Y,Y,Y,Y,Y,Y,Y,Y,Y,Y,Y,Boltonia decurrens,MBG Seed Bank,CCSD Seed Bank Freezer,NA,2023-12-01T00:00:00Z,Dormant,8786,Seed,Missouri Botanical Garden,Wild,Shaw Nature Reserve,NA,Project specific use only,2011-12-01T00:00:00Z,90,Smith,s.n.,11 Nov 1999,NA,NA,NA,NA,Open bottomland/floodplain,NA,Asteraceae,NA,NA
Boltonia_269,269,7-1-7,2011-2650-1,27B,1180053,United States,Illinois,Woodford,40.8852777,-89.4583333,40.84668797480775, -89.0297386240063,NA,"Woodford County, Maternal lines = 30, Seedheads = 90; 6 packets",2/29/24,3/6/24,4/12/24,NA,NA,0,1.8,5.9,10.2,0.8,1.3,1.8,Very small,NA,NA,NA,NA,NA,NA,NA,NA,NA,NA,NA,NA,NA,NA,NA,NA,NA,NA,NA,NA,NA,NA,NA,NA,NA,NA,NA,NA,NA,NA,NA,NA,NA,NA,NA,NA,NA,NA,NA,NA,NA,NA,NA,NA,NA,NA,NA,NA,NA,NA,NA,NA,NA,NA,NA,NA,NA,NA,NA,NA,NA,NA,NA,NA,NA,NA,NA,NA,NA,NA,NA,NA,NA,NA,NA,NA,NA,NA,NA,NA,NA,NA,NA,NA,NA,NA,NA,NA,NA,NA,NA,NA,NA,NA,NA,NA,NA,NA,NA,NA,NA,NA,NA,0,0,NA,NA,NA,NA,NA,NA,NA,5,8,10,NA,NA,NA,NA,NA,NA,NA,NA,NA,NA,NA,NA,NA,NA,NA,NA,NA,NA,NA,NA,NA,NA,NA,NA,NA,NA,NA,NA,NA,NA,NA,NA,NA,NA,NA,NA,NA,NA,1,1,1,1,1,1,1,1,1,1,1,1,1,0,0,0,0,0,0,0,0,0,0,0,0,0,0,0,0,1999-5383-2,269,NA,NA,NA,NA,NA,NA,NA,NA,NA,NA,NA,NA,NA,NA,NA,NA,Y,Y,Y,Y,Y,Y,Y,Y,Y,Y,Y,Y,Y,Y,Y,Y,Y,Y,Y,Boltonia decurrens,MBG Seed Bank,CCSD Seed Bank Freezer,NA,2023-12-01T00:00:00Z,Dormant,8743,Seed,Missouri Botanical Garden,Wild,Shaw Nature Reserve,US-1-MO-2011-2650,Project specific use only,2011-12-01T00:00:00Z,90,Smith,s.n.,11 Nov 1999,NA,NA,NA,NA,Open bottomland/floodplain,NA,Asteraceae,NA,NA
Boltonia_270,270,2-2-5,2011-2666-1,28A,1180069,United States,Illinois,Fulton,40.4925,-89.9022222,40.46699902833787, -89.9485498557629,NA,"Rice Lake, Maternal lines = 30, Seedheads = 90; 3 packets",2/29/24,3/7/24,4/12/24,NA,NA,5,13.9,19.2,21.9,1.6,1.7,1.8,NA,NA,NA,NA,NA,NA,NA,NA,NA,NA,NA,NA,NA,NA,NA,NA,NA,NA,NA,NA,NA,NA,NA,0,0,0,0,0,0,0,0,0,0,0,5,2,20,NA,NA,NA,NA,NA,NA,NA,NA,NA,NA,NA,NA,NA,NA,NA,NA,NA,NA,NA,NA,NA,NA,NA,NA,0,0,0,0,0,0,0,0,0,0,3,30,112,102,NA,NA,NA,NA,NA,NA,NA,NA,NA,NA,NA,NA,NA,NA,NA,NA,NA,NA,NA,NA,NA,NA,NA,NA,0,0,0,0,NA,0,0,NA,NA,NA,NA,NA,0,0,13,23,27,NA,NA,NA,NA,NA,NA,NA,NA,NA,NA,NA,NA,NA,NA,NA,NA,NA,NA,NA,NA,NA,NA,NA,NA,0,0,0,0,0,0,0,0,0,2,28,48,14,0,1,1,3,2,1,1,1,1,1,1,1,1,1,0,0,0,0,0,0,0,0,0,0,1,1,1,1,1,1,1999-5027-2,270,NA,NA,NA,NA,NA,NA,NA,NA,NA,NA,8.8,44.5,88.1,101.5,101.7,95,Y,Y,Y,Y,Y,Y,Y,Y,Y,Y,Y,Y,Y,Y,Y,Y,Y,Y,Y,Boltonia decurrens,MBG Seed Bank,CCSD Seed Bank Freezer,NA,2023-12-01T00:00:00Z,Dormant,8574,Seed,Missouri Botanical Garden,Wild,Shaw Nature Reserve,NA,Project specific use only,2011-12-01T00:00:00Z,90,Smith,s.n.,14 Oct 1999,NA,NA,NA,NA,Open bottomland/floodplain,NA,Asteraceae,NA,NA
Boltonia_271,271,6-4-8,2011-2613-1,1A,1180016,United States,Illinois,Fulton,40.2047222,-90.1994444,40.20813714639404, -90.18724497777134,NA,"Anderson Lake, Maternal lines = 30, Seedheads = 61; 2 packets",2/29/24,3/7/24,4/12/24,NA,NA,1,13.8,18,22.3,1.8,2.1,1.7,NA,NA,NA,NA,NA,NA,NA,NA,NA,NA,NA,NA,NA,NA,NA,NA,NA,NA,NA,NA,NA,NA,NA,NA,NA,NA,NA,NA,NA,NA,NA,NA,NA,NA,NA,NA,NA,NA,0,0,NA,NA,NA,NA,NA,NA,NA,NA,NA,NA,NA,NA,NA,NA,NA,NA,NA,NA,NA,NA,NA,NA,NA,NA,NA,NA,NA,NA,NA,NA,NA,NA,NA,NA,NA,NA,0,0,NA,NA,NA,NA,NA,NA,NA,NA,NA,NA,NA,NA,NA,NA,NA,NA,NA,NA,NA,NA,NA,NA,NA,NA,NA,NA,0,0,NA,NA,NA,NA,NA,NA,NA,16,24,24,NA,0,0,NA,NA,NA,NA,NA,NA,NA,NA,NA,NA,NA,NA,NA,NA,NA,NA,NA,NA,NA,NA,NA,NA,NA,NA,NA,NA,NA,NA,NA,NA,NA,NA,NA,NA,NA,1,2,2,2,2,1,1,1,1,2,2,2,2,0,0,1,0,0,0,0,0,0,0,0,0,0,0,0,0,2000-5000-3,271,NA,NA,2,NA,NA,NA,NA,NA,NA,NA,NA,NA,NA,NA,NA,NA,Y,Y,Y,Y,Y,Y,Y,Y,Y,Y,Y,Y,Y,Y,Y,Y,Y,Y,Y,Boltonia decurrens,MBG Seed Bank,CCSD Seed Bank Freezer,NA,2023-12-01T00:00:00Z,Dormant,5913,Seed,Missouri Botanical Garden,Wild,Shaw Nature Reserve,NA,Project specific use only,2011-12-01T00:00:00Z,61,Smith,s.n.,01 Oct 2000,NA,NA,NA,NA,Open bottomland/floodplain,NA,Asteraceae,NA,NA
Boltonia_272,272,6-3-1,2011-2675-1,28C,1180078,United States,Illinois,Schuyler,40.0672223,-90.4275,40.07010712467176, -90.42899627731745,NA,"Frederick Borrow Pit, Maternal lines = 30, Seedheads = 90; 3 packets",2/29/24,3/8/24,4/12/24,NA,NA,0,11.3,16.9,21.4,1.6,2.1,2.8,NA,NA,NA,NA,NA,NA,NA,NA,NA,NA,Abnormal stem,NA,NA,NA,NA,NA,NA,NA,NA,NA,NA,NA,NA,0,NA,0,NA,NA,0,0,0,0,0,0,0,0,5,NA,NA,NA,NA,NA,NA,NA,NA,NA,NA,NA,NA,NA,NA,NA,NA,NA,NA,NA,NA,NA,NA,NA,NA,0,NA,0,NA,NA,0,0,0,0,0,0,0,7,38,NA,NA,NA,NA,NA,NA,NA,NA,NA,NA,NA,NA,NA,NA,NA,NA,NA,NA,NA,NA,NA,NA,NA,NA,0,NA,0,NA,NA,0,0,NA,NA,NA,NA,NA,NA,0,7,13,13,NA,NA,NA,NA,NA,NA,NA,NA,NA,NA,NA,NA,NA,NA,NA,NA,NA,NA,NA,NA,NA,NA,NA,NA,0,NA,0,NA,NA,0,0,0,0,0,0,7,9,0,1,1,1,1,1,1,1,1,1,1,2,0,1,0,0,0,0,0,0,0,0,0,0,0,1,1,1,1,1,1999-5415-2,272,NA,NA,NA,NA,NA,NA,NA,NA,NA,NA,NA,2.2,10.6,11.9,71.5,71.9,Y,Y,Y,Y,Y,Y,Y,Y,Y,Y,Y,Y,Y,Y,Y,Y,Y,Y,Y,Boltonia decurrens,MBG Seed Bank,CCSD Seed Bank Freezer,NA,2023-12-01T00:00:00Z,Dormant,8728,Seed,Missouri Botanical Garden,Wild,Shaw Nature Reserve,NA,Project specific use only,2011-12-01T00:00:00Z,90,Smith,s.n.,07 Oct 1999,NA,NA,NA,NA,Open bottomland/floodplain,NA,Asteraceae,NA,NA
Boltonia_273,273,7-4-11,2011-2620-1,4C,1180023,United States,Illinois,Morgan,39.8672223,-90.5533333,39.87546015928839, -90.55308508241013,NA,"Meredosia Lake, Maternal lines = 30, Seedheads = 90; 5 packets",2/29/24,3/10/24,4/12/24,NA,NA,0,7.2,14.1,18.2,2,2.2,2.3,NA,NA,NA,NA,NA,NA,NA,NA,NA,NA,NA,NA,NA,NA,NA,NA,NA,NA,NA,NA,NA,NA,NA,NA,NA,NA,NA,NA,NA,NA,NA,NA,NA,NA,NA,NA,NA,NA,NA,NA,NA,NA,NA,NA,NA,NA,NA,NA,NA,NA,NA,NA,NA,NA,NA,NA,NA,NA,NA,NA,NA,NA,NA,NA,NA,NA,NA,NA,NA,NA,NA,NA,NA,NA,NA,NA,NA,NA,NA,NA,NA,NA,NA,NA,NA,NA,NA,NA,NA,NA,NA,NA,NA,NA,NA,NA,NA,NA,NA,NA,NA,NA,NA,NA,0,0,NA,NA,NA,NA,NA,NA,NA,11,15,15,NA,NA,NA,NA,NA,NA,NA,NA,NA,NA,NA,NA,NA,NA,NA,NA,NA,NA,NA,NA,NA,NA,NA,NA,NA,NA,NA,NA,NA,NA,NA,NA,NA,NA,NA,NA,NA,NA,1,1,1,1,1,1,1,1,1,1,1,1,2,0,0,0,0,0,0,0,0,0,0,0,0,0,0,0,0,1999-5091-2,273,NA,NA,NA,NA,NA,NA,NA,NA,NA,NA,NA,NA,NA,NA,NA,NA,Y,Y,Y,Y,Y,Y,Y,Y,Y,Y,Y,Y,Y,Y,Y,Y,Y,Y,Y,Boltonia decurrens,MBG Seed Bank,CCSD Seed Bank Freezer,NA,2023-12-01T00:00:00Z,Dormant,8756,Seed,Missouri Botanical Garden,Wild,Shaw Nature Reserve,NA,Project specific use only,2011-12-01T00:00:00Z,90,Smith,s.n.,07 Oct 1999,NA,NA,NA,NA,Open bottomland/floodplain,NA,Asteraceae,NA,NA
Boltonia_274,274,8-4-8,2011-2613-1,22A,1180016,United States,Illinois,Fulton,40.2047222,-90.1994444,40.20813714639404, -90.18724497777134,NA,"Anderson Lake, Maternal lines = 30, Seedheads = 61; 2 packets",2/29/24,3/8/24,4/12/24,N,0,1,13.3,17.9,19,2.3,2.2,2.3,NA,NA,NA,NA,NA,NA,NA,NA,NA,NA,NA,NA,NA,NA,NA,NA,NA,NA,0,6,1,8,4,6,6,8,8,9,10,10,13,14,22,31,40,39,43,NA,0,0,0,0,0,0,0,0,0,1,1,1,5,5,6,8,7,8,9,3,8,4,8,6,6,5,6,5,4,9,8,7,6,8,10,22,23,NA,0,1,1,5,6,9,9,8,9,6,6,7,3,4,5,5,6,6,6,5,8,6,7,8,7,9,10,0,0,6,5,3,4,11,10,10,10,16,24,34,NA,0,0,0,0,0,0,1,1,1,2,3,4,4,3,2,0,1,3,2,3,3,0,0,1,1,1,0,1,2,3,2,3,3,9,6,4,0,0,1,3,3,0,1,1,1,2,2,2,2,2,1,1,1,1,1,1,1,1,1,1,1,1,1,1,1,1,2000-5021-4,274,2.3,15.2,22.5,38.7,52.2,54.1,55,53.4,54.5,54.3,54.2,53.9,54.2,54.2,54.2,54.2,Y,Y,Y,Y,Y,Y,Y,Y,Y,Y,Y,Y,Y,Y,Y,Y,Y,Y,Y,Boltonia decurrens,MBG Seed Bank,CCSD Seed Bank Freezer,NA,2023-12-01T00:00:00Z,Dormant,5913,Seed,Missouri Botanical Garden,Wild,Shaw Nature Reserve,NA,Project specific use only,2011-12-01T00:00:00Z,61,Smith,s.n.,01 Oct 2000,NA,NA,NA,NA,Open bottomland/floodplain,NA,Asteraceae,NA,NA
Boltonia_275,275,2-1-11,2011-2650-1,15B,1180053,United States,Illinois,Woodford,40.8852777,-89.4583333,40.84668797480775, -89.0297386240063,NA,"Woodford County, Maternal lines = 30, Seedheads = 90; 6 packets",2/29/24,3/7/24,4/12/24,NA,NA,0,10.6,14.9,21.8,1.9,1.5,2.2,NA,NA,NA,NA,NA,NA,NA,NA,NA,NA,NA,NA,NA,NA,NA,NA,NA,NA,NA,NA,NA,NA,NA,NA,NA,NA,NA,NA,NA,NA,NA,NA,NA,NA,NA,NA,NA,NA,NA,NA,NA,NA,NA,NA,NA,NA,NA,NA,NA,NA,NA,NA,NA,NA,NA,NA,NA,NA,NA,NA,NA,NA,NA,NA,NA,NA,NA,NA,NA,NA,NA,NA,NA,NA,NA,NA,NA,NA,NA,NA,NA,NA,NA,NA,NA,NA,NA,NA,NA,NA,NA,NA,NA,NA,NA,NA,NA,NA,NA,NA,NA,NA,NA,NA,0,0,NA,NA,NA,NA,NA,NA,NA,12,15,18,NA,NA,NA,NA,NA,NA,NA,NA,NA,NA,NA,NA,NA,NA,NA,NA,NA,NA,NA,NA,NA,NA,NA,NA,NA,NA,NA,NA,NA,NA,NA,NA,NA,NA,NA,NA,NA,NA,1,1,1,1,1,1,1,1,1,1,1,1,1,0,0,0,0,0,0,0,0,0,0,0,0,0,0,0,0,1999-5371-3,275,NA,NA,NA,NA,NA,NA,NA,NA,NA,NA,NA,NA,NA,NA,NA,NA,Y,Y,Y,Y,Y,Y,Y,Y,Y,Y,Y,Y,Y,Y,Y,Y,Y,Y,Y,Boltonia decurrens,MBG Seed Bank,CCSD Seed Bank Freezer,NA,2023-12-01T00:00:00Z,Dormant,8743,Seed,Missouri Botanical Garden,Wild,Shaw Nature Reserve,US-1-MO-2011-2650,Project specific use only,2011-12-01T00:00:00Z,90,Smith,s.n.,11 Nov 1999,NA,NA,NA,NA,Open bottomland/floodplain,NA,Asteraceae,NA,NA
Boltonia_276,276,3-5-6,2011-2661-1,4A,1180064,United States,Illinois,Tazewell,40.69584983597212,-89.54394792156027,40.69584983597212, -89.54394792156027,NA,"Cooper park South, Maternal lines = 43, Seedheads = 73; 4 packets",2/29/24,3/7/24,4/12/24,NA,NA,0,7.5,13.6,18,1.6,2.4,2.5,NA,NA,NA,NA,NA,NA,NA,NA,NA,NA,NA,NA,NA,NA,NA,NA,NA,NA,NA,NA,NA,NA,NA,NA,NA,NA,NA,NA,NA,NA,NA,NA,NA,NA,NA,NA,NA,NA,NA,NA,NA,NA,NA,NA,NA,NA,NA,NA,NA,NA,NA,NA,NA,NA,NA,NA,NA,NA,NA,NA,NA,NA,NA,NA,NA,NA,NA,NA,NA,NA,NA,NA,NA,NA,NA,NA,NA,NA,NA,NA,NA,NA,NA,NA,NA,NA,NA,NA,NA,NA,NA,NA,NA,NA,NA,NA,NA,NA,NA,NA,NA,NA,NA,NA,0,0,NA,NA,NA,NA,NA,NA,NA,9,10,10,NA,NA,NA,NA,NA,NA,NA,NA,NA,NA,NA,NA,NA,NA,NA,NA,NA,NA,NA,NA,NA,NA,NA,NA,NA,NA,NA,NA,NA,NA,NA,NA,NA,NA,NA,NA,NA,NA,1,1,1,1,1,1,1,1,1,2,2,2,2,0,0,0,0,0,0,0,0,0,0,0,0,0,0,0,0,2000-5128-3,276,NA,NA,NA,NA,NA,NA,NA,NA,NA,NA,NA,NA,NA,NA,NA,NA,Y,Y,Y,Y,Y,Y,Y,Y,Y,Y,Y,Y,Y,Y,Y,Y,Y,Y,Y,Boltonia decurrens,MBG Seed Bank,CCSD Seed Bank Freezer,NA,2023-12-01T00:00:00Z,Dormant,6976,Seed,Missouri Botanical Garden,Wild,Shaw Nature Reserve,NA,Project specific use only,2011-12-01T00:00:00Z,73,Smith,s.n.,01 Oct 2000,NA,NA,NA,NA,Open bottomland/floodplain,NA,Asteraceae,NA,NA
Boltonia_277,277,3-1-9,2011-2638-1,15C,1180041,United States,Illinois,Scott,39.7852777,-90.5902777,39.786569766256626, -90.58910563509704,Smith Lake,NA,2/29/24,3/7/24,4/12/24,NA,NA,0,3.2,5.1,8.2,0.8,1.1,1.1,Very small,NA,NA,NA,NA,NA,NA,NA,NA,NA,NA,NA,NA,NA,NA,NA,NA,NA,NA,NA,NA,NA,NA,NA,NA,NA,NA,NA,NA,NA,NA,NA,NA,NA,NA,NA,NA,NA,NA,NA,NA,NA,NA,NA,NA,NA,NA,NA,NA,NA,NA,NA,NA,NA,NA,NA,NA,NA,NA,NA,NA,NA,NA,NA,NA,NA,NA,NA,NA,NA,NA,NA,NA,NA,NA,NA,NA,NA,NA,NA,NA,NA,NA,NA,NA,NA,NA,NA,NA,NA,NA,NA,NA,NA,NA,NA,NA,NA,NA,NA,NA,NA,NA,NA,0,0,NA,NA,NA,NA,NA,NA,NA,7,11,11,NA,NA,NA,NA,NA,NA,NA,NA,NA,NA,NA,NA,NA,NA,NA,NA,NA,NA,NA,NA,NA,NA,NA,NA,NA,NA,NA,NA,NA,NA,NA,NA,NA,NA,NA,NA,NA,NA,1,1,1,1,1,1,1,1,1,3,2,4,4,0,0,0,0,0,0,0,0,0,0,0,0,0,0,0,0,1998-5191-3,277,NA,NA,NA,NA,NA,NA,NA,NA,NA,NA,NA,NA,NA,NA,NA,NA,Y,Y,Y,Y,Y,Y,Y,Y,Y,Y,Y,Y,Y,Y,Y,Y,Y,Y,Y,Boltonia decurrens,MBG Seed Bank,CCSD Seed Bank Freezer,NA,2023-12-01T00:00:00Z,Dormant,7818,Seed,Missouri Botanical Garden,Wild,Shaw Nature Reserve,US-1-MO-2011-2638,Project specific use only,2011-12-01T00:00:00Z,81,Smith,s.n.,11 Nov 1998,Maternal Lines,NA,NA,NA,Open bottomland/floodplain,NA,Asteraceae,NA,NA
Boltonia_278,278,8-1-9,2011-2638-1,18A,1180041,United States,Illinois,Scott,39.7852777,-90.5902777,39.786569766256626, -90.58910563509704,Smith Lake,NA,2/29/24,3/7/24,4/12/24,NA,NA,0,8.3,13.4,19.2,1.4,1.7,1.9,NA,NA,NA,NA,NA,NA,NA,NA,NA,NA,NA,NA,NA,NA,NA,NA,NA,NA,NA,NA,NA,NA,NA,NA,NA,NA,NA,NA,NA,NA,NA,NA,NA,NA,NA,NA,NA,NA,NA,NA,NA,NA,NA,NA,NA,NA,NA,NA,NA,NA,NA,NA,NA,NA,NA,NA,NA,NA,NA,NA,NA,NA,NA,NA,NA,NA,NA,NA,NA,NA,NA,NA,NA,NA,NA,NA,NA,NA,NA,NA,NA,NA,NA,NA,NA,NA,NA,NA,NA,NA,NA,NA,NA,NA,NA,NA,NA,NA,NA,NA,NA,NA,NA,NA,0,0,NA,NA,NA,NA,NA,NA,NA,12,15,17,NA,NA,NA,NA,NA,NA,NA,NA,NA,NA,NA,NA,NA,NA,NA,NA,NA,NA,NA,NA,NA,NA,NA,NA,NA,NA,NA,NA,NA,NA,NA,NA,NA,NA,NA,NA,NA,NA,1,1,1,1,1,1,1,1,1,1,1,3,4,0,0,0,0,0,0,0,0,0,0,0,0,0,0,0,0,1998-5194-3,278,NA,NA,NA,NA,NA,NA,NA,NA,NA,NA,NA,NA,NA,NA,NA,NA,Y,Y,Y,Y,Y,Y,Y,Y,Y,Y,Y,Y,Y,Y,Y,Y,Y,Y,Y,Boltonia decurrens,MBG Seed Bank,CCSD Seed Bank Freezer,NA,2023-12-01T00:00:00Z,Dormant,7818,Seed,Missouri Botanical Garden,Wild,Shaw Nature Reserve,US-1-MO-2011-2638,Project specific use only,2011-12-01T00:00:00Z,81,Smith,s.n.,11 Nov 1998,Maternal Lines,NA,NA,NA,Open bottomland/floodplain,NA,Asteraceae,NA,NA
Boltonia_279,279,2-2-1,2011-2598-1,S11C,1180001,United States,Illinois,Jersey,38.961398423802066,-90.51481032460987,38.961398423802066, -90.51481032460987,NA,"Gilbert Lake, Maternal lines = 32, Seedheads = 98; 6 packets",2/29/24,3/7/24,4/12/24,N,0,10,13.2,13.2,14.2,2.4,2.3,2.6,NA,NA,NA,Two discs nearing senescence,NA,NA,NA,NA,NA,NA,NA,NA,NA,NA,NA,NA,NA,NA,0,9,2,11,4,9,7,11,11,14,15,15,17,17,25,28,38,35,46,NA,0,0,0,0,0,0,0,1,1,4,4,5,7,NA,9,11,11,10,15,6,13,4,10,7,9,6,6,7,5,9,6,9,7,16,36,78,104,NA,0,1,5,6,9,10,8,8,9,9,7,8,5,NA,6,4,4,5,6,7,7,6,5,7,3,8,10,0,5,6,5,NA,4,12,12,9,10,15,28,40,NA,0,0,0,0,1,1,4,4,4,2,4,3,4,NA,2,1,4,5,1,0,2,2,2,0,1,2,1,0,3,0,1,3,11,27,41,21,0,0,0,1,1,1,0,1,1,1,1,1,1,1,1,1,1,1,1,2,0,1,1,1,1,1,1,1,1,1,1997-5111-3,279,5.8,22.7,39.5,58.5,60.5,60.3,NA,60.1,60,59.6,59.6,59,59.8,59.9,59.9,59.9,Y,Y,Y,Y,Y,Y,Y,Y,Y,Y,Y,Y,Y,Y,Y,Y,Y,Y,Y,Boltonia decurrens,MBG Seed Bank,CCSD Seed Bank Freezer,NA,2023-12-01T00:00:00Z,Dormant,9628,Seed,Missouri Botanical Garden,Wild,Shaw Nature Reserve,NA,Project specific use only,2011-12-01T00:00:00Z,98,Smith,s.n.,08 Nov 1997,NA,NA,NA,NA,Open bottomland/floodplain,NA,Asteraceae,NA,NA
Boltonia_280,280,6-1-1,2011-2623-1,30C,1180026,United States,Illinois,Hennepin,41.34414603458205,-89.55849691836283,41.34414603458205, -89.55849691836283,NA,"Hennepin Bridge, Maternal lines = 30, Seedheads = 90; 6 packets",2/29/24,3/7/24,4/12/24,N,0,0,5.2,11.8,13.3,0.9,1.6,2,NA,NA,NA,NA,NA,NA,NA,NA,NA,NA,NA,NA,NA,NA,NA,NA,NA,NA,0,0,0,0,0,0,0,0,0,0,2,2,3,3,4,7,23,25,28,NA,0,0,0,0,0,0,0,0,0,0,0,0,0,0,0,0,0,0,0,0,0,0,0,2,2,2,1,2,0,1,0,0,3,9,3,4,6,NA,0,0,0,0,0,0,0,0,1,0,0,0,1,0,1,1,2,6,4,5,4,3,2,0,0,1,2,0,0,0,0,0,0,10,12,11,12,8,17,20,NA,0,0,0,0,0,0,0,0,0,0,0,0,0,0,0,0,0,0,0,0,0,2,1,0,0,0,1,0,1,0,0,2,6,7,3,1,0,0,1,1,1,1,0,1,1,2,2,2,2,2,1,1,1,1,1,2,1,1,1,1,1,1,1,1,1,1,1999-5148-3,280,1.3,10.3,17.3,26.4,32.3,40.1,45.2,44.4,46.5,45.7,45.7,50.3,50.4,52.5,49.1,49.1,Y,Y,Y,Y,Y,Y,Y,Y,Y,Y,Y,Y,Y,Y,Y,Y,Y,Y,Y,Boltonia decurrens,MBG Seed Bank,CCSD Seed Bank Freezer,NA,2023-12-01T00:00:00Z,Dormant,2883,Seed,Missouri Botanical Garden,Wild,Shaw Nature Reserve,NA,Project specific use only,2011-12-01T00:00:00Z,90,Smith,s.n.,11 Nov 1999,NA,NA,NA,NA,Open bottomland/floodplain,NA,Asteraceae,NA,NA
Boltonia_281,281,5-3-12,2011-2635-1,17,1180038,United States,Illinois,Alton,38.86501904919102,-90.22302347588696,38.86501904919102, -90.22302347588696,NA,"West Alton, Maternal lines = 32, Seedheads = 32; 2 packets",2/29/24,3/13/24,4/12/24,N,0,2,14.7,16.2,17.9,2.4,2.1,2.4,NA,NA,NA,NA,NA,NA,NA,NA,NA,NA,NA,NA,NA,NA,NA,NA,NA,NA,0,1,0,0,1,3,4,4,7,6,7,8,16,18,51,24,98,39,89,NA,0,0,0,0,0,0,0,0,0,0,0,0,0,0,1,1,2,3,6,6,8,8,9,11,14,14,14,15,14,25,23,33,29,63,37,127,55,NA,0,0,0,1,2,5,8,8,9,6,12,12,11,14,15,14,18,25,26,27,22,27,27,36,38,42,16,0,5,10,9,6,8,13,16,17,17,16,22,23,NA,0,0,0,0,0,0,0,0,0,0,0,0,2,2,2,4,5,5,2,1,0,2,3,5,1,2,7,7,5,11,7,13,18,46,29,9,4,0,2,0,0,0,0,0,0,0,0,0,1,2,1,1,1,1,1,1,1,1,1,1,1,1,1,1,1,1,1999-5222-2,281,3.2,16.9,29.4,51.6,70.2,77.1,79.2,67.1,78,78.6,76.8,77.9,77.8,76,76,76,Y,Y,Y,Y,Y,Y,Y,Y,Y,Y,Y,Y,Y,Y,Y,Y,Y,Y,Y,Boltonia decurrens,MBG Seed Bank,CCSD Seed Bank Freezer,NA,2023-12-01T00:00:00Z,Dormant,2831,Seed,Missouri Botanical Garden,Wild,Shaw Nature Reserve,NA,Project specific use only,2011-12-01T00:00:00Z,32,Smith,s.n.,07 Nov 1999,NA,NA,NA,NA,Open bottomland/floodplain,NA,Asteraceae,NA,NA
Boltonia_282,282,4-6-6,2011-2623-1,4A,1180026,United States,Illinois,Hennepin,41.34414603458205,-89.55849691836283,41.34414603458205, -89.55849691836283,NA,"Hennepin Bridge, Maternal lines = 30, Seedheads = 90; 6 packets",2/29/24,3/8/24,4/12/24,Y,Y,9,12.1,12.9,15,1.7,1.7,1.5,NA,One flower almost spent,NA,Seven discs senesced,NA,NA,NA,NA,NA,NA,NA,NA,NA,NA,NA,NA,NA,NA,9,12,11,11,12,12,12,12,11,11,11,12,12,12,13,14,16,14,20,0,1,1,2,3,3,5,8,8,9,9,9,8,9,9,9,11,8,11,3,0,1,1,0,0,0,0,1,2,2,3,2,2,1,3,4,20,6,3,4,6,4,1,1,0,0,1,3,3,3,3,3,3,1,1,0,1,5,3,4,4,3,2,2,0,1,3,7,7,4,2,7,5,5,4,4,39,41,82,1,2,2,4,4,5,4,1,1,0,0,0,0,0,0,2,0,1,1,0,0,0,0,0,0,0,2,1,0,0,0,0,0,1,5,12,4,0,1,2,3,3,3,1,3,3,3,3,4,3,3,1,2,1,1,1,3,2,1,4,1,2,2,2,3,2,3,1999-5122-2,282,16.1,15.6,26.1,22.7,22.7,22.4,22.3,21.1,22,21.8,21.7,22.2,22.1,22.7,22.7,22.7,Y,Y,Y,Y,Y,Y,Y,Y,Y,Y,Y,Y,Y,Y,Y,Y,Y,Y,Y,Boltonia decurrens,MBG Seed Bank,CCSD Seed Bank Freezer,NA,2023-12-01T00:00:00Z,Dormant,2883,Seed,Missouri Botanical Garden,Wild,Shaw Nature Reserve,NA,Project specific use only,2011-12-01T00:00:00Z,90,Smith,s.n.,11 Nov 1999,NA,NA,NA,NA,Open bottomland/floodplain,NA,Asteraceae,NA,NA
Boltonia_283,283,5-4-1,2011-2599-1,9,1180002,United States,Illinois,Saint Clair,38.6494444,-90.1161111,38.651507278988504, -90.10298738781107,NA,"Fairmont City, Maternal lines = 28, Seedheads = 28; 2 packets",2/29/24,3/10/24,4/12/24,NA,NA,0,14.2,17.8,21.9,2.1,1.7,2.3,NA,NA,NA,NA,NA,NA,NA,NA,Whirled stem,NA,Abnormal stem,NA,NA,NA,NA,NA,NA,NA,NA,NA,NA,NA,NA,NA,0,0,NA,NA,0,0,0,0,0,0,0,0,0,NA,NA,NA,NA,NA,NA,NA,NA,NA,NA,NA,NA,NA,NA,NA,NA,NA,NA,NA,NA,NA,NA,NA,NA,NA,0,0,NA,NA,0,0,0,0,0,0,0,0,16,NA,NA,NA,NA,NA,NA,NA,NA,NA,NA,NA,NA,NA,NA,NA,NA,NA,NA,NA,NA,NA,NA,NA,NA,NA,0,0,NA,NA,0,0,NA,NA,NA,NA,NA,0,0,9,14,15,NA,NA,NA,NA,NA,NA,NA,NA,NA,NA,NA,NA,NA,NA,NA,NA,NA,NA,NA,NA,NA,NA,NA,NA,NA,0,0,NA,NA,0,0,0,0,0,0,0,0,1,1,1,1,1,1,1,1,1,1,1,0,0,1,0,0,0,0,0,0,0,0,0,0,1,1,1,1,1,1,1997-5067-2,283,NA,NA,NA,NA,NA,NA,NA,NA,NA,NA,2.3,3.2,3,28.5,70.4,73.6,Y,Y,Y,Y,Y,Y,Y,Y,Y,Y,Y,Y,Y,Y,Y,Y,Y,Y,Y,Boltonia decurrens,MBG Seed Bank,CCSD Seed Bank Freezer,NA,2023-12-01T00:00:00Z,Dormant,2632,Seed,Missouri Botanical Garden,Wild,Shaw Nature Reserve,NA,Project specific use only,2011-12-01T00:00:00Z,28,Smith,s.n.,05 Dec 1997,NA,NA,NA,NA,Open bottomland/floodplain,NA,Asteraceae,NA,NA
Boltonia_284,284,9-2-3,2011-2638-1,24B,1180041,United States,Illinois,Scott,39.7852777,-90.5902777,39.786569766256626, -90.58910563509704,Smith Lake,NA,2/29/24,3/9/24,4/12/24,NA,NA,0,8.4,10.7,15.5,1.6,1.5,2.1,NA,NA,NA,NA,NA,NA,NA,NA,NA,NA,NA,NA,NA,NA,NA,NA,NA,NA,NA,NA,NA,NA,NA,NA,NA,NA,NA,NA,NA,NA,NA,NA,NA,NA,NA,NA,NA,NA,NA,NA,NA,NA,NA,NA,NA,NA,NA,NA,NA,NA,NA,NA,NA,NA,NA,NA,NA,NA,NA,NA,NA,NA,NA,NA,NA,NA,NA,NA,NA,NA,NA,NA,NA,NA,NA,NA,NA,NA,NA,NA,NA,NA,NA,NA,NA,NA,NA,NA,NA,NA,NA,NA,NA,NA,NA,NA,NA,NA,NA,NA,NA,NA,NA,NA,0,0,NA,NA,NA,NA,NA,NA,NA,9,12,13,NA,NA,NA,NA,NA,NA,NA,NA,NA,NA,NA,NA,NA,NA,NA,NA,NA,NA,NA,NA,NA,NA,NA,NA,NA,NA,NA,NA,NA,NA,NA,NA,NA,NA,NA,NA,NA,NA,1,1,1,1,1,1,1,1,1,1,1,1,1,0,0,0,0,0,0,0,0,0,0,0,0,0,0,0,0,1998-5200-3,284,NA,NA,NA,NA,NA,NA,NA,NA,NA,NA,NA,NA,NA,NA,NA,NA,Y,Y,Y,Y,Y,Y,Y,Y,Y,Y,Y,Y,Y,Y,Y,Y,Y,Y,Y,Boltonia decurrens,MBG Seed Bank,CCSD Seed Bank Freezer,NA,2023-12-01T00:00:00Z,Dormant,7818,Seed,Missouri Botanical Garden,Wild,Shaw Nature Reserve,US-1-MO-2011-2638,Project specific use only,2011-12-01T00:00:00Z,81,Smith,s.n.,11 Nov 1998,Maternal Lines,NA,NA,NA,Open bottomland/floodplain,NA,Asteraceae,NA,NA
Boltonia_285,285,10-2-12,2011-2675-1,9B,1180078,United States,Illinois,Schuyler,40.0672223,-90.4275,40.07010712467176, -90.42899627731745,NA,"Frederick Borrow Pit, Maternal lines = 30, Seedheads = 90; 3 packets",3/1/24,3/8/24,4/12/24,N,NA,0,9.5,12.7,17.5,1.9,1.6,1.8,NA,NA,NA,NA,NA,NA,NA,NA,NA,NA,NA,NA,NA,NA,NA,NA,NA,NA,NA,NA,NA,NA,NA,NA,NA,NA,NA,NA,NA,NA,NA,NA,NA,NA,NA,NA,NA,NA,NA,NA,NA,NA,NA,NA,NA,NA,NA,NA,NA,NA,NA,NA,NA,NA,NA,NA,NA,NA,NA,NA,NA,NA,NA,NA,NA,NA,NA,NA,NA,NA,NA,NA,NA,NA,NA,NA,NA,NA,NA,NA,NA,NA,NA,NA,NA,NA,NA,NA,NA,NA,NA,NA,NA,NA,NA,NA,NA,NA,NA,NA,NA,NA,NA,0,0,0,NA,NA,NA,NA,NA,NA,NA,13,17,19,NA,NA,NA,NA,NA,NA,NA,NA,NA,NA,NA,NA,NA,NA,NA,NA,NA,NA,NA,NA,NA,NA,NA,NA,NA,NA,NA,NA,NA,NA,NA,NA,NA,NA,NA,NA,NA,NA,0,2,1,1,1,1,1,1,1,1,1,1,1,1,0,0,0,0,0,0,0,0,0,0,0,0,0,0,0,1999-5396-3,285,0.4,NA,NA,NA,NA,NA,NA,NA,NA,NA,NA,NA,NA,NA,NA,NA,Y,Y,Y,Y,Y,Y,Y,Y,Y,Y,Y,Y,Y,Y,Y,Y,Y,Y,Y,Boltonia decurrens,MBG Seed Bank,CCSD Seed Bank Freezer,NA,2023-12-01T00:00:00Z,Dormant,8728,Seed,Missouri Botanical Garden,Wild,Shaw Nature Reserve,NA,Project specific use only,2011-12-01T00:00:00Z,90,Smith,s.n.,07 Oct 1999,NA,NA,NA,NA,Open bottomland/floodplain,NA,Asteraceae,NA,NA
Boltonia_286,286,12-4-10,2011-2638-1,1C,1180041,United States,Illinois,Scott,39.7852777,-90.5902777,39.786569766256626, -90.58910563509704,Smith Lake,NA,3/1/24,3/7/24,4/12/24,NA,NA,0,7.6,10.9,12.2,1.6,1.4,1.4,NA,NA,NA,NA,NA,NA,NA,NA,NA,NA,NA,NA,NA,NA,NA,NA,NA,NA,NA,NA,NA,NA,NA,NA,NA,NA,NA,NA,NA,NA,NA,NA,NA,NA,NA,NA,NA,NA,NA,NA,NA,NA,NA,NA,NA,NA,NA,NA,NA,NA,NA,NA,NA,NA,NA,NA,NA,NA,NA,NA,NA,NA,NA,NA,NA,NA,NA,NA,NA,NA,NA,NA,NA,NA,NA,NA,NA,NA,NA,NA,NA,NA,NA,NA,NA,NA,NA,NA,NA,NA,NA,NA,NA,NA,NA,NA,NA,NA,NA,NA,NA,NA,NA,NA,0,0,NA,NA,NA,NA,NA,NA,NA,12,12,14,NA,NA,NA,NA,NA,NA,NA,NA,NA,NA,NA,NA,NA,NA,NA,NA,NA,NA,NA,NA,NA,NA,NA,NA,NA,NA,NA,NA,NA,NA,NA,NA,NA,NA,NA,NA,NA,NA,1,1,1,1,1,1,1,1,1,1,1,1,1,0,0,0,0,0,0,0,0,0,0,0,0,0,0,0,0,1998-5177-2,286,NA,NA,NA,NA,NA,NA,NA,NA,NA,NA,NA,NA,NA,NA,NA,NA,Y,Y,Y,Y,Y,Y,Y,Y,Y,Y,Y,Y,Y,Y,Y,Y,Y,Y,Y,Boltonia decurrens,MBG Seed Bank,CCSD Seed Bank Freezer,NA,2023-12-01T00:00:00Z,Dormant,7818,Seed,Missouri Botanical Garden,Wild,Shaw Nature Reserve,US-1-MO-2011-2638,Project specific use only,2011-12-01T00:00:00Z,81,Smith,s.n.,11 Nov 1998,Maternal Lines,NA,NA,NA,Open bottomland/floodplain,NA,Asteraceae,NA,NA
Boltonia_287,287,6-6-3,2011-2675-1,23A,1180078,United States,Illinois,Schuyler,40.0672223,-90.4275,40.07010712467176, -90.42899627731745,NA,"Frederick Borrow Pit, Maternal lines = 30, Seedheads = 90; 3 packets",2/29/24,3/9/24,4/12/24,N,0,5,14.8,15.2,13.5,2.7,2.8,2,NA,NA,NA,NA,NA,NA,NA,NA,Measured tallest stem,NA,NA,NA,NA,NA,NA,NA,NA,NA,0,9,9,9,9,8,9,10,8,9,11,11,13,17,31,32,45,41,49,NA,0,0,0,0,0,0,1,1,3,3,4,4,6,6,7,9,9,9,9,0,0,1,1,3,4,5,8,7,9,12,10,16,2,22,27,68,61,NA,0,2,5,5,5,6,5,5,5,4,2,4,1,1,1,0,4,15,11,9,10,8,9,11,10,7,10,0,6,7,8,3,3,10,9,20,10,22,34,32,NA,0,0,0,0,1,1,2,2,1,1,2,2,3,2,1,0,0,0,0,1,1,1,2,1,3,2,2,5,4,2,3,1,10,37,18,6,0,0,2,3,0,0,0,0,0,0,1,1,1,1,1,1,1,4,4,4,4,4,4,4,4,4,4,4,3,4,1999-5410-3,287,7.8,23.4,26.8,38.7,38.7,38.7,39.8,35.2,38.5,39.3,47.7,38,38.8,39.5,39.5,39.5,Y,Y,Y,Y,Y,Y,Y,Y,Y,Y,Y,Y,Y,Y,Y,Y,Y,Y,Y,Boltonia decurrens,MBG Seed Bank,CCSD Seed Bank Freezer,NA,2023-12-01T00:00:00Z,Dormant,8728,Seed,Missouri Botanical Garden,Wild,Shaw Nature Reserve,NA,Project specific use only,2011-12-01T00:00:00Z,90,Smith,s.n.,07 Oct 1999,NA,NA,NA,NA,Open bottomland/floodplain,NA,Asteraceae,NA,NA
Boltonia_288,288,1-3-10,2011-2598-1,L12A,1180001,United States,Illinois,Jersey,38.961398423802066,-90.51481032460987,38.961398423802066, -90.51481032460987,NA,"Gilbert Lake, Maternal lines = 32, Seedheads = 98; 6 packets",2/28/24,3/5/24,4/12/24,N,0,12,13.7,13.6,13.8,2,2.1,22,Dry,NA,NA,NA,NA,NA,NA,NA,NA,NA,NA,NA,NA,NA,NA,NA,NA,NA,1,11,10,11,11,11,11,11,10,11,10,11,11,12,18,17,19,19,22,0,0,0,0,0,0,0,1,1,3,3,4,5,6,8,11,11,10,10,10,0,0,0,0,2,2,2,4,5,6,6,7,6,0,3,4,11,9,1,1,3,4,6,8,10,8,7,6,6,4,0,0,0,0,0,2,7,5,4,5,4,4,4,6,4,3,0,4,9,6,3,3,4,4,4,4,18,42,56,0,0,0,0,0,1,1,2,3,1,2,4,6,5,3,0,0,0,1,0,0,0,1,1,0,1,1,2,1,0,1,0,0,0,5,9,4,0,0,3,3,3,3,2,3,3,3,3,3,3,3,1,1,1,1,1,2,1,1,1,1,1,1,1,1,1,1,1997-5113-2,288,8,18.4,21.8,27.8,28.3,27.7,27.9,26.5,27.5,27.6,35.1,27.2,27.4,28.6,28.6,28.6,Y,Y,Y,Y,Y,Y,Y,Y,Y,Y,Y,Y,Y,Y,Y,Y,Y,Y,Y,Boltonia decurrens,MBG Seed Bank,CCSD Seed Bank Freezer,NA,2023-12-01T00:00:00Z,Dormant,9628,Seed,Missouri Botanical Garden,Wild,Shaw Nature Reserve,NA,Project specific use only,2011-12-01T00:00:00Z,98,Smith,s.n.,08 Nov 1997,NA,NA,NA,NA,Open bottomland/floodplain,NA,Asteraceae,NA,NA
Boltonia_289,289,3-2-10,2011-2664-1,8,1180067,United States,Illinois,Fulton,40.2047222,-90.1994444,40.207444479612775, -90.1871999885973,NA,"Anderson Lake, Maternal lines = 31, Seedheads = 31",2/29/24,3/7/24,4/12/24,N,NA,2,6.6,12.8,15.8,1.1,1.7,1.8,NA,NA,NA,NA,NA,NA,NA,NA,NA,NA,NA,NA,NA,NA,NA,NA,NA,NA,0,0,0,0,0,0,0,0,0,0,5,5,17,16,69,38,122,46,128,NA,0,0,0,0,0,0,0,0,0,0,0,0,0,0,0,0,0,0,0,1,3,5,6,9,11,16,18,18,21,33,27,46,30,69,24,137,38,NA,0,0,0,0,0,0,0,0,0,1,0,0,2,3,3,7,5,12,17,15,16,12,15,22,17,24,19,0,0,0,0,0,4,6,9,9,9,7,10,19,NA,0,0,0,0,0,0,0,0,0,0,0,0,0,0,0,0,3,5,3,4,2,2,2,5,6,4,4,10,8,16,9,17,20,16,12,6,0,0,1,1,2,2,2,0,1,2,2,2,2,2,1,0,1,1,1,1,1,1,1,1,1,1,1,1,1,1,1997-5410-4,289,0.5,NA,6.3,17.5,31.3,43.2,58.6,67.9,70,69.6,69.8,69.5,69.7,69.7,69.7,69.7,Y,Y,Y,Y,Y,Y,Y,Y,Y,Y,Y,Y,Y,Y,Y,Y,Y,Y,Y,Boltonia decurrens,MBG Seed Bank,CCSD Seed Bank Freezer,NA,2023-12-01T00:00:00Z,Dormant,2875,Seed,Missouri Botanical Garden,Wild,Shaw Nature Reserve,NA,Project specific use only,2011-12-01T00:00:00Z,31,Smith,s.n.,21 Nov 1997,NA,NA,NA,NA,Open bottomland/floodplain,NA,Asteraceae,NA,NA
Boltonia_290,290,3-1-11,2011-2650-1,11B,1180053,United States,Illinois,Woodford,40.8852777,-89.4583333,40.84668797480775, -89.0297386240063,NA,"Woodford County, Maternal lines = 30, Seedheads = 90; 6 packets",2/29/24,3/7/24,4/12/24,NA,NA,2,7,10.9,15.6,1,1.6,1.8,NA,NA,NA,NA,NA,NA,NA,NA,NA,NA,NA,NA,NA,NA,NA,NA,NA,NA,NA,NA,NA,NA,NA,NA,NA,NA,NA,NA,NA,NA,NA,NA,NA,NA,NA,NA,NA,NA,NA,NA,NA,NA,NA,NA,NA,NA,NA,NA,NA,NA,NA,NA,NA,NA,NA,NA,NA,NA,NA,NA,NA,NA,NA,NA,NA,NA,NA,NA,NA,NA,NA,NA,NA,NA,NA,NA,NA,NA,NA,NA,NA,NA,NA,NA,NA,NA,NA,NA,NA,NA,NA,NA,NA,NA,NA,NA,NA,NA,NA,NA,NA,NA,NA,NA,0,0,NA,NA,NA,NA,NA,NA,NA,9,15,14,NA,NA,NA,NA,NA,NA,NA,NA,NA,NA,NA,NA,NA,NA,NA,NA,NA,NA,NA,NA,NA,NA,NA,NA,NA,NA,NA,NA,NA,NA,NA,NA,NA,NA,NA,NA,NA,NA,1,1,2,1,1,1,1,1,1,1,1,1,1,0,0,0,0,0,0,0,0,0,0,0,0,0,0,0,0,1999-5367-2,290,NA,NA,NA,NA,NA,NA,NA,NA,NA,NA,NA,NA,NA,NA,NA,NA,Y,Y,Y,Y,Y,Y,Y,Y,Y,Y,Y,Y,Y,Y,Y,Y,Y,Y,Y,Boltonia decurrens,MBG Seed Bank,CCSD Seed Bank Freezer,NA,2023-12-01T00:00:00Z,Dormant,8743,Seed,Missouri Botanical Garden,Wild,Shaw Nature Reserve,US-1-MO-2011-2650,Project specific use only,2011-12-01T00:00:00Z,90,Smith,s.n.,11 Nov 1999,NA,NA,NA,NA,Open bottomland/floodplain,NA,Asteraceae,NA,NA
Boltonia_291,291,6-2-4,2011-2629-1,9A,1180032,United States,Illinois,Marshal,41.045,-89.4311111,41.02868892611459, -89.43846248262098,NA,"Sparland, Maternal lines = 30, Seedheads = 90; 3 packets",2/29/24,3/8/24,4/12/24,NA,NA,0,11,14.1,19.6,1.4,1.3,1.5,NA,NA,NA,NA,NA,NA,NA,NA,NA,NA,NA,NA,NA,NA,NA,NA,NA,NA,NA,NA,NA,NA,NA,NA,NA,NA,NA,NA,NA,NA,NA,NA,NA,NA,NA,NA,NA,NA,NA,NA,NA,NA,NA,NA,NA,NA,NA,NA,NA,NA,NA,NA,NA,NA,NA,NA,NA,NA,NA,NA,NA,NA,NA,NA,NA,NA,NA,NA,NA,NA,NA,NA,NA,NA,NA,NA,NA,NA,NA,NA,NA,NA,NA,NA,NA,NA,NA,NA,NA,NA,NA,NA,NA,NA,NA,NA,NA,NA,NA,NA,NA,NA,NA,NA,0,0,NA,NA,NA,NA,NA,NA,NA,10,13,14,NA,NA,NA,NA,NA,NA,NA,NA,NA,NA,NA,NA,NA,NA,NA,NA,NA,NA,NA,NA,NA,NA,NA,NA,NA,NA,NA,NA,NA,NA,NA,NA,NA,NA,NA,NA,NA,NA,1,1,1,1,1,1,1,1,1,1,1,2,2,0,0,0,0,0,0,0,0,0,0,0,0,0,0,0,0,1999-5158-2,291,NA,NA,NA,NA,NA,NA,NA,NA,NA,NA,NA,NA,NA,NA,NA,NA,Y,Y,Y,Y,Y,Y,Y,Y,Y,Y,Y,Y,Y,Y,Y,Y,Y,Y,Y,Boltonia decurrens,MBG Seed Bank,CCSD Seed Bank Freezer,NA,2023-12-01T00:00:00Z,Dormant,8786,Seed,Missouri Botanical Garden,Wild,Shaw Nature Reserve,NA,Project specific use only,2011-12-01T00:00:00Z,90,Smith,s.n.,11 Nov 1999,NA,NA,NA,NA,Open bottomland/floodplain,NA,Asteraceae,NA,NA
Boltonia_292,292,7-1-10,2011-2661-1,18B,1180064,United States,Illinois,Tazewell,40.69584983597212,-89.54394792156027,40.69584983597212, -89.54394792156027,NA,"Cooper park South, Maternal lines = 43, Seedheads = 73; 4 packets",2/29/24,3/9/24,4/12/24,NA,NA,0,4,9.9,17.2,1,1.5,1.9,Small,NA,NA,NA,NA,NA,NA,NA,NA,NA,NA,NA,NA,NA,NA,NA,NA,NA,NA,NA,NA,NA,NA,NA,NA,NA,NA,NA,NA,NA,NA,NA,NA,NA,NA,NA,NA,NA,NA,NA,NA,NA,NA,NA,NA,NA,NA,NA,NA,NA,NA,NA,NA,NA,NA,NA,NA,NA,NA,NA,NA,NA,NA,NA,NA,NA,NA,NA,NA,NA,NA,NA,NA,NA,NA,NA,NA,NA,NA,NA,NA,NA,NA,NA,NA,NA,NA,NA,NA,NA,NA,NA,NA,NA,NA,NA,NA,NA,NA,NA,NA,NA,NA,NA,0,0,NA,NA,NA,NA,NA,NA,NA,7,10,11,NA,NA,NA,NA,NA,NA,NA,NA,NA,NA,NA,NA,NA,NA,NA,NA,NA,NA,NA,NA,NA,NA,NA,NA,NA,NA,NA,NA,NA,NA,NA,NA,NA,NA,NA,NA,NA,NA,1,1,1,1,1,1,1,1,1,1,1,1,2,0,0,0,0,0,0,0,0,0,0,0,0,0,0,0,0,2000-5142-2,292,NA,NA,NA,NA,NA,NA,NA,NA,NA,NA,NA,NA,NA,NA,NA,NA,Y,Y,Y,Y,Y,Y,Y,Y,Y,Y,Y,Y,Y,Y,Y,Y,Y,Y,Y,Boltonia decurrens,MBG Seed Bank,CCSD Seed Bank Freezer,NA,2023-12-01T00:00:00Z,Dormant,6976,Seed,Missouri Botanical Garden,Wild,Shaw Nature Reserve,NA,Project specific use only,2011-12-01T00:00:00Z,73,Smith,s.n.,01 Oct 2000,NA,NA,NA,NA,Open bottomland/floodplain,NA,Asteraceae,NA,NA
Boltonia_293,293,2-2-10,2011-2638-1,13A,1180041,United States,Illinois,Scott,39.7852777,-90.5902777,39.786569766256626, -90.58910563509704,Smith Lake,NA,2/29/24,3/7/24,4/12/24,NA,NA,0,12.2,18.4,22.3,2,1.9,2.4,NA,NA,NA,NA,NA,NA,NA,NA,NA,NA,NA,NA,NA,NA,NA,NA,NA,NA,0,0,0,0,0,0,0,0,0,0,0,0,0,0,0,0,1,1,1,NA,NA,NA,0,NA,0,0,0,NA,0,0,0,0,0,0,0,0,0,0,0,0,0,0,0,0,0,0,0,0,0,0,0,1,1,10,40,79,90,NA,NA,NA,0,NA,0,0,0,NA,0,0,0,0,0,0,0,0,0,0,0,0,0,0,0,0,0,0,0,NA,0,0,0,0,0,0,0,0,12,12,14,16,NA,NA,NA,0,NA,0,0,0,NA,0,0,0,0,0,0,0,0,0,0,0,0,0,0,0,0,0,0,0,0,0,0,0,0,1,44,27,14,1,1,1,1,0,1,0,0,0,0,0,0,0,0,0,0,0,1,0,1,1,1,1,1,1,1,1,1,1,1,1998-5189-2,293,NA,NA,NA,6.4,NA,21.8,38.5,47.3,55,71,91.8,132,138.8,140.8,141.1,141,Y,Y,Y,Y,Y,Y,Y,Y,Y,Y,Y,Y,Y,Y,Y,Y,Y,Y,Y,Boltonia decurrens,MBG Seed Bank,CCSD Seed Bank Freezer,NA,2023-12-01T00:00:00Z,Dormant,7818,Seed,Missouri Botanical Garden,Wild,Shaw Nature Reserve,US-1-MO-2011-2638,Project specific use only,2011-12-01T00:00:00Z,81,Smith,s.n.,11 Nov 1998,Maternal Lines,NA,NA,NA,Open bottomland/floodplain,NA,Asteraceae,NA,NA
Boltonia_294,294,6-1-11,2011-2629-1,6C,1180032,United States,Illinois,Marshal,41.045,-89.4311111,41.02868892611459, -89.43846248262098,NA,"Sparland, Maternal lines = 30, Seedheads = 90; 3 packets",2/29/24,3/7/24,4/12/24,N,0,4,12.2,12.1,13,2,2.2,2.4,NA,NA,NA,NA,NA,NA,NA,NA,NA,NA,NA,NA,NA,NA,NA,NA,NA,NA,4,7,4,7,6,7,7,9,8,7,9,11,11,11,11,11,11,10,11,NA,0,0,0,0,0,0,1,1,2,3,3,5,5,5,7,7,7,9,5,2,5,2,2,2,2,2,2,4,2,0,0,0,0,0,0,8,56,NA,1,3,4,4,4,5,4,3,2,2,4,3,2,4,2,2,0,5,4,3,3,4,3,3,1,1,0,0,5,4,9,1,4,12,6,9,6,25,49,60,NA,0,0,0,1,1,2,2,2,3,2,2,0,2,0,0,0,2,0,0,0,0,0,0,0,2,0,0,0,0,0,0,0,0,12,0,10,0,3,5,3,3,3,4,1,2,3,2,1,2,2,1,1,1,1,1,1,1,1,2,2,2,2,2,2,2,2,1999-5155-2,294,5.6,19,28.9,34.8,34.4,34.8,34.5,34.7,34.5,34.3,34.3,34.2,34.6,34.5,34.5,34.5,Y,Y,Y,Y,Y,Y,Y,Y,Y,Y,Y,Y,Y,Y,Y,Y,Y,Y,Y,Boltonia decurrens,MBG Seed Bank,CCSD Seed Bank Freezer,NA,2023-12-01T00:00:00Z,Dormant,8786,Seed,Missouri Botanical Garden,Wild,Shaw Nature Reserve,NA,Project specific use only,2011-12-01T00:00:00Z,90,Smith,s.n.,11 Nov 1999,NA,NA,NA,NA,Open bottomland/floodplain,NA,Asteraceae,NA,NA
Boltonia_295,295,7-1-1,2011-2638-1,30B,1180041,United States,Illinois,Scott,39.7852777,-90.5902777,39.786569766256626, -90.58910563509704,Smith Lake,NA,2/29/24,3/9/24,4/12/24,NA,NA,0,12,16.6,19.7,1.8,1.7,1.7,NA,NA,NA,NA,NA,NA,NA,NA,NA,NA,NA,NA,NA,NA,NA,NA,NA,NA,NA,NA,NA,NA,NA,NA,NA,NA,NA,NA,NA,NA,NA,NA,NA,NA,NA,NA,NA,NA,NA,NA,NA,NA,NA,NA,NA,NA,NA,NA,NA,NA,NA,NA,NA,NA,NA,NA,NA,NA,NA,NA,NA,NA,NA,NA,NA,NA,NA,NA,NA,NA,NA,NA,NA,NA,NA,NA,NA,NA,NA,NA,NA,NA,NA,NA,NA,NA,NA,NA,NA,NA,NA,NA,NA,NA,NA,NA,NA,NA,NA,NA,NA,NA,NA,NA,0,0,NA,NA,NA,NA,NA,NA,NA,12,16,21,NA,NA,NA,NA,NA,NA,NA,NA,NA,NA,NA,NA,NA,NA,NA,NA,NA,NA,NA,NA,NA,NA,NA,NA,NA,NA,NA,NA,NA,NA,NA,NA,NA,NA,NA,NA,NA,NA,1,1,2,1,2,1,1,1,1,1,1,2,2,0,0,0,0,0,0,0,0,0,0,0,0,0,0,0,0,1998-5205-2,295,NA,NA,NA,NA,NA,NA,NA,NA,NA,NA,NA,NA,NA,NA,NA,NA,Y,Y,Y,Y,Y,Y,Y,Y,Y,Y,Y,Y,Y,Y,Y,Y,Y,Y,Y,Boltonia decurrens,MBG Seed Bank,CCSD Seed Bank Freezer,NA,2023-12-01T00:00:00Z,Dormant,7818,Seed,Missouri Botanical Garden,Wild,Shaw Nature Reserve,US-1-MO-2011-2638,Project specific use only,2011-12-01T00:00:00Z,81,Smith,s.n.,11 Nov 1998,Maternal Lines,NA,NA,NA,Open bottomland/floodplain,NA,Asteraceae,NA,NA
Boltonia_296,296,9-5-9,2011-2661-1,13A,1180064,United States,Illinois,Tazewell,40.69584983597212,-89.54394792156027,40.69584983597212, -89.54394792156027,NA,"Cooper park South, Maternal lines = 43, Seedheads = 73; 4 packets",3/1/24,3/8/24,4/12/24,N,0,5,11.5,12.1,14.2,2.2,1.7,1.7,NA,NA,NA,NA,NA,NA,NA,NA,NA,NA,NA,NA,NA,NA,NA,NA,NA,NA,2,5,2,5,5,5,5,7,8,9,10,11,16,14,25,25,NA,30,46,NA,0,0,0,0,0,0,0,1,1,3,4,4,5,5,6,6,7,8,6,4,7,4,5,6,6,3,3,3,4,8,4,15,6,33,NA,72,50,NA,0,4,5,6,5,6,5,3,4,4,4,5,2,1,2,1,3,8,8,10,7,12,12,11,13,13,7,0,4,4,6,2,5,11,10,8,11,25,33,37,NA,0,0,0,0,1,1,3,3,3,1,1,1,3,2,1,2,2,1,1,0,0,1,0,0,0,2,2,3,3,3,6,3,12,21,NA,7,1,0,2,2,2,2,2,2,2,2,2,2,2,3,1,1,1,1,1,1,1,1,1,1,1,1,1,1,1,1,2000-5137-2,296,6.6,20.3,26.9,40.4,44,43.8,44.5,43,43.5,43.2,43.4,43.2,43.5,43.6,43.6,43.6,Y,Y,Y,Y,Y,Y,Y,Y,Y,Y,Y,Y,Y,Y,Y,Y,Y,Y,Y,Boltonia decurrens,MBG Seed Bank,CCSD Seed Bank Freezer,NA,2023-12-01T00:00:00Z,Dormant,6976,Seed,Missouri Botanical Garden,Wild,Shaw Nature Reserve,NA,Project specific use only,2011-12-01T00:00:00Z,73,Smith,s.n.,01 Oct 2000,NA,NA,NA,NA,Open bottomland/floodplain,NA,Asteraceae,NA,NA
Boltonia_297,297,2-6-7,2011-2598-1,L13B,1180001,United States,Illinois,Jersey,38.961398423802066,-90.51481032460987,38.961398423802066, -90.51481032460987,NA,"Gilbert Lake, Maternal lines = 32, Seedheads = 98; 6 packets",2/29/24,3/21/24,4/12/24,NA,NA,NA,NA,NA,NA,NA,NA,NA,Empty pot,NA,NA,NA,NA,NA,NA,NA,NA,NA,NA,NA,NA,NA,NA,NA,NA,NA,NA,NA,NA,NA,NA,NA,NA,NA,NA,NA,NA,NA,NA,NA,NA,NA,NA,NA,NA,NA,NA,NA,NA,NA,NA,NA,NA,NA,NA,NA,NA,NA,NA,NA,NA,NA,NA,NA,NA,NA,NA,NA,NA,NA,NA,NA,NA,NA,NA,NA,NA,NA,NA,NA,NA,NA,NA,NA,NA,NA,NA,NA,NA,NA,NA,NA,NA,NA,NA,NA,NA,NA,NA,NA,NA,NA,NA,NA,NA,NA,NA,NA,NA,NA,NA,NA,0,NA,NA,NA,NA,NA,NA,NA,NA,NA,NA,NA,NA,NA,NA,NA,NA,NA,NA,NA,NA,NA,NA,NA,NA,NA,NA,NA,NA,NA,NA,NA,NA,NA,NA,NA,NA,NA,NA,NA,NA,NA,NA,NA,NA,NA,NA,NA,NA,NA,NA,NA,0,0,NA,NA,NA,NA,NA,NA,NA,NA,NA,NA,NA,0,0,NA,NA,NA,NA,NA,NA,NA,NA,NA,NA,NA,NA,1997-5114-2,297,NA,NA,NA,NA,NA,NA,NA,NA,NA,NA,NA,NA,NA,NA,NA,NA,N,N,Y,N,N,N,N,N,N,N,N,N,N,N,N,Y,N,Y,N,Boltonia decurrens,MBG Seed Bank,CCSD Seed Bank Freezer,NA,2023-12-01T00:00:00Z,Dormant,9628,Seed,Missouri Botanical Garden,Wild,Shaw Nature Reserve,NA,Project specific use only,2011-12-01T00:00:00Z,98,Smith,s.n.,08 Nov 1997,NA,NA,NA,NA,Open bottomland/floodplain,NA,Asteraceae,NA,NA
Boltonia_298,298,8-4-5,2011-2635-1,15,1180038,United States,Illinois,Alton,38.86501904919102,-90.22302347588696,38.86501904919102, -90.22302347588696,NA,"West Alton, Maternal lines = 32, Seedheads = 32; 2 packets",2/29/24,3/7/24,4/12/24,N,0,3,13.8,16.2,17.6,1.9,2.6,2.3,Dry,NA,NA,NA,NA,NA,NA,NA,NA,NA,NA,NA,NA,NA,NA,NA,NA,NA,0,6,6,7,7,8,9,16,15,14,16,16,24,23,45,32,NA,39,57,NA,0,0,0,0,0,0,0,0,0,1,1,3,4,6,6,8,10,11,10,6,7,6,7,7,7,5,8,7,9,17,16,26,7,22,NA,54,18,NA,0,2,5,6,8,6,10,12,10,10,9,9,4,5,6,5,5,11,12,12,12,13,10,14,19,18,22,0,8,7,9,5,7,12,11,16,12,16,32,39,NA,0,0,0,0,0,1,1,1,2,3,5,2,8,5,3,2,3,2,0,0,1,2,2,2,2,2,3,4,6,11,7,1,6,18,NA,5,0,0,1,0,0,0,0,0,0,0,0,1,1,2,1,1,1,1,1,1,1,1,1,1,1,1,1,1,1,1,1999-5220-2,298,3.2,16.7,25,36.2,47.7,48.1,48.5,47.5,47.5,47.7,47.7,47.5,47.8,47.8,47.8,47.8,Y,Y,Y,Y,Y,Y,Y,Y,Y,Y,Y,Y,Y,Y,Y,Y,Y,Y,Y,Boltonia decurrens,MBG Seed Bank,CCSD Seed Bank Freezer,NA,2023-12-01T00:00:00Z,Dormant,2831,Seed,Missouri Botanical Garden,Wild,Shaw Nature Reserve,NA,Project specific use only,2011-12-01T00:00:00Z,32,Smith,s.n.,07 Nov 1999,NA,NA,NA,NA,Open bottomland/floodplain,NA,Asteraceae,NA,NA
Boltonia_299,299,9-2-11,2011-2629-1,5A,1180032,United States,Illinois,Marshal,41.045,-89.4311111,41.02868892611459, -89.43846248262098,NA,"Sparland, Maternal lines = 30, Seedheads = 90; 3 packets",2/29/24,3/10/24,4/12/24,NA,NA,0,12.3,17.2,21.5,2,2.4,2.1,Double planted?,NA,NA,NA,NA,NA,NA,NA,NA,NA,NA,NA,NA,NA,NA,NA,NA,NA,NA,NA,NA,NA,NA,NA,NA,NA,NA,NA,NA,NA,NA,NA,NA,NA,NA,NA,NA,NA,NA,NA,NA,NA,NA,NA,NA,NA,NA,NA,NA,NA,NA,NA,NA,NA,NA,NA,NA,NA,NA,NA,NA,NA,NA,NA,NA,NA,NA,NA,NA,NA,NA,NA,NA,NA,NA,NA,NA,NA,NA,NA,NA,NA,NA,NA,NA,NA,NA,NA,NA,NA,NA,NA,NA,NA,NA,NA,NA,NA,NA,NA,NA,NA,NA,NA,0,0,NA,NA,NA,NA,NA,NA,NA,17,21,24,NA,NA,NA,NA,NA,NA,NA,NA,NA,NA,NA,NA,NA,NA,NA,NA,NA,NA,NA,NA,NA,NA,NA,NA,NA,NA,NA,NA,NA,NA,NA,NA,NA,NA,NA,NA,NA,NA,2,2,2,2,2,2,2,2,2,2,2,2,2,0,0,0,0,0,0,0,0,0,0,0,0,0,0,0,0,1999-5154-3,299,NA,NA,NA,NA,NA,NA,NA,NA,NA,NA,NA,NA,NA,NA,NA,NA,Y,Y,Y,Y,Y,Y,Y,Y,Y,Y,Y,Y,Y,Y,Y,Y,Y,Y,Y,Boltonia decurrens,MBG Seed Bank,CCSD Seed Bank Freezer,NA,2023-12-01T00:00:00Z,Dormant,8786,Seed,Missouri Botanical Garden,Wild,Shaw Nature Reserve,NA,Project specific use only,2011-12-01T00:00:00Z,90,Smith,s.n.,11 Nov 1999,NA,NA,NA,NA,Open bottomland/floodplain,NA,Asteraceae,NA,NA
Boltonia_300,300,3-1-10,2011-2638-1,15C,1180041,United States,Illinois,Scott,39.7852777,-90.5902777,39.786569766256626, -90.58910563509704,Smith Lake,NA,2/29/24,3/7/24,4/12/24,NA,NA,NA,NA,NA,NA,NA,NA,NA,Empty pot,NA,NA,NA,NA,NA,NA,NA,NA,NA,NA,NA,NA,NA,NA,NA,NA,NA,NA,NA,NA,NA,NA,NA,NA,NA,NA,NA,NA,NA,NA,NA,NA,NA,NA,NA,NA,NA,NA,NA,NA,NA,NA,NA,NA,NA,NA,NA,NA,NA,NA,NA,NA,NA,NA,NA,NA,NA,NA,NA,NA,NA,NA,NA,NA,NA,NA,NA,NA,NA,NA,NA,NA,NA,NA,NA,NA,NA,NA,NA,NA,NA,NA,NA,NA,NA,NA,NA,NA,NA,NA,NA,NA,NA,NA,NA,NA,NA,NA,NA,NA,NA,NA,NA,0,NA,NA,NA,NA,NA,NA,NA,NA,NA,NA,NA,NA,NA,NA,NA,NA,NA,NA,NA,NA,NA,NA,NA,NA,NA,NA,NA,NA,NA,NA,NA,NA,NA,NA,NA,NA,NA,NA,NA,NA,NA,NA,NA,NA,NA,NA,NA,NA,NA,NA,NA,0,0,NA,NA,NA,NA,NA,NA,NA,NA,NA,NA,NA,0,0,NA,NA,NA,NA,NA,NA,NA,NA,NA,NA,NA,NA,1998-5191-4,300,NA,NA,NA,NA,NA,NA,NA,NA,NA,NA,NA,NA,NA,NA,NA,NA,N,N,Y,N,N,N,N,N,N,N,N,N,N,N,N,Y,N,Y,N,Boltonia decurrens,MBG Seed Bank,CCSD Seed Bank Freezer,NA,2023-12-01T00:00:00Z,Dormant,7818,Seed,Missouri Botanical Garden,Wild,Shaw Nature Reserve,US-1-MO-2011-2638,Project specific use only,2011-12-01T00:00:00Z,81,Smith,s.n.,11 Nov 1998,Maternal Lines,NA,NA,NA,Open bottomland/floodplain,NA,Asteraceae,NA,NA
Boltonia_301,301,10-3-2,2011-2661-1,23A,1180064,United States,Illinois,Tazewell,40.69584983597212,-89.54394792156027,40.69584983597212, -89.54394792156027,NA,"Cooper park South, Maternal lines = 43, Seedheads = 73; 4 packets",3/1/24,3/12/24,4/12/24,NA,NA,0,9.5,15.6,21.6,1.4,2.2,2.3,NA,NA,NA,NA,NA,NA,NA,NA,NA,NA,NA,NA,NA,NA,NA,NA,NA,NA,NA,NA,0,0,0,0,0,0,0,1,0,0,0,0,1,1,0,1,1,NA,NA,NA,NA,NA,NA,NA,NA,NA,NA,NA,NA,NA,NA,NA,NA,NA,NA,NA,NA,NA,0,0,0,0,0,0,0,8,0,0,0,1,1,9,36,85,92,NA,NA,NA,NA,NA,NA,NA,NA,NA,NA,NA,NA,NA,NA,NA,NA,NA,NA,NA,NA,NA,0,0,0,0,0,0,0,NA,0,0,NA,NA,NA,NA,0,0,6,11,14,17,NA,NA,NA,NA,NA,NA,NA,NA,NA,NA,NA,NA,NA,NA,NA,NA,NA,NA,NA,NA,NA,0,0,0,0,0,0,0,3,0,0,1,0,2,48,19,4,0,1,1,1,1,1,1,1,1,1,0,0,0,0,0,0,0,0,0,0,0,0,0,1,1,1,1,1,1,1,2000-5147-4,301,NA,NA,NA,NA,NA,NA,NA,NA,NA,12.4,34,83.8,99.1,99.3,98.3,98.8,Y,Y,Y,Y,Y,Y,Y,Y,Y,Y,Y,Y,Y,Y,Y,Y,Y,Y,Y,Boltonia decurrens,MBG Seed Bank,CCSD Seed Bank Freezer,NA,2023-12-01T00:00:00Z,Dormant,6976,Seed,Missouri Botanical Garden,Wild,Shaw Nature Reserve,NA,Project specific use only,2011-12-01T00:00:00Z,73,Smith,s.n.,01 Oct 2000,NA,NA,NA,NA,Open bottomland/floodplain,NA,Asteraceae,NA,NA
Boltonia_302,302,9-2-1,2011-2659-1,1B,1180062,United States,Illinois,Frederick,40.07116308939078,-90.42957195888599,40.07116308939078, -90.42957195888599,NA,"Frederick Landing, Maternal lines = 15, Seedheads = 44; 2 packets",2/29/24,3/8/24,4/12/24,NA,NA,0,6,11.9,15.3,1.3,1.8,1.6,NA,NA,NA,NA,NA,NA,NA,NA,NA,NA,NA,NA,NA,NA,NA,NA,NA,NA,0,1,0,2,1,1,2,2,1,2,6,5,10,9,21,24,22,25,35,NA,0,0,0,0,0,0,0,0,0,0,0,0,0,1,1,1,3,3,3,2,3,4,5,5,4,6,7,7,8,11,8,12,5,22,37,90,51,NA,0,0,0,0,0,2,2,3,3,3,2,2,2,2,2,3,5,8,5,7,2,8,8,9,7,7,5,NA,0,3,5,1,3,10,10,9,10,7,10,13,NA,0,0,0,0,0,0,0,0,0,0,1,1,3,2,1,2,0,0,2,3,3,0,0,0,2,1,5,4,1,3,2,2,8,25,14,1,0,1,1,0,0,0,0,0,0,0,0,0,0,0,0,0,1,1,1,1,1,1,1,1,1,1,1,1,1,1,2011-5000-4,302,NA,NA,10.2,22.6,38.3,47.8,55.2,50.2,50.5,50.3,50,50.4,49.8,50.9,50.9,50.9,Y,Y,Y,Y,Y,Y,Y,Y,Y,Y,Y,Y,Y,Y,Y,Y,Y,Y,Y,Boltonia decurrens,MBG Seed Bank,CCSD Seed Bank Freezer,NA,2023-12-01T00:00:00Z,Dormant,4101,Seed,Missouri Botanical Garden,Wild,Shaw Nature Reserve,US-1-MO-2011-2659,Project specific use only,2011-12-01T00:00:00Z,44,Smith,s.n.,01 Dec 2011,NA,NA,NA,NA,Open bottomland/floodplain,NA,Asteraceae,NA,NA
Boltonia_303,303,8-6-7,2011-2609-1,X2,1180012,United States,Illinois,Madison,38.6891666,-90.0972222,38.69652811427051, -90.08592610430901,NA,"Horseshoe Lake, Maternal lines = 30, Seedheads = 90; 3 packets",2/29/24,3/8/24,4/12/24,NA,NA,0,10.4,16.5,24.9,1.9,1.9,1.8,NA,NA,NA,NA,NA,NA,NA,NA,NA,NA,NA,NA,NA,NA,NA,NA,NA,NA,NA,NA,NA,NA,NA,NA,NA,NA,NA,NA,NA,NA,NA,NA,NA,NA,NA,NA,NA,NA,NA,NA,NA,NA,NA,NA,NA,NA,NA,NA,NA,NA,NA,NA,NA,NA,NA,NA,NA,NA,NA,NA,NA,NA,NA,NA,NA,NA,NA,NA,NA,NA,NA,NA,NA,NA,NA,NA,NA,NA,NA,NA,NA,NA,NA,NA,NA,NA,NA,NA,NA,NA,NA,NA,NA,NA,NA,NA,NA,NA,NA,NA,NA,NA,NA,NA,0,0,NA,NA,NA,NA,NA,NA,NA,11,16,18,NA,NA,NA,NA,NA,NA,NA,NA,NA,NA,NA,NA,NA,NA,NA,NA,NA,NA,NA,NA,NA,NA,NA,NA,NA,NA,NA,NA,NA,NA,NA,NA,NA,NA,NA,NA,NA,NA,1,1,1,1,1,1,1,1,1,1,1,1,1,0,0,0,0,0,0,0,0,0,0,0,0,0,0,0,0,2011-5037-3,303,NA,NA,NA,NA,NA,NA,NA,NA,NA,NA,NA,NA,NA,NA,NA,NA,Y,Y,Y,Y,Y,Y,Y,Y,Y,Y,Y,Y,Y,Y,Y,Y,Y,Y,Y,Boltonia decurrens,MBG Seed Bank,CCSD Seed Bank Freezer,NA,2023-12-01T00:00:00Z,Dormant,8688,Seed,Missouri Botanical Garden,Wild,Shaw Nature Reserve,NA,Project specific use only,2011-12-01T00:00:00Z,3,Smith,s.n.,01 Nov 2000,NA,NA,NA,NA,Open bottomland/floodplain,NA,Asteraceae,NA,NA
Boltonia_304,304,12-5-8,2011-2650-1,17A,1180053,United States,Illinois,Woodford,40.8852777,-89.4583333,40.84668797480775, -89.0297386240063,NA,"Woodford County, Maternal lines = 30, Seedheads = 90; 6 packets",3/1/24,3/12/24,4/12/24,NA,NA,0,7,10.1,14.8,1.5,1.5,1.7,NA,NA,NA,NA,NA,NA,NA,NA,NA,NA,NA,NA,NA,NA,NA,NA,NA,NA,NA,NA,NA,NA,NA,NA,NA,NA,NA,NA,NA,NA,NA,NA,NA,NA,NA,NA,NA,NA,NA,NA,NA,NA,NA,NA,NA,NA,NA,NA,NA,NA,NA,NA,NA,NA,NA,NA,NA,NA,NA,NA,NA,NA,NA,NA,NA,NA,NA,NA,NA,NA,NA,NA,NA,NA,NA,NA,NA,NA,NA,NA,NA,NA,NA,NA,NA,NA,NA,NA,NA,NA,NA,NA,NA,NA,NA,NA,NA,NA,NA,NA,NA,NA,NA,NA,0,0,NA,NA,NA,NA,NA,NA,NA,11,15,15,NA,NA,NA,NA,NA,NA,NA,NA,NA,NA,NA,NA,NA,NA,NA,NA,NA,NA,NA,NA,NA,NA,NA,NA,NA,NA,NA,NA,NA,NA,NA,NA,NA,NA,NA,NA,NA,NA,1,1,1,1,1,1,1,1,1,1,1,1,1,0,0,0,0,0,0,0,0,0,0,0,0,0,0,0,0,1999-5373-2,304,NA,NA,NA,NA,NA,NA,NA,NA,NA,NA,NA,NA,NA,NA,NA,NA,Y,Y,Y,Y,Y,Y,Y,Y,Y,Y,Y,Y,Y,Y,Y,Y,Y,Y,Y,Boltonia decurrens,MBG Seed Bank,CCSD Seed Bank Freezer,NA,2023-12-01T00:00:00Z,Dormant,8743,Seed,Missouri Botanical Garden,Wild,Shaw Nature Reserve,US-1-MO-2011-2650,Project specific use only,2011-12-01T00:00:00Z,90,Smith,s.n.,11 Nov 1999,NA,NA,NA,NA,Open bottomland/floodplain,NA,Asteraceae,NA,NA
Boltonia_305,305,1-1-6,2011-2666-1,3A,1180069,United States,Illinois,Fulton,40.4925,-89.9022222,40.46699902833787, -89.9485498557629,NA,"Rice Lake, Maternal lines = 30, Seedheads = 90; 3 packets",2/28/24,3/10/24,4/12/24,N,0,0,12.9,16.6,20.5,2.5,2.4,3.1,Dry,NA,NA,NA,NA,NA,NA,NA,NA,NA,NA,NA,NA,NA,NA,NA,NA,NA,0,3,1,3,3,3,4,4,4,7,6,8,12,11,51,22,58,55,67,NA,0,0,0,0,0,0,0,0,0,0,0,0,1,1,2,4,4,5,5,3,7,8,9,11,9,12,15,18,22,27,35,49,22,77,107,114,78,NA,0,0,0,0,2,3,4,4,6,5,5,6,4,5,5,9,4,6,10,10,9,13,13,17,18,19,14,0,0,6,7,5,6,6,5,6,6,12,17,22,NA,0,0,0,0,0,0,0,0,0,0,1,1,4,4,2,1,5,6,3,3,2,1,1,1,2,6,5,6,2,8,8,8,15,30,10,5,0,0,1,2,1,0,0,0,0,0,0,0,0,0,1,1,1,1,1,1,1,1,1,1,1,1,1,1,1,1,1999-5002-2,305,2,15.3,22.8,40,64.2,74.3,75.1,74.3,75,75.2,74.4,74.2,74.8,74.7,74.7,74.7,Y,Y,Y,Y,Y,Y,Y,Y,Y,Y,Y,Y,Y,Y,Y,Y,Y,Y,Y,Boltonia decurrens,MBG Seed Bank,CCSD Seed Bank Freezer,NA,2023-12-01T00:00:00Z,Dormant,8574,Seed,Missouri Botanical Garden,Wild,Shaw Nature Reserve,NA,Project specific use only,2011-12-01T00:00:00Z,90,Smith,s.n.,14 Oct 1999,NA,NA,NA,NA,Open bottomland/floodplain,NA,Asteraceae,NA,NA
Boltonia_306,306,2-4-10,2011-2664-1,15,1180067,United States,Illinois,Fulton,40.2047222,-90.1994444,40.207444479612775, -90.1871999885973,NA,"Anderson Lake, Maternal lines = 31, Seedheads = 31",2/29/24,3/9/24,4/12/24,NA,NA,1,11.7,16.9,22,1.9,1.6,1.5,NA,NA,NA,NA,NA,NA,NA,NA,NA,NA,NA,NA,NA,NA,NA,NA,NA,NA,NA,NA,NA,NA,NA,NA,NA,NA,NA,NA,NA,NA,NA,NA,NA,NA,NA,NA,NA,NA,NA,NA,NA,NA,NA,NA,NA,NA,NA,NA,NA,NA,NA,NA,NA,NA,NA,NA,NA,NA,NA,NA,NA,NA,NA,NA,NA,NA,NA,NA,NA,NA,NA,NA,NA,NA,NA,NA,NA,NA,NA,NA,NA,NA,NA,NA,NA,NA,NA,NA,NA,NA,NA,NA,NA,NA,NA,NA,NA,NA,NA,NA,NA,NA,NA,NA,0,0,NA,NA,NA,NA,NA,NA,NA,11,15,16,NA,NA,NA,NA,NA,NA,NA,NA,NA,NA,NA,NA,NA,NA,NA,NA,NA,NA,NA,NA,NA,NA,NA,NA,NA,NA,NA,NA,NA,NA,NA,NA,NA,NA,NA,NA,NA,NA,1,1,1,1,1,1,1,1,1,1,1,3,3,0,0,0,0,0,0,0,0,0,0,0,0,0,0,0,0,1997-5417-2,306,NA,NA,NA,NA,NA,NA,NA,NA,NA,NA,NA,NA,NA,NA,NA,NA,Y,Y,Y,Y,Y,Y,Y,Y,Y,Y,Y,Y,Y,Y,Y,Y,Y,Y,Y,Boltonia decurrens,MBG Seed Bank,CCSD Seed Bank Freezer,NA,2023-12-01T00:00:00Z,Dormant,2875,Seed,Missouri Botanical Garden,Wild,Shaw Nature Reserve,NA,Project specific use only,2011-12-01T00:00:00Z,31,Smith,s.n.,21 Nov 1997,NA,NA,NA,NA,Open bottomland/floodplain,NA,Asteraceae,NA,NA
Boltonia_307,307,4-2-10,2011-2659-1,13A,1180062,United States,Illinois,Frederick,40.07116308939078,-90.42957195888599,40.07116308939078, -90.42957195888599,NA,"Frederick Landing, Maternal lines = 15, Seedheads = 44; 2 packets",2/29/24,3/6/24,4/12/24,N,0,3,14.1,14.1,15,2.7,2.5,3,NA,NA,NA,One disc nearly senesced,NA,NA,NA,NA,NA,NA,NA,NA,NA,NA,NA,NA,NA,NA,0,11,10,11,11,10,12,13,12,13,15,15,16,21,17,16,17,23,36,NA,0,0,0,0,0,0,1,1,3,3,4,5,7,7,7,12,11,12,13,2,3,2,4,4,1,3,4,4,4,4,3,2,5,10,13,23,18,NA,1,2,4,5,6,5,8,8,10,5,7,7,1,3,4,3,4,5,3,5,2,7,6,9,11,4,8,0,6,5,5,3,4,5,7,7,8,18,30,44,NA,0,0,0,1,1,3,2,3,2,3,3,2,5,5,6,0,1,1,0,0,2,2,0,0,0,0,1,2,0,1,0,3,4,11,9,7,0,2,2,2,2,2,2,2,2,2,2,3,3,1,1,1,1,1,1,1,1,1,1,1,1,1,3,1,1,1,2011-5011-2,307,4.7,19.5,30.7,37,37.3,39.9,36.5,36.4,36.5,36.4,36.4,36.6,36.5,36.9,36.9,36.9,Y,Y,Y,Y,Y,Y,Y,Y,Y,Y,Y,Y,Y,Y,Y,Y,Y,Y,Y,Boltonia decurrens,MBG Seed Bank,CCSD Seed Bank Freezer,NA,2023-12-01T00:00:00Z,Dormant,4101,Seed,Missouri Botanical Garden,Wild,Shaw Nature Reserve,US-1-MO-2011-2659,Project specific use only,2011-12-01T00:00:00Z,44,Smith,s.n.,01 Dec 2011,NA,NA,NA,NA,Open bottomland/floodplain,NA,Asteraceae,NA,NA
Boltonia_308,308,2-5-6,2011-2635-1,4,1180038,United States,Illinois,Alton,38.86501904919102,-90.22302347588696,38.86501904919102, -90.22302347588696,NA,"West Alton, Maternal lines = 32, Seedheads = 32; 2 packets",2/29/24,3/6/24,4/12/24,NA,NA,3,14.6,19.3,25.3,1.6,1.9,2.1,Leaves wilting,Growing sideways,NA,NA,NA,NA,NA,NA,NA,NA,NA,NA,NA,NA,NA,NA,NA,NA,0,0,0,0,0,0,0,0,0,0,0,0,0,0,1,1,2,2,6,NA,0,0,NA,0,0,NA,0,0,0,0,0,0,0,0,0,0,0,0,0,0,0,0,0,0,0,0,0,0,0,0,0,1,1,12,34,83,106,NA,0,0,NA,0,0,NA,0,0,0,0,0,0,0,0,0,0,0,0,0,0,0,0,0,0,0,0,0,NA,0,0,0,0,0,0,0,0,7,11,22,27,NA,0,0,NA,0,0,NA,0,0,0,0,0,0,0,0,0,0,0,0,0,0,0,0,0,0,0,0,0,0,0,0,1,0,2,52,32,15,0,1,1,1,0,0,0,1,1,0,0,0,1,1,0,0,1,2,2,2,1,1,2,2,2,1,1,2,1,1,1999-5210-3,308,NA,NA,1,2.2,9.3,23.1,40.2,52.7,63.5,76.6,100.9,136.8,147.4,147.4,146,146.7,Y,Y,Y,Y,Y,Y,Y,Y,Y,Y,Y,Y,Y,Y,Y,Y,Y,Y,Y,Boltonia decurrens,MBG Seed Bank,CCSD Seed Bank Freezer,NA,2023-12-01T00:00:00Z,Dormant,2831,Seed,Missouri Botanical Garden,Wild,Shaw Nature Reserve,NA,Project specific use only,2011-12-01T00:00:00Z,32,Smith,s.n.,07 Nov 1999,NA,NA,NA,NA,Open bottomland/floodplain,NA,Asteraceae,NA,NA
Boltonia_309,309,3-5-9,2011-2661-1,2A,1180064,United States,Illinois,Tazewell,40.69584983597212,-89.54394792156027,40.69584983597212, -89.54394792156027,NA,"Cooper park South, Maternal lines = 43, Seedheads = 73; 4 packets",2/29/24,3/6/24,4/12/24,N,0,0,4.3,6.9,12.1,0.7,1.4,1.5,NA,NA,NA,NA,NA,NA,NA,NA,NA,NA,NA,NA,NA,NA,NA,NA,NA,NA,0,0,0,0,0,0,0,2,1,1,3,3,3,5,21,9,20,24,41,NA,0,0,0,0,0,0,0,0,0,0,0,0,0,0,0,1,1,2,1,2,2,2,3,3,4,2,4,4,6,11,12,11,6,30,44,78,57,NA,0,0,0,0,0,0,2,2,2,1,2,0,1,1,1,1,2,3,2,4,4,4,5,6,8,8,8,0,0,0,2,2,2,5,5,5,5,12,16,25,NA,0,0,0,0,0,0,0,0,0,0,0,2,1,1,2,1,1,0,0,1,0,1,0,1,0,1,2,5,3,4,3,2,9,38,10,5,2,1,1,3,2,3,3,2,3,2,3,3,3,3,1,1,1,1,1,1,1,1,1,1,1,1,1,1,1,1,2000-5126-3,309,0.7,7.2,9.7,18.5,28.5,37.5,41.2,41.1,36.8,41,40.7,40.1,40.4,40,40,40,Y,Y,Y,Y,Y,Y,Y,Y,Y,Y,Y,Y,Y,Y,Y,Y,Y,Y,Y,Boltonia decurrens,MBG Seed Bank,CCSD Seed Bank Freezer,NA,2023-12-01T00:00:00Z,Dormant,6976,Seed,Missouri Botanical Garden,Wild,Shaw Nature Reserve,NA,Project specific use only,2011-12-01T00:00:00Z,73,Smith,s.n.,01 Oct 2000,NA,NA,NA,NA,Open bottomland/floodplain,NA,Asteraceae,NA,NA
Boltonia_310,310,9-6-7,2011-2661-1,25A,1180064,United States,Illinois,Tazewell,40.69584983597212,-89.54394792156027,40.69584983597212, -89.54394792156027,NA,"Cooper park South, Maternal lines = 43, Seedheads = 73; 4 packets",3/1/24,3/6/24,4/12/24,NA,NA,0,10.6,18.4,22.4,1.8,1.5,1.8,NA,NA,NA,NA,NA,NA,NA,NA,NA,NA,NA,NA,NA,NA,NA,NA,NA,NA,NA,NA,NA,NA,NA,NA,NA,NA,NA,NA,NA,NA,NA,NA,NA,NA,NA,NA,NA,NA,NA,NA,NA,NA,NA,NA,NA,NA,NA,NA,NA,NA,NA,NA,NA,NA,NA,NA,NA,NA,NA,NA,NA,NA,NA,NA,NA,NA,NA,NA,NA,NA,NA,NA,NA,NA,NA,NA,NA,NA,NA,NA,NA,NA,NA,NA,NA,NA,NA,NA,NA,NA,NA,NA,NA,NA,NA,NA,NA,NA,NA,NA,NA,NA,NA,NA,0,0,NA,NA,NA,NA,NA,NA,NA,11,14,14,NA,NA,NA,NA,NA,NA,NA,NA,NA,NA,NA,NA,NA,NA,NA,NA,NA,NA,NA,NA,NA,NA,NA,NA,NA,NA,NA,NA,NA,NA,NA,NA,NA,NA,NA,NA,NA,NA,1,1,1,1,1,1,1,1,1,1,1,2,3,0,0,0,0,0,0,0,0,0,0,0,0,0,0,0,0,2000-5149-3,310,NA,NA,NA,NA,NA,NA,NA,NA,NA,NA,NA,NA,NA,NA,NA,NA,Y,Y,Y,Y,Y,Y,Y,Y,Y,Y,Y,Y,Y,Y,Y,Y,Y,Y,Y,Boltonia decurrens,MBG Seed Bank,CCSD Seed Bank Freezer,NA,2023-12-01T00:00:00Z,Dormant,6976,Seed,Missouri Botanical Garden,Wild,Shaw Nature Reserve,NA,Project specific use only,2011-12-01T00:00:00Z,73,Smith,s.n.,01 Oct 2000,NA,NA,NA,NA,Open bottomland/floodplain,NA,Asteraceae,NA,NA
Boltonia_311,311,6-5-12,2011-2613-1,9A,1180016,United States,Illinois,Fulton,40.2047222,-90.1994444,40.20813714639404, -90.18724497777134,NA,"Anderson Lake, Maternal lines = 30, Seedheads = 61; 2 packets",2/29/24,3/7/24,4/12/24,NA,NA,0,14.9,22.9,27.9,2.2,2.3,2.8,NA,NA,NA,NA,NA,NA,NA,NA,Corkscrew stem,NA,NA,NA,NA,NA,NA,NA,NA,NA,NA,NA,NA,NA,NA,0,0,0,0,0,0,0,0,0,0,0,0,0,54,NA,NA,NA,NA,NA,NA,NA,NA,NA,NA,NA,NA,NA,NA,NA,NA,NA,NA,NA,NA,NA,NA,NA,NA,0,0,0,0,0,0,0,0,0,0,6,18,53,25,NA,NA,NA,NA,NA,NA,NA,NA,NA,NA,NA,NA,NA,NA,NA,NA,NA,NA,NA,NA,NA,NA,NA,NA,0,0,0,0,NA,0,0,NA,NA,NA,NA,NA,0,0,11,22,26,NA,NA,NA,NA,NA,NA,NA,NA,NA,NA,NA,NA,NA,NA,NA,NA,NA,NA,NA,NA,NA,NA,NA,NA,0,0,0,0,0,0,0,0,0,1,40,12,3,0,1,2,2,2,3,2,1,1,1,1,0,0,0,0,0,0,0,0,0,0,0,0,0,1,1,1,1,1,1,2000-5008-3,311,NA,NA,NA,NA,NA,NA,NA,NA,NA,NA,1,20.6,53,92,91.7,90,Y,Y,Y,Y,Y,Y,Y,Y,Y,Y,Y,Y,Y,Y,Y,Y,Y,Y,Y,Boltonia decurrens,MBG Seed Bank,CCSD Seed Bank Freezer,NA,2023-12-01T00:00:00Z,Dormant,5913,Seed,Missouri Botanical Garden,Wild,Shaw Nature Reserve,NA,Project specific use only,2011-12-01T00:00:00Z,61,Smith,s.n.,01 Oct 2000,NA,NA,NA,NA,Open bottomland/floodplain,NA,Asteraceae,NA,NA
Boltonia_312,312,10-6-10,2011-2613-1,16A,1180016,United States,Illinois,Fulton,40.2047222,-90.1994444,40.20813714639404, -90.18724497777134,NA,"Anderson Lake, Maternal lines = 30, Seedheads = 61; 2 packets",3/1/24,3/10/24,4/12/24,NA,NA,0,9.8,13.4,17,1.6,1.6,1.6,NA,NA,NA,NA,NA,NA,NA,NA,NA,NA,NA,NA,NA,NA,NA,NA,NA,NA,NA,NA,NA,NA,NA,NA,NA,NA,NA,NA,NA,NA,NA,NA,NA,NA,NA,NA,NA,NA,NA,NA,NA,NA,NA,NA,NA,NA,NA,NA,NA,NA,NA,NA,NA,NA,NA,NA,NA,NA,NA,NA,NA,NA,NA,NA,NA,NA,NA,NA,NA,NA,NA,NA,NA,NA,NA,NA,NA,NA,NA,NA,NA,NA,NA,NA,NA,NA,NA,NA,NA,NA,NA,NA,NA,NA,NA,NA,NA,NA,NA,NA,NA,NA,NA,NA,0,0,NA,NA,NA,NA,NA,NA,NA,11,14,18,NA,NA,NA,NA,NA,NA,NA,NA,NA,NA,NA,NA,NA,NA,NA,NA,NA,NA,NA,NA,NA,NA,NA,NA,NA,NA,NA,NA,NA,NA,NA,NA,NA,NA,NA,NA,NA,NA,1,1,1,1,1,1,1,1,1,1,1,1,2,0,0,0,0,0,0,0,0,0,0,0,0,0,0,0,0,2000-5015-2,312,NA,NA,NA,NA,NA,NA,NA,NA,NA,NA,NA,NA,NA,NA,NA,NA,Y,Y,Y,Y,Y,Y,Y,Y,Y,Y,Y,Y,Y,Y,Y,Y,Y,Y,Y,Boltonia decurrens,MBG Seed Bank,CCSD Seed Bank Freezer,NA,2023-12-01T00:00:00Z,Dormant,5913,Seed,Missouri Botanical Garden,Wild,Shaw Nature Reserve,NA,Project specific use only,2011-12-01T00:00:00Z,61,Smith,s.n.,01 Oct 2000,NA,NA,NA,NA,Open bottomland/floodplain,NA,Asteraceae,NA,NA
Boltonia_313,313,2-3-8,2011-2666-1,11B,1180069,United States,Illinois,Fulton,40.4925,-89.9022222,40.46699902833787, -89.9485498557629,NA,"Rice Lake, Maternal lines = 30, Seedheads = 90; 3 packets",2/29/24,3/6/24,4/12/24,NA,NA,1,12.3,17,21.9,2.1,2.1,2,NA,NA,NA,NA,NA,NA,NA,NA,NA,NA,NA,NA,NA,NA,NA,NA,NA,NA,NA,NA,NA,NA,NA,NA,NA,NA,NA,NA,NA,NA,NA,NA,NA,NA,NA,NA,NA,NA,NA,NA,NA,NA,NA,NA,NA,NA,NA,NA,NA,NA,NA,NA,NA,NA,NA,NA,NA,NA,NA,NA,NA,NA,NA,NA,NA,NA,NA,NA,NA,NA,NA,NA,NA,NA,NA,NA,NA,NA,NA,NA,NA,NA,NA,NA,NA,NA,NA,NA,NA,NA,NA,NA,NA,NA,NA,NA,NA,NA,NA,NA,NA,NA,NA,NA,0,0,NA,NA,NA,NA,NA,NA,NA,12,16,21,NA,NA,NA,NA,NA,NA,NA,NA,NA,NA,NA,NA,NA,NA,NA,NA,NA,NA,NA,NA,NA,NA,NA,NA,NA,NA,NA,NA,NA,NA,NA,NA,NA,NA,NA,NA,NA,NA,1,1,2,1,1,1,1,1,1,2,1,2,3,0,0,0,0,0,0,0,0,0,0,0,0,0,0,0,0,1999-5010-4,313,NA,NA,NA,NA,NA,NA,NA,NA,NA,NA,NA,NA,NA,NA,NA,NA,Y,Y,Y,Y,Y,Y,Y,Y,Y,Y,Y,Y,Y,Y,Y,Y,Y,Y,Y,Boltonia decurrens,MBG Seed Bank,CCSD Seed Bank Freezer,NA,2023-12-01T00:00:00Z,Dormant,8574,Seed,Missouri Botanical Garden,Wild,Shaw Nature Reserve,NA,Project specific use only,2011-12-01T00:00:00Z,90,Smith,s.n.,14 Oct 1999,NA,NA,NA,NA,Open bottomland/floodplain,NA,Asteraceae,NA,NA
Boltonia_314,314,6-4-2,2011-2636-1,5,1180039,United States,Illinois,Cass,40.010555600000004,-90.4458333,40.0178975293398, -90.42445029519197,NA,"Beardstown, Maternal lines = 52, Seedheads = 53; 3 packets",2/29/24,3/7/24,4/12/24,NA,NA,0,11.4,15.3,17.1,1.8,2.5,2.1,NA,NA,NA,NA,NA,NA,NA,NA,NA,NA,NA,NA,NA,NA,NA,NA,NA,NA,NA,NA,NA,NA,NA,NA,NA,NA,NA,NA,NA,NA,NA,NA,NA,NA,NA,NA,NA,NA,NA,NA,NA,NA,NA,NA,NA,NA,NA,NA,NA,NA,NA,NA,NA,NA,NA,NA,NA,NA,NA,NA,NA,NA,NA,NA,NA,NA,NA,NA,NA,NA,NA,NA,NA,NA,NA,NA,NA,NA,NA,NA,NA,NA,NA,NA,NA,NA,NA,NA,NA,NA,NA,NA,NA,NA,NA,NA,NA,NA,NA,NA,NA,NA,NA,NA,0,0,NA,NA,NA,NA,NA,NA,NA,11,19,23,NA,NA,NA,NA,NA,NA,NA,NA,NA,NA,NA,NA,NA,NA,NA,NA,NA,NA,NA,NA,NA,NA,NA,NA,NA,NA,NA,NA,NA,NA,NA,NA,NA,NA,NA,NA,NA,NA,3,2,4,4,3,1,2,2,3,4,3,3,6,0,0,0,0,0,0,0,0,0,0,0,0,0,0,0,0,1997-5324-2,314,NA,NA,NA,NA,NA,NA,NA,NA,NA,NA,NA,NA,NA,NA,NA,NA,Y,Y,Y,Y,Y,Y,Y,Y,Y,Y,Y,Y,Y,Y,Y,Y,Y,Y,Y,Boltonia decurrens,MBG Seed Bank,CCSD Seed Bank Freezer,NA,2023-12-01T00:00:00Z,Dormant,5079,Seed,Missouri Botanical Garden,Wild,Shaw Nature Reserve,NA,Project specific use only,2011-12-01T00:00:00Z,53,Smith,s.n.,21 Nov 1997,NA,NA,NA,NA,Open bottomland/floodplain,NA,Asteraceae,NA,NA
Boltonia_315,315,7-1-11,2011-2661-1,18B,1180064,United States,Illinois,Tazewell,40.69584983597212,-89.54394792156027,40.69584983597212, -89.54394792156027,NA,"Cooper park South, Maternal lines = 43, Seedheads = 73; 4 packets",2/29/24,3/8/24,4/12/24,NA,NA,0,4.6,11,13.7,1.1,1.6,1.8,NA,NA,NA,NA,NA,NA,NA,NA,NA,NA,NA,NA,NA,NA,NA,NA,NA,NA,0,0,0,2,1,1,3,4,4,4,5,5,7,7,22,23,24,23,57,NA,0,0,0,0,0,0,0,0,0,0,0,0,0,1,1,2,3,3,5,4,5,5,6,7,6,6,8,9,8,10,9,16,7,34,70,97,26,NA,0,0,0,0,0,0,3,3,4,3,3,2,1,2,2,4,3,6,6,4,4,4,5,3,6,4,4,NA,0,0,3,2,3,10,12,10,12,6,9,14,NA,0,0,0,0,0,0,0,0,0,0,0,1,3,2,2,1,2,4,2,3,2,1,1,2,1,2,1,1,1,1,2,0,11,35,16,3,0,1,1,0,0,0,0,0,0,3,2,3,3,3,0,0,1,1,1,1,1,1,1,1,1,1,1,1,1,1,2000-5142-3,315,NA,NA,10.3,19.3,29.4,39.6,42.9,41.1,34.5,41.3,41.5,41.7,41.4,40.6,40.6,40.6,Y,Y,Y,Y,Y,Y,Y,Y,Y,Y,Y,Y,Y,Y,Y,Y,Y,Y,Y,Boltonia decurrens,MBG Seed Bank,CCSD Seed Bank Freezer,NA,2023-12-01T00:00:00Z,Dormant,6976,Seed,Missouri Botanical Garden,Wild,Shaw Nature Reserve,NA,Project specific use only,2011-12-01T00:00:00Z,73,Smith,s.n.,01 Oct 2000,NA,NA,NA,NA,Open bottomland/floodplain,NA,Asteraceae,NA,NA
Boltonia_316,316,5-6-10,2011-2629-1,22B,1180032,United States,Illinois,Marshal,41.045,-89.4311111,41.02868892611459, -89.43846248262098,NA,"Sparland, Maternal lines = 30, Seedheads = 90; 3 packets",2/29/24,3/12/24,4/12/24,NA,NA,0,10.6,13.5,17.9,1.6,1.7,1.7,NA,NA,NA,NA,NA,NA,NA,NA,NA,NA,NA,NA,NA,NA,NA,NA,NA,NA,NA,NA,NA,NA,NA,NA,NA,NA,NA,NA,NA,NA,NA,NA,NA,NA,NA,NA,NA,NA,NA,NA,NA,NA,NA,NA,NA,NA,NA,NA,NA,NA,NA,NA,NA,NA,NA,NA,NA,NA,NA,NA,NA,NA,NA,NA,NA,NA,NA,NA,NA,NA,NA,NA,NA,NA,NA,NA,NA,NA,NA,NA,NA,NA,NA,NA,NA,NA,NA,NA,NA,NA,NA,NA,NA,NA,NA,NA,NA,NA,NA,NA,NA,NA,NA,NA,0,0,NA,NA,NA,NA,NA,NA,NA,10,12,13,NA,NA,NA,NA,NA,NA,NA,NA,NA,NA,NA,NA,NA,NA,NA,NA,NA,NA,NA,NA,NA,NA,NA,NA,NA,NA,NA,NA,NA,NA,NA,NA,NA,NA,NA,NA,NA,NA,1,1,1,1,1,1,1,1,1,1,1,1,2,0,0,0,0,0,0,0,0,0,0,0,0,0,0,0,0,1999-5171-2,316,NA,NA,NA,NA,NA,NA,NA,NA,NA,NA,NA,NA,NA,NA,NA,NA,Y,Y,Y,Y,Y,Y,Y,Y,Y,Y,Y,Y,Y,Y,Y,Y,Y,Y,Y,Boltonia decurrens,MBG Seed Bank,CCSD Seed Bank Freezer,NA,2023-12-01T00:00:00Z,Dormant,8786,Seed,Missouri Botanical Garden,Wild,Shaw Nature Reserve,NA,Project specific use only,2011-12-01T00:00:00Z,90,Smith,s.n.,11 Nov 1999,NA,NA,NA,NA,Open bottomland/floodplain,NA,Asteraceae,NA,NA
Boltonia_317,317,5-5-12,2011-2618-1,30B,1180021,United States,Illinois,Peoria,40.7222223,-89.5519444,40.69352232924267, -89.59142458669179,NA,"McClugage Bridge, Maternal lines = 30, Seedheads = 90; 4 packets",2/29/24,3/12/24,4/12/24,N,0,2,16.8,17.2,17.8,1.8,2,1.8,Dry,NA,NA,Stem length not tallest point,NA,NA,NA,NA,NA,NA,NA,NA,NA,NA,NA,NA,NA,NA,5,0,5,5,5,6,10,13,10,12,17,17,17,16,32,31,37,33,54,NA,0,0,0,0,0,0,0,1,1,3,4,4,6,6,8,9,10,10,8,13,9,10,11,9,6,3,5,4,5,9,9,13,8,28,32,43,30,NA,0,2,4,6,7,8,8,7,6,8,6,9,6,5,7,6,3,6,7,9,4,10,11,12,12,12,12,0,5,5,5,4,4,6,11,12,10,12,23,28,NA,0,0,0,0,0,1,3,3,3,1,2,2,4,4,2,2,4,4,3,3,1,1,0,1,0,1,3,4,3,4,3,3,8,23,6,0,0,0,0,0,0,0,0,0,0,2,2,2,2,2,1,1,1,1,1,1,1,1,1,1,1,1,1,1,1,1,1999-5086-2,317,3.5,21.5,33,50.9,57.4,56.9,57.2,56.5,NA,56.6,56.6,56.1,56.4,56.7,56.7,56.7,Y,Y,Y,Y,Y,Y,Y,Y,Y,Y,Y,Y,Y,Y,Y,Y,Y,Y,Y,Boltonia decurrens,MBG Seed Bank,CCSD Seed Bank Freezer,NA,2023-12-01T00:00:00Z,Dormant,8685,Seed,Missouri Botanical Garden,Wild,Shaw Nature Reserve,NA,Project specific use only,2011-12-01T00:00:00Z,90,Smith,s.n.,11 Nov 1999,NA,NA,NA,NA,Open bottomland/floodplain,NA,Asteraceae,NA,NA
Boltonia_318,318,9-1-7,2011-2666-1,27A,1180069,United States,Illinois,Fulton,40.4925,-89.9022222,40.46699902833787, -89.9485498557629,NA,"Rice Lake, Maternal lines = 30, Seedheads = 90; 3 packets",2/29/24,3/8/24,4/12/24,NA,NA,0,10.9,18.4,25.2,1.6,2.2,2.6,NA,NA,NA,NA,NA,NA,NA,NA,NA,NA,NA,NA,NA,NA,NA,NA,NA,NA,0,0,0,0,0,0,0,0,0,0,0,0,0,0,0,0,0,0,31,NA,0,0,0,0,0,0,0,0,0,0,0,0,0,0,0,0,0,0,0,0,0,0,0,0,0,0,0,0,0,0,0,0,3,17,32,49,17,NA,0,0,0,0,0,0,0,0,0,0,0,0,0,0,0,0,0,0,0,0,0,0,0,0,0,0,0,NA,0,0,0,0,0,0,0,0,8,8,11,13,NA,0,0,0,0,0,0,0,0,0,0,0,0,0,0,0,0,0,0,0,0,0,0,0,0,0,0,0,0,0,0,0,2,12,21,10,2,2,1,1,0,0,0,0,0,0,0,0,0,0,0,0,0,1,1,1,1,1,1,1,1,1,1,1,1,1,1,1999-5026-2,318,NA,NA,5.4,13.5,25.2,37.8,51.3,60.2,61,83.4,98.7,128.3,140.5,141.6,138.8,140.2,Y,Y,Y,Y,Y,Y,Y,Y,Y,Y,Y,Y,Y,Y,Y,Y,Y,Y,Y,Boltonia decurrens,MBG Seed Bank,CCSD Seed Bank Freezer,NA,2023-12-01T00:00:00Z,Dormant,8574,Seed,Missouri Botanical Garden,Wild,Shaw Nature Reserve,NA,Project specific use only,2011-12-01T00:00:00Z,90,Smith,s.n.,14 Oct 1999,NA,NA,NA,NA,Open bottomland/floodplain,NA,Asteraceae,NA,NA
Boltonia_319,319,9-6-12,2011-2636-1,15,1180039,United States,Illinois,Cass,40.010555600000004,-90.4458333,40.0178975293398, -90.42445029519197,NA,"Beardstown, Maternal lines = 52, Seedheads = 53; 3 packets",3/1/24,3/12/24,4/12/24,NA,NA,0,7.6,11.1,17.7,1.5,1.3,1.6,NA,NA,NA,NA,NA,NA,NA,NA,NA,NA,NA,NA,NA,NA,NA,NA,NA,NA,NA,NA,NA,NA,NA,NA,NA,NA,NA,NA,NA,NA,NA,NA,NA,NA,NA,NA,NA,NA,NA,NA,NA,NA,NA,NA,NA,NA,NA,NA,NA,NA,NA,NA,NA,NA,NA,NA,NA,NA,NA,NA,NA,NA,NA,NA,NA,NA,NA,NA,NA,NA,NA,NA,NA,NA,NA,NA,NA,NA,NA,NA,NA,NA,NA,NA,NA,NA,NA,NA,NA,NA,NA,NA,NA,NA,NA,NA,NA,NA,NA,NA,NA,NA,NA,NA,0,0,NA,NA,NA,NA,NA,NA,NA,11,13,15,NA,NA,NA,NA,NA,NA,NA,NA,NA,NA,NA,NA,NA,NA,NA,NA,NA,NA,NA,NA,NA,NA,NA,NA,NA,NA,NA,NA,NA,NA,NA,NA,NA,NA,NA,NA,NA,NA,1,1,1,1,1,1,1,1,1,1,1,1,8,0,0,0,0,0,0,0,0,0,0,0,0,0,0,0,0,1997-5334-2,319,NA,NA,NA,NA,NA,NA,NA,NA,NA,NA,NA,NA,NA,NA,NA,NA,Y,Y,Y,Y,Y,Y,Y,Y,Y,Y,Y,Y,Y,Y,Y,Y,Y,Y,Y,Boltonia decurrens,MBG Seed Bank,CCSD Seed Bank Freezer,NA,2023-12-01T00:00:00Z,Dormant,5079,Seed,Missouri Botanical Garden,Wild,Shaw Nature Reserve,NA,Project specific use only,2011-12-01T00:00:00Z,53,Smith,s.n.,21 Nov 1997,NA,NA,NA,NA,Open bottomland/floodplain,NA,Asteraceae,NA,NA
Boltonia_320,320,6-4-10,2011-2598-1,S17A,1180001,United States,Illinois,Jersey,38.961398423802066,-90.51481032460987,38.961398423802066, -90.51481032460987,NA,"Gilbert Lake, Maternal lines = 32, Seedheads = 98; 6 packets",2/29/24,3/12/24,4/12/24,NA,NA,0,8.8,12.3,17.1,1.3,1.2,1,NA,NA,NA,NA,NA,NA,NA,NA,NA,NA,NA,NA,NA,NA,NA,NA,NA,NA,NA,NA,NA,NA,NA,NA,NA,NA,NA,NA,NA,NA,NA,NA,NA,NA,NA,NA,NA,NA,NA,NA,NA,NA,NA,NA,NA,NA,NA,NA,NA,NA,NA,NA,NA,NA,NA,NA,NA,NA,NA,NA,NA,NA,NA,NA,NA,NA,NA,NA,NA,NA,NA,NA,NA,NA,NA,NA,NA,NA,NA,NA,NA,NA,NA,NA,NA,NA,NA,NA,NA,NA,NA,NA,NA,NA,NA,NA,NA,NA,NA,NA,NA,NA,NA,NA,0,0,NA,NA,NA,NA,NA,NA,NA,10,14,15,NA,NA,NA,NA,NA,NA,NA,NA,NA,NA,NA,NA,NA,NA,NA,NA,NA,NA,NA,NA,NA,NA,NA,NA,NA,NA,NA,NA,NA,NA,NA,NA,NA,NA,NA,NA,NA,NA,1,1,1,1,1,1,1,1,1,1,1,1,1,0,0,0,0,0,0,0,0,0,0,0,0,0,0,0,0,1997-5120-2,320,NA,NA,NA,NA,NA,NA,NA,NA,NA,NA,NA,NA,NA,NA,NA,NA,Y,Y,Y,Y,Y,Y,Y,Y,Y,Y,Y,Y,Y,Y,Y,Y,Y,Y,Y,Boltonia decurrens,MBG Seed Bank,CCSD Seed Bank Freezer,NA,2023-12-01T00:00:00Z,Dormant,9628,Seed,Missouri Botanical Garden,Wild,Shaw Nature Reserve,NA,Project specific use only,2011-12-01T00:00:00Z,98,Smith,s.n.,08 Nov 1997,NA,NA,NA,NA,Open bottomland/floodplain,NA,Asteraceae,NA,NA
Boltonia_321,321,10-3-9,2011-2599-1,16,1180002,United States,Illinois,Saint Clair,38.6494444,-90.1161111,38.651507278988504, -90.10298738781107,NA,"Fairmont City, Maternal lines = 28, Seedheads = 28; 2 packets",3/1/24,3/8/24,4/12/24,NA,NA,0,9,12.3,10.2,2.2,2.7,2.7,NA,NA,NA,NA,NA,NA,NA,NA,NA,NA,NA,NA,NA,NA,NA,NA,NA,NA,NA,NA,NA,NA,NA,NA,NA,NA,NA,NA,NA,NA,NA,NA,NA,NA,NA,NA,NA,NA,NA,NA,NA,NA,NA,NA,NA,NA,NA,NA,NA,NA,NA,NA,NA,NA,NA,NA,NA,NA,NA,NA,NA,NA,NA,NA,NA,NA,NA,NA,NA,NA,NA,NA,NA,NA,NA,NA,NA,NA,NA,NA,NA,NA,NA,NA,NA,NA,NA,NA,NA,NA,NA,NA,NA,NA,NA,NA,NA,NA,NA,NA,NA,NA,NA,NA,0,0,NA,NA,NA,NA,NA,NA,NA,13,15,18,NA,NA,NA,NA,NA,NA,NA,NA,NA,NA,NA,NA,NA,NA,NA,NA,NA,NA,NA,NA,NA,NA,NA,NA,NA,NA,NA,NA,NA,NA,NA,NA,NA,NA,NA,NA,NA,NA,1,1,1,1,1,1,1,1,1,1,2,3,3,0,0,0,0,0,0,0,0,0,0,0,0,0,0,0,0,1997-5073-2,321,NA,NA,NA,NA,NA,NA,NA,NA,NA,NA,NA,NA,NA,NA,NA,NA,Y,Y,Y,Y,Y,Y,Y,Y,Y,Y,Y,Y,Y,Y,Y,Y,Y,Y,Y,Boltonia decurrens,MBG Seed Bank,CCSD Seed Bank Freezer,NA,2023-12-01T00:00:00Z,Dormant,2632,Seed,Missouri Botanical Garden,Wild,Shaw Nature Reserve,NA,Project specific use only,2011-12-01T00:00:00Z,28,Smith,s.n.,05 Dec 1997,NA,NA,NA,NA,Open bottomland/floodplain,NA,Asteraceae,NA,NA
Boltonia_322,322,4-3-6,2011-2666-1,19C,1180069,United States,Illinois,Fulton,40.4925,-89.9022222,40.46699902833787, -89.9485498557629,NA,"Rice Lake, Maternal lines = 30, Seedheads = 90; 3 packets",2/29/24,3/9/24,4/12/24,NA,NA,0,14.1,19.2,22.6,1.6,2,1.7,NA,NA,NA,NA,NA,NA,NA,NA,NA,NA,NA,NA,NA,NA,NA,NA,NA,NA,NA,NA,NA,NA,NA,NA,NA,NA,NA,NA,NA,NA,NA,NA,NA,NA,NA,NA,NA,NA,NA,NA,NA,NA,NA,NA,NA,NA,NA,NA,NA,NA,NA,NA,NA,NA,NA,NA,NA,NA,NA,NA,NA,NA,NA,NA,NA,NA,NA,NA,NA,NA,NA,NA,NA,NA,NA,NA,NA,NA,NA,NA,NA,NA,NA,NA,NA,NA,NA,NA,NA,NA,NA,NA,NA,NA,NA,NA,NA,NA,NA,NA,NA,NA,NA,NA,0,0,NA,NA,NA,NA,NA,NA,NA,11,14,16,NA,NA,NA,NA,NA,NA,NA,NA,NA,NA,NA,NA,NA,NA,NA,NA,NA,NA,NA,NA,NA,NA,NA,NA,NA,NA,NA,NA,NA,NA,NA,NA,NA,NA,NA,NA,NA,NA,1,1,1,1,1,1,1,1,1,1,2,2,4,0,0,0,0,0,0,0,0,0,0,0,0,0,0,0,0,1999-5018-2,322,NA,NA,NA,NA,NA,NA,NA,NA,NA,NA,NA,NA,NA,NA,NA,NA,Y,Y,Y,Y,Y,Y,Y,Y,Y,Y,Y,Y,Y,Y,Y,Y,Y,Y,Y,Boltonia decurrens,MBG Seed Bank,CCSD Seed Bank Freezer,NA,2023-12-01T00:00:00Z,Dormant,8574,Seed,Missouri Botanical Garden,Wild,Shaw Nature Reserve,NA,Project specific use only,2011-12-01T00:00:00Z,90,Smith,s.n.,14 Oct 1999,NA,NA,NA,NA,Open bottomland/floodplain,NA,Asteraceae,NA,NA
Boltonia_323,323,10-6-3,2011-2675-1,12B,1180078,United States,Illinois,Schuyler,40.0672223,-90.4275,40.07010712467176, -90.42899627731745,NA,"Frederick Borrow Pit, Maternal lines = 30, Seedheads = 90; 3 packets",3/1/24,3/8/24,4/12/24,N,0,2,12.9,13.3,16.4,2.3,2.4,1.8,NA,NA,NA,Stem length not tallest point,NA,NA,NA,NA,NA,NA,NA,NA,NA,NA,NA,NA,NA,NA,11,1,13,13,14,15,15,16,16,16,16,16,28,29,34,36,39,36,107,NA,0,0,0,0,0,0,1,3,3,5,6,8,11,11,14,17,16,16,5,16,4,3,3,4,5,7,7,10,11,14,6,10,8,23,58,83,17,NA,1,1,4,8,9,10,7,8,6,7,5,8,2,2,2,1,4,9,10,11,6,6,8,9,7,5,8,0,5,6,6,3,7,6,6,5,7,13,27,32,NA,0,0,0,1,2,3,4,2,5,3,5,3,6,5,4,0,0,0,0,0,0,4,4,1,2,3,3,1,0,4,3,4,12,34,6,7,0,0,2,1,1,1,2,1,1,0,0,0,0,0,1,1,2,2,2,2,2,2,2,3,3,3,3,3,3,3,1999-5399-4,323,2,15,23.2,33.6,33.4,33.6,33.9,23.1,27.9,32.7,32.8,32.8,33.2,31.5,31.5,31.5,Y,Y,Y,Y,Y,Y,Y,Y,Y,Y,Y,Y,Y,Y,Y,Y,Y,Y,Y,Boltonia decurrens,MBG Seed Bank,CCSD Seed Bank Freezer,NA,2023-12-01T00:00:00Z,Dormant,8728,Seed,Missouri Botanical Garden,Wild,Shaw Nature Reserve,NA,Project specific use only,2011-12-01T00:00:00Z,90,Smith,s.n.,07 Oct 1999,NA,NA,NA,NA,Open bottomland/floodplain,NA,Asteraceae,NA,NA
Boltonia_324,324,8-2-9,2011-2609-1,5C,1180012,United States,Illinois,Madison,38.6891666,-90.0972222,38.69652811427051, -90.08592610430901,NA,"Horseshoe Lake, Maternal lines = 30, Seedheads = 90; 3 packets",2/29/24,3/7/24,4/12/24,NA,NA,0,11.2,16.8,21.7,2,2.7,2.7,NA,NA,NA,NA,NA,NA,NA,NA,NA,NA,NA,NA,NA,NA,NA,NA,NA,NA,NA,NA,NA,NA,NA,NA,NA,NA,NA,NA,NA,NA,NA,NA,NA,NA,NA,NA,NA,NA,NA,NA,NA,NA,NA,NA,NA,NA,NA,NA,NA,NA,NA,NA,NA,NA,NA,NA,NA,NA,NA,NA,NA,NA,NA,NA,NA,NA,NA,NA,NA,NA,NA,NA,NA,NA,NA,NA,NA,NA,NA,NA,NA,NA,NA,NA,NA,NA,NA,NA,NA,NA,NA,NA,NA,NA,NA,NA,NA,NA,NA,NA,NA,NA,NA,NA,0,0,NA,NA,NA,NA,NA,NA,NA,12,16,18,NA,NA,NA,NA,NA,NA,NA,NA,NA,NA,NA,NA,NA,NA,NA,NA,NA,NA,NA,NA,NA,NA,NA,NA,NA,NA,NA,NA,NA,NA,NA,NA,NA,NA,NA,NA,NA,NA,1,1,1,1,1,1,1,1,1,1,1,1,1,0,0,0,0,0,0,0,0,0,0,0,0,0,0,0,0,2011-5040-2,324,NA,NA,NA,NA,NA,NA,NA,NA,NA,NA,NA,NA,NA,NA,NA,NA,Y,Y,Y,Y,Y,Y,Y,Y,Y,Y,Y,Y,Y,Y,Y,Y,Y,Y,Y,Boltonia decurrens,MBG Seed Bank,CCSD Seed Bank Freezer,NA,2023-12-01T00:00:00Z,Dormant,8688,Seed,Missouri Botanical Garden,Wild,Shaw Nature Reserve,NA,Project specific use only,2011-12-01T00:00:00Z,3,Smith,s.n.,01 Nov 2000,NA,NA,NA,NA,Open bottomland/floodplain,NA,Asteraceae,NA,NA
Boltonia_325,325,9-2-6,2011-2650-1,21A,1180053,United States,Illinois,Woodford,40.8852777,-89.4583333,40.84668797480775, -89.0297386240063,NA,"Woodford County, Maternal lines = 30, Seedheads = 90; 6 packets",2/29/24,3/7/24,4/12/24,NA,NA,0,8.5,11.8,12.8,1.9,2,3.3,NA,NA,NA,NA,NA,NA,NA,NA,NA,NA,NA,NA,NA,NA,NA,NA,NA,NA,0,0,0,3,0,4,5,6,6,6,8,13,8,9,10,14,17,19,63,NA,0,0,0,0,0,0,0,0,0,0,0,0,1,1,3,4,5,6,7,7,7,4,8,4,3,2,4,5,5,2,7,18,35,49,54,58,10,NA,0,0,0,0,1,3,4,6,8,6,5,2,4,3,4,2,2,4,4,5,6,8,7,8,6,2,2,NA,0,3,3,2,3,3,11,11,11,8,12,18,NA,0,0,0,0,0,0,0,0,0,1,1,3,4,5,2,3,2,1,1,1,1,1,0,0,2,4,2,0,1,2,10,17,6,4,0,3,0,1,1,0,0,0,0,0,0,0,0,0,0,0,0,0,1,1,1,1,1,1,1,1,1,1,1,1,1,1,1999-5377-3,325,NA,NA,12.4,27,42.7,51.3,52.4,51.7,NA,51.6,52,52.1,51.7,51.9,51.9,51.9,Y,Y,Y,Y,Y,Y,Y,Y,Y,Y,Y,Y,Y,Y,Y,Y,Y,Y,Y,Boltonia decurrens,MBG Seed Bank,CCSD Seed Bank Freezer,NA,2023-12-01T00:00:00Z,Dormant,8743,Seed,Missouri Botanical Garden,Wild,Shaw Nature Reserve,US-1-MO-2011-2650,Project specific use only,2011-12-01T00:00:00Z,90,Smith,s.n.,11 Nov 1999,NA,NA,NA,NA,Open bottomland/floodplain,NA,Asteraceae,NA,NA
Boltonia_326,326,8-4-9,2011-2609-1,7C,1180012,United States,Illinois,Madison,38.6891666,-90.0972222,38.69652811427051, -90.08592610430901,NA,"Horseshoe Lake, Maternal lines = 30, Seedheads = 90; 3 packets",2/29/24,3/8/24,4/12/24,NA,NA,0,10.1,15.1,17.8,2,2.1,2.1,NA,NA,NA,NA,NA,NA,NA,NA,NA,NA,NA,NA,NA,NA,NA,NA,NA,NA,NA,NA,NA,NA,NA,NA,NA,NA,NA,NA,NA,NA,NA,NA,NA,NA,NA,NA,NA,NA,NA,NA,NA,NA,NA,NA,NA,NA,NA,NA,NA,NA,NA,NA,NA,NA,NA,NA,NA,NA,NA,NA,NA,NA,NA,NA,NA,NA,NA,NA,NA,NA,NA,NA,NA,NA,NA,NA,NA,NA,NA,NA,NA,NA,NA,NA,NA,NA,NA,NA,NA,NA,NA,NA,NA,NA,NA,NA,NA,NA,NA,NA,NA,NA,NA,NA,0,0,NA,NA,NA,NA,NA,NA,NA,12,19,24,NA,NA,NA,NA,NA,NA,NA,NA,NA,NA,NA,NA,NA,NA,NA,NA,NA,NA,NA,NA,NA,NA,NA,NA,NA,NA,NA,NA,NA,NA,NA,NA,NA,NA,NA,NA,NA,NA,1,2,2,2,2,2,2,2,2,2,3,3,3,0,0,0,0,0,0,0,0,0,0,0,0,0,0,0,0,2011-5042-3,326,NA,NA,NA,NA,NA,NA,NA,NA,NA,NA,NA,NA,NA,NA,NA,NA,Y,Y,Y,Y,Y,Y,Y,Y,Y,Y,Y,Y,Y,Y,Y,Y,Y,Y,Y,Boltonia decurrens,MBG Seed Bank,CCSD Seed Bank Freezer,NA,2023-12-01T00:00:00Z,Dormant,8688,Seed,Missouri Botanical Garden,Wild,Shaw Nature Reserve,NA,Project specific use only,2011-12-01T00:00:00Z,3,Smith,s.n.,01 Nov 2000,NA,NA,NA,NA,Open bottomland/floodplain,NA,Asteraceae,NA,NA
Boltonia_327,327,9-3-6,2011-2638-1,8B,1180041,United States,Illinois,Scott,39.7852777,-90.5902777,39.786569766256626, -90.58910563509704,Smith Lake,NA,2/29/24,3/6/24,4/12/24,NA,NA,0,9.5,12.9,18.6,1.4,1.6,2.1,NA,NA,NA,NA,NA,NA,NA,NA,NA,NA,NA,NA,NA,NA,NA,NA,NA,NA,NA,NA,NA,NA,NA,NA,NA,NA,NA,NA,NA,NA,NA,NA,NA,NA,NA,NA,NA,NA,NA,NA,NA,NA,NA,NA,NA,NA,NA,NA,NA,NA,NA,NA,NA,NA,NA,NA,NA,NA,NA,NA,NA,NA,NA,NA,NA,NA,NA,NA,NA,NA,NA,NA,NA,NA,NA,NA,NA,NA,NA,NA,NA,NA,NA,NA,NA,NA,NA,NA,NA,NA,NA,NA,NA,NA,NA,NA,NA,NA,NA,NA,NA,NA,NA,NA,0,0,NA,NA,NA,NA,NA,NA,NA,17,22,24,NA,NA,NA,NA,NA,NA,NA,NA,NA,NA,NA,NA,NA,NA,NA,NA,NA,NA,NA,NA,NA,NA,NA,NA,NA,NA,NA,NA,NA,NA,NA,NA,NA,NA,NA,NA,NA,NA,2,2,2,2,3,2,1,1,3,3,5,5,5,0,0,0,0,0,0,0,0,0,0,0,0,0,0,0,0,1998-5184-3,327,NA,NA,NA,NA,NA,NA,NA,NA,NA,NA,NA,NA,NA,NA,NA,NA,Y,Y,Y,Y,Y,Y,Y,Y,Y,Y,Y,Y,Y,Y,Y,Y,Y,Y,Y,Boltonia decurrens,MBG Seed Bank,CCSD Seed Bank Freezer,NA,2023-12-01T00:00:00Z,Dormant,7818,Seed,Missouri Botanical Garden,Wild,Shaw Nature Reserve,US-1-MO-2011-2638,Project specific use only,2011-12-01T00:00:00Z,81,Smith,s.n.,11 Nov 1998,Maternal Lines,NA,NA,NA,Open bottomland/floodplain,NA,Asteraceae,NA,NA
Boltonia_328,328,13-1-6,2011-2636-1,12,1180039,United States,Illinois,Cass,40.010555600000004,-90.4458333,40.0178975293398, -90.42445029519197,NA,"Beardstown, Maternal lines = 52, Seedheads = 53; 3 packets",3/2/24,3/10/24,4/12/24,NA,NA,0,8.5,12,18.5,1.5,1.3,1.6,NA,NA,NA,NA,NA,NA,NA,NA,NA,NA,NA,NA,NA,NA,NA,NA,NA,NA,NA,NA,NA,NA,NA,NA,NA,NA,NA,NA,0,0,0,0,0,0,0,0,0,NA,NA,NA,NA,NA,NA,NA,NA,NA,NA,NA,NA,NA,NA,NA,NA,NA,NA,NA,NA,NA,NA,NA,NA,NA,NA,NA,NA,NA,0,0,0,0,0,0,0,0,39,NA,NA,NA,NA,NA,NA,NA,NA,NA,NA,NA,NA,NA,NA,NA,NA,NA,NA,NA,NA,NA,NA,NA,NA,NA,NA,NA,NA,NA,0,0,NA,NA,NA,NA,NA,NA,0,11,14,14,NA,NA,NA,NA,NA,NA,NA,NA,NA,NA,NA,NA,NA,NA,NA,NA,NA,NA,NA,NA,NA,NA,NA,NA,NA,NA,NA,NA,NA,0,0,0,0,0,0,1,1,1,1,1,1,1,1,1,1,1,1,1,1,1,1,0,0,0,0,0,0,0,0,0,0,0,1,1,2,2,3,1997-5331-3,328,NA,NA,NA,NA,NA,NA,NA,NA,NA,NA,NA,14,37.5,65,76.5,76.6,Y,Y,Y,Y,Y,Y,Y,Y,Y,Y,Y,Y,Y,Y,Y,Y,Y,Y,Y,Boltonia decurrens,MBG Seed Bank,CCSD Seed Bank Freezer,NA,2023-12-01T00:00:00Z,Dormant,5079,Seed,Missouri Botanical Garden,Wild,Shaw Nature Reserve,NA,Project specific use only,2011-12-01T00:00:00Z,53,Smith,s.n.,21 Nov 1997,NA,NA,NA,NA,Open bottomland/floodplain,NA,Asteraceae,NA,NA
Boltonia_329,329,5-6-3,2011-2629-1,28C,1180032,United States,Illinois,Marshal,41.045,-89.4311111,41.02868892611459, -89.43846248262098,NA,"Sparland, Maternal lines = 30, Seedheads = 90; 3 packets",2/29/24,3/7/24,4/12/24,N,NA,1,14.1,19.2,21.2,2.1,2.5,2.8,NA,Growing sideways,NA,NA,NA,NA,NA,NA,NA,NA,NA,NA,NA,NA,NA,NA,NA,NA,0,0,0,0,0,0,0,0,0,0,0,0,0,0,0,0,0,0,23,NA,0,0,0,0,0,0,0,0,0,0,0,0,0,0,0,0,0,0,0,0,0,0,0,0,0,0,0,0,0,0,0,1,5,29,62,70,41,NA,0,0,0,0,0,0,0,0,0,0,0,0,0,0,0,0,0,0,0,0,0,0,0,0,0,0,0,0,0,0,0,0,0,0,0,0,0,13,19,21,NA,0,0,0,0,0,0,0,0,0,0,0,0,0,0,0,0,0,0,0,0,0,0,0,0,0,0,0,0,0,0,1,2,15,25,6,7,3,1,1,2,1,1,1,1,0,1,1,1,1,1,1,0,1,1,1,1,1,1,1,1,1,1,1,1,1,1,1999-5177-2,329,0.6,NA,2,4.5,9.2,18.8,33.2,45.6,51.8,68,91.2,132.7,161.3,149.9,151.2,150.6,Y,Y,Y,Y,Y,Y,Y,Y,Y,Y,Y,Y,Y,Y,Y,Y,Y,Y,Y,Boltonia decurrens,MBG Seed Bank,CCSD Seed Bank Freezer,NA,2023-12-01T00:00:00Z,Dormant,8786,Seed,Missouri Botanical Garden,Wild,Shaw Nature Reserve,NA,Project specific use only,2011-12-01T00:00:00Z,90,Smith,s.n.,11 Nov 1999,NA,NA,NA,NA,Open bottomland/floodplain,NA,Asteraceae,NA,NA
Boltonia_330,330,12-3-9,2011-2650-1,10C,1180053,United States,Illinois,Woodford,40.8852777,-89.4583333,40.84668797480775, -89.0297386240063,NA,"Woodford County, Maternal lines = 30, Seedheads = 90; 6 packets",3/1/24,3/8/24,4/12/24,NA,NA,0,10,16.7,20.8,1.6,2.3,2.4,NA,NA,NA,NA,NA,NA,NA,NA,NA,NA,NA,NA,NA,NA,NA,NA,NA,NA,NA,NA,NA,NA,NA,NA,NA,NA,NA,NA,NA,NA,NA,NA,NA,NA,NA,NA,NA,NA,NA,NA,NA,NA,NA,NA,NA,NA,NA,NA,NA,NA,NA,NA,NA,NA,NA,NA,NA,NA,NA,NA,NA,NA,NA,NA,NA,NA,NA,NA,NA,NA,NA,NA,NA,NA,NA,NA,NA,NA,NA,NA,NA,NA,NA,NA,NA,NA,NA,NA,NA,NA,NA,NA,NA,NA,NA,NA,NA,NA,NA,NA,NA,NA,NA,NA,0,0,NA,NA,NA,NA,NA,NA,NA,10,15,16,NA,NA,NA,NA,NA,NA,NA,NA,NA,NA,NA,NA,NA,NA,NA,NA,NA,NA,NA,NA,NA,NA,NA,NA,NA,NA,NA,NA,NA,NA,NA,NA,NA,NA,NA,NA,NA,NA,1,1,1,1,1,1,1,1,1,1,2,2,2,0,0,0,0,0,0,0,0,0,0,0,0,0,0,0,0,1999-5366-3,330,NA,NA,NA,NA,NA,NA,NA,NA,NA,NA,NA,NA,NA,NA,NA,NA,Y,Y,Y,Y,Y,Y,Y,Y,Y,Y,Y,Y,Y,Y,Y,Y,Y,Y,Y,Boltonia decurrens,MBG Seed Bank,CCSD Seed Bank Freezer,NA,2023-12-01T00:00:00Z,Dormant,8743,Seed,Missouri Botanical Garden,Wild,Shaw Nature Reserve,US-1-MO-2011-2650,Project specific use only,2011-12-01T00:00:00Z,90,Smith,s.n.,11 Nov 1999,NA,NA,NA,NA,Open bottomland/floodplain,NA,Asteraceae,NA,NA
Boltonia_331,331,3-4-9,2011-2661-1,22A,1180064,United States,Illinois,Tazewell,40.69584983597212,-89.54394792156027,40.69584983597212, -89.54394792156027,NA,"Cooper park South, Maternal lines = 43, Seedheads = 73; 4 packets",2/29/24,3/6/24,4/12/24,NA,NA,0,9,15.5,23.7,1.4,2.2,2.4,NA,NA,NA,NA,NA,NA,NA,NA,NA,NA,NA,NA,NA,NA,NA,NA,NA,NA,NA,NA,NA,NA,NA,NA,NA,NA,NA,NA,NA,NA,NA,NA,NA,NA,NA,NA,NA,NA,NA,NA,NA,NA,NA,NA,NA,NA,NA,NA,NA,NA,NA,NA,NA,NA,NA,NA,NA,NA,NA,NA,NA,NA,NA,NA,NA,NA,NA,NA,NA,NA,NA,NA,NA,NA,NA,NA,NA,NA,NA,NA,NA,NA,NA,NA,NA,NA,NA,NA,NA,NA,NA,NA,NA,NA,NA,NA,NA,NA,NA,NA,NA,NA,NA,NA,0,0,NA,NA,NA,NA,NA,NA,NA,8,12,13,NA,NA,NA,NA,NA,NA,NA,NA,NA,NA,NA,NA,NA,NA,NA,NA,NA,NA,NA,NA,NA,NA,NA,NA,NA,NA,NA,NA,NA,NA,NA,NA,NA,NA,NA,NA,NA,NA,1,1,1,1,1,1,1,1,1,1,1,1,1,0,0,0,0,0,0,0,0,0,0,0,0,0,0,0,0,2000-5146-2,331,NA,NA,NA,NA,NA,NA,NA,NA,NA,NA,NA,NA,NA,NA,NA,NA,Y,Y,Y,Y,Y,Y,Y,Y,Y,Y,Y,Y,Y,Y,Y,Y,Y,Y,Y,Boltonia decurrens,MBG Seed Bank,CCSD Seed Bank Freezer,NA,2023-12-01T00:00:00Z,Dormant,6976,Seed,Missouri Botanical Garden,Wild,Shaw Nature Reserve,NA,Project specific use only,2011-12-01T00:00:00Z,73,Smith,s.n.,01 Oct 2000,NA,NA,NA,NA,Open bottomland/floodplain,NA,Asteraceae,NA,NA
Boltonia_332,332,6-1-2,2011-2623-1,30C,1180026,United States,Illinois,Hennepin,41.34414603458205,-89.55849691836283,41.34414603458205, -89.55849691836283,NA,"Hennepin Bridge, Maternal lines = 30, Seedheads = 90; 6 packets",2/29/24,3/6/24,4/12/24,N,3,9,7.7,7.6,11.7,1.8,1.4,1.4,NA,NA,NA,Four discs senesced,NA,NA,NA,NA,NA,NA,NA,NA,NA,NA,NA,NA,NA,NA,4,5,4,4,6,6,4,6,4,5,6,6,6,6,7,8,7,9,22,0,1,1,1,4,4,5,5,5,4,4,4,3,4,0,4,0,0,3,0,0,0,0,0,0,0,0,0,0,0,0,0,0,2,1,9,21,15,2,3,4,0,1,0,0,0,0,0,0,4,2,0,0,0,0,0,5,4,4,3,3,3,1,3,2,3,0,7,8,6,7,8,7,6,7,7,39,53,86,1,0,0,3,0,0,0,0,0,0,0,0,0,0,0,0,4,0,1,0,0,0,0,0,0,0,0,0,0,0,0,0,0,0,3,7,3,0,3,3,2,3,3,3,2,2,3,3,3,2,2,1,1,2,1,1,1,1,1,1,1,1,1,1,1,2,2,1999-5148-4,332,11.8,19.9,20.8,18.9,19.3,18.6,19.2,17.8,19.3,18.6,18.2,20.6,18.9,19.4,19.4,19.4,Y,Y,Y,Y,Y,Y,Y,Y,Y,Y,Y,Y,Y,Y,Y,Y,Y,Y,Y,Boltonia decurrens,MBG Seed Bank,CCSD Seed Bank Freezer,NA,2023-12-01T00:00:00Z,Dormant,2883,Seed,Missouri Botanical Garden,Wild,Shaw Nature Reserve,NA,Project specific use only,2011-12-01T00:00:00Z,90,Smith,s.n.,11 Nov 1999,NA,NA,NA,NA,Open bottomland/floodplain,NA,Asteraceae,NA,NA
Boltonia_333,333,1-6-3,2011-2636-1,22,1180039,United States,Illinois,Cass,40.010555600000004,-90.4458333,40.0178975293398, -90.42445029519197,NA,"Beardstown, Maternal lines = 52, Seedheads = 53; 3 packets",2/29/24,3/19/24,4/12/24,NA,NA,NA,NA,NA,NA,NA,NA,NA,Empty pot,NA,NA,NA,NA,NA,NA,NA,NA,NA,NA,NA,NA,NA,NA,NA,NA,NA,NA,NA,NA,NA,NA,NA,NA,NA,NA,NA,NA,NA,NA,NA,NA,NA,NA,NA,NA,NA,NA,NA,NA,NA,NA,NA,NA,NA,NA,NA,NA,NA,NA,NA,NA,NA,NA,NA,NA,NA,NA,NA,NA,NA,NA,NA,NA,NA,NA,NA,NA,NA,NA,NA,NA,NA,NA,NA,NA,NA,NA,NA,NA,NA,NA,NA,NA,NA,NA,NA,NA,NA,NA,NA,NA,NA,NA,NA,NA,NA,NA,NA,NA,NA,NA,NA,NA,NA,NA,NA,NA,NA,NA,NA,NA,NA,NA,NA,NA,NA,NA,NA,NA,NA,NA,NA,NA,NA,NA,NA,NA,NA,NA,NA,NA,NA,NA,NA,NA,NA,NA,NA,NA,NA,NA,NA,NA,NA,NA,NA,NA,NA,NA,NA,NA,NA,NA,NA,NA,NA,NA,NA,NA,NA,NA,NA,NA,NA,NA,NA,NA,NA,NA,NA,NA,NA,NA,NA,NA,NA,NA,NA,NA,NA,NA,1997-5341-4,333,NA,NA,NA,NA,NA,NA,NA,NA,NA,NA,NA,NA,NA,NA,NA,NA,N,N,N,N,N,N,N,N,N,N,N,N,N,N,N,N,N,N,N,Boltonia decurrens,MBG Seed Bank,CCSD Seed Bank Freezer,NA,2023-12-01T00:00:00Z,Dormant,5079,Seed,Missouri Botanical Garden,Wild,Shaw Nature Reserve,NA,Project specific use only,2011-12-01T00:00:00Z,53,Smith,s.n.,21 Nov 1997,NA,NA,NA,NA,Open bottomland/floodplain,NA,Asteraceae,NA,NA
Boltonia_334,334,4-2-3,2011-2666-1,6B,1180069,United States,Illinois,Fulton,40.4925,-89.9022222,40.46699902833787, -89.9485498557629,NA,"Rice Lake, Maternal lines = 30, Seedheads = 90; 3 packets",2/29/24,3/10/24,4/12/24,NA,NA,0,10.9,16.5,20.7,1.8,2.3,2.3,NA,NA,NA,NA,NA,NA,NA,NA,NA,NA,NA,NA,NA,NA,NA,NA,NA,NA,NA,NA,NA,NA,NA,NA,NA,NA,NA,NA,NA,NA,NA,NA,NA,NA,NA,NA,NA,NA,NA,NA,NA,NA,NA,NA,NA,NA,NA,NA,NA,NA,NA,NA,NA,NA,NA,NA,NA,NA,NA,NA,NA,NA,NA,NA,NA,NA,NA,NA,NA,NA,NA,NA,NA,NA,NA,NA,NA,NA,NA,NA,NA,NA,NA,NA,NA,NA,NA,NA,NA,NA,NA,NA,NA,NA,NA,NA,NA,NA,NA,NA,NA,NA,NA,NA,0,0,NA,NA,NA,NA,NA,NA,NA,11,16,16,NA,NA,NA,NA,NA,NA,NA,NA,NA,NA,NA,NA,NA,NA,NA,NA,NA,NA,NA,NA,NA,NA,NA,NA,NA,NA,NA,NA,NA,NA,NA,NA,NA,NA,NA,NA,NA,NA,1,1,1,1,1,1,1,1,1,1,1,1,1,0,0,0,0,0,0,0,0,0,0,0,0,0,0,0,0,1999-5005-2,334,NA,NA,NA,NA,NA,NA,NA,NA,NA,NA,NA,NA,NA,NA,NA,NA,Y,Y,Y,Y,Y,Y,Y,Y,Y,Y,Y,Y,Y,Y,Y,Y,Y,Y,Y,Boltonia decurrens,MBG Seed Bank,CCSD Seed Bank Freezer,NA,2023-12-01T00:00:00Z,Dormant,8574,Seed,Missouri Botanical Garden,Wild,Shaw Nature Reserve,NA,Project specific use only,2011-12-01T00:00:00Z,90,Smith,s.n.,14 Oct 1999,NA,NA,NA,NA,Open bottomland/floodplain,NA,Asteraceae,NA,NA
Boltonia_335,335,8-5-6,2011-2598-1,S6B,1180001,United States,Illinois,Jersey,38.961398423802066,-90.51481032460987,38.961398423802066, -90.51481032460987,NA,"Gilbert Lake, Maternal lines = 32, Seedheads = 98; 6 packets",2/29/24,3/25/24,4/12/24,NA,NA,0,8.9,13.3,20.2,1.6,1.4,1.7,NA,NA,NA,NA,NA,NA,NA,NA,NA,NA,NA,NA,NA,NA,NA,NA,NA,NA,NA,NA,NA,NA,NA,NA,0,0,0,0,0,0,0,0,0,0,0,0,0,NA,NA,NA,NA,NA,NA,NA,NA,NA,NA,NA,NA,NA,NA,NA,NA,NA,NA,NA,NA,NA,NA,NA,NA,NA,0,0,0,0,0,0,0,0,0,0,0,5,30,NA,NA,NA,NA,NA,NA,NA,NA,NA,NA,NA,NA,NA,NA,NA,NA,NA,NA,NA,NA,NA,NA,NA,NA,NA,0,0,0,NA,0,0,NA,NA,NA,NA,NA,0,0,8,11,12,NA,NA,NA,NA,NA,NA,NA,NA,NA,NA,NA,NA,NA,NA,NA,NA,NA,NA,NA,NA,NA,NA,NA,NA,NA,0,0,0,0,0,0,0,0,0,0,0,23,0,1,1,1,1,1,1,1,1,1,1,1,1,0,0,0,0,0,0,0,0,0,0,0,1,1,1,1,1,1,1997-5095-2,335,NA,NA,NA,NA,NA,NA,NA,NA,NA,NA,3.3,25.4,41,64.4,84.8,84.5,Y,Y,Y,Y,Y,Y,Y,Y,Y,Y,Y,Y,Y,Y,Y,Y,Y,Y,Y,Boltonia decurrens,MBG Seed Bank,CCSD Seed Bank Freezer,NA,2023-12-01T00:00:00Z,Dormant,9628,Seed,Missouri Botanical Garden,Wild,Shaw Nature Reserve,NA,Project specific use only,2011-12-01T00:00:00Z,98,Smith,s.n.,08 Nov 1997,NA,NA,NA,NA,Open bottomland/floodplain,NA,Asteraceae,NA,NA
Boltonia_336,336,10-5-7,2011-2638-1,4B,1180041,United States,Illinois,Scott,39.7852777,-90.5902777,39.786569766256626, -90.58910563509704,Smith Lake,NA,3/1/24,3/7/24,4/12/24,NA,NA,0,14.4,18.7,25.4,2.3,2.4,2.3,NA,NA,NA,NA,NA,NA,NA,NA,NA,NA,NA,NA,NA,NA,NA,NA,NA,NA,NA,0,0,0,0,0,0,0,0,0,0,0,0,0,0,0,0,0,19,NA,0,0,NA,NA,NA,NA,NA,NA,NA,NA,NA,NA,NA,NA,NA,NA,NA,NA,NA,0,0,0,0,0,0,0,0,0,0,0,0,0,0,0,12,42,37,NA,0,0,NA,NA,NA,NA,NA,NA,NA,NA,NA,NA,NA,NA,NA,NA,NA,NA,NA,0,0,0,0,0,0,0,0,NA,0,0,NA,NA,NA,0,0,0,0,10,17,17,NA,0,0,NA,NA,NA,NA,NA,NA,NA,NA,NA,NA,NA,NA,NA,NA,NA,NA,NA,0,0,0,0,0,0,0,0,0,0,0,0,0,0,7,21,3,1,1,1,0,1,1,1,1,1,0,0,0,1,0,0,0,1,0,0,0,0,0,1,1,1,1,1,1,1,1,1998-5180-3,336,NA,NA,1.5,NA,NA,NA,NA,NA,1.5,6.7,19.4,47.7,71.4,103.4,104.6,113.4,Y,Y,Y,Y,Y,Y,Y,Y,Y,Y,Y,Y,Y,Y,Y,Y,Y,Y,Y,Boltonia decurrens,MBG Seed Bank,CCSD Seed Bank Freezer,NA,2023-12-01T00:00:00Z,Dormant,7818,Seed,Missouri Botanical Garden,Wild,Shaw Nature Reserve,US-1-MO-2011-2638,Project specific use only,2011-12-01T00:00:00Z,81,Smith,s.n.,11 Nov 1998,Maternal Lines,NA,NA,NA,Open bottomland/floodplain,NA,Asteraceae,NA,NA
Boltonia_337,337,8-4-6,2011-2613-1,22A,1180016,United States,Illinois,Fulton,40.2047222,-90.1994444,40.20813714639404, -90.18724497777134,NA,"Anderson Lake, Maternal lines = 30, Seedheads = 61; 2 packets",2/29/24,3/7/24,4/12/24,N,0,3,15,17.7,17.5,2.3,2.2,2.3,NA,NA,Several dead leaves at base.,Stem length not tallest point,NA,NA,NA,NA,NA,NA,NA,NA,NA,NA,NA,NA,NA,NA,6,6,8,9,14,16,16,17,16,18,17,17,18,17,20,26,28,36,50,NA,0,0,0,0,0,0,0,1,1,3,4,5,7,8,10,12,13,13,10,11,9,8,4,5,6,10,14,11,12,11,14,19,24,6,24,26,17,NA,0,0,4,7,8,9,10,10,9,10,5,8,6,7,7,10,5,5,11,11,11,10,12,9,5,5,4,0,5,6,6,5,5,7,8,8,8,15,30,30,NA,0,0,0,0,1,1,3,2,4,2,4,3,6,5,3,6,6,5,3,2,0,2,2,2,7,4,1,1,4,2,4,1,2,6,2,1,0,0,1,1,2,1,1,0,0,1,1,1,1,0,1,1,1,1,1,1,1,1,1,1,1,1,1,1,1,1,2000-5021-2,337,4.9,21.4,29.2,50.7,53.6,54.3,45.5,54.2,54.1,54.1,54.3,54.2,54,53.1,53.1,53.1,Y,Y,Y,Y,Y,Y,Y,Y,Y,Y,Y,Y,Y,Y,Y,Y,Y,Y,Y,Boltonia decurrens,MBG Seed Bank,CCSD Seed Bank Freezer,NA,2023-12-01T00:00:00Z,Dormant,5913,Seed,Missouri Botanical Garden,Wild,Shaw Nature Reserve,NA,Project specific use only,2011-12-01T00:00:00Z,61,Smith,s.n.,01 Oct 2000,NA,NA,NA,NA,Open bottomland/floodplain,NA,Asteraceae,NA,NA
Boltonia_338,338,12-6-3,2011-2650-1,13C,1180053,United States,Illinois,Woodford,40.8852777,-89.4583333,40.84668797480775, -89.0297386240063,NA,"Woodford County, Maternal lines = 30, Seedheads = 90; 6 packets",3/1/24,3/12/24,4/12/24,NA,NA,0,10.2,14.6,17.3,1.7,2,2.3,NA,NA,NA,NA,NA,NA,NA,NA,NA,NA,NA,NA,NA,NA,NA,NA,NA,NA,NA,NA,NA,NA,NA,NA,NA,NA,NA,NA,NA,NA,NA,NA,NA,NA,NA,NA,NA,NA,NA,NA,NA,NA,NA,NA,NA,0,NA,NA,NA,NA,NA,NA,NA,NA,NA,NA,NA,NA,NA,NA,NA,NA,NA,NA,NA,NA,NA,NA,NA,NA,NA,NA,NA,NA,NA,NA,NA,NA,NA,NA,NA,NA,NA,0,NA,NA,NA,NA,NA,NA,NA,NA,NA,NA,NA,NA,NA,NA,NA,NA,NA,NA,NA,NA,0,0,NA,NA,NA,NA,NA,NA,NA,11,14,18,NA,NA,NA,NA,NA,NA,NA,NA,0,NA,NA,NA,NA,NA,NA,NA,NA,NA,NA,NA,NA,NA,NA,NA,NA,NA,NA,NA,NA,NA,NA,NA,NA,NA,NA,NA,NA,NA,1,1,1,1,0,1,1,1,1,1,1,2,2,0,0,0,0,1,0,0,0,0,0,0,0,0,0,0,0,1999-5369-2,338,NA,NA,NA,NA,1.2,NA,NA,NA,NA,NA,NA,NA,NA,NA,NA,NA,Y,Y,Y,Y,Y,Y,Y,Y,Y,Y,Y,Y,Y,Y,Y,Y,Y,Y,Y,Boltonia decurrens,MBG Seed Bank,CCSD Seed Bank Freezer,NA,2023-12-01T00:00:00Z,Dormant,8743,Seed,Missouri Botanical Garden,Wild,Shaw Nature Reserve,US-1-MO-2011-2650,Project specific use only,2011-12-01T00:00:00Z,90,Smith,s.n.,11 Nov 1999,NA,NA,NA,NA,Open bottomland/floodplain,NA,Asteraceae,NA,NA
Boltonia_339,339,12-5-12,2011-2613-1,3A,1180016,United States,Illinois,Fulton,40.2047222,-90.1994444,40.20813714639404, -90.18724497777134,NA,"Anderson Lake, Maternal lines = 30, Seedheads = 61; 2 packets",3/1/24,3/10/24,4/12/24,NA,NA,0,7.5,14.3,16.7,1.4,2,1.8,NA,NA,NA,NA,NA,NA,NA,NA,NA,NA,NA,NA,NA,NA,NA,NA,NA,NA,NA,NA,NA,NA,NA,NA,NA,NA,NA,NA,NA,NA,NA,NA,NA,NA,NA,NA,NA,NA,NA,NA,NA,NA,NA,NA,NA,NA,NA,NA,NA,NA,NA,NA,NA,NA,NA,NA,NA,NA,NA,NA,NA,NA,NA,NA,NA,NA,NA,NA,NA,NA,NA,NA,NA,NA,NA,NA,NA,NA,NA,NA,NA,NA,NA,NA,NA,NA,NA,NA,NA,NA,NA,NA,NA,NA,NA,NA,NA,NA,NA,NA,NA,NA,NA,NA,0,0,NA,NA,NA,NA,NA,NA,NA,12,15,16,NA,NA,NA,NA,NA,NA,NA,NA,NA,NA,NA,NA,NA,NA,NA,NA,NA,NA,NA,NA,NA,NA,NA,NA,NA,NA,NA,NA,NA,NA,NA,NA,NA,NA,NA,NA,NA,NA,1,1,1,1,1,1,1,1,1,1,1,2,2,0,0,0,0,0,0,0,0,0,0,0,0,0,0,0,0,2000-5002-3,339,NA,NA,NA,NA,NA,NA,NA,NA,NA,NA,NA,NA,NA,NA,NA,NA,Y,Y,Y,Y,Y,Y,Y,Y,Y,Y,Y,Y,Y,Y,Y,Y,Y,Y,Y,Boltonia decurrens,MBG Seed Bank,CCSD Seed Bank Freezer,NA,2023-12-01T00:00:00Z,Dormant,5913,Seed,Missouri Botanical Garden,Wild,Shaw Nature Reserve,NA,Project specific use only,2011-12-01T00:00:00Z,61,Smith,s.n.,01 Oct 2000,NA,NA,NA,NA,Open bottomland/floodplain,NA,Asteraceae,NA,NA
Boltonia_340,340,3-4-2,2011-2636-1,4,1180039,United States,Illinois,Cass,40.010555600000004,-90.4458333,40.0178975293398, -90.42445029519197,NA,"Beardstown, Maternal lines = 52, Seedheads = 53; 3 packets",2/29/24,3/13/24,4/12/24,NA,NA,0,7.7,10.1,12.9,1.8,1.4,2,NA,NA,NA,NA,NA,NA,NA,NA,NA,NA,NA,NA,NA,NA,NA,NA,NA,NA,NA,NA,NA,NA,NA,NA,NA,NA,NA,NA,NA,NA,NA,NA,NA,NA,NA,NA,NA,NA,NA,NA,NA,NA,NA,NA,NA,NA,NA,NA,NA,NA,NA,NA,NA,NA,NA,NA,NA,NA,NA,NA,NA,NA,NA,NA,NA,NA,NA,NA,NA,NA,NA,NA,NA,NA,NA,NA,NA,NA,NA,NA,NA,NA,NA,NA,NA,NA,NA,NA,NA,NA,NA,NA,NA,NA,NA,NA,NA,NA,NA,NA,NA,NA,NA,NA,0,0,NA,NA,NA,NA,NA,NA,NA,9,12,14,NA,NA,NA,NA,NA,NA,NA,NA,NA,NA,NA,NA,NA,NA,NA,NA,NA,NA,NA,NA,NA,NA,NA,NA,NA,NA,NA,NA,NA,NA,NA,NA,NA,NA,NA,NA,NA,NA,1,1,1,1,1,1,1,1,1,1,1,1,1,0,0,0,0,0,0,0,0,0,0,0,0,0,0,0,0,1997-5323-4,340,NA,NA,NA,NA,NA,NA,NA,NA,NA,NA,NA,NA,NA,NA,NA,NA,Y,Y,Y,Y,Y,Y,Y,Y,Y,Y,Y,Y,Y,Y,Y,Y,Y,Y,Y,Boltonia decurrens,MBG Seed Bank,CCSD Seed Bank Freezer,NA,2023-12-01T00:00:00Z,Dormant,5079,Seed,Missouri Botanical Garden,Wild,Shaw Nature Reserve,NA,Project specific use only,2011-12-01T00:00:00Z,53,Smith,s.n.,21 Nov 1997,NA,NA,NA,NA,Open bottomland/floodplain,NA,Asteraceae,NA,NA
Boltonia_341,341,10-6-4,2011-2664-1,30,1180067,United States,Illinois,Fulton,40.2047222,-90.1994444,40.207444479612775, -90.1871999885973,NA,"Anderson Lake, Maternal lines = 31, Seedheads = 31",3/1/24,3/14/24,4/12/24,NA,NA,0,8.4,12.7,19.4,1.6,1.5,1.9,NA,NA,NA,NA,NA,NA,NA,NA,NA,NA,NA,NA,NA,NA,NA,NA,NA,NA,NA,NA,NA,NA,NA,NA,NA,NA,NA,NA,NA,NA,NA,NA,NA,NA,NA,NA,NA,NA,NA,NA,NA,NA,NA,NA,NA,NA,NA,NA,NA,NA,NA,NA,NA,NA,NA,NA,NA,NA,NA,NA,NA,NA,NA,NA,NA,NA,NA,NA,NA,NA,NA,NA,NA,NA,NA,NA,NA,NA,NA,NA,NA,NA,NA,NA,NA,NA,NA,NA,NA,NA,NA,NA,NA,NA,NA,NA,NA,NA,NA,NA,NA,NA,NA,NA,0,0,NA,NA,NA,NA,NA,NA,NA,9,11,14,NA,NA,NA,NA,NA,NA,NA,NA,NA,NA,NA,NA,NA,NA,NA,NA,NA,NA,NA,NA,NA,NA,NA,NA,NA,NA,NA,NA,NA,NA,NA,NA,NA,NA,NA,NA,NA,NA,1,1,1,1,1,1,1,1,1,1,1,1,1,0,0,0,0,0,0,0,0,0,0,0,0,0,0,0,0,1997-5432-2,341,NA,NA,NA,NA,NA,NA,NA,NA,NA,NA,NA,NA,NA,NA,NA,NA,Y,Y,Y,Y,Y,Y,Y,Y,Y,Y,Y,Y,Y,Y,Y,Y,Y,Y,Y,Boltonia decurrens,MBG Seed Bank,CCSD Seed Bank Freezer,NA,2023-12-01T00:00:00Z,Dormant,2875,Seed,Missouri Botanical Garden,Wild,Shaw Nature Reserve,NA,Project specific use only,2011-12-01T00:00:00Z,31,Smith,s.n.,21 Nov 1997,NA,NA,NA,NA,Open bottomland/floodplain,NA,Asteraceae,NA,NA
Boltonia_342,342,11-5-2,2011-2650-1,29B,1180053,United States,Illinois,Woodford,40.8852777,-89.4583333,40.84668797480775, -89.0297386240063,NA,"Woodford County, Maternal lines = 30, Seedheads = 90; 6 packets",3/1/24,3/10/24,4/12/24,NA,NA,0,10.2,14.4,19.7,1.6,1.9,1.9,NA,NA,NA,NA,NA,NA,NA,NA,NA,NA,NA,NA,NA,NA,NA,NA,NA,NA,NA,NA,NA,NA,NA,NA,NA,NA,NA,NA,NA,NA,NA,NA,NA,NA,NA,NA,NA,NA,NA,NA,NA,NA,NA,NA,NA,0,NA,NA,NA,NA,NA,NA,NA,NA,NA,NA,NA,NA,NA,NA,NA,NA,NA,NA,NA,NA,NA,NA,NA,NA,NA,NA,NA,NA,NA,NA,NA,NA,NA,NA,NA,NA,NA,0,NA,NA,NA,NA,NA,NA,NA,NA,NA,NA,NA,NA,NA,NA,NA,NA,NA,NA,NA,NA,0,0,NA,NA,NA,NA,NA,NA,NA,12,15,15,NA,NA,NA,NA,NA,NA,NA,NA,0,NA,NA,NA,NA,NA,NA,NA,NA,NA,NA,NA,NA,NA,NA,NA,NA,NA,NA,NA,NA,NA,NA,NA,NA,NA,NA,NA,NA,NA,1,1,1,1,0,1,1,1,1,1,1,1,1,0,0,0,0,1,0,0,0,0,0,0,0,0,0,0,0,1999-5385-2,342,NA,NA,NA,NA,2.5,NA,NA,NA,NA,NA,NA,NA,NA,NA,NA,NA,Y,Y,Y,Y,Y,Y,Y,Y,Y,Y,Y,Y,Y,Y,Y,Y,Y,Y,Y,Boltonia decurrens,MBG Seed Bank,CCSD Seed Bank Freezer,NA,2023-12-01T00:00:00Z,Dormant,8743,Seed,Missouri Botanical Garden,Wild,Shaw Nature Reserve,US-1-MO-2011-2650,Project specific use only,2011-12-01T00:00:00Z,90,Smith,s.n.,11 Nov 1999,NA,NA,NA,NA,Open bottomland/floodplain,NA,Asteraceae,NA,NA
Boltonia_343,343,3-5-12,2011-2638-1,11B,1180041,United States,Illinois,Scott,39.7852777,-90.5902777,39.786569766256626, -90.58910563509704,Smith Lake,NA,2/29/24,3/6/24,4/12/24,NA,NA,0,11.5,16.3,22.2,1.4,1.9,2.3,NA,NA,Several dead leaves at base.,NA,NA,NA,NA,NA,NA,NA,NA,NA,NA,NA,NA,NA,NA,NA,0,0,0,0,0,0,0,0,0,0,0,0,0,0,0,0,0,0,33,NA,NA,0,NA,0,0,0,0,0,0,0,0,0,0,0,0,0,0,0,0,0,0,0,0,0,0,0,0,0,0,0,0,0,0,10,46,80,57,NA,NA,0,NA,0,0,0,0,0,0,0,0,0,0,0,0,0,0,0,0,0,0,0,0,0,0,0,0,NA,0,0,0,0,0,0,0,0,0,11,14,17,NA,NA,0,NA,0,0,0,0,0,0,0,0,0,0,0,0,0,0,0,0,0,0,0,0,0,0,0,0,0,0,0,0,0,0,24,18,7,1,1,1,0,0,0,0,0,0,0,0,0,0,0,0,0,1,1,1,1,1,1,1,1,1,1,1,1,1,1,1998-5187-3,343,NA,NA,1.8,8.2,17,28.7,34.8,53.1,56.9,73.4,90.4,129.6,144.3,145.4,146.5,144.5,Y,Y,Y,Y,Y,Y,Y,Y,Y,Y,Y,Y,Y,Y,Y,Y,Y,Y,Y,Boltonia decurrens,MBG Seed Bank,CCSD Seed Bank Freezer,NA,2023-12-01T00:00:00Z,Dormant,7818,Seed,Missouri Botanical Garden,Wild,Shaw Nature Reserve,US-1-MO-2011-2638,Project specific use only,2011-12-01T00:00:00Z,81,Smith,s.n.,11 Nov 1998,Maternal Lines,NA,NA,NA,Open bottomland/floodplain,NA,Asteraceae,NA,NA
Boltonia_344,344,9-2-12,2011-2629-1,5A,1180032,United States,Illinois,Marshal,41.045,-89.4311111,41.02868892611459, -89.43846248262098,NA,"Sparland, Maternal lines = 30, Seedheads = 90; 3 packets",2/29/24,3/8/24,4/12/24,N,0,0,7.6,10.7,14,1.5,2,2.1,NA,NA,NA,NA,NA,NA,NA,NA,NA,NA,NA,NA,NA,NA,NA,NA,NA,NA,4,4,3,3,5,4,8,11,8,13,11,15,14,15,18,21,24,38,52,NA,0,0,0,0,0,0,0,0,0,0,0,1,0,0,3,3,3,7,5,6,7,9,7,8,9,8,7,7,10,5,8,11,21,26,70,49,31,NA,0,0,0,0,3,4,6,5,4,5,3,3,7,9,4,9,7,3,4,8,9,10,8,6,7,6,2,0,0,0,6,3,4,10,10,10,11,13,17,25,NA,0,0,0,0,0,0,0,0,0,1,4,3,0,0,3,4,1,2,2,3,1,0,1,3,3,1,3,3,2,0,4,7,15,23,8,4,0,1,1,2,3,1,1,0,1,2,4,4,4,2,1,1,1,1,1,1,1,1,1,1,1,1,1,1,1,1,1999-5154-4,344,1.1,7.2,11.8,28.3,43.9,49.8,41.7,49.6,49.6,50.1,49.4,52.9,48.9,50.1,50.1,50.1,Y,Y,Y,Y,Y,Y,Y,Y,Y,Y,Y,Y,Y,Y,Y,Y,Y,Y,Y,Boltonia decurrens,MBG Seed Bank,CCSD Seed Bank Freezer,NA,2023-12-01T00:00:00Z,Dormant,8786,Seed,Missouri Botanical Garden,Wild,Shaw Nature Reserve,NA,Project specific use only,2011-12-01T00:00:00Z,90,Smith,s.n.,11 Nov 1999,NA,NA,NA,NA,Open bottomland/floodplain,NA,Asteraceae,NA,NA
Boltonia_345,345,11-1-8,2011-2623-1,6B,1180026,United States,Illinois,Hennepin,41.34414603458205,-89.55849691836283,41.34414603458205, -89.55849691836283,NA,"Hennepin Bridge, Maternal lines = 30, Seedheads = 90; 6 packets",3/1/24,3/10/24,4/12/24,NA,NA,0,12.2,17.1,24.4,1.5,1.8,1.9,NA,Growing sideways,Growing sideways,NA,NA,NA,Twisted stem,NA,Large system of corkscrew stems,NA,NA,NA,NA,NA,NA,NA,NA,NA,0,0,0,0,0,0,0,0,0,0,0,0,0,0,0,0,0,0,14,NA,NA,0,NA,0,0,0,0,0,0,0,0,0,0,0,0,0,0,0,0,0,0,0,0,0,0,0,0,0,0,0,0,0,2,17,51,76,74,NA,NA,0,NA,0,0,0,0,0,0,0,0,0,0,0,0,0,0,0,0,0,0,0,0,0,0,0,0,NA,0,0,0,0,0,0,0,0,0,13,17,19,NA,NA,0,NA,0,0,0,0,0,0,0,0,0,0,0,0,0,0,0,0,0,0,0,0,0,0,0,0,0,0,0,0,0,7,27,9,12,2,1,1,0,0,0,0,1,1,0,0,0,0,0,0,0,1,1,1,1,1,1,1,1,2,2,1,2,2,2,1999-5124-2,345,NA,NA,2,1.4,2.2,1,NA,NA,2.5,3.2,13.7,59.5,102.8,114.3,113.8,114.1,Y,Y,Y,Y,Y,Y,Y,Y,Y,Y,Y,Y,Y,Y,Y,Y,Y,Y,Y,Boltonia decurrens,MBG Seed Bank,CCSD Seed Bank Freezer,NA,2023-12-01T00:00:00Z,Dormant,2883,Seed,Missouri Botanical Garden,Wild,Shaw Nature Reserve,NA,Project specific use only,2011-12-01T00:00:00Z,90,Smith,s.n.,11 Nov 1999,NA,NA,NA,NA,Open bottomland/floodplain,NA,Asteraceae,NA,NA
Boltonia_346,346,2-5-8,2011-2609-1,15A,1180012,United States,Illinois,Madison,38.6891666,-90.0972222,38.69652811427051, -90.08592610430901,NA,"Horseshoe Lake, Maternal lines = 30, Seedheads = 90; 3 packets",2/29/24,3/6/24,4/12/24,NA,NA,1,14.8,22,23.8,2.9,2.5,2.6,NA,NA,NA,NA,NA,NA,NA,NA,NA,NA,NA,NA,NA,NA,NA,NA,NA,NA,NA,NA,NA,NA,NA,NA,NA,NA,NA,NA,NA,NA,NA,NA,NA,NA,NA,NA,NA,NA,NA,0,NA,NA,NA,NA,NA,0,NA,NA,NA,NA,NA,NA,NA,NA,NA,NA,NA,NA,NA,NA,NA,NA,NA,NA,NA,NA,NA,NA,NA,NA,NA,NA,NA,NA,NA,NA,NA,0,NA,NA,NA,NA,NA,0,NA,NA,NA,NA,NA,NA,NA,NA,NA,NA,NA,NA,NA,NA,NA,NA,NA,NA,NA,NA,0,0,NA,NA,NA,NA,NA,NA,NA,12,18,22,NA,NA,0,NA,NA,NA,NA,NA,0,NA,NA,NA,NA,NA,NA,NA,NA,NA,NA,NA,NA,NA,NA,NA,NA,NA,NA,NA,NA,NA,NA,NA,NA,NA,NA,NA,NA,NA,1,2,0,1,0,1,1,1,1,1,1,1,1,0,0,1,0,1,0,0,0,0,0,0,0,0,0,0,0,2011-5050-3,346,NA,NA,1.5,NA,1.8,NA,NA,NA,NA,NA,NA,NA,NA,NA,NA,NA,Y,Y,Y,Y,Y,Y,Y,Y,Y,Y,Y,Y,Y,Y,Y,Y,Y,Y,Y,Boltonia decurrens,MBG Seed Bank,CCSD Seed Bank Freezer,NA,2023-12-01T00:00:00Z,Dormant,8688,Seed,Missouri Botanical Garden,Wild,Shaw Nature Reserve,NA,Project specific use only,2011-12-01T00:00:00Z,3,Smith,s.n.,01 Nov 2000,NA,NA,NA,NA,Open bottomland/floodplain,NA,Asteraceae,NA,NA
Boltonia_347,347,3-4-1,2011-2636-1,4,1180039,United States,Illinois,Cass,40.010555600000004,-90.4458333,40.0178975293398, -90.42445029519197,NA,"Beardstown, Maternal lines = 52, Seedheads = 53; 3 packets",2/29/24,3/25/24,4/12/24,NA,NA,0,9.6,11.9,15.4,2,2,1.9,NA,NA,NA,NA,NA,NA,NA,NA,NA,NA,NA,NA,NA,NA,NA,NA,NA,NA,NA,NA,NA,NA,NA,NA,NA,NA,NA,NA,NA,NA,NA,NA,NA,NA,NA,NA,NA,NA,NA,0,NA,NA,NA,NA,NA,NA,NA,NA,NA,NA,NA,NA,NA,NA,NA,NA,NA,NA,NA,NA,NA,NA,NA,NA,NA,NA,NA,NA,NA,NA,NA,NA,NA,NA,NA,NA,NA,0,NA,NA,NA,NA,NA,NA,NA,NA,NA,NA,NA,NA,NA,NA,NA,NA,NA,NA,NA,NA,NA,NA,NA,NA,NA,NA,0,0,NA,NA,NA,NA,NA,NA,NA,9,13,14,NA,NA,0,NA,NA,NA,NA,NA,NA,NA,NA,NA,NA,NA,NA,NA,NA,NA,NA,NA,NA,NA,NA,NA,NA,NA,NA,NA,NA,NA,NA,NA,NA,NA,NA,NA,NA,NA,1,1,0,1,1,1,1,1,1,1,1,5,4,0,0,1,0,0,0,0,0,0,0,0,0,0,0,0,0,1997-5323-3,347,NA,NA,1,NA,NA,NA,NA,NA,NA,NA,NA,NA,NA,NA,NA,NA,Y,Y,Y,Y,Y,Y,Y,Y,Y,Y,Y,Y,Y,Y,Y,Y,Y,Y,Y,Boltonia decurrens,MBG Seed Bank,CCSD Seed Bank Freezer,NA,2023-12-01T00:00:00Z,Dormant,5079,Seed,Missouri Botanical Garden,Wild,Shaw Nature Reserve,NA,Project specific use only,2011-12-01T00:00:00Z,53,Smith,s.n.,21 Nov 1997,NA,NA,NA,NA,Open bottomland/floodplain,NA,Asteraceae,NA,NA
Boltonia_348,348,1-6-1,2011-2636-1,22,1180039,United States,Illinois,Cass,40.010555600000004,-90.4458333,40.0178975293398, -90.42445029519197,NA,"Beardstown, Maternal lines = 52, Seedheads = 53; 3 packets",2/29/24,3/8/24,4/12/24,N,NA,3,10,15.3,22.1,1.1,2.4,2,NA,NA,NA,NA,NA,NA,NA,NA,NA,NA,NA,NA,NA,NA,NA,NA,NA,NA,NA,NA,NA,NA,NA,NA,NA,NA,NA,NA,NA,NA,NA,NA,NA,NA,NA,NA,NA,NA,NA,0,NA,NA,NA,NA,NA,0,NA,NA,NA,NA,NA,NA,NA,NA,NA,NA,NA,NA,NA,NA,NA,NA,NA,NA,NA,NA,NA,NA,NA,NA,NA,NA,NA,NA,NA,NA,NA,0,NA,NA,NA,NA,NA,0,NA,NA,NA,NA,NA,NA,NA,NA,NA,NA,NA,NA,NA,NA,NA,NA,NA,NA,NA,0,0,0,NA,NA,NA,NA,NA,NA,NA,9,16,21,NA,NA,0,NA,NA,NA,NA,NA,0,NA,NA,NA,NA,NA,NA,NA,NA,NA,NA,NA,NA,NA,NA,NA,NA,NA,NA,NA,NA,NA,NA,NA,NA,NA,NA,NA,NA,NA,0,1,1,2,1,2,1,2,2,2,2,2,2,1,0,1,0,1,0,0,0,0,0,0,0,0,0,0,0,1997-5341-2,348,0.8,NA,1.8,NA,1.9,NA,NA,NA,NA,NA,NA,NA,NA,NA,NA,NA,Y,Y,Y,Y,Y,Y,Y,Y,Y,Y,Y,Y,Y,Y,Y,Y,Y,Y,Y,Boltonia decurrens,MBG Seed Bank,CCSD Seed Bank Freezer,NA,2023-12-01T00:00:00Z,Dormant,5079,Seed,Missouri Botanical Garden,Wild,Shaw Nature Reserve,NA,Project specific use only,2011-12-01T00:00:00Z,53,Smith,s.n.,21 Nov 1997,NA,NA,NA,NA,Open bottomland/floodplain,NA,Asteraceae,NA,NA
Boltonia_349,349,8-6-5,2011-2638-1,12C,1180041,United States,Illinois,Scott,39.7852777,-90.5902777,39.786569766256626, -90.58910563509704,Smith Lake,NA,2/29/24,3/15/24,4/12/24,NA,NA,NA,NA,NA,NA,NA,NA,NA,Empty pot,NA,NA,NA,NA,NA,NA,NA,NA,NA,NA,NA,NA,NA,NA,NA,NA,NA,NA,NA,NA,NA,NA,NA,NA,NA,NA,NA,NA,NA,NA,NA,NA,NA,NA,NA,NA,NA,NA,NA,NA,NA,NA,NA,NA,NA,NA,NA,NA,NA,NA,NA,NA,NA,NA,NA,NA,NA,NA,NA,NA,NA,NA,NA,NA,NA,NA,NA,NA,NA,NA,NA,NA,NA,NA,NA,NA,NA,NA,NA,NA,NA,NA,NA,NA,NA,NA,NA,NA,NA,NA,NA,NA,NA,NA,NA,NA,NA,NA,NA,NA,NA,NA,NA,NA,NA,NA,NA,NA,NA,NA,NA,NA,NA,NA,NA,NA,NA,NA,NA,NA,NA,NA,NA,NA,NA,NA,NA,NA,NA,NA,NA,NA,NA,NA,NA,NA,NA,NA,NA,NA,NA,NA,NA,NA,NA,NA,NA,NA,NA,NA,NA,NA,NA,NA,NA,NA,NA,NA,NA,NA,NA,NA,NA,NA,NA,NA,NA,NA,NA,NA,NA,NA,NA,NA,NA,NA,NA,NA,NA,NA,NA,0,1998-5188-3,349,NA,NA,NA,NA,NA,NA,NA,NA,NA,NA,NA,NA,NA,NA,NA,NA,N,N,N,N,N,N,N,N,N,N,N,N,N,N,N,N,N,N,Y,Boltonia decurrens,MBG Seed Bank,CCSD Seed Bank Freezer,NA,2023-12-01T00:00:00Z,Dormant,7818,Seed,Missouri Botanical Garden,Wild,Shaw Nature Reserve,US-1-MO-2011-2638,Project specific use only,2011-12-01T00:00:00Z,81,Smith,s.n.,11 Nov 1998,Maternal Lines,NA,NA,NA,Open bottomland/floodplain,NA,Asteraceae,NA,NA
Boltonia_350,350,7-3-7,2011-2664-1,28,1180067,United States,Illinois,Fulton,40.2047222,-90.1994444,40.207444479612775, -90.1871999885973,NA,"Anderson Lake, Maternal lines = 31, Seedheads = 31",2/29/24,3/14/24,4/12/24,NA,NA,0,11.8,19.6,20.2,1.8,2.2,2.1,NA,NA,NA,NA,NA,NA,NA,NA,NA,NA,NA,NA,NA,NA,NA,NA,NA,NA,0,0,0,0,0,0,0,0,0,0,0,0,0,0,0,1,1,60,40,NA,NA,0,NA,0,0,0,0,0,0,0,0,0,0,0,0,0,0,0,0,0,0,0,0,0,0,0,0,0,0,0,3,5,15,20,55,19,16,NA,NA,0,NA,0,0,0,0,0,0,0,0,0,0,0,0,0,0,0,0,0,0,0,0,0,0,1,1,NA,0,0,0,0,0,0,0,7,9,8,13,13,NA,NA,0,NA,0,0,0,0,0,0,0,0,0,0,0,0,0,0,0,0,0,0,0,0,0,0,0,0,0,0,1,5,2,8,27,11,4,3,1,1,0,0,0,0,0,0,0,0,0,0,0,0,0,1,1,1,1,1,1,1,1,1,1,1,1,1,1,1997-5430-3,350,NA,NA,3.3,9,16.4,23.4,30.7,45.6,50.1,63,86.6,105.5,107.7,107.5,107.6,107.6,Y,Y,Y,Y,Y,Y,Y,Y,Y,Y,Y,Y,Y,Y,Y,Y,Y,Y,Y,Boltonia decurrens,MBG Seed Bank,CCSD Seed Bank Freezer,NA,2023-12-01T00:00:00Z,Dormant,2875,Seed,Missouri Botanical Garden,Wild,Shaw Nature Reserve,NA,Project specific use only,2011-12-01T00:00:00Z,31,Smith,s.n.,21 Nov 1997,NA,NA,NA,NA,Open bottomland/floodplain,NA,Asteraceae,NA,NA
Boltonia_351,351,3-5-11,2011-2638-1,11B,1180041,United States,Illinois,Scott,39.7852777,-90.5902777,39.786569766256626, -90.58910563509704,Smith Lake,NA,2/29/24,3/6/24,4/12/24,NA,NA,0,5.2,7.8,13.7,0.9,1.2,1.3,Small/poor condition,NA,NA,NA,NA,NA,NA,NA,NA,NA,NA,NA,NA,NA,NA,NA,NA,NA,NA,0,0,0,0,0,0,0,0,0,0,0,0,0,0,0,0,7,15,NA,NA,NA,NA,NA,NA,NA,NA,NA,NA,NA,NA,NA,NA,NA,NA,NA,NA,NA,NA,0,0,0,0,0,0,0,0,0,0,0,0,0,0,1,14,30,38,NA,NA,NA,NA,NA,NA,NA,NA,NA,NA,NA,NA,NA,NA,NA,NA,NA,NA,NA,NA,0,0,0,0,0,0,0,0,NA,0,0,NA,NA,NA,0,0,0,0,5,9,11,NA,NA,NA,NA,NA,NA,NA,NA,NA,NA,NA,NA,NA,NA,NA,NA,NA,NA,NA,NA,0,0,0,0,0,0,0,0,0,0,0,0,0,0,4,8,15,0,1,1,1,1,1,1,1,1,0,0,0,0,0,0,0,0,0,0,0,0,0,1,1,1,1,1,1,1,1,1998-5187-2,351,NA,NA,NA,NA,NA,NA,NA,NA,1.3,2.4,10,36.9,63,98.5,98.8,115.8,Y,Y,Y,Y,Y,Y,Y,Y,Y,Y,Y,Y,Y,Y,Y,Y,Y,Y,Y,Boltonia decurrens,MBG Seed Bank,CCSD Seed Bank Freezer,NA,2023-12-01T00:00:00Z,Dormant,7818,Seed,Missouri Botanical Garden,Wild,Shaw Nature Reserve,US-1-MO-2011-2638,Project specific use only,2011-12-01T00:00:00Z,81,Smith,s.n.,11 Nov 1998,Maternal Lines,NA,NA,NA,Open bottomland/floodplain,NA,Asteraceae,NA,NA
Boltonia_352,352,6-3-3,2011-2618-1,7B,1180021,United States,Illinois,Peoria,40.7222223,-89.5519444,40.69352232924267, -89.59142458669179,NA,"McClugage Bridge, Maternal lines = 30, Seedheads = 90; 4 packets",2/29/24,3/6/24,4/12/24,NA,NA,0,9.5,15.7,20.1,1.8,1.7,2.2,NA,NA,NA,NA,NA,NA,NA,NA,NA,NA,NA,NA,NA,NA,NA,NA,NA,NA,NA,NA,NA,NA,NA,NA,NA,NA,NA,NA,NA,NA,NA,NA,NA,NA,NA,NA,NA,NA,NA,NA,NA,NA,NA,NA,NA,NA,NA,NA,NA,NA,NA,NA,NA,NA,NA,NA,NA,NA,NA,NA,NA,NA,NA,NA,NA,NA,NA,NA,NA,NA,NA,NA,NA,NA,NA,NA,NA,NA,NA,NA,NA,NA,NA,NA,NA,NA,NA,NA,NA,NA,NA,NA,NA,NA,NA,NA,NA,NA,NA,NA,NA,NA,NA,NA,0,0,NA,NA,NA,NA,NA,NA,NA,12,14,17,NA,NA,NA,NA,NA,NA,NA,NA,NA,NA,NA,NA,NA,NA,NA,NA,NA,NA,NA,NA,NA,NA,NA,NA,NA,NA,NA,NA,NA,NA,NA,NA,NA,NA,NA,NA,NA,NA,1,1,1,1,1,1,1,1,1,1,1,1,1,0,0,0,0,0,0,0,0,0,0,0,0,0,0,0,0,1999-5063-2,352,NA,NA,NA,NA,NA,NA,NA,NA,NA,NA,NA,NA,NA,NA,NA,NA,Y,Y,Y,Y,Y,Y,Y,Y,Y,Y,Y,Y,Y,Y,Y,Y,Y,Y,Y,Boltonia decurrens,MBG Seed Bank,CCSD Seed Bank Freezer,NA,2023-12-01T00:00:00Z,Dormant,8685,Seed,Missouri Botanical Garden,Wild,Shaw Nature Reserve,NA,Project specific use only,2011-12-01T00:00:00Z,90,Smith,s.n.,11 Nov 1999,NA,NA,NA,NA,Open bottomland/floodplain,NA,Asteraceae,NA,NA
Boltonia_353,353,2-5-7,2011-2623-1,28C,1180026,United States,Illinois,Hennepin,41.34414603458205,-89.55849691836283,41.34414603458205, -89.55849691836283,NA,"Hennepin Bridge, Maternal lines = 30, Seedheads = 90; 6 packets",2/29/24,3/5/24,4/12/24,NA,NA,0,11.2,14.7,18.6,1.8,2,2.1,NA,NA,Several dead leaves at base.,NA,NA,NA,NA,NA,NA,NA,NA,NA,NA,NA,NA,NA,NA,NA,NA,NA,NA,NA,NA,NA,NA,NA,NA,NA,NA,NA,NA,NA,NA,NA,NA,NA,NA,NA,NA,NA,NA,NA,NA,NA,NA,0,NA,NA,NA,NA,NA,NA,NA,NA,NA,NA,NA,NA,NA,NA,NA,NA,NA,NA,NA,NA,NA,NA,NA,NA,NA,NA,NA,NA,NA,NA,NA,NA,NA,NA,NA,NA,NA,0,NA,NA,NA,NA,NA,NA,NA,NA,NA,NA,NA,NA,NA,NA,NA,NA,NA,NA,NA,NA,0,0,NA,NA,NA,NA,NA,NA,NA,14,18,19,NA,NA,NA,NA,NA,NA,NA,NA,0,NA,NA,NA,NA,NA,NA,NA,NA,NA,NA,NA,NA,NA,NA,NA,NA,NA,NA,NA,NA,NA,NA,NA,NA,NA,NA,NA,NA,NA,1,1,1,1,0,1,1,1,1,1,1,1,1,0,0,0,0,1,0,0,0,0,0,0,0,0,0,0,0,1999-5146-2,353,NA,NA,NA,NA,1.4,NA,NA,NA,NA,NA,NA,NA,NA,NA,NA,NA,Y,Y,Y,Y,Y,Y,Y,Y,Y,Y,Y,Y,Y,Y,Y,Y,Y,Y,Y,Boltonia decurrens,MBG Seed Bank,CCSD Seed Bank Freezer,NA,2023-12-01T00:00:00Z,Dormant,2883,Seed,Missouri Botanical Garden,Wild,Shaw Nature Reserve,NA,Project specific use only,2011-12-01T00:00:00Z,90,Smith,s.n.,11 Nov 1999,NA,NA,NA,NA,Open bottomland/floodplain,NA,Asteraceae,NA,NA
Boltonia_354,354,9-4-10,2011-2618-1,20C,1180021,United States,Illinois,Peoria,40.7222223,-89.5519444,40.69352232924267, -89.59142458669179,NA,"McClugage Bridge, Maternal lines = 30, Seedheads = 90; 4 packets",2/29/24,3/6/24,4/12/24,NA,NA,0,8.8,14,16.2,1.6,1.5,1.5,NA,NA,NA,NA,NA,NA,NA,NA,NA,NA,NA,NA,NA,NA,NA,NA,NA,NA,NA,NA,NA,NA,NA,NA,NA,NA,NA,NA,NA,NA,NA,NA,NA,NA,NA,NA,NA,NA,NA,NA,NA,NA,NA,NA,NA,NA,NA,NA,NA,NA,NA,NA,NA,NA,NA,NA,NA,NA,NA,NA,NA,NA,NA,NA,NA,NA,NA,NA,NA,NA,NA,NA,NA,NA,NA,NA,NA,NA,NA,NA,NA,NA,NA,NA,NA,NA,NA,NA,NA,NA,NA,NA,NA,NA,NA,NA,NA,NA,NA,NA,NA,NA,NA,NA,0,0,NA,NA,NA,NA,NA,NA,NA,11,16,16,NA,NA,NA,NA,NA,NA,NA,NA,NA,NA,NA,NA,NA,NA,NA,NA,NA,NA,NA,NA,NA,NA,NA,NA,NA,NA,NA,NA,NA,NA,NA,NA,NA,NA,NA,NA,NA,NA,1,1,1,1,1,1,1,1,1,1,1,1,1,0,0,0,0,0,0,0,0,0,0,0,0,0,0,0,0,1999-5076-4,354,NA,NA,NA,NA,NA,NA,NA,NA,NA,NA,NA,NA,NA,NA,NA,NA,Y,Y,Y,Y,Y,Y,Y,Y,Y,Y,Y,Y,Y,Y,Y,Y,Y,Y,Y,Boltonia decurrens,MBG Seed Bank,CCSD Seed Bank Freezer,NA,2023-12-01T00:00:00Z,Dormant,8685,Seed,Missouri Botanical Garden,Wild,Shaw Nature Reserve,NA,Project specific use only,2011-12-01T00:00:00Z,90,Smith,s.n.,11 Nov 1999,NA,NA,NA,NA,Open bottomland/floodplain,NA,Asteraceae,NA,NA
Boltonia_355,355,1-4-7,2011-2613-1,24A,1180016,United States,Illinois,Fulton,40.2047222,-90.1994444,40.20813714639404, -90.18724497777134,NA,"Anderson Lake, Maternal lines = 30, Seedheads = 61; 2 packets",2/28/24,3/13/24,4/12/24,N,0,3,16.2,18.8,19.7,1.7,1.8,2.2,NA,NA,Several dead leaves at base.,Stem not tallest point,NA,NA,NA,NA,NA,NA,NA,NA,NA,NA,NA,NA,NA,NA,5,6,6,11,15,19,15,19,18,19,16,35,31,40,48,69,62,103,134,NA,0,0,0,0,0,0,0,0,1,3,4,5,8,0,12,15,17,17,13,15,13,8,5,6,10,17,19,23,26,14,22,14,36,27,75,20,5,NA,0,0,7,11,11,16,15,12,11,13,14,13,6,0,4,8,7,7,17,21,21,19,17,11,18,23,18,0,6,7,8,5,6,13,18,14,16,10,15,21,NA,0,0,0,0,0,1,2,7,3,2,4,3,8,0,5,5,3,2,0,0,0,3,6,9,11,4,10,8,8,6,3,15,10,14,4,3,0,0,0,0,0,0,0,0,0,0,1,0,0,0,1,1,1,1,1,1,1,1,1,1,2,1,2,1,1,1,2000-5023-2,355,1.9,14.6,24.7,45,50.9,53.4,45,52.5,52.7,52.7,54.7,58.6,53.5,54,54,54,Y,Y,Y,Y,Y,Y,Y,Y,Y,Y,Y,Y,Y,Y,Y,Y,Y,Y,Y,Boltonia decurrens,MBG Seed Bank,CCSD Seed Bank Freezer,NA,2023-12-01T00:00:00Z,Dormant,5913,Seed,Missouri Botanical Garden,Wild,Shaw Nature Reserve,NA,Project specific use only,2011-12-01T00:00:00Z,61,Smith,s.n.,01 Oct 2000,NA,NA,NA,NA,Open bottomland/floodplain,NA,Asteraceae,NA,NA
Boltonia_356,356,9-3-3,2011-2598-1,S16A,1180001,United States,Illinois,Jersey,38.961398423802066,-90.51481032460987,38.961398423802066, -90.51481032460987,NA,"Gilbert Lake, Maternal lines = 32, Seedheads = 98; 6 packets",2/29/24,3/9/24,4/12/24,N,0,2,12.1,15.6,16.2,2,2,2.3,NA,NA,Several dead leaves at base.,NA,NA,NA,NA,NA,NA,NA,NA,NA,NA,NA,NA,NA,NA,NA,4,0,0,2,7,7,8,14,10,15,16,19,19,26,21,42,40,139,121,NA,0,0,0,0,0,0,0,0,0,1,1,4,5,5,7,8,10,11,8,12,13,13,9,9,8,8,5,5,11,8,18,11,20,41,89,7,12,NA,0,0,1,4,7,11,10,8,7,6,6,6,8,6,6,5,5,4,6,8,5,10,11,10,14,9,16,0,6,7,6,6,6,10,10,9,10,14,19,22,NA,0,0,0,0,0,0,0,1,1,3,4,1,0,5,2,2,3,3,1,3,3,1,0,2,3,3,2,6,3,5,1,2,15,36,11,5,1,0,2,0,0,0,0,0,0,0,0,0,1,0,1,1,1,1,1,1,1,1,1,1,1,1,1,1,1,1,1997-5118-3,356,1.8,16.9,23.9,43.1,57.3,57.7,47.6,47.7,57.6,57.9,58.2,56.9,56.3,55,55,55,Y,Y,Y,Y,Y,Y,Y,Y,Y,Y,Y,Y,Y,Y,Y,Y,Y,Y,Y,Boltonia decurrens,MBG Seed Bank,CCSD Seed Bank Freezer,NA,2023-12-01T00:00:00Z,Dormant,9628,Seed,Missouri Botanical Garden,Wild,Shaw Nature Reserve,NA,Project specific use only,2011-12-01T00:00:00Z,98,Smith,s.n.,08 Nov 1997,NA,NA,NA,NA,Open bottomland/floodplain,NA,Asteraceae,NA,NA
Boltonia_357,357,2-6-1,2011-2636-1,7,1180039,United States,Illinois,Cass,40.010555600000004,-90.4458333,40.0178975293398, -90.42445029519197,NA,"Beardstown, Maternal lines = 52, Seedheads = 53; 3 packets",2/29/24,3/6/24,4/12/24,NA,NA,0,10.5,15.5,17.8,2.3,1.9,2.4,NA,NA,NA,NA,NA,NA,NA,NA,NA,NA,NA,NA,NA,NA,NA,NA,NA,NA,NA,NA,NA,NA,NA,NA,NA,NA,NA,NA,NA,NA,NA,NA,NA,NA,NA,NA,NA,NA,NA,0,NA,NA,NA,NA,NA,0,NA,NA,NA,NA,NA,NA,NA,NA,NA,NA,NA,NA,NA,NA,NA,NA,NA,NA,NA,NA,NA,NA,NA,NA,NA,NA,NA,NA,NA,NA,NA,0,NA,NA,NA,NA,NA,0,NA,NA,NA,NA,NA,NA,NA,NA,NA,NA,NA,NA,NA,NA,NA,NA,NA,NA,NA,NA,0,0,NA,NA,NA,NA,NA,NA,NA,9,12,15,NA,NA,0,NA,NA,NA,NA,NA,0,NA,NA,NA,NA,NA,NA,NA,NA,NA,NA,NA,NA,NA,NA,NA,NA,NA,NA,NA,NA,NA,NA,NA,NA,NA,NA,NA,NA,NA,1,1,0,1,0,1,1,1,1,1,1,1,1,0,0,1,0,1,0,0,0,0,0,0,0,0,0,0,0,1997-5326-2,357,NA,NA,12,NA,1.9,NA,NA,NA,NA,NA,NA,NA,NA,NA,NA,NA,Y,Y,Y,Y,Y,Y,Y,Y,Y,Y,Y,Y,Y,Y,Y,Y,Y,Y,Y,Boltonia decurrens,MBG Seed Bank,CCSD Seed Bank Freezer,NA,2023-12-01T00:00:00Z,Dormant,5079,Seed,Missouri Botanical Garden,Wild,Shaw Nature Reserve,NA,Project specific use only,2011-12-01T00:00:00Z,53,Smith,s.n.,21 Nov 1997,NA,NA,NA,NA,Open bottomland/floodplain,NA,Asteraceae,NA,NA
Boltonia_358,358,10-4-6,2011-2620-1,13A,1180023,United States,Illinois,Morgan,39.8672223,-90.5533333,39.87546015928839, -90.55308508241013,NA,"Meredosia Lake, Maternal lines = 30, Seedheads = 90; 5 packets",3/1/24,3/7/24,4/12/24,NA,NA,0,10.7,14.5,18.4,1.9,1.4,1.6,NA,NA,NA,NA,NA,NA,NA,NA,NA,NA,NA,NA,NA,NA,NA,NA,NA,NA,NA,NA,NA,NA,NA,NA,NA,NA,NA,NA,NA,NA,NA,NA,NA,NA,NA,NA,NA,NA,NA,NA,NA,NA,NA,NA,NA,NA,NA,NA,NA,NA,NA,NA,NA,NA,NA,NA,NA,NA,NA,NA,NA,NA,NA,NA,NA,NA,NA,NA,NA,NA,NA,NA,NA,NA,NA,NA,NA,NA,NA,NA,NA,NA,NA,NA,NA,NA,NA,NA,NA,NA,NA,NA,NA,NA,NA,NA,NA,NA,NA,NA,NA,NA,NA,NA,0,0,NA,NA,NA,NA,NA,NA,NA,13,18,21,NA,NA,NA,NA,NA,NA,NA,NA,NA,NA,NA,NA,NA,NA,NA,NA,NA,NA,NA,NA,NA,NA,NA,NA,NA,NA,NA,NA,NA,NA,NA,NA,NA,NA,NA,NA,NA,NA,1,1,1,1,1,1,1,1,1,1,2,1,2,0,0,0,0,0,0,0,0,0,0,0,0,0,0,0,0,1999-5100-3,358,NA,NA,NA,NA,NA,NA,NA,NA,NA,NA,NA,NA,NA,NA,NA,NA,Y,Y,Y,Y,Y,Y,Y,Y,Y,Y,Y,Y,Y,Y,Y,Y,Y,Y,Y,Boltonia decurrens,MBG Seed Bank,CCSD Seed Bank Freezer,NA,2023-12-01T00:00:00Z,Dormant,8756,Seed,Missouri Botanical Garden,Wild,Shaw Nature Reserve,NA,Project specific use only,2011-12-01T00:00:00Z,90,Smith,s.n.,07 Oct 1999,NA,NA,NA,NA,Open bottomland/floodplain,NA,Asteraceae,NA,NA
Boltonia_359,359,2-5-4,2011-2635-1,4,1180038,United States,Illinois,Alton,38.86501904919102,-90.22302347588696,38.86501904919102, -90.22302347588696,NA,"West Alton, Maternal lines = 32, Seedheads = 32; 2 packets",2/29/24,3/7/24,4/12/24,NA,NA,1,11.7,16.4,23.1,1.9,1.8,2.1,NA,NA,Stem very small. Almost looks like it grew downward,Appears that stem growth has halted,NA,NA,NA,NA,NA,NA,NA,NA,NA,NA,NA,NA,NA,NA,0,0,0,0,0,0,0,0,0,0,0,0,0,4,4,4,5,41,98,NA,NA,0,NA,NA,NA,NA,NA,0,NA,NA,0,NA,NA,NA,NA,NA,NA,0,0,0,0,0,0,0,0,0,0,0,0,1,3,5,5,6,27,52,20,NA,NA,0,NA,NA,NA,NA,NA,0,NA,NA,0,NA,NA,NA,NA,NA,NA,0,0,0,0,0,0,0,1,2,2,NA,0,0,0,NA,NA,0,0,0,5,12,17,22,NA,NA,0,NA,NA,NA,NA,NA,0,NA,NA,0,NA,NA,NA,NA,NA,NA,0,0,0,0,0,0,0,0,0,0,0,2,1,3,0,4,13,35,27,0,1,1,1,1,0,1,1,1,0,0,1,1,1,0,0,1,0,1,1,0,0,1,3,3,2,2,3,1,3,1999-5210-2,359,NA,NA,1.6,NA,0.5,1,NA,NA,2,28,59.8,83,82.2,82.7,82.5,82.5,Y,Y,Y,Y,Y,Y,Y,Y,Y,Y,Y,Y,Y,Y,Y,Y,Y,Y,Y,Boltonia decurrens,MBG Seed Bank,CCSD Seed Bank Freezer,NA,2023-12-01T00:00:00Z,Dormant,2831,Seed,Missouri Botanical Garden,Wild,Shaw Nature Reserve,NA,Project specific use only,2011-12-01T00:00:00Z,32,Smith,s.n.,07 Nov 1999,NA,NA,NA,NA,Open bottomland/floodplain,NA,Asteraceae,NA,NA
Boltonia_360,360,2-6-9,2011-2598-1,L13B,1180001,United States,Illinois,Jersey,38.961398423802066,-90.51481032460987,38.961398423802066, -90.51481032460987,NA,"Gilbert Lake, Maternal lines = 32, Seedheads = 98; 6 packets",2/29/24,3/8/24,4/12/24,NA,NA,0,11.5,17.5,21.1,1.8,2,2.2,NA,NA,Looks wilting,NA,NA,NA,NA,NA,NA,NA,NA,NA,NA,NA,NA,NA,NA,NA,NA,NA,NA,NA,NA,NA,NA,NA,NA,NA,NA,NA,NA,NA,NA,NA,NA,NA,NA,NA,0,0,NA,NA,NA,NA,NA,NA,NA,NA,NA,NA,NA,NA,NA,NA,NA,NA,NA,NA,NA,NA,NA,NA,NA,NA,NA,NA,NA,NA,NA,NA,NA,NA,NA,NA,NA,NA,0,0,NA,NA,NA,NA,NA,NA,NA,NA,NA,NA,NA,NA,NA,NA,NA,NA,NA,NA,NA,NA,NA,NA,NA,NA,NA,NA,0,0,NA,NA,NA,NA,NA,NA,NA,10,12,15,NA,0,0,NA,NA,NA,NA,NA,NA,NA,NA,NA,NA,NA,NA,NA,NA,NA,NA,NA,NA,NA,NA,NA,NA,NA,NA,NA,NA,NA,NA,NA,NA,NA,NA,NA,NA,NA,1,1,0,1,1,1,1,1,1,1,1,1,1,0,0,1,0,0,0,0,0,0,0,0,0,0,0,0,0,1997-5114-4,360,NA,NA,1.8,NA,NA,NA,NA,NA,NA,NA,NA,NA,NA,NA,NA,NA,Y,Y,Y,Y,Y,Y,Y,Y,Y,Y,Y,Y,Y,Y,Y,Y,Y,Y,Y,Boltonia decurrens,MBG Seed Bank,CCSD Seed Bank Freezer,NA,2023-12-01T00:00:00Z,Dormant,9628,Seed,Missouri Botanical Garden,Wild,Shaw Nature Reserve,NA,Project specific use only,2011-12-01T00:00:00Z,98,Smith,s.n.,08 Nov 1997,NA,NA,NA,NA,Open bottomland/floodplain,NA,Asteraceae,NA,NA
Boltonia_361,361,9-3-2,2011-2598-1,S16A,1180001,United States,Illinois,Jersey,38.961398423802066,-90.51481032460987,38.961398423802066, -90.51481032460987,NA,"Gilbert Lake, Maternal lines = 32, Seedheads = 98; 6 packets",2/29/24,3/7/24,4/12/24,N,0,6,11.2,10.7,12.3,2.2,1.9,1.8,Dry,NA,Several dead leaves at base. Lateral stems at base are now flowering stems.,All nodes have lateral stem. Discs senesced,NA,NA,NA,NA,NA,NA,NA,NA,NA,NA,NA,NA,NA,NA,4,4,4,8,8,8,8,8,8,8,7,9,8,16,10,15,15,32,29,0,0,0,0,0,1,1,3,4,4,4,4,4,4,4,4,5,6,8,4,4,4,1,1,3,4,6,6,5,5,2,9,3,7,5,16,16,10,2,4,3,3,1,0,1,3,4,1,3,5,5,6,3,2,6,4,2,5,5,6,6,4,7,6,5,5,0,13,14,14,8,10,11,12,9,11,28,48,80,0,0,1,1,3,3,3,1,0,0,0,0,0,0,3,3,3,2,1,1,1,1,0,2,3,2,0,0,1,2,2,1,2,2,8,12,3,0,0,3,0,0,0,0,0,0,0,1,1,1,1,1,1,1,1,1,1,1,1,1,1,1,1,1,1,1,1,1997-5118-2,361,9.3,22.1,33.1,33.2,32,37.6,28.9,32.9,33.2,33.1,33.5,38.2,39.2,34.2,34.2,34.2,Y,Y,Y,Y,Y,Y,Y,Y,Y,Y,Y,Y,Y,Y,Y,Y,Y,Y,Y,Boltonia decurrens,MBG Seed Bank,CCSD Seed Bank Freezer,NA,2023-12-01T00:00:00Z,Dormant,9628,Seed,Missouri Botanical Garden,Wild,Shaw Nature Reserve,NA,Project specific use only,2011-12-01T00:00:00Z,98,Smith,s.n.,08 Nov 1997,NA,NA,NA,NA,Open bottomland/floodplain,NA,Asteraceae,NA,NA
Boltonia_362,362,6-1-8,2011-2629-1,7C,1180032,United States,Illinois,Marshal,41.045,-89.4311111,41.02868892611459, -89.43846248262098,NA,"Sparland, Maternal lines = 30, Seedheads = 90; 3 packets",2/29/24,3/10/24,4/12/24,NA,NA,0,11.8,17.2,19.7,1.6,1.7,1.9,NA,NA,Several dead leaves at base.,NA,NA,NA,NA,NA,NA,NA,NA,NA,NA,NA,NA,NA,NA,NA,NA,NA,NA,NA,NA,NA,NA,NA,NA,NA,NA,NA,NA,NA,NA,NA,NA,NA,NA,NA,NA,NA,NA,NA,NA,NA,NA,0,NA,NA,NA,NA,NA,NA,NA,NA,NA,NA,NA,NA,NA,NA,NA,NA,NA,NA,NA,NA,NA,NA,NA,NA,NA,NA,NA,NA,NA,NA,NA,NA,NA,NA,NA,NA,NA,0,NA,NA,NA,NA,NA,NA,NA,NA,NA,NA,NA,NA,NA,NA,NA,NA,NA,NA,NA,NA,0,0,NA,NA,NA,NA,NA,NA,NA,12,17,20,NA,NA,NA,NA,NA,NA,NA,NA,0,NA,NA,NA,NA,NA,NA,NA,NA,NA,NA,NA,NA,NA,NA,NA,NA,NA,NA,NA,NA,NA,NA,NA,NA,NA,NA,NA,NA,NA,1,1,1,1,0,1,1,1,1,1,1,1,1,0,0,0,0,1,0,0,0,0,0,0,0,0,0,0,0,1999-5156-2,362,NA,NA,NA,NA,2.1,NA,NA,NA,NA,NA,NA,NA,NA,NA,NA,NA,Y,Y,Y,Y,Y,Y,Y,Y,Y,Y,Y,Y,Y,Y,Y,Y,Y,Y,Y,Boltonia decurrens,MBG Seed Bank,CCSD Seed Bank Freezer,NA,2023-12-01T00:00:00Z,Dormant,8786,Seed,Missouri Botanical Garden,Wild,Shaw Nature Reserve,NA,Project specific use only,2011-12-01T00:00:00Z,90,Smith,s.n.,11 Nov 1999,NA,NA,NA,NA,Open bottomland/floodplain,NA,Asteraceae,NA,NA
Boltonia_363,363,8-6-10,2011-2620-1,10A,1180023,United States,Illinois,Morgan,39.8672223,-90.5533333,39.87546015928839, -90.55308508241013,NA,"Meredosia Lake, Maternal lines = 30, Seedheads = 90; 5 packets",2/29/24,3/8/24,4/12/24,NA,NA,0,11.3,16.1,17.7,1.8,1.8,1.7,NA,NA,NA,NA,NA,NA,NA,NA,NA,NA,NA,NA,NA,NA,NA,NA,NA,NA,NA,NA,NA,NA,NA,NA,NA,NA,NA,NA,NA,NA,NA,NA,NA,NA,NA,NA,NA,NA,NA,NA,NA,NA,NA,NA,NA,NA,NA,NA,NA,NA,NA,NA,NA,NA,NA,NA,NA,NA,NA,NA,NA,NA,NA,NA,NA,NA,NA,NA,NA,NA,NA,NA,NA,NA,NA,NA,NA,NA,NA,NA,NA,NA,NA,NA,NA,NA,NA,NA,NA,NA,NA,NA,NA,NA,NA,NA,NA,NA,NA,NA,NA,NA,NA,NA,0,0,NA,NA,NA,NA,NA,NA,NA,11,15,17,NA,NA,NA,NA,NA,NA,NA,NA,NA,NA,NA,NA,NA,NA,NA,NA,NA,NA,NA,NA,NA,NA,NA,NA,NA,NA,NA,NA,NA,NA,NA,NA,NA,NA,NA,NA,NA,NA,1,1,1,1,1,1,1,1,1,1,1,1,1,0,0,0,0,0,0,0,0,0,0,0,0,0,0,0,0,1999-5097-2,363,NA,NA,NA,NA,NA,NA,NA,NA,NA,NA,NA,NA,NA,NA,NA,NA,Y,Y,Y,Y,Y,Y,Y,Y,Y,Y,Y,Y,Y,Y,Y,Y,Y,Y,Y,Boltonia decurrens,MBG Seed Bank,CCSD Seed Bank Freezer,NA,2023-12-01T00:00:00Z,Dormant,8756,Seed,Missouri Botanical Garden,Wild,Shaw Nature Reserve,NA,Project specific use only,2011-12-01T00:00:00Z,90,Smith,s.n.,07 Oct 1999,NA,NA,NA,NA,Open bottomland/floodplain,NA,Asteraceae,NA,NA
Boltonia_364,364,11-1-2,2011-2620-1,2C,1180023,United States,Illinois,Morgan,39.8672223,-90.5533333,39.87546015928839, -90.55308508241013,NA,"Meredosia Lake, Maternal lines = 30, Seedheads = 90; 5 packets",3/1/24,3/10/24,4/12/24,N,NA,1,9.1,15.6,22.6,1.4,1.3,1.4,NA,NA,NA,NA,NA,NA,NA,NA,NA,NA,NA,NA,NA,NA,NA,NA,NA,NA,NA,NA,NA,NA,NA,NA,NA,NA,NA,NA,NA,NA,NA,NA,NA,NA,NA,NA,NA,NA,NA,NA,NA,NA,NA,NA,NA,NA,NA,NA,NA,NA,NA,NA,NA,NA,NA,NA,NA,NA,NA,NA,NA,NA,NA,NA,NA,NA,NA,NA,NA,NA,NA,NA,NA,NA,NA,NA,NA,NA,NA,NA,NA,NA,NA,NA,NA,NA,NA,NA,NA,NA,NA,NA,NA,NA,NA,NA,NA,NA,NA,NA,NA,NA,NA,0,0,0,NA,NA,NA,NA,NA,NA,NA,12,20,20,NA,NA,NA,NA,NA,NA,NA,NA,NA,NA,NA,NA,NA,NA,NA,NA,NA,NA,NA,NA,NA,NA,NA,NA,NA,NA,NA,NA,NA,NA,NA,NA,NA,NA,NA,NA,NA,NA,0,1,1,1,1,1,1,1,1,1,2,1,1,1,0,0,0,0,0,0,0,0,0,0,0,0,0,0,0,1999-5089-2,364,0.5,NA,NA,NA,NA,NA,NA,NA,NA,NA,NA,NA,NA,NA,NA,NA,Y,Y,Y,Y,Y,Y,Y,Y,Y,Y,Y,Y,Y,Y,Y,Y,Y,Y,Y,Boltonia decurrens,MBG Seed Bank,CCSD Seed Bank Freezer,NA,2023-12-01T00:00:00Z,Dormant,8756,Seed,Missouri Botanical Garden,Wild,Shaw Nature Reserve,NA,Project specific use only,2011-12-01T00:00:00Z,90,Smith,s.n.,07 Oct 1999,NA,NA,NA,NA,Open bottomland/floodplain,NA,Asteraceae,NA,NA
Boltonia_365,365,4-2-9,2011-2623-1,18B,1180026,United States,Illinois,Hennepin,41.34414603458205,-89.55849691836283,41.34414603458205, -89.55849691836283,NA,"Hennepin Bridge, Maternal lines = 30, Seedheads = 90; 6 packets",2/29/24,3/7/24,4/12/24,NA,NA,0,12.9,16,21.4,1.7,1.5,1.7,NA,NA,NA,NA,NA,NA,NA,NA,NA,NA,NA,NA,NA,NA,NA,NA,NA,NA,NA,NA,NA,NA,NA,NA,NA,NA,NA,NA,NA,NA,NA,NA,NA,NA,NA,NA,NA,NA,NA,0,NA,NA,NA,NA,NA,NA,NA,NA,NA,NA,NA,NA,NA,NA,NA,NA,NA,NA,NA,NA,NA,NA,NA,NA,NA,NA,NA,NA,NA,NA,NA,NA,NA,NA,NA,NA,NA,0,NA,NA,NA,NA,NA,NA,NA,NA,NA,NA,NA,NA,NA,NA,NA,NA,NA,NA,NA,NA,NA,NA,NA,NA,NA,NA,0,0,NA,NA,NA,NA,NA,NA,NA,12,16,19,NA,NA,0,NA,NA,NA,NA,NA,NA,NA,NA,NA,NA,NA,NA,NA,NA,NA,NA,NA,NA,NA,NA,NA,NA,NA,NA,NA,NA,NA,NA,NA,NA,NA,NA,NA,NA,NA,1,1,0,1,1,1,1,1,1,1,1,1,1,0,0,1,0,0,0,0,0,0,0,0,0,0,0,0,0,1999-5136-4,365,NA,NA,1.7,NA,NA,NA,NA,NA,NA,NA,NA,NA,NA,NA,NA,NA,Y,Y,Y,Y,Y,Y,Y,Y,Y,Y,Y,Y,Y,Y,Y,Y,Y,Y,Y,Boltonia decurrens,MBG Seed Bank,CCSD Seed Bank Freezer,NA,2023-12-01T00:00:00Z,Dormant,2883,Seed,Missouri Botanical Garden,Wild,Shaw Nature Reserve,NA,Project specific use only,2011-12-01T00:00:00Z,90,Smith,s.n.,11 Nov 1999,NA,NA,NA,NA,Open bottomland/floodplain,NA,Asteraceae,NA,NA
Boltonia_366,366,2-2-9,2011-2644-1,30,1180047,United States,Illinois,Tazewell,40.69971137108869,-89.54002817279506,40.69971137108869, -89.54002817279506,NA,"Cooper Park, Maternal lines = 13, Seedheads = 47; 3 packets",2/29/24,3/7/24,4/12/24,NA,NA,1,12,14.9,19.8,2,2,2.3,NA,NA,NA,NA,NA,NA,NA,NA,NA,NA,NA,NA,NA,NA,NA,NA,NA,NA,NA,NA,NA,NA,NA,NA,NA,NA,NA,NA,NA,NA,NA,NA,NA,NA,NA,NA,NA,NA,NA,NA,NA,NA,NA,NA,NA,NA,NA,NA,NA,NA,NA,NA,NA,NA,NA,NA,NA,NA,NA,NA,NA,NA,NA,NA,NA,NA,NA,NA,NA,NA,NA,NA,NA,NA,NA,NA,NA,NA,NA,NA,NA,NA,NA,NA,NA,NA,NA,NA,NA,NA,NA,NA,NA,NA,NA,NA,NA,NA,NA,NA,NA,NA,NA,NA,0,0,NA,NA,NA,NA,NA,NA,NA,12,15,17,NA,NA,NA,NA,NA,NA,NA,NA,NA,NA,NA,NA,NA,NA,NA,NA,NA,NA,NA,NA,NA,NA,NA,NA,NA,NA,NA,NA,NA,NA,NA,NA,NA,NA,NA,NA,NA,NA,1,1,1,1,1,1,1,1,1,1,1,1,1,0,0,0,0,0,0,0,0,0,0,0,0,0,0,0,0,1997-5370-3,366,NA,NA,NA,NA,NA,NA,NA,NA,NA,NA,NA,NA,NA,NA,NA,NA,Y,Y,Y,Y,Y,Y,Y,Y,Y,Y,Y,Y,Y,Y,Y,Y,Y,Y,Y,Boltonia decurrens,MBG Seed Bank,CCSD Seed Bank Freezer,NA,2023-04-13T00:00:00Z,Dormant,4640,Seed,Missouri Botanical Garden,Wild,Shaw Nature Reserve,NA,Project specific use only,2011-12-01T00:00:00Z,106,Smith,s.n.,01 Jan 1995,NA,NA,NA,NA,Open bottomland/floodplain,NA,Asteraceae,NA,NA
Boltonia_367,367,3-6-8,2011-2598-1,L14A,1180001,United States,Illinois,Jersey,38.961398423802066,-90.51481032460987,38.961398423802066, -90.51481032460987,NA,"Gilbert Lake, Maternal lines = 32, Seedheads = 98; 6 packets",2/29/24,3/10/24,4/12/24,NA,NA,0,8.3,14.5,22,1.4,1.9,2.3,NA,NA,Several dead leaves at base.,NA,NA,NA,NA,NA,NA,NA,NA,NA,NA,NA,NA,NA,NA,NA,0,0,0,0,0,0,0,0,0,0,0,0,0,0,0,0,0,125,152,NA,NA,0,NA,0,0,0,0,0,0,0,0,0,0,0,0,0,0,0,0,0,0,0,0,0,0,0,0,0,0,0,0,1,3,40,104,22,5,NA,NA,0,NA,0,0,0,0,0,0,0,0,0,0,0,0,0,0,0,0,0,0,0,0,0,0,0,0,NA,0,0,0,0,0,0,0,0,5,7,10,11,NA,NA,0,NA,0,0,0,0,0,0,0,0,0,0,0,0,0,0,0,0,0,0,0,0,0,0,0,0,0,0,0,1,2,30,78,19,0,0,1,1,0,0,0,0,0,1,0,0,0,0,1,0,0,1,1,1,1,1,1,1,1,1,1,1,1,1,1,1997-5115-2,367,NA,NA,1,3.2,9.3,16.1,20.8,30,45.5,60.4,93.1,130.5,153.3,155.7,153.6,154.6,Y,Y,Y,Y,Y,Y,Y,Y,Y,Y,Y,Y,Y,Y,Y,Y,Y,Y,Y,Boltonia decurrens,MBG Seed Bank,CCSD Seed Bank Freezer,NA,2023-12-01T00:00:00Z,Dormant,9628,Seed,Missouri Botanical Garden,Wild,Shaw Nature Reserve,NA,Project specific use only,2011-12-01T00:00:00Z,98,Smith,s.n.,08 Nov 1997,NA,NA,NA,NA,Open bottomland/floodplain,NA,Asteraceae,NA,NA
Boltonia_368,368,6-4-6,2011-2599-1,7,1180002,United States,Illinois,Saint Clair,38.6494444,-90.1161111,38.651507278988504, -90.10298738781107,NA,"Fairmont City, Maternal lines = 28, Seedheads = 28; 2 packets",2/29/24,3/6/24,4/12/24,NA,NA,0,11.8,15.7,19.1,2.1,2,2.3,NA,NA,NA,NA,NA,NA,NA,NA,NA,NA,NA,NA,NA,NA,NA,NA,NA,NA,NA,NA,NA,NA,NA,NA,NA,NA,0,0,NA,0,0,0,0,0,0,6,14,NA,NA,NA,NA,NA,NA,NA,NA,NA,NA,NA,NA,NA,NA,NA,NA,NA,NA,NA,NA,NA,NA,NA,NA,NA,NA,NA,0,0,NA,0,0,0,0,0,7,18,88,NA,NA,NA,NA,NA,NA,NA,NA,NA,NA,NA,NA,NA,NA,NA,NA,NA,NA,NA,NA,NA,NA,NA,NA,NA,NA,NA,0,NA,0,0,NA,NA,NA,NA,NA,NA,NA,13,18,18,NA,NA,NA,NA,NA,NA,NA,NA,NA,NA,NA,NA,NA,NA,NA,NA,NA,NA,NA,NA,NA,NA,NA,NA,NA,NA,NA,0,0,NA,0,0,0,0,4,10,47,0,1,1,1,1,1,1,1,1,1,2,3,1,0,0,0,0,0,0,0,0,0,0,0,0,0,2,2,2,2,1997-5065-2,368,NA,NA,NA,NA,NA,NA,NA,NA,NA,NA,NA,NA,43,72.8,74.6,74.6,Y,Y,Y,Y,Y,Y,Y,Y,Y,Y,Y,Y,Y,Y,Y,Y,Y,Y,Y,Boltonia decurrens,MBG Seed Bank,CCSD Seed Bank Freezer,NA,2023-12-01T00:00:00Z,Dormant,2632,Seed,Missouri Botanical Garden,Wild,Shaw Nature Reserve,NA,Project specific use only,2011-12-01T00:00:00Z,28,Smith,s.n.,05 Dec 1997,NA,NA,NA,NA,Open bottomland/floodplain,NA,Asteraceae,NA,NA
Boltonia_369,369,5-4-11,2011-2598-1,S15B,1180001,United States,Illinois,Jersey,38.961398423802066,-90.51481032460987,38.961398423802066, -90.51481032460987,NA,"Gilbert Lake, Maternal lines = 32, Seedheads = 98; 6 packets",2/29/24,3/7/24,4/12/24,NA,NA,0,12.8,19,23.1,2.1,1.9,2.4,NA,NA,NA,NA,NA,NA,NA,NA,NA,NA,NA,NA,NA,NA,NA,NA,NA,NA,NA,NA,NA,NA,NA,NA,NA,NA,NA,NA,NA,NA,NA,NA,NA,NA,NA,NA,NA,NA,NA,NA,NA,NA,NA,NA,NA,NA,NA,NA,NA,NA,NA,NA,NA,NA,NA,NA,NA,NA,NA,NA,NA,NA,NA,NA,NA,NA,NA,NA,NA,NA,NA,NA,NA,NA,NA,NA,NA,NA,NA,NA,NA,NA,NA,NA,NA,NA,NA,NA,NA,NA,NA,NA,NA,NA,NA,NA,NA,NA,NA,NA,NA,NA,NA,NA,0,0,NA,NA,NA,NA,NA,NA,NA,11,14,19,NA,NA,NA,NA,NA,NA,NA,NA,NA,NA,NA,NA,NA,NA,NA,NA,NA,NA,NA,NA,NA,NA,NA,NA,NA,NA,NA,NA,NA,NA,NA,NA,NA,NA,NA,NA,NA,NA,1,1,1,1,1,1,1,1,1,1,1,1,1,0,0,0,0,0,0,0,0,0,0,0,0,0,0,0,0,1997-5116-3,369,NA,NA,NA,NA,NA,NA,NA,NA,NA,NA,NA,NA,NA,NA,NA,NA,Y,Y,Y,Y,Y,Y,Y,Y,Y,Y,Y,Y,Y,Y,Y,Y,Y,Y,Y,Boltonia decurrens,MBG Seed Bank,CCSD Seed Bank Freezer,NA,2023-12-01T00:00:00Z,Dormant,9628,Seed,Missouri Botanical Garden,Wild,Shaw Nature Reserve,NA,Project specific use only,2011-12-01T00:00:00Z,98,Smith,s.n.,08 Nov 1997,NA,NA,NA,NA,Open bottomland/floodplain,NA,Asteraceae,NA,NA
Boltonia_370,370,10-1-8,2011-2650-1,11B,1180053,United States,Illinois,Woodford,40.8852777,-89.4583333,40.84668797480775, -89.0297386240063,NA,"Woodford County, Maternal lines = 30, Seedheads = 90; 6 packets",3/1/24,3/10/24,4/12/24,NA,NA,0,10.2,15,19.8,1.7,2.2,2.3,NA,NA,One dead leaf at base.,NA,NA,NA,NA,NA,NA,NA,NA,NA,NA,NA,NA,NA,NA,NA,NA,NA,NA,NA,NA,NA,NA,NA,NA,NA,NA,NA,NA,NA,NA,NA,NA,NA,NA,NA,NA,NA,NA,NA,NA,NA,NA,NA,NA,NA,NA,NA,NA,NA,NA,NA,NA,NA,NA,NA,NA,NA,NA,NA,NA,NA,NA,NA,NA,NA,NA,NA,NA,NA,NA,NA,NA,NA,NA,NA,NA,NA,NA,NA,NA,NA,NA,NA,NA,NA,NA,NA,NA,NA,NA,NA,NA,NA,NA,NA,NA,NA,NA,NA,NA,NA,0,0,NA,NA,NA,NA,NA,NA,NA,13,16,22,NA,NA,NA,NA,NA,NA,NA,NA,NA,NA,NA,NA,NA,NA,NA,NA,NA,NA,NA,NA,NA,NA,NA,NA,NA,NA,NA,NA,NA,NA,NA,NA,NA,NA,NA,NA,NA,NA,1,2,2,1,1,1,1,1,1,1,1,1,1,0,0,0,0,0,0,0,0,0,0,0,0,0,0,0,0,1999-5367-3,370,NA,NA,NA,NA,NA,NA,NA,NA,NA,NA,NA,NA,NA,NA,NA,NA,Y,Y,Y,Y,Y,Y,Y,Y,Y,Y,Y,Y,Y,Y,Y,Y,Y,Y,Y,Boltonia decurrens,MBG Seed Bank,CCSD Seed Bank Freezer,NA,2023-12-01T00:00:00Z,Dormant,8743,Seed,Missouri Botanical Garden,Wild,Shaw Nature Reserve,US-1-MO-2011-2650,Project specific use only,2011-12-01T00:00:00Z,90,Smith,s.n.,11 Nov 1999,NA,NA,NA,NA,Open bottomland/floodplain,NA,Asteraceae,NA,NA
Boltonia_371,371,4-2-1,2011-2659-1,10C,1180062,United States,Illinois,Frederick,40.07116308939078,-90.42957195888599,40.07116308939078, -90.42957195888599,NA,"Frederick Landing, Maternal lines = 15, Seedheads = 44; 2 packets",2/29/24,3/7/24,4/12/24,NA,NA,0,9.9,14.1,17.3,1.5,1.8,1.9,NA,NA,NA,NA,NA,NA,NA,NA,NA,NA,NA,NA,NA,NA,NA,NA,NA,NA,NA,NA,NA,NA,NA,NA,NA,NA,NA,NA,NA,NA,NA,NA,NA,NA,NA,NA,NA,NA,NA,NA,NA,NA,NA,NA,NA,NA,NA,NA,NA,NA,NA,NA,NA,NA,NA,NA,NA,NA,NA,NA,NA,NA,NA,NA,NA,NA,NA,NA,NA,NA,NA,NA,NA,NA,NA,NA,NA,NA,NA,NA,NA,NA,NA,NA,NA,NA,NA,NA,NA,NA,NA,NA,NA,NA,NA,NA,NA,NA,NA,NA,NA,NA,NA,NA,0,0,NA,NA,NA,NA,NA,NA,NA,10,13,16,NA,NA,NA,NA,NA,NA,NA,NA,NA,NA,NA,NA,NA,NA,NA,NA,NA,NA,NA,NA,NA,NA,NA,NA,NA,NA,NA,NA,NA,NA,NA,NA,NA,NA,NA,NA,NA,NA,1,1,1,1,1,1,1,1,1,1,1,1,1,0,0,0,0,0,0,0,0,0,0,0,0,0,0,0,0,2011-5008-3,371,NA,NA,NA,NA,NA,NA,NA,NA,NA,NA,NA,NA,NA,NA,NA,NA,Y,Y,Y,Y,Y,Y,Y,Y,Y,Y,Y,Y,Y,Y,Y,Y,Y,Y,Y,Boltonia decurrens,MBG Seed Bank,CCSD Seed Bank Freezer,NA,2023-12-01T00:00:00Z,Dormant,4101,Seed,Missouri Botanical Garden,Wild,Shaw Nature Reserve,US-1-MO-2011-2659,Project specific use only,2011-12-01T00:00:00Z,44,Smith,s.n.,01 Dec 2011,NA,NA,NA,NA,Open bottomland/floodplain,NA,Asteraceae,NA,NA
Boltonia_372,372,1-4-11,2011-2659-1,1B,1180062,United States,Illinois,Frederick,40.07116308939078,-90.42957195888599,40.07116308939078, -90.42957195888599,NA,"Frederick Landing, Maternal lines = 15, Seedheads = 44; 2 packets",2/28/24,3/7/24,4/12/24,N,0,3,11.4,13.5,15.5,2,2,2.2,NA,NA,Several dead leaves at base.,NA,NA,NA,NA,NA,NA,NA,NA,NA,NA,NA,NA,NA,NA,NA,2,2,2,2,3,6,5,8,6,6,10,18,17,29,21,43,43,65,49,NA,0,0,0,0,0,0,0,0,0,1,1,1,3,3,3,5,7,7,6,7,7,9,7,8,9,8,10,14,10,7,15,9,13,1,25,9,16,NA,0,0,0,3,4,7,4,6,5,7,5,6,4,3,5,7,7,6,9,10,8,5,7,15,17,20,18,0,4,6,7,4,4,5,6,7,6,10,25,24,NA,0,0,0,0,0,0,1,1,1,0,2,2,2,4,3,4,1,2,1,1,1,3,3,2,2,1,5,0,5,10,0,0,0,15,9,3,0,0,2,2,2,2,2,1,1,1,2,1,1,1,1,1,1,1,1,1,1,1,2,1,1,1,1,2,2,2,2011-5000-2,372,2.8,14.1,17.6,34,43.5,44.5,36.8,40,43.8,44.2,48.8,46.4,46.1,43.8,43.8,43.8,Y,Y,Y,Y,Y,Y,Y,Y,Y,Y,Y,Y,Y,Y,Y,Y,Y,Y,Y,Boltonia decurrens,MBG Seed Bank,CCSD Seed Bank Freezer,NA,2023-12-01T00:00:00Z,Dormant,4101,Seed,Missouri Botanical Garden,Wild,Shaw Nature Reserve,US-1-MO-2011-2659,Project specific use only,2011-12-01T00:00:00Z,44,Smith,s.n.,01 Dec 2011,NA,NA,NA,NA,Open bottomland/floodplain,NA,Asteraceae,NA,NA
Boltonia_373,373,10-6-8,2011-2638-1,28A,1180041,United States,Illinois,Scott,39.7852777,-90.5902777,39.786569766256626, -90.58910563509704,Smith Lake,NA,3/1/24,3/7/24,4/12/24,NA,NA,0,6.1,8.6,8.4,1.6,1.4,1.3,NA,NA,NA,NA,NA,NA,NA,NA,NA,NA,NA,NA,NA,NA,NA,NA,NA,NA,NA,NA,NA,NA,NA,NA,NA,NA,NA,NA,NA,NA,NA,NA,NA,NA,NA,NA,NA,NA,NA,NA,NA,NA,NA,NA,NA,NA,NA,NA,NA,NA,NA,NA,NA,NA,NA,NA,NA,NA,NA,NA,NA,NA,NA,NA,NA,NA,NA,NA,NA,NA,NA,NA,NA,NA,NA,NA,NA,NA,NA,NA,NA,NA,NA,NA,NA,NA,NA,NA,NA,NA,NA,NA,NA,NA,NA,NA,NA,NA,NA,NA,NA,NA,NA,NA,0,0,NA,NA,NA,NA,NA,NA,NA,11,14,16,NA,NA,NA,NA,NA,NA,NA,NA,NA,NA,NA,NA,NA,NA,NA,NA,NA,NA,NA,NA,NA,NA,NA,NA,NA,NA,NA,NA,NA,NA,NA,NA,NA,NA,NA,NA,NA,NA,1,1,1,1,1,1,1,1,1,1,1,1,1,0,0,0,0,0,0,0,0,0,0,0,0,0,0,0,0,1998-5203-3,373,NA,NA,NA,NA,NA,NA,NA,NA,NA,NA,NA,NA,NA,NA,NA,NA,Y,Y,Y,Y,Y,Y,Y,Y,Y,Y,Y,Y,Y,Y,Y,Y,Y,Y,Y,Boltonia decurrens,MBG Seed Bank,CCSD Seed Bank Freezer,NA,2023-12-01T00:00:00Z,Dormant,7818,Seed,Missouri Botanical Garden,Wild,Shaw Nature Reserve,US-1-MO-2011-2638,Project specific use only,2011-12-01T00:00:00Z,81,Smith,s.n.,11 Nov 1998,Maternal Lines,NA,NA,NA,Open bottomland/floodplain,NA,Asteraceae,NA,NA
Boltonia_374,374,1-6-4,2011-2664-1,14,1180067,United States,Illinois,Fulton,40.2047222,-90.1994444,40.207444479612775, -90.1871999885973,NA,"Anderson Lake, Maternal lines = 31, Seedheads = 31",2/29/24,3/18/24,4/12/24,NA,NA,1,8.9,14.5,19.8,1.5,1.9,2,NA,NA,NA,NA,NA,NA,NA,NA,NA,NA,NA,NA,NA,NA,NA,NA,NA,NA,0,0,0,0,0,0,0,0,0,0,0,0,0,0,0,4,0,60,27,NA,NA,0,NA,0,NA,NA,0,0,0,0,0,0,0,0,0,0,0,0,0,0,0,0,0,0,0,0,0,0,0,0,1,2,7,22,69,46,89,NA,NA,0,NA,0,NA,NA,0,0,0,0,0,0,0,0,0,0,0,0,0,0,0,0,0,0,0,0,0,NA,0,0,1,0,0,0,0,0,7,8,10,13,NA,NA,0,NA,0,NA,NA,0,0,0,0,0,0,0,0,0,0,0,0,0,0,0,0,0,0,0,0,0,0,0,1,1,4,13,40,14,9,0,1,1,0,1,0,0,0,1,0,0,0,0,0,0,0,1,0,1,1,1,1,1,1,1,1,1,1,1,1,1997-5416-2,374,NA,NA,2.4,NA,4.8,14.2,22.4,35,41.4,56.3,83,116.9,118.5,121,119.8,119.8,Y,Y,Y,Y,Y,Y,Y,Y,Y,Y,Y,Y,Y,Y,Y,Y,Y,Y,Y,Boltonia decurrens,MBG Seed Bank,CCSD Seed Bank Freezer,NA,2023-12-01T00:00:00Z,Dormant,2875,Seed,Missouri Botanical Garden,Wild,Shaw Nature Reserve,NA,Project specific use only,2011-12-01T00:00:00Z,31,Smith,s.n.,21 Nov 1997,NA,NA,NA,NA,Open bottomland/floodplain,NA,Asteraceae,NA,NA
Boltonia_375,375,5-6-4,2011-2629-1,28C,1180032,United States,Illinois,Marshal,41.045,-89.4311111,41.02868892611459, -89.43846248262098,NA,"Sparland, Maternal lines = 30, Seedheads = 90; 3 packets",2/29/24,3/7/24,4/12/24,N,0,0,15.8,18,18.5,2.2,2.4,2.4,NA,NA,Several dead leaves at base.,NA,NA,NA,NA,NA,NA,NA,NA,NA,NA,NA,NA,NA,NA,NA,0,0,0,4,5,6,6,13,13,14,11,12,13,22,21,24,25,102,42,NA,0,0,0,0,0,0,0,0,0,1,1,2,5,5,5,9,10,10,11,11,13,9,9,7,10,4,7,6,7,4,13,13,28,20,77,3,45,NA,0,0,0,8,9,10,9,9,9,7,6,6,6,4,3,6,6,6,5,8,7,6,6,3,5,5,7,0,6,6,6,5,6,8,10,9,10,11,21,24,NA,0,0,0,0,0,0,1,1,1,3,4,2,2,5,4,2,1,1,2,2,0,1,0,5,3,1,1,3,3,5,2,12,11,24,2,3,0,0,2,2,2,1,1,1,3,1,0,1,1,1,1,1,1,1,2,2,2,2,2,2,2,1,2,2,1,2,1999-5177-3,375,1.2,10.3,25.6,45.7,57,59.8,49.3,59,60,60.4,59.9,59.9,60.3,58.6,58.6,58.6,Y,Y,Y,Y,Y,Y,Y,Y,Y,Y,Y,Y,Y,Y,Y,Y,Y,Y,Y,Boltonia decurrens,MBG Seed Bank,CCSD Seed Bank Freezer,NA,2023-12-01T00:00:00Z,Dormant,8786,Seed,Missouri Botanical Garden,Wild,Shaw Nature Reserve,NA,Project specific use only,2011-12-01T00:00:00Z,90,Smith,s.n.,11 Nov 1999,NA,NA,NA,NA,Open bottomland/floodplain,NA,Asteraceae,NA,NA
Boltonia_376,376,10-3-7,2011-2638-1,21C,1180041,United States,Illinois,Scott,39.7852777,-90.5902777,39.786569766256626, -90.58910563509704,Smith Lake,NA,3/1/24,Unknown,4/12/24,NA,NA,0,0.7,1.2,4,0.3,0.6,1.4,NA,NA,NA,NA,NA,NA,NA,NA,NA,NA,NA,NA,NA,NA,NA,NA,NA,NA,NA,NA,NA,NA,NA,NA,NA,NA,NA,NA,NA,NA,NA,NA,NA,NA,NA,NA,NA,NA,NA,NA,NA,NA,NA,NA,NA,NA,NA,NA,NA,NA,NA,NA,NA,NA,NA,NA,NA,NA,NA,NA,NA,NA,NA,NA,NA,NA,NA,NA,NA,NA,NA,NA,NA,NA,NA,NA,NA,NA,NA,NA,NA,NA,NA,NA,NA,NA,NA,NA,NA,NA,NA,NA,NA,NA,NA,NA,NA,NA,NA,NA,NA,NA,NA,NA,0,0,NA,NA,NA,NA,NA,NA,NA,2,4,4,NA,NA,NA,NA,NA,NA,NA,NA,NA,NA,NA,NA,NA,NA,NA,NA,NA,NA,NA,NA,NA,NA,NA,NA,NA,NA,NA,NA,NA,NA,NA,NA,NA,NA,NA,NA,NA,NA,1,1,1,1,1,1,1,1,1,1,1,1,1,0,0,0,0,0,0,0,0,0,0,0,0,0,0,0,0,1998-5197-2,376,NA,NA,NA,NA,NA,NA,NA,NA,NA,NA,NA,NA,NA,NA,NA,NA,Y,Y,Y,Y,Y,Y,Y,Y,Y,Y,Y,Y,Y,Y,Y,Y,Y,Y,Y,Boltonia decurrens,MBG Seed Bank,CCSD Seed Bank Freezer,NA,2023-12-01T00:00:00Z,Dormant,7818,Seed,Missouri Botanical Garden,Wild,Shaw Nature Reserve,US-1-MO-2011-2638,Project specific use only,2011-12-01T00:00:00Z,81,Smith,s.n.,11 Nov 1998,Maternal Lines,NA,NA,NA,Open bottomland/floodplain,NA,Asteraceae,NA,NA
Boltonia_377,377,2-5-10,2011-2675-1,5A,1180078,United States,Illinois,Schuyler,40.0672223,-90.4275,40.07010712467176, -90.42899627731745,NA,"Frederick Borrow Pit, Maternal lines = 30, Seedheads = 90; 3 packets",2/29/24,3/6/24,4/12/24,N,0,6,11.6,13.4,13.1,2.4,2,2,NA,NA,Several dead leaves at base.,Stem not tallest point,NA,NA,NA,NA,NA,NA,NA,NA,NA,NA,NA,NA,NA,NA,5,5,10,11,12,11,10,14,15,13,14,18,17,23,22,22,22,57,71,NA,0,0,0,0,0,0,0,1,1,3,3,4,7,9,11,11,11,13,8,9,5,5,5,6,5,8,5,11,12,2,13,7,12,6,31,19,9,NA,1,1,3,7,7,8,7,11,7,6,5,4,7,5,4,9,6,4,6,7,6,7,8,8,6,4,4,0,4,8,6,4,5,5,6,6,6,12,24,36,NA,0,0,0,0,1,3,4,2,2,1,6,5,1,2,1,2,3,2,2,2,1,1,2,2,3,4,7,1,2,1,4,0,3,11,12,20,1,0,2,2,2,2,2,1,2,1,1,1,1,1,1,1,1,1,1,1,1,1,1,1,1,1,1,1,1,1,1999-5392-3,377,6.5,19.4,39.1,54.7,57.4,56.7,46.5,56,56.3,56.5,62.5,61.5,61.2,57.2,57.2,57.2,Y,Y,Y,Y,Y,Y,Y,Y,Y,Y,Y,Y,Y,Y,Y,Y,Y,Y,Y,Boltonia decurrens,MBG Seed Bank,CCSD Seed Bank Freezer,NA,2023-12-01T00:00:00Z,Dormant,8728,Seed,Missouri Botanical Garden,Wild,Shaw Nature Reserve,NA,Project specific use only,2011-12-01T00:00:00Z,90,Smith,s.n.,07 Oct 1999,NA,NA,NA,NA,Open bottomland/floodplain,NA,Asteraceae,NA,NA
Boltonia_378,378,5-1-3,2011-2636-1,18,1180039,United States,Illinois,Cass,40.010555600000004,-90.4458333,40.0178975293398, -90.42445029519197,NA,"Beardstown, Maternal lines = 52, Seedheads = 53; 3 packets",2/29/24,3/7/24,4/12/24,NA,NA,0,8.4,12.8,17.6,2.1,2.1,2.2,NA,NA,Several dead leaves at base.,NA,NA,NA,NA,NA,NA,NA,NA,NA,NA,NA,NA,NA,NA,NA,NA,NA,NA,NA,NA,NA,NA,NA,NA,NA,NA,NA,NA,NA,NA,NA,NA,NA,NA,NA,NA,NA,NA,NA,NA,NA,NA,NA,NA,NA,NA,NA,NA,NA,NA,NA,NA,NA,NA,NA,NA,NA,NA,NA,NA,NA,NA,NA,NA,NA,NA,NA,NA,NA,NA,NA,NA,NA,NA,NA,NA,NA,NA,NA,NA,NA,NA,NA,NA,NA,NA,NA,NA,NA,NA,NA,NA,NA,NA,NA,NA,NA,NA,NA,NA,NA,0,0,NA,NA,NA,NA,NA,NA,NA,9,12,15,NA,NA,NA,NA,NA,NA,NA,NA,NA,NA,NA,NA,NA,NA,NA,NA,NA,NA,NA,NA,NA,NA,NA,NA,NA,NA,NA,NA,NA,NA,NA,NA,NA,NA,NA,NA,NA,NA,1,1,1,1,1,1,1,1,1,1,1,1,1,0,0,0,0,0,0,0,0,0,0,0,0,0,0,0,0,1997-5337-3,378,NA,NA,NA,NA,NA,NA,NA,NA,NA,NA,NA,NA,NA,NA,NA,NA,Y,Y,Y,Y,Y,Y,Y,Y,Y,Y,Y,Y,Y,Y,Y,Y,Y,Y,Y,Boltonia decurrens,MBG Seed Bank,CCSD Seed Bank Freezer,NA,2023-12-01T00:00:00Z,Dormant,5079,Seed,Missouri Botanical Garden,Wild,Shaw Nature Reserve,NA,Project specific use only,2011-12-01T00:00:00Z,53,Smith,s.n.,21 Nov 1997,NA,NA,NA,NA,Open bottomland/floodplain,NA,Asteraceae,NA,NA
Boltonia_379,379,10-4-11,2011-2666-1,26C,1180069,United States,Illinois,Fulton,40.4925,-89.9022222,40.46699902833787, -89.9485498557629,NA,"Rice Lake, Maternal lines = 30, Seedheads = 90; 3 packets",3/1/24,3/10/24,4/12/24,NA,NA,0,9.9,15,19.6,1.7,2.1,1.9,NA,NA,NA,NA,NA,NA,NA,NA,NA,NA,NA,NA,NA,NA,NA,NA,NA,NA,NA,NA,NA,NA,NA,NA,NA,0,0,0,0,0,0,0,0,0,0,26,29,NA,NA,0,NA,NA,NA,NA,NA,NA,NA,NA,NA,NA,NA,NA,NA,NA,NA,NA,NA,NA,NA,NA,NA,NA,NA,0,0,0,0,0,0,0,0,0,21,42,38,NA,NA,0,NA,NA,NA,NA,NA,NA,NA,NA,NA,NA,NA,NA,NA,NA,NA,NA,NA,NA,NA,NA,NA,NA,NA,0,0,NA,0,0,NA,NA,NA,NA,NA,NA,0,11,14,16,NA,NA,0,NA,NA,NA,NA,NA,NA,NA,NA,NA,NA,NA,NA,NA,NA,NA,NA,NA,NA,NA,NA,NA,NA,NA,0,0,0,0,0,0,0,0,8,31,14,0,1,1,0,1,1,1,1,1,1,1,2,1,0,0,0,1,0,0,0,0,0,0,0,0,1,1,1,1,1,1999-5025-2,379,NA,NA,1.9,NA,NA,NA,NA,NA,NA,NA,NA,7.1,28.4,72,72.2,75.5,Y,Y,Y,Y,Y,Y,Y,Y,Y,Y,Y,Y,Y,Y,Y,Y,Y,Y,Y,Boltonia decurrens,MBG Seed Bank,CCSD Seed Bank Freezer,NA,2023-12-01T00:00:00Z,Dormant,8574,Seed,Missouri Botanical Garden,Wild,Shaw Nature Reserve,NA,Project specific use only,2011-12-01T00:00:00Z,90,Smith,s.n.,14 Oct 1999,NA,NA,NA,NA,Open bottomland/floodplain,NA,Asteraceae,NA,NA
Boltonia_380,380,10-1-11,2011-2620-1,6A,1180023,United States,Illinois,Morgan,39.8672223,-90.5533333,39.87546015928839, -90.55308508241013,NA,"Meredosia Lake, Maternal lines = 30, Seedheads = 90; 5 packets",3/1/24,3/8/24,4/12/24,NA,NA,0,9.7,12.3,16.6,1.6,1.7,1.4,NA,NA,NA,NA,NA,NA,NA,NA,NA,NA,NA,NA,NA,NA,NA,NA,NA,NA,NA,NA,NA,NA,NA,NA,NA,NA,NA,NA,NA,NA,NA,NA,NA,NA,NA,NA,NA,NA,NA,NA,NA,NA,NA,NA,NA,NA,NA,NA,NA,NA,NA,NA,NA,NA,NA,NA,NA,NA,NA,NA,NA,NA,NA,NA,NA,NA,NA,NA,NA,NA,NA,NA,NA,NA,NA,NA,NA,NA,NA,NA,NA,NA,NA,NA,NA,NA,NA,NA,NA,NA,NA,NA,NA,NA,NA,NA,NA,NA,NA,NA,NA,NA,NA,NA,0,0,NA,NA,NA,NA,NA,NA,NA,11,13,14,NA,NA,NA,NA,NA,NA,NA,NA,NA,NA,NA,NA,NA,NA,NA,NA,NA,NA,NA,NA,NA,NA,NA,NA,NA,NA,NA,NA,NA,NA,NA,NA,NA,NA,NA,NA,NA,NA,1,1,1,1,1,1,1,1,1,1,2,1,3,0,0,0,0,0,0,0,0,0,0,0,0,0,0,0,0,1999-5093-3,380,NA,NA,NA,NA,NA,NA,NA,NA,NA,NA,NA,NA,NA,NA,NA,NA,Y,Y,Y,Y,Y,Y,Y,Y,Y,Y,Y,Y,Y,Y,Y,Y,Y,Y,Y,Boltonia decurrens,MBG Seed Bank,CCSD Seed Bank Freezer,NA,2023-12-01T00:00:00Z,Dormant,8756,Seed,Missouri Botanical Garden,Wild,Shaw Nature Reserve,NA,Project specific use only,2011-12-01T00:00:00Z,90,Smith,s.n.,07 Oct 1999,NA,NA,NA,NA,Open bottomland/floodplain,NA,Asteraceae,NA,NA
Boltonia_381,381,8-6-11,2011-2620-1,10A,1180023,United States,Illinois,Morgan,39.8672223,-90.5533333,39.87546015928839, -90.55308508241013,NA,"Meredosia Lake, Maternal lines = 30, Seedheads = 90; 5 packets",2/29/24,3/9/24,4/12/24,NA,0,0,12,15.6,17.1,1.6,1.7,1.9,NA,NA,Several dead leaves at base.,Stem not tallest point,NA,NA,NA,NA,NA,NA,NA,NA,NA,NA,NA,NA,NA,NA,5,7,7,6,14,14,14,24,17,23,19,26,23,28,32,35,37,136,134,NA,0,0,0,0,0,0,0,0,1,1,4,4,7,9,9,12,14,16,12,11,13,15,7,9,10,3,9,9,15,13,30,34,42,34,90,34,37,NA,0,0,3,5,9,11,11,12,9,11,13,8,11,6,12,5,9,7,5,6,9,7,10,9,9,18,18,NA,7,8,6,7,7,9,7,10,8,9,15,23,NA,0,0,0,0,0,0,1,2,2,4,2,4,4,6,5,5,3,1,5,4,1,3,7,4,4,4,1,5,2,5,5,8,17,26,25,31,0,1,0,0,0,0,0,0,1,0,0,1,1,1,0,1,1,1,1,1,1,1,1,1,1,1,1,1,1,1,1999-5097-3,381,NA,7.2,20.7,45.8,52.2,53.8,43.4,53,52.7,53.4,53,51.1,51.5,51.5,51.5,51.5,Y,Y,Y,Y,Y,Y,Y,Y,Y,Y,Y,Y,Y,Y,Y,Y,Y,Y,Y,Boltonia decurrens,MBG Seed Bank,CCSD Seed Bank Freezer,NA,2023-12-01T00:00:00Z,Dormant,8756,Seed,Missouri Botanical Garden,Wild,Shaw Nature Reserve,NA,Project specific use only,2011-12-01T00:00:00Z,90,Smith,s.n.,07 Oct 1999,NA,NA,NA,NA,Open bottomland/floodplain,NA,Asteraceae,NA,NA
Boltonia_382,382,3-4-7,2011-2638-1,4B,1180041,United States,Illinois,Scott,39.7852777,-90.5902777,39.786569766256626, -90.58910563509704,Smith Lake,NA,2/29/24,3/9/24,4/12/24,NA,NA,0,6.8,11.8,18.1,1.3,1.7,2.2,NA,NA,NA,NA,NA,NA,NA,NA,NA,NA,NA,NA,NA,NA,NA,NA,NA,NA,NA,NA,NA,NA,NA,NA,NA,NA,NA,NA,NA,NA,NA,NA,NA,NA,NA,NA,NA,NA,NA,0,NA,NA,NA,NA,NA,0,NA,NA,NA,NA,NA,NA,NA,NA,NA,NA,NA,NA,NA,NA,NA,NA,NA,NA,NA,NA,NA,NA,NA,NA,NA,NA,NA,NA,NA,NA,NA,0,NA,NA,NA,NA,NA,0,NA,NA,NA,NA,NA,NA,NA,NA,NA,NA,NA,NA,NA,NA,NA,NA,NA,NA,NA,NA,0,0,NA,NA,NA,NA,NA,NA,NA,6,9,10,NA,NA,0,NA,NA,NA,NA,NA,0,NA,NA,NA,NA,NA,NA,NA,NA,NA,NA,NA,NA,NA,NA,NA,NA,NA,NA,NA,NA,NA,NA,NA,NA,NA,NA,NA,NA,NA,1,1,0,1,0,1,1,1,1,1,2,1,1,0,0,1,0,1,0,0,0,0,0,0,0,0,0,0,0,1998-5180-2,382,NA,NA,1.8,NA,1.6,NA,NA,NA,NA,NA,NA,NA,NA,NA,NA,NA,Y,Y,Y,Y,Y,Y,Y,Y,Y,Y,Y,Y,Y,Y,Y,Y,Y,Y,Y,Boltonia decurrens,MBG Seed Bank,CCSD Seed Bank Freezer,NA,2023-12-01T00:00:00Z,Dormant,7818,Seed,Missouri Botanical Garden,Wild,Shaw Nature Reserve,US-1-MO-2011-2638,Project specific use only,2011-12-01T00:00:00Z,81,Smith,s.n.,11 Nov 1998,Maternal Lines,NA,NA,NA,Open bottomland/floodplain,NA,Asteraceae,NA,NA
Boltonia_383,383,6-2-10,2011-2618-1,24B,1180021,United States,Illinois,Peoria,40.7222223,-89.5519444,40.69352232924267, -89.59142458669179,NA,"McClugage Bridge, Maternal lines = 30, Seedheads = 90; 4 packets",2/29/24,3/12/24,4/12/24,NA,NA,0,11.3,17.1,23,1.9,2.2,2.1,NA,NA,NA,NA,NA,NA,NA,NA,NA,NA,NA,NA,NA,NA,NA,NA,NA,NA,NA,NA,NA,NA,NA,NA,NA,NA,NA,NA,NA,NA,NA,NA,NA,NA,NA,NA,NA,NA,NA,NA,NA,NA,NA,NA,NA,NA,NA,NA,NA,NA,NA,NA,NA,NA,NA,NA,NA,NA,NA,NA,NA,NA,NA,NA,NA,NA,NA,NA,NA,NA,NA,NA,NA,NA,NA,NA,NA,NA,NA,NA,NA,NA,NA,NA,NA,NA,NA,NA,NA,NA,NA,NA,NA,NA,NA,NA,NA,NA,NA,NA,NA,NA,NA,NA,0,0,NA,NA,NA,NA,NA,NA,NA,9,12,15,NA,NA,NA,NA,NA,NA,NA,NA,NA,NA,NA,NA,NA,NA,NA,NA,NA,NA,NA,NA,NA,NA,NA,NA,NA,NA,NA,NA,NA,NA,NA,NA,NA,NA,NA,NA,NA,NA,1,1,1,1,1,1,1,1,1,1,2,2,2,0,0,0,0,0,0,0,0,0,0,0,0,0,0,0,0,1999-5080-2,383,NA,NA,NA,NA,NA,NA,NA,NA,NA,NA,NA,NA,NA,NA,NA,NA,Y,Y,Y,Y,Y,Y,Y,Y,Y,Y,Y,Y,Y,Y,Y,Y,Y,Y,Y,Boltonia decurrens,MBG Seed Bank,CCSD Seed Bank Freezer,NA,2023-12-01T00:00:00Z,Dormant,8685,Seed,Missouri Botanical Garden,Wild,Shaw Nature Reserve,NA,Project specific use only,2011-12-01T00:00:00Z,90,Smith,s.n.,11 Nov 1999,NA,NA,NA,NA,Open bottomland/floodplain,NA,Asteraceae,NA,NA
Boltonia_384,384,4-4-10,2011-2598-1,S25D,1180001,United States,Illinois,Jersey,38.961398423802066,-90.51481032460987,38.961398423802066, -90.51481032460987,NA,"Gilbert Lake, Maternal lines = 32, Seedheads = 98; 6 packets",2/29/24,3/7/24,4/12/24,NA,0,0,15,22.6,24.1,2.6,3.1,3.1,NA,NA,Several dead leaves at base.,NA,NA,NA,NA,NA,NA,NA,NA,NA,NA,NA,NA,NA,NA,NA,0,0,0,0,0,0,0,0,0,0,0,1,0,0,0,1,1,115,27,NA,0,0,0,0,0,0,0,0,0,0,0,0,0,0,0,0,0,0,0,0,0,0,0,0,0,0,1,1,1,0,2,6,14,38,117,17,123,NA,0,0,0,0,0,0,0,0,0,0,0,0,0,0,0,0,0,0,0,1,1,1,1,1,1,1,0,NA,0,0,0,0,5,6,4,7,7,8,14,16,NA,0,0,0,0,0,0,0,0,0,0,0,0,0,0,0,0,0,0,0,0,0,0,0,0,0,1,0,0,0,1,6,4,17,53,24,3,6,1,0,0,0,0,0,0,1,0,0,1,1,1,0,1,1,1,1,1,1,1,1,1,1,1,1,1,1,1,1997-5110-2,384,NA,2,1.7,18.2,30.3,43.8,47,70,85.2,93.1,94.8,94.5,94,94.3,94.3,94.3,Y,Y,Y,Y,Y,Y,Y,Y,Y,Y,Y,Y,Y,Y,Y,Y,Y,Y,Y,Boltonia decurrens,MBG Seed Bank,CCSD Seed Bank Freezer,NA,2023-12-01T00:00:00Z,Dormant,9628,Seed,Missouri Botanical Garden,Wild,Shaw Nature Reserve,NA,Project specific use only,2011-12-01T00:00:00Z,98,Smith,s.n.,08 Nov 1997,NA,NA,NA,NA,Open bottomland/floodplain,NA,Asteraceae,NA,NA
Boltonia_385,385,10-2-5,2011-2638-1,3A,1180041,United States,Illinois,Scott,39.7852777,-90.5902777,39.786569766256626, -90.58910563509704,Smith Lake,NA,3/1/24,3/8/24,4/12/24,NA,NA,0,9.7,15.1,18.3,1.9,1.9,1.8,NA,NA,Several dead leaves at base.,NA,NA,NA,NA,NA,NA,NA,NA,NA,NA,NA,NA,NA,NA,NA,NA,NA,NA,NA,NA,NA,NA,NA,NA,NA,NA,NA,NA,NA,NA,NA,NA,NA,NA,NA,NA,NA,NA,NA,NA,NA,NA,NA,NA,NA,NA,NA,NA,NA,NA,NA,NA,NA,NA,NA,NA,NA,NA,NA,NA,NA,NA,NA,NA,NA,NA,NA,NA,NA,NA,NA,NA,NA,NA,NA,NA,NA,NA,NA,NA,NA,NA,NA,NA,NA,NA,NA,NA,NA,NA,NA,NA,NA,NA,NA,NA,NA,NA,NA,NA,NA,0,0,NA,NA,NA,NA,NA,NA,NA,10,11,12,NA,NA,NA,NA,NA,NA,NA,NA,NA,NA,NA,NA,NA,NA,NA,NA,NA,NA,NA,NA,NA,NA,NA,NA,NA,NA,NA,NA,NA,NA,NA,NA,NA,NA,NA,NA,NA,NA,1,1,1,1,1,1,1,1,1,1,1,1,1,0,0,0,0,0,0,0,0,0,0,0,0,0,0,0,0,1998-5179-2,385,NA,NA,NA,NA,NA,NA,NA,NA,NA,NA,NA,NA,NA,NA,NA,NA,Y,Y,Y,Y,Y,Y,Y,Y,Y,Y,Y,Y,Y,Y,Y,Y,Y,Y,Y,Boltonia decurrens,MBG Seed Bank,CCSD Seed Bank Freezer,NA,2023-12-01T00:00:00Z,Dormant,7818,Seed,Missouri Botanical Garden,Wild,Shaw Nature Reserve,US-1-MO-2011-2638,Project specific use only,2011-12-01T00:00:00Z,81,Smith,s.n.,11 Nov 1998,Maternal Lines,NA,NA,NA,Open bottomland/floodplain,NA,Asteraceae,NA,NA
Boltonia_386,386,5-4-9,2011-2623-1,1B,1180026,United States,Illinois,Hennepin,41.34414603458205,-89.55849691836283,41.34414603458205, -89.55849691836283,NA,"Hennepin Bridge, Maternal lines = 30, Seedheads = 90; 6 packets",2/29/24,3/8/24,4/12/24,NA,NA,0,14,17.8,22.6,1.8,2.2,2.1,NA,NA,NA,NA,NA,NA,NA,NA,NA,NA,NA,NA,NA,NA,NA,NA,NA,NA,NA,NA,NA,NA,NA,NA,NA,NA,NA,NA,NA,NA,NA,NA,NA,NA,NA,NA,NA,NA,NA,NA,NA,NA,NA,NA,NA,NA,NA,NA,NA,NA,NA,NA,NA,NA,NA,NA,NA,NA,NA,NA,NA,NA,NA,NA,NA,NA,NA,NA,NA,NA,NA,NA,NA,NA,NA,NA,NA,NA,NA,NA,NA,NA,NA,NA,NA,NA,NA,NA,NA,NA,NA,NA,NA,NA,NA,NA,NA,NA,NA,NA,NA,NA,NA,NA,0,0,NA,NA,NA,NA,NA,NA,NA,10,16,16,NA,NA,NA,NA,NA,NA,NA,NA,NA,NA,NA,NA,NA,NA,NA,NA,NA,NA,NA,NA,NA,NA,NA,NA,NA,NA,NA,NA,NA,NA,NA,NA,NA,NA,NA,NA,NA,NA,1,1,1,1,1,1,1,1,1,1,1,1,1,0,0,0,0,0,0,0,0,0,0,0,0,0,0,0,0,1999-5119-3,386,NA,NA,NA,NA,NA,NA,NA,NA,NA,NA,NA,NA,NA,NA,NA,NA,Y,Y,Y,Y,Y,Y,Y,Y,Y,Y,Y,Y,Y,Y,Y,Y,Y,Y,Y,Boltonia decurrens,MBG Seed Bank,CCSD Seed Bank Freezer,NA,2023-12-01T00:00:00Z,Dormant,2883,Seed,Missouri Botanical Garden,Wild,Shaw Nature Reserve,NA,Project specific use only,2011-12-01T00:00:00Z,90,Smith,s.n.,11 Nov 1999,NA,NA,NA,NA,Open bottomland/floodplain,NA,Asteraceae,NA,NA
Boltonia_387,387,4-6-11,2011-2659-1,12B,1180062,United States,Illinois,Frederick,40.07116308939078,-90.42957195888599,40.07116308939078, -90.42957195888599,NA,"Frederick Landing, Maternal lines = 15, Seedheads = 44; 2 packets",2/29/24,3/6/24,4/12/24,NA,NA,0,9.5,11.8,16.4,1.8,1.8,1.5,NA,NA,NA,NA,NA,NA,NA,NA,NA,NA,NA,NA,NA,NA,NA,NA,NA,NA,NA,NA,NA,NA,NA,NA,NA,NA,NA,NA,NA,NA,NA,NA,NA,NA,NA,NA,NA,NA,NA,NA,NA,NA,NA,NA,NA,NA,NA,NA,NA,NA,NA,NA,NA,NA,NA,NA,NA,NA,NA,NA,NA,NA,NA,NA,NA,NA,NA,NA,NA,NA,NA,NA,NA,NA,NA,NA,NA,NA,NA,NA,NA,NA,NA,NA,NA,NA,NA,NA,NA,NA,NA,NA,NA,NA,NA,NA,NA,NA,NA,NA,NA,NA,NA,NA,0,0,NA,NA,NA,NA,NA,NA,NA,10,12,15,NA,NA,NA,NA,NA,NA,NA,NA,NA,NA,NA,NA,NA,NA,NA,NA,NA,NA,NA,NA,NA,NA,NA,NA,NA,NA,NA,NA,NA,NA,NA,NA,NA,NA,NA,NA,NA,NA,1,1,1,1,1,1,1,1,1,1,3,1,3,0,0,0,0,0,0,0,0,0,0,0,0,0,0,0,0,2011-5010-2,387,NA,NA,NA,NA,NA,NA,NA,NA,NA,NA,NA,NA,NA,NA,NA,NA,Y,Y,Y,Y,Y,Y,Y,Y,Y,Y,Y,Y,Y,Y,Y,Y,Y,Y,Y,Boltonia decurrens,MBG Seed Bank,CCSD Seed Bank Freezer,NA,2023-12-01T00:00:00Z,Dormant,4101,Seed,Missouri Botanical Garden,Wild,Shaw Nature Reserve,US-1-MO-2011-2659,Project specific use only,2011-12-01T00:00:00Z,44,Smith,s.n.,01 Dec 2011,NA,NA,NA,NA,Open bottomland/floodplain,NA,Asteraceae,NA,NA
Boltonia_388,388,9-6-2,2011-2664-1,14,1180067,United States,Illinois,Fulton,40.2047222,-90.1994444,40.207444479612775, -90.1871999885973,NA,"Anderson Lake, Maternal lines = 31, Seedheads = 31",3/1/24,3/10/24,4/12/24,NA,NA,0,10.2,15.2,18.7,1.7,2,1.7,NA,NA,NA,NA,NA,NA,NA,NA,NA,NA,NA,NA,NA,NA,NA,NA,NA,NA,NA,NA,NA,NA,NA,NA,NA,NA,NA,NA,NA,NA,NA,NA,NA,NA,NA,NA,NA,NA,NA,NA,NA,NA,NA,NA,NA,NA,NA,NA,NA,NA,NA,NA,NA,NA,NA,NA,NA,NA,NA,NA,NA,NA,NA,NA,NA,NA,NA,NA,NA,NA,NA,NA,NA,NA,NA,NA,NA,NA,NA,NA,NA,NA,NA,NA,NA,NA,NA,NA,NA,NA,NA,NA,NA,NA,NA,NA,NA,NA,NA,NA,NA,NA,NA,NA,0,0,NA,NA,NA,NA,NA,NA,NA,12,14,18,NA,NA,NA,NA,NA,NA,NA,NA,NA,NA,NA,NA,NA,NA,NA,NA,NA,NA,NA,NA,NA,NA,NA,NA,NA,NA,NA,NA,NA,NA,NA,NA,NA,NA,NA,NA,NA,NA,1,1,1,1,1,1,1,1,1,1,1,1,1,0,0,0,0,0,0,0,0,0,0,0,0,0,0,0,0,1997-5416-4,388,NA,NA,NA,NA,NA,NA,NA,NA,NA,NA,NA,NA,NA,NA,NA,NA,Y,Y,Y,Y,Y,Y,Y,Y,Y,Y,Y,Y,Y,Y,Y,Y,Y,Y,Y,Boltonia decurrens,MBG Seed Bank,CCSD Seed Bank Freezer,NA,2023-12-01T00:00:00Z,Dormant,2875,Seed,Missouri Botanical Garden,Wild,Shaw Nature Reserve,NA,Project specific use only,2011-12-01T00:00:00Z,31,Smith,s.n.,21 Nov 1997,NA,NA,NA,NA,Open bottomland/floodplain,NA,Asteraceae,NA,NA
Boltonia_389,389,7-6-11,2011-2618-1,5A,1180021,United States,Illinois,Peoria,40.7222223,-89.5519444,40.69352232924267, -89.59142458669179,NA,"McClugage Bridge, Maternal lines = 30, Seedheads = 90; 4 packets",2/29/24,3/7/24,4/12/24,N,0,0,12.8,16.8,17.2,2.3,2.4,2.6,NA,NA,Several dead leaves at base.,NA,NA,NA,NA,NA,NA,NA,NA,NA,NA,NA,NA,NA,NA,NA,0,0,0,2,9,9,10,14,13,14,13,16,15,16,14,22,19,66,68,NA,0,0,0,0,0,0,0,0,0,1,1,3,5,5,5,10,10,10,10,10,13,10,4,6,5,1,3,3,4,6,12,15,20,13,47,2,14,NA,0,0,1,5,5,6,8,10,9,7,5,5,6,3,6,5,5,5,3,4,4,6,6,6,8,13,9,0,5,6,6,5,5,6,0,8,5,11,19,20,NA,0,0,0,0,0,0,1,1,1,2,4,2,1,5,5,0,0,0,3,3,0,1,2,0,1,1,1,1,4,2,5,0,2,20,2,3,0,0,0,0,0,1,0,0,1,1,1,1,1,1,1,1,1,1,1,1,1,1,1,1,1,1,1,1,1,1,1999-5061-3,389,1.7,7.6,19.4,35.3,45.7,47.6,38.4,46,46.9,47.2,47.1,46.2,46.4,45.7,45.7,45.7,Y,Y,Y,Y,Y,Y,Y,Y,Y,Y,Y,Y,Y,Y,Y,Y,Y,Y,Y,Boltonia decurrens,MBG Seed Bank,CCSD Seed Bank Freezer,NA,2023-12-01T00:00:00Z,Dormant,8685,Seed,Missouri Botanical Garden,Wild,Shaw Nature Reserve,NA,Project specific use only,2011-12-01T00:00:00Z,90,Smith,s.n.,11 Nov 1999,NA,NA,NA,NA,Open bottomland/floodplain,NA,Asteraceae,NA,NA
Boltonia_390,390,3-2-8,2011-2664-1,8,1180067,United States,Illinois,Fulton,40.2047222,-90.1994444,40.207444479612775, -90.1871999885973,NA,"Anderson Lake, Maternal lines = 31, Seedheads = 31",2/29/24,3/8/24,4/12/24,NA,0,1,7.1,14.1,17.6,1.2,2.3,2.9,NA,Growing sideways,Growing sideways,NA,NA,NA,NA,NA,NA,NA,NA,NA,NA,NA,NA,NA,NA,NA,NA,NA,NA,NA,NA,NA,NA,NA,NA,NA,NA,NA,NA,NA,NA,NA,NA,NA,NA,NA,NA,0,0,0,0,NA,NA,0,NA,NA,0,NA,NA,NA,NA,NA,NA,NA,NA,NA,NA,NA,NA,NA,NA,NA,NA,NA,NA,NA,NA,NA,NA,NA,NA,NA,NA,NA,NA,0,0,0,0,NA,NA,0,NA,NA,0,NA,NA,NA,NA,NA,NA,NA,NA,NA,NA,NA,NA,NA,NA,NA,NA,NA,0,0,0,NA,NA,NA,NA,NA,NA,7,10,13,NA,NA,0,0,0,0,NA,NA,0,NA,NA,0,NA,NA,NA,NA,NA,NA,NA,NA,NA,NA,NA,NA,NA,NA,NA,NA,NA,NA,NA,NA,NA,NA,NA,NA,NA,NA,1,0,0,0,0,0,1,1,1,2,3,1,2,0,1,1,1,1,1,0,0,0,0,0,0,0,0,0,0,1997-5410-2,390,NA,1.8,1.2,1.3,1.4,1.1,NA,NA,NA,NA,NA,NA,NA,NA,NA,NA,Y,Y,Y,Y,Y,Y,Y,Y,Y,Y,Y,Y,Y,Y,Y,Y,Y,Y,Y,Boltonia decurrens,MBG Seed Bank,CCSD Seed Bank Freezer,NA,2023-12-01T00:00:00Z,Dormant,2875,Seed,Missouri Botanical Garden,Wild,Shaw Nature Reserve,NA,Project specific use only,2011-12-01T00:00:00Z,31,Smith,s.n.,21 Nov 1997,NA,NA,NA,NA,Open bottomland/floodplain,NA,Asteraceae,NA,NA
Boltonia_391,391,10-2-8,2011-2636-1,9,1180039,United States,Illinois,Cass,40.010555600000004,-90.4458333,40.0178975293398, -90.42445029519197,NA,"Beardstown, Maternal lines = 52, Seedheads = 53; 3 packets",3/1/24,3/12/24,4/12/24,NA,NA,0,9,13.3,16.8,1.9,2,2,NA,NA,NA,NA,NA,NA,NA,NA,NA,NA,NA,NA,NA,NA,NA,NA,Abnormal stem,NA,NA,NA,NA,NA,NA,NA,NA,NA,NA,NA,NA,NA,NA,NA,NA,NA,NA,0,NA,NA,NA,NA,NA,NA,NA,NA,NA,NA,NA,NA,NA,NA,NA,NA,NA,NA,NA,NA,NA,NA,NA,NA,NA,NA,NA,NA,NA,NA,NA,NA,NA,NA,NA,NA,NA,0,NA,NA,NA,NA,NA,NA,NA,NA,NA,NA,NA,NA,NA,NA,NA,NA,NA,NA,NA,NA,NA,NA,NA,NA,NA,NA,NA,NA,NA,NA,0,0,NA,NA,NA,NA,NA,NA,NA,10,11,15,NA,NA,NA,NA,NA,NA,NA,NA,NA,NA,NA,NA,NA,NA,NA,NA,NA,NA,NA,NA,NA,NA,NA,NA,NA,NA,NA,NA,NA,NA,NA,NA,NA,NA,NA,NA,0,NA,1,1,1,1,1,1,1,1,1,1,1,1,2,0,0,0,0,0,0,0,0,0,0,0,0,0,0,0,0,1997-5328-3,391,NA,NA,NA,NA,NA,NA,NA,NA,NA,NA,NA,NA,NA,NA,NA,NA,Y,Y,Y,Y,Y,Y,Y,Y,Y,Y,Y,Y,Y,Y,Y,Y,Y,Y,Y,Boltonia decurrens,MBG Seed Bank,CCSD Seed Bank Freezer,NA,2023-12-01T00:00:00Z,Dormant,5079,Seed,Missouri Botanical Garden,Wild,Shaw Nature Reserve,NA,Project specific use only,2011-12-01T00:00:00Z,53,Smith,s.n.,21 Nov 1997,NA,NA,NA,NA,Open bottomland/floodplain,NA,Asteraceae,NA,NA
Boltonia_392,392,10-2-6,2011-2638-1,3A,1180041,United States,Illinois,Scott,39.7852777,-90.5902777,39.786569766256626, -90.58910563509704,Smith Lake,NA,3/1/24,3/7/24,4/12/24,N,NA,0,11,17.4,24.1,1.8,2,1.9,NA,NA,NA,NA,NA,NA,NA,NA,NA,NA,NA,NA,NA,NA,NA,NA,NA,NA,NA,NA,NA,NA,NA,NA,NA,NA,NA,NA,NA,NA,NA,NA,NA,NA,NA,NA,NA,NA,NA,NA,NA,NA,NA,NA,NA,NA,NA,NA,NA,NA,NA,NA,NA,NA,NA,NA,NA,NA,NA,NA,NA,NA,NA,NA,NA,NA,NA,NA,NA,NA,NA,NA,NA,NA,NA,NA,NA,NA,NA,NA,NA,NA,NA,NA,NA,NA,NA,NA,NA,NA,NA,NA,NA,NA,NA,NA,NA,NA,NA,NA,NA,NA,NA,0,0,0,NA,NA,NA,NA,NA,NA,NA,10,13,16,NA,NA,NA,NA,NA,NA,NA,NA,NA,NA,NA,NA,NA,NA,NA,NA,NA,NA,NA,NA,NA,NA,NA,NA,NA,NA,NA,NA,NA,NA,NA,NA,NA,NA,NA,NA,NA,NA,0,1,1,1,1,1,1,1,1,1,1,1,1,1,0,0,0,0,0,0,0,0,0,0,0,0,0,0,0,1998-5179-3,392,0.3,NA,NA,NA,NA,NA,NA,NA,NA,NA,NA,NA,NA,NA,NA,NA,Y,Y,Y,Y,Y,Y,Y,Y,Y,Y,Y,Y,Y,Y,Y,Y,Y,Y,Y,Boltonia decurrens,MBG Seed Bank,CCSD Seed Bank Freezer,NA,2023-12-01T00:00:00Z,Dormant,7818,Seed,Missouri Botanical Garden,Wild,Shaw Nature Reserve,US-1-MO-2011-2638,Project specific use only,2011-12-01T00:00:00Z,81,Smith,s.n.,11 Nov 1998,Maternal Lines,NA,NA,NA,Open bottomland/floodplain,NA,Asteraceae,NA,NA
Boltonia_393,393,2-1-10,2011-2650-1,15B,1180053,United States,Illinois,Woodford,40.8852777,-89.4583333,40.84668797480775, -89.0297386240063,NA,"Woodford County, Maternal lines = 30, Seedheads = 90; 6 packets",2/29/24,3/7/24,4/12/24,NA,0,1,11.4,17.3,19.9,1.9,2.7,2.6,NA,NA,NA,NA,NA,NA,NA,NA,NA,NA,NA,NA,NA,NA,NA,NA,NA,NA,NA,NA,NA,NA,NA,NA,NA,0,0,0,0,0,0,0,0,0,0,5,25,NA,NA,NA,NA,NA,NA,NA,NA,0,NA,NA,NA,NA,NA,NA,NA,NA,NA,NA,NA,NA,NA,NA,NA,NA,NA,0,0,0,0,0,0,0,0,0,5,17,19,NA,NA,NA,NA,NA,NA,NA,NA,0,NA,NA,NA,NA,NA,NA,NA,NA,NA,NA,NA,NA,NA,NA,NA,NA,NA,0,0,NA,0,0,NA,NA,NA,NA,NA,NA,0,10,13,17,NA,NA,NA,NA,NA,NA,NA,NA,0,NA,NA,NA,NA,NA,NA,NA,NA,NA,NA,NA,NA,NA,NA,NA,NA,NA,0,0,0,0,0,0,0,0,4,10,14,0,1,0,1,1,0,1,1,1,1,1,3,2,0,0,1,0,0,1,0,0,0,0,0,0,1,1,1,1,1,1999-5371-2,393,NA,1.3,NA,NA,2.6,NA,NA,NA,NA,NA,NA,6.7,39.4,88.3,95,96.5,Y,Y,Y,Y,Y,Y,Y,Y,Y,Y,Y,Y,Y,Y,Y,Y,Y,Y,Y,Boltonia decurrens,MBG Seed Bank,CCSD Seed Bank Freezer,NA,2023-12-01T00:00:00Z,Dormant,8743,Seed,Missouri Botanical Garden,Wild,Shaw Nature Reserve,US-1-MO-2011-2650,Project specific use only,2011-12-01T00:00:00Z,90,Smith,s.n.,11 Nov 1999,NA,NA,NA,NA,Open bottomland/floodplain,NA,Asteraceae,NA,NA
Boltonia_394,394,10-4-9,2011-2664-1,26,1180067,United States,Illinois,Fulton,40.2047222,-90.1994444,40.207444479612775, -90.1871999885973,NA,"Anderson Lake, Maternal lines = 31, Seedheads = 31",3/1/24,3/7/24,4/12/24,NA,NA,0,11.2,19.4,23.1,1.2,2.8,2.1,NA,NA,NA,NA,NA,NA,NA,NA,NA,NA,NA,NA,NA,NA,NA,NA,NA,NA,NA,NA,NA,NA,NA,NA,NA,NA,NA,NA,NA,NA,NA,NA,NA,NA,NA,NA,NA,NA,0,0,NA,NA,NA,NA,NA,NA,NA,NA,NA,NA,NA,NA,NA,NA,NA,NA,NA,NA,NA,NA,NA,NA,NA,NA,NA,NA,NA,NA,NA,NA,NA,NA,NA,NA,NA,NA,0,0,NA,NA,NA,NA,NA,NA,NA,NA,NA,NA,NA,NA,NA,NA,NA,NA,NA,NA,NA,NA,NA,NA,NA,NA,NA,NA,0,0,NA,NA,NA,NA,NA,NA,NA,13,17,20,NA,0,0,NA,NA,NA,NA,NA,NA,NA,NA,NA,NA,NA,NA,NA,NA,NA,NA,NA,NA,NA,NA,NA,NA,NA,NA,NA,NA,NA,NA,NA,NA,NA,NA,NA,NA,NA,1,1,0,1,1,1,1,1,1,1,1,1,1,0,0,1,0,0,0,0,0,0,0,0,0,0,0,0,0,1997-5428-3,394,NA,NA,1.8,NA,NA,NA,NA,NA,NA,NA,NA,NA,NA,NA,NA,NA,Y,Y,Y,Y,Y,Y,Y,Y,Y,Y,Y,Y,Y,Y,Y,Y,Y,Y,Y,Boltonia decurrens,MBG Seed Bank,CCSD Seed Bank Freezer,NA,2023-12-01T00:00:00Z,Dormant,2875,Seed,Missouri Botanical Garden,Wild,Shaw Nature Reserve,NA,Project specific use only,2011-12-01T00:00:00Z,31,Smith,s.n.,21 Nov 1997,NA,NA,NA,NA,Open bottomland/floodplain,NA,Asteraceae,NA,NA
Boltonia_395,395,6-1-9,2011-2629-1,7C,1180032,United States,Illinois,Marshal,41.045,-89.4311111,41.02868892611459, -89.43846248262098,NA,"Sparland, Maternal lines = 30, Seedheads = 90; 3 packets",2/29/24,3/6/24,4/12/24,NA,0,0,10.9,16.2,18.7,1.3,1.4,1.3,NA,NA,Several dead leaves at base.,NA,NA,NA,NA,NA,NA,NA,NA,NA,NA,NA,NA,NA,NA,NA,NA,NA,NA,NA,NA,NA,NA,NA,NA,NA,NA,NA,NA,NA,NA,NA,NA,NA,NA,NA,NA,NA,NA,NA,NA,NA,NA,NA,NA,NA,NA,NA,NA,NA,NA,NA,NA,NA,NA,NA,NA,NA,NA,NA,NA,NA,NA,NA,NA,NA,NA,NA,NA,NA,NA,NA,NA,NA,NA,NA,NA,NA,NA,NA,NA,NA,NA,NA,NA,NA,NA,NA,NA,NA,NA,NA,NA,NA,NA,NA,NA,NA,NA,NA,NA,NA,0,0,NA,NA,NA,NA,NA,NA,NA,11,15,15,NA,NA,NA,NA,NA,NA,NA,NA,NA,NA,NA,NA,NA,NA,NA,NA,NA,NA,NA,NA,NA,NA,NA,NA,NA,NA,NA,NA,NA,NA,NA,NA,NA,NA,NA,NA,NA,NA,1,0,1,1,1,1,1,1,1,1,2,1,2,0,1,0,0,0,0,0,0,0,0,0,0,0,0,0,0,1999-5156-3,395,NA,1.9,NA,NA,NA,NA,NA,NA,NA,NA,NA,NA,NA,NA,NA,NA,Y,Y,Y,Y,Y,Y,Y,Y,Y,Y,Y,Y,Y,Y,Y,Y,Y,Y,Y,Boltonia decurrens,MBG Seed Bank,CCSD Seed Bank Freezer,NA,2023-12-01T00:00:00Z,Dormant,8786,Seed,Missouri Botanical Garden,Wild,Shaw Nature Reserve,NA,Project specific use only,2011-12-01T00:00:00Z,90,Smith,s.n.,11 Nov 1999,NA,NA,NA,NA,Open bottomland/floodplain,NA,Asteraceae,NA,NA
Boltonia_396,396,3-5-2,2011-2599-1,3,1180002,United States,Illinois,Saint Clair,38.6494444,-90.1161111,38.651507278988504, -90.10298738781107,NA,"Fairmont City, Maternal lines = 28, Seedheads = 28; 2 packets",2/29/24,3/7/24,4/12/24,NA,NA,0,9.3,12.9,18.9,1.7,2.3,1.8,NA,NA,NA,NA,NA,NA,NA,NA,NA,NA,NA,NA,NA,NA,NA,NA,NA,NA,NA,NA,NA,NA,NA,NA,NA,NA,NA,NA,NA,NA,NA,NA,NA,NA,NA,NA,NA,NA,NA,NA,NA,NA,NA,NA,NA,0,NA,NA,NA,NA,NA,NA,NA,NA,NA,NA,NA,NA,NA,NA,NA,NA,NA,NA,NA,NA,NA,NA,NA,NA,NA,NA,NA,NA,NA,NA,NA,NA,NA,NA,NA,NA,NA,0,NA,NA,NA,NA,NA,NA,NA,NA,NA,NA,NA,NA,NA,NA,NA,NA,NA,NA,NA,NA,0,0,NA,NA,NA,NA,NA,NA,NA,9,12,16,NA,NA,NA,NA,NA,NA,NA,NA,0,NA,NA,NA,NA,NA,NA,NA,NA,NA,NA,NA,NA,NA,NA,NA,NA,NA,NA,NA,NA,NA,NA,NA,NA,NA,NA,NA,NA,NA,1,1,1,1,0,1,1,1,1,1,2,1,3,0,0,0,0,1,0,0,0,0,0,0,0,0,0,0,0,1997-5061-2,396,NA,NA,NA,NA,1.8,NA,NA,NA,NA,NA,NA,NA,NA,NA,NA,NA,Y,Y,Y,Y,Y,Y,Y,Y,Y,Y,Y,Y,Y,Y,Y,Y,Y,Y,Y,Boltonia decurrens,MBG Seed Bank,CCSD Seed Bank Freezer,NA,2023-12-01T00:00:00Z,Dormant,2632,Seed,Missouri Botanical Garden,Wild,Shaw Nature Reserve,NA,Project specific use only,2011-12-01T00:00:00Z,28,Smith,s.n.,05 Dec 1997,NA,NA,NA,NA,Open bottomland/floodplain,NA,Asteraceae,NA,NA
Boltonia_397,397,9-5-1,2011-2664-1,11,1180067,United States,Illinois,Fulton,40.2047222,-90.1994444,40.207444479612775, -90.1871999885973,NA,"Anderson Lake, Maternal lines = 31, Seedheads = 31",2/29/24,3/10/24,4/12/24,N,0,1,9.3,13.2,19.8,1.6,1.6,1.9,NA,NA,NA,NA,NA,NA,NA,NA,NA,NA,NA,NA,NA,NA,NA,NA,NA,NA,NA,NA,NA,NA,NA,NA,NA,NA,NA,NA,NA,NA,NA,NA,NA,NA,NA,NA,NA,NA,NA,0,NA,NA,NA,NA,NA,NA,NA,NA,NA,NA,NA,NA,NA,NA,NA,NA,NA,NA,NA,NA,NA,NA,NA,NA,NA,NA,NA,NA,NA,NA,NA,NA,NA,NA,NA,NA,NA,0,NA,NA,NA,NA,NA,NA,NA,NA,NA,NA,NA,NA,NA,NA,NA,NA,NA,NA,NA,NA,NA,NA,NA,NA,NA,0,0,0,NA,NA,NA,NA,NA,NA,NA,15,20,22,NA,NA,0,NA,NA,NA,NA,NA,NA,NA,NA,NA,NA,NA,NA,NA,NA,NA,NA,NA,NA,NA,NA,NA,NA,NA,NA,NA,NA,NA,NA,NA,NA,NA,NA,NA,NA,NA,0,0,0,1,1,1,1,1,1,1,1,1,1,1,1,1,0,0,0,0,0,0,0,0,0,0,0,0,0,1997-5413-2,397,0.4,0.9,1.8,NA,NA,NA,NA,NA,NA,NA,NA,NA,NA,NA,NA,NA,Y,Y,Y,Y,Y,Y,Y,Y,Y,Y,Y,Y,Y,Y,Y,Y,Y,Y,Y,Boltonia decurrens,MBG Seed Bank,CCSD Seed Bank Freezer,NA,2023-12-01T00:00:00Z,Dormant,2875,Seed,Missouri Botanical Garden,Wild,Shaw Nature Reserve,NA,Project specific use only,2011-12-01T00:00:00Z,31,Smith,s.n.,21 Nov 1997,NA,NA,NA,NA,Open bottomland/floodplain,NA,Asteraceae,NA,NA
Boltonia_398,398,2-2-4,2011-2675-1,3C,1180078,United States,Illinois,Schuyler,40.0672223,-90.4275,40.07010712467176, -90.42899627731745,NA,"Frederick Borrow Pit, Maternal lines = 30, Seedheads = 90; 3 packets",2/29/24,3/8/24,4/12/24,NA,NA,0,12.5,18.7,19.9,1.8,2.2,2,NA,NA,NA,NA,NA,NA,NA,NA,NA,NA,NA,NA,NA,NA,NA,NA,NA,NA,NA,NA,NA,NA,NA,NA,NA,NA,NA,NA,NA,NA,NA,NA,NA,NA,NA,NA,NA,NA,NA,NA,NA,NA,NA,NA,NA,NA,NA,NA,NA,NA,NA,NA,NA,NA,NA,NA,NA,NA,NA,NA,NA,NA,NA,NA,NA,NA,NA,NA,NA,NA,NA,NA,NA,NA,NA,NA,NA,NA,NA,NA,NA,NA,NA,NA,NA,NA,NA,NA,NA,NA,NA,NA,NA,NA,NA,NA,NA,NA,NA,NA,NA,NA,NA,NA,0,0,NA,NA,NA,NA,NA,NA,NA,12,14,15,NA,NA,NA,NA,NA,NA,NA,NA,NA,NA,NA,NA,NA,NA,NA,NA,NA,NA,NA,NA,NA,NA,NA,NA,NA,NA,NA,NA,NA,NA,NA,NA,NA,NA,NA,NA,NA,NA,1,1,0,1,1,1,1,1,1,1,1,1,1,0,0,1,0,0,0,0,0,0,0,0,0,0,0,0,0,1999-5390-3,398,NA,NA,1,NA,NA,NA,NA,NA,NA,NA,NA,NA,NA,NA,NA,NA,Y,Y,Y,Y,Y,Y,Y,Y,Y,Y,Y,Y,Y,Y,Y,Y,Y,Y,Y,Boltonia decurrens,MBG Seed Bank,CCSD Seed Bank Freezer,NA,2023-12-01T00:00:00Z,Dormant,8728,Seed,Missouri Botanical Garden,Wild,Shaw Nature Reserve,NA,Project specific use only,2011-12-01T00:00:00Z,90,Smith,s.n.,07 Oct 1999,NA,NA,NA,NA,Open bottomland/floodplain,NA,Asteraceae,NA,NA
Boltonia_399,399,7-4-1,2011-2629-1,15A,1180032,United States,Illinois,Marshal,41.045,-89.4311111,41.02868892611459, -89.43846248262098,NA,"Sparland, Maternal lines = 30, Seedheads = 90; 3 packets",2/29/24,3/9/24,4/12/24,NA,NA,0,6.9,11.5,15,1.4,1.6,1.6,NA,NA,2 Dead leaves at base.,NA,NA,NA,NA,NA,NA,NA,NA,NA,NA,NA,NA,NA,NA,NA,NA,NA,NA,NA,NA,NA,NA,NA,NA,NA,NA,NA,NA,NA,NA,NA,NA,NA,NA,NA,NA,NA,NA,NA,NA,NA,NA,NA,NA,NA,NA,NA,NA,NA,NA,NA,NA,NA,NA,NA,NA,NA,NA,NA,NA,NA,NA,NA,NA,NA,NA,NA,NA,NA,NA,NA,NA,NA,NA,NA,NA,NA,NA,NA,NA,NA,NA,NA,NA,NA,NA,NA,NA,NA,NA,NA,NA,NA,NA,NA,NA,NA,NA,NA,NA,NA,0,0,NA,NA,NA,NA,NA,NA,NA,8,12,14,NA,NA,NA,NA,NA,NA,NA,NA,NA,NA,NA,NA,NA,NA,NA,NA,NA,NA,NA,NA,NA,NA,NA,NA,NA,NA,NA,NA,NA,NA,NA,NA,NA,NA,NA,NA,NA,NA,1,1,1,1,1,1,1,1,1,1,1,1,1,0,0,0,0,0,0,0,0,0,0,0,0,0,0,0,0,1999-5164-3,399,NA,NA,NA,NA,NA,NA,NA,NA,NA,NA,NA,NA,NA,NA,NA,NA,Y,Y,Y,Y,Y,Y,Y,Y,Y,Y,Y,Y,Y,Y,Y,Y,Y,Y,Y,Boltonia decurrens,MBG Seed Bank,CCSD Seed Bank Freezer,NA,2023-12-01T00:00:00Z,Dormant,8786,Seed,Missouri Botanical Garden,Wild,Shaw Nature Reserve,NA,Project specific use only,2011-12-01T00:00:00Z,90,Smith,s.n.,11 Nov 1999,NA,NA,NA,NA,Open bottomland/floodplain,NA,Asteraceae,NA,NA
Boltonia_400,400,4-1-9,2011-2664-1,1,1180067,United States,Illinois,Fulton,40.2047222,-90.1994444,40.207444479612775, -90.1871999885973,NA,"Anderson Lake, Maternal lines = 31, Seedheads = 31",2/29/24,3/7/24,4/12/24,NA,0,0,15.5,21.4,27.7,1.8,2.2,2.2,NA,NA,Growing sidways. Looks like it has stopped vertical growth. Will probably never flower.,NA,NA,Curved stem,Side growth,Abnormal stem,Whirled stem,NA,NA,NA,NA,NA,NA,NA,NA,NA,0,0,0,0,0,0,0,0,0,0,0,0,0,0,0,0,0,66,86,NA,NA,NA,NA,NA,NA,0,0,0,0,0,0,0,NA,NA,NA,NA,0,0,0,0,0,0,0,0,0,0,0,0,0,0,2,3,10,24,68,10,4,NA,NA,NA,NA,NA,NA,0,0,0,0,0,0,0,NA,NA,NA,NA,0,0,0,0,0,0,0,0,0,0,0,NA,0,0,0,0,0,0,0,0,0,9,13,16,NA,NA,NA,NA,NA,NA,0,0,0,0,0,0,0,NA,NA,NA,NA,0,0,0,0,0,0,0,0,0,0,0,0,0,0,2,4,11,34,8,3,0,1,0,1,1,0,0,1,1,0,1,1,0,0,0,1,0,0,1,1,1,1,1,1,2,1,1,1,1,1,1997-5403-3,400,NA,1.3,NA,NA,0.7,1,NA,2,8,23.7,45,85.2,104.3,104.5,104.4,104.4,Y,Y,Y,Y,Y,Y,Y,Y,Y,Y,Y,Y,Y,Y,Y,Y,Y,Y,Y,Boltonia decurrens,MBG Seed Bank,CCSD Seed Bank Freezer,NA,2023-12-01T00:00:00Z,Dormant,2875,Seed,Missouri Botanical Garden,Wild,Shaw Nature Reserve,NA,Project specific use only,2011-12-01T00:00:00Z,31,Smith,s.n.,21 Nov 1997,NA,NA,NA,NA,Open bottomland/floodplain,NA,Asteraceae,NA,NA
Boltonia_401,401,4-5-7,2011-2618-1,25A,1180021,United States,Illinois,Peoria,40.7222223,-89.5519444,40.69352232924267, -89.59142458669179,NA,"McClugage Bridge, Maternal lines = 30, Seedheads = 90; 4 packets",2/29/24,3/12/24,4/12/24,NA,NA,0,12.6,15.4,20.3,1.6,2.1,2.6,NA,NA,Several dead leaves at base.,NA,NA,NA,NA,NA,NA,NA,NA,NA,NA,NA,NA,NA,NA,NA,NA,NA,NA,0,NA,0,NA,0,0,0,NA,0,NA,NA,NA,NA,NA,NA,NA,NA,NA,0,NA,NA,NA,NA,NA,0,NA,NA,NA,NA,NA,NA,NA,NA,NA,NA,NA,NA,NA,0,NA,0,NA,0,0,0,NA,0,NA,NA,NA,NA,NA,NA,NA,NA,NA,0,NA,NA,NA,NA,NA,0,NA,NA,NA,NA,NA,NA,NA,NA,NA,NA,NA,NA,NA,0,NA,0,NA,0,0,NA,0,0,NA,NA,NA,NA,NA,NA,NA,10,12,14,NA,NA,0,NA,NA,NA,NA,NA,0,NA,NA,NA,NA,NA,NA,NA,NA,NA,NA,NA,NA,NA,0,NA,0,NA,0,0,0,NA,0,NA,NA,NA,NA,NA,NA,NA,1,1,0,1,0,1,1,1,1,1,2,1,2,0,0,1,0,1,0,0,0,0,0,0,0,0,0,0,0,1999-5081-2,401,NA,NA,1.4,NA,1.8,NA,NA,NA,NA,NA,NA,NA,NA,NA,NA,NA,Y,Y,Y,Y,Y,Y,Y,Y,Y,Y,Y,Y,Y,Y,Y,Y,Y,Y,Y,Boltonia decurrens,MBG Seed Bank,CCSD Seed Bank Freezer,NA,2023-12-01T00:00:00Z,Dormant,8685,Seed,Missouri Botanical Garden,Wild,Shaw Nature Reserve,NA,Project specific use only,2011-12-01T00:00:00Z,90,Smith,s.n.,11 Nov 1999,NA,NA,NA,NA,Open bottomland/floodplain,NA,Asteraceae,NA,NA
Boltonia_402,402,2-3-7,2011-2666-1,11B,1180069,United States,Illinois,Fulton,40.4925,-89.9022222,40.46699902833787, -89.9485498557629,NA,"Rice Lake, Maternal lines = 30, Seedheads = 90; 3 packets",2/29/24,3/6/24,4/12/24,N,Y,5,14.3,15.3,15.7,2.5,2.6,2.6,NA,NA,Several dead leaves at base.,NA,12 of 13 discs senesced,NA,NA,NA,NA,NA,NA,NA,NA,NA,NA,NA,NA,NA,13,3,12,13,13,13,13,14,14,14,14,16,14,22,22,29,25,67,54,0,0,0,0,0,0,1,3,4,6,10,12,13,13,13,13,13,13,14,1,11,4,3,4,8,10,9,11,11,12,5,12,11,15,12,39,2,0,1,3,5,14,13,13,11,9,7,3,2,4,2,5,3,5,7,6,8,12,8,9,13,8,5,9,8,8,0,6,6,6,5,6,8,7,9,10,16,24,38,0,0,0,1,3,4,5,6,6,1,3,1,0,0,1,1,1,0,1,2,1,0,1,5,1,2,2,1,1,5,1,2,4,4,14,1,2,0,0,0,1,1,1,1,1,2,1,1,1,1,0,1,1,1,1,1,1,1,1,1,1,1,1,1,1,1,1,1999-5010-3,402,7.5,25.4,46.7,53,53.2,53,43.2,53,53.2,52.9,57.9,53.8,54.5,52.7,52.7,52.7,Y,Y,Y,Y,Y,Y,Y,Y,Y,Y,Y,Y,Y,Y,Y,Y,Y,Y,Y,Boltonia decurrens,MBG Seed Bank,CCSD Seed Bank Freezer,NA,2023-12-01T00:00:00Z,Dormant,8574,Seed,Missouri Botanical Garden,Wild,Shaw Nature Reserve,NA,Project specific use only,2011-12-01T00:00:00Z,90,Smith,s.n.,14 Oct 1999,NA,NA,NA,NA,Open bottomland/floodplain,NA,Asteraceae,NA,NA
Boltonia_403,403,4-5-10,2011-2659-1,15A,1180062,United States,Illinois,Frederick,40.07116308939078,-90.42957195888599,40.07116308939078, -90.42957195888599,NA,"Frederick Landing, Maternal lines = 15, Seedheads = 44; 2 packets",2/29/24,3/5/24,4/12/24,NA,NA,0,11.2,14.1,19.7,2.1,2.1,2,NA,NA,Several dead leaves at base.,NA,NA,NA,NA,NA,Abnormal stem,NA,NA,NA,NA,NA,NA,NA,NA,NA,NA,NA,NA,NA,NA,0,0,0,0,0,0,0,0,0,0,0,0,1,51,NA,NA,0,NA,NA,NA,NA,NA,NA,NA,NA,NA,NA,NA,NA,NA,NA,NA,NA,NA,NA,NA,NA,NA,0,0,0,0,0,0,0,0,0,0,0,1,27,33,NA,NA,0,NA,NA,NA,NA,NA,NA,NA,NA,NA,NA,NA,NA,NA,NA,NA,NA,NA,NA,NA,NA,NA,0,0,0,0,NA,0,0,NA,NA,NA,NA,NA,0,0,9,10,11,NA,NA,0,NA,NA,NA,NA,NA,NA,NA,NA,NA,NA,NA,NA,NA,NA,NA,NA,NA,NA,NA,NA,NA,0,0,0,0,0,0,0,0,0,0,1,17,34,0,1,1,0,1,1,1,1,1,1,1,0,0,0,0,0,1,0,0,0,0,0,0,0,1,1,1,1,1,1,2011-5012-2,403,NA,NA,1,NA,NA,NA,NA,NA,NA,NA,18.9,42,72,108.4,110.5,110.1,Y,Y,Y,Y,Y,Y,Y,Y,Y,Y,Y,Y,Y,Y,Y,Y,Y,Y,Y,Boltonia decurrens,MBG Seed Bank,CCSD Seed Bank Freezer,NA,2023-12-01T00:00:00Z,Dormant,4101,Seed,Missouri Botanical Garden,Wild,Shaw Nature Reserve,US-1-MO-2011-2659,Project specific use only,2011-12-01T00:00:00Z,44,Smith,s.n.,01 Dec 2011,NA,NA,NA,NA,Open bottomland/floodplain,NA,Asteraceae,NA,NA
Boltonia_404,404,10-3-4,2011-2661-1,12A,1180064,United States,Illinois,Tazewell,40.69584983597212,-89.54394792156027,40.69584983597212, -89.54394792156027,NA,"Cooper park South, Maternal lines = 43, Seedheads = 73; 4 packets",3/1/24,3/8/24,4/12/24,N,NA,0,11.3,15.3,20.1,1.6,1.6,2.5,NA,NA,NA,NA,NA,NA,NA,NA,NA,NA,NA,NA,NA,NA,NA,NA,NA,NA,NA,NA,NA,NA,NA,NA,NA,NA,NA,NA,NA,NA,NA,NA,NA,NA,NA,NA,NA,NA,NA,NA,NA,NA,NA,NA,NA,NA,NA,NA,NA,NA,NA,NA,NA,NA,NA,NA,NA,NA,NA,NA,NA,NA,NA,NA,NA,NA,NA,NA,NA,NA,NA,NA,NA,NA,NA,NA,NA,NA,NA,NA,NA,NA,NA,NA,NA,NA,NA,NA,NA,NA,NA,NA,NA,NA,NA,NA,NA,NA,NA,NA,NA,NA,NA,0,0,0,NA,NA,NA,NA,NA,NA,NA,11,13,16,NA,NA,NA,NA,NA,NA,NA,NA,NA,NA,NA,NA,NA,NA,NA,NA,NA,NA,NA,NA,NA,NA,NA,NA,NA,NA,NA,NA,NA,NA,NA,NA,NA,NA,NA,NA,NA,NA,0,1,1,1,1,1,1,1,1,1,1,1,1,1,0,0,0,0,0,0,0,0,0,0,0,0,0,0,0,2000-5136-3,404,0.5,NA,NA,NA,NA,NA,NA,NA,NA,NA,NA,NA,NA,NA,NA,NA,Y,Y,Y,Y,Y,Y,Y,Y,Y,Y,Y,Y,Y,Y,Y,Y,Y,Y,Y,Boltonia decurrens,MBG Seed Bank,CCSD Seed Bank Freezer,NA,2023-12-01T00:00:00Z,Dormant,6976,Seed,Missouri Botanical Garden,Wild,Shaw Nature Reserve,NA,Project specific use only,2011-12-01T00:00:00Z,73,Smith,s.n.,01 Oct 2000,NA,NA,NA,NA,Open bottomland/floodplain,NA,Asteraceae,NA,NA
Boltonia_405,405,3-1-7,2011-2638-1,26C,1180041,United States,Illinois,Scott,39.7852777,-90.5902777,39.786569766256626, -90.58910563509704,Smith Lake,NA,2/29/24,3/8/24,4/12/24,NA,NA,0,7.1,9.6,12.4,1.2,1.5,1.4,NA,NA,NA,NA,NA,NA,NA,NA,NA,NA,NA,NA,NA,NA,NA,NA,NA,NA,NA,NA,NA,NA,NA,NA,NA,NA,NA,NA,NA,NA,NA,NA,NA,NA,NA,NA,NA,NA,NA,NA,NA,NA,NA,NA,NA,NA,NA,NA,NA,NA,NA,NA,NA,NA,NA,NA,NA,NA,NA,NA,NA,NA,NA,NA,NA,NA,NA,NA,NA,NA,NA,NA,NA,NA,NA,NA,NA,NA,NA,NA,NA,NA,NA,NA,NA,NA,NA,NA,NA,NA,NA,NA,NA,NA,NA,NA,NA,NA,NA,NA,NA,NA,NA,NA,0,0,NA,NA,NA,NA,NA,NA,NA,10,12,14,NA,NA,NA,NA,NA,NA,NA,NA,NA,NA,NA,NA,NA,NA,NA,NA,NA,NA,NA,NA,NA,NA,NA,NA,NA,NA,NA,NA,NA,NA,NA,NA,NA,NA,NA,NA,NA,NA,1,1,1,1,1,1,1,1,1,1,1,1,2,0,0,0,0,0,0,0,0,0,0,0,0,0,0,0,0,1998-5202-2,405,NA,NA,NA,NA,NA,NA,NA,NA,NA,NA,NA,NA,NA,NA,NA,NA,Y,Y,Y,Y,Y,Y,Y,Y,Y,Y,Y,Y,Y,Y,Y,Y,Y,Y,Y,Boltonia decurrens,MBG Seed Bank,CCSD Seed Bank Freezer,NA,2023-12-01T00:00:00Z,Dormant,7818,Seed,Missouri Botanical Garden,Wild,Shaw Nature Reserve,US-1-MO-2011-2638,Project specific use only,2011-12-01T00:00:00Z,81,Smith,s.n.,11 Nov 1998,Maternal Lines,NA,NA,NA,Open bottomland/floodplain,NA,Asteraceae,NA,NA
Boltonia_406,406,3-3-12,2011-2636-1,4,1180039,United States,Illinois,Cass,40.010555600000004,-90.4458333,40.0178975293398, -90.42445029519197,NA,"Beardstown, Maternal lines = 52, Seedheads = 53; 3 packets",2/29/24,3/21/24,4/12/24,NA,NA,0,9.5,10.6,12.4,2.2,2.6,2.6,NA,NA,NA,NA,NA,NA,NA,NA,NA,NA,NA,NA,NA,NA,NA,NA,NA,NA,NA,NA,NA,NA,NA,NA,NA,NA,NA,NA,NA,NA,NA,NA,NA,NA,NA,NA,NA,NA,NA,NA,NA,NA,NA,NA,NA,NA,NA,NA,NA,NA,NA,NA,NA,NA,NA,NA,NA,NA,NA,NA,NA,NA,NA,NA,NA,NA,NA,NA,NA,NA,NA,NA,NA,NA,NA,NA,NA,NA,NA,NA,NA,NA,NA,NA,NA,NA,NA,NA,NA,NA,NA,NA,NA,NA,NA,NA,NA,NA,NA,NA,NA,NA,NA,NA,0,0,NA,NA,NA,NA,NA,NA,NA,8,11,14,NA,NA,NA,NA,NA,NA,NA,NA,NA,NA,NA,NA,NA,NA,NA,NA,NA,NA,NA,NA,NA,NA,NA,NA,NA,NA,NA,NA,NA,NA,NA,NA,NA,NA,NA,NA,NA,NA,1,1,1,1,1,1,1,1,1,1,1,1,1,0,0,0,0,0,0,0,0,0,0,0,0,0,0,0,0,1997-5323-2,406,NA,NA,NA,NA,NA,NA,NA,NA,NA,NA,NA,NA,NA,NA,NA,NA,Y,Y,Y,Y,Y,Y,Y,Y,Y,Y,Y,Y,Y,Y,Y,Y,Y,Y,Y,Boltonia decurrens,MBG Seed Bank,CCSD Seed Bank Freezer,NA,2023-12-01T00:00:00Z,Dormant,5079,Seed,Missouri Botanical Garden,Wild,Shaw Nature Reserve,NA,Project specific use only,2011-12-01T00:00:00Z,53,Smith,s.n.,21 Nov 1997,NA,NA,NA,NA,Open bottomland/floodplain,NA,Asteraceae,NA,NA
Boltonia_407,407,4-6-8,2011-2659-1,14A,1180062,United States,Illinois,Frederick,40.07116308939078,-90.42957195888599,40.07116308939078, -90.42957195888599,NA,"Frederick Landing, Maternal lines = 15, Seedheads = 44; 2 packets",2/29/24,3/21/24,4/12/24,NA,NA,0,11.8,17.1,23.2,1.6,1.8,2,NA,NA,NA,NA,NA,NA,NA,NA,NA,NA,NA,NA,NA,NA,NA,NA,NA,NA,NA,NA,NA,NA,NA,NA,NA,NA,NA,NA,NA,NA,NA,NA,NA,NA,NA,NA,NA,NA,NA,NA,NA,NA,NA,NA,NA,0,NA,NA,NA,NA,NA,NA,NA,NA,NA,NA,NA,NA,NA,NA,NA,NA,NA,NA,NA,NA,NA,NA,NA,NA,NA,NA,NA,NA,NA,NA,NA,NA,NA,NA,NA,NA,NA,0,NA,NA,NA,NA,NA,NA,NA,NA,NA,NA,NA,NA,NA,NA,NA,NA,NA,NA,NA,NA,0,0,NA,NA,NA,NA,NA,NA,NA,10,11,13,NA,NA,NA,NA,NA,NA,NA,NA,0,NA,NA,NA,NA,NA,NA,NA,NA,NA,NA,NA,NA,NA,NA,NA,NA,NA,NA,NA,NA,NA,NA,NA,NA,NA,NA,NA,NA,NA,1,1,1,1,0,1,1,1,1,2,2,2,3,0,0,0,0,1,0,0,0,0,0,0,0,0,0,0,0,2011-5035-3,407,NA,NA,NA,NA,1,NA,NA,NA,NA,NA,NA,NA,NA,NA,NA,NA,Y,Y,Y,Y,Y,Y,Y,Y,Y,Y,Y,Y,Y,Y,Y,Y,Y,Y,Y,Boltonia decurrens,MBG Seed Bank,CCSD Seed Bank Freezer,NA,2023-12-01T00:00:00Z,Dormant,4101,Seed,Missouri Botanical Garden,Wild,Shaw Nature Reserve,US-1-MO-2011-2659,Project specific use only,2011-12-01T00:00:00Z,44,Smith,s.n.,01 Dec 2011,NA,NA,NA,NA,Open bottomland/floodplain,NA,Asteraceae,NA,NA
Boltonia_408,408,13-1-9,2011-2664-1,13,1180067,United States,Illinois,Fulton,40.2047222,-90.1994444,40.207444479612775, -90.1871999885973,NA,"Anderson Lake, Maternal lines = 31, Seedheads = 31",3/2/24,3/12/24,4/12/24,NA,NA,0,12.1,15.4,22.9,1.6,1.5,1.6,NA,NA,NA,NA,NA,NA,NA,NA,NA,NA,NA,NA,NA,NA,NA,NA,NA,NA,NA,NA,NA,NA,NA,NA,NA,NA,NA,NA,NA,NA,NA,NA,NA,NA,NA,NA,NA,NA,NA,NA,NA,NA,NA,NA,NA,NA,NA,NA,NA,NA,NA,NA,NA,NA,NA,NA,NA,NA,NA,NA,NA,NA,NA,NA,NA,NA,NA,NA,NA,NA,NA,NA,NA,NA,NA,NA,NA,NA,NA,NA,NA,NA,NA,NA,NA,NA,NA,NA,NA,NA,NA,NA,NA,NA,NA,NA,NA,NA,NA,NA,NA,NA,NA,NA,0,0,NA,NA,NA,NA,NA,NA,NA,12,14,18,NA,NA,NA,NA,NA,NA,NA,NA,NA,NA,NA,NA,NA,NA,NA,NA,NA,NA,NA,NA,NA,NA,NA,NA,NA,NA,NA,NA,NA,NA,NA,NA,NA,NA,NA,NA,NA,NA,1,1,1,1,1,1,1,1,1,1,1,1,1,0,0,0,0,0,0,0,0,0,0,0,0,0,0,0,0,1997-5415-2,408,NA,NA,NA,NA,NA,NA,NA,NA,NA,NA,NA,NA,NA,NA,NA,NA,Y,Y,Y,Y,Y,Y,Y,Y,Y,Y,Y,Y,Y,Y,Y,Y,Y,Y,Y,Boltonia decurrens,MBG Seed Bank,CCSD Seed Bank Freezer,NA,2023-12-01T00:00:00Z,Dormant,2875,Seed,Missouri Botanical Garden,Wild,Shaw Nature Reserve,NA,Project specific use only,2011-12-01T00:00:00Z,31,Smith,s.n.,21 Nov 1997,NA,NA,NA,NA,Open bottomland/floodplain,NA,Asteraceae,NA,NA
Boltonia_409,409,11-6-4,2011-2661-1,8A,1180064,United States,Illinois,Tazewell,40.69584983597212,-89.54394792156027,40.69584983597212, -89.54394792156027,NA,"Cooper park South, Maternal lines = 43, Seedheads = 73; 4 packets",3/1/24,3/10/24,4/12/24,N,NA,0,11.8,19.4,22.9,1.6,1.7,1.8,NA,NA,NA,NA,NA,NA,NA,NA,NA,NA,NA,NA,NA,NA,NA,NA,NA,NA,NA,NA,NA,NA,NA,NA,NA,NA,NA,NA,NA,NA,NA,NA,NA,NA,NA,NA,NA,NA,NA,0,NA,NA,NA,NA,NA,NA,NA,NA,NA,NA,NA,NA,NA,NA,NA,NA,NA,NA,NA,NA,NA,NA,NA,NA,NA,NA,NA,NA,NA,NA,NA,NA,NA,NA,NA,NA,NA,0,NA,NA,NA,NA,NA,NA,NA,NA,NA,NA,NA,NA,NA,NA,NA,NA,NA,NA,NA,NA,NA,NA,NA,NA,NA,0,0,0,NA,NA,NA,NA,NA,NA,NA,10,12,15,NA,NA,0,NA,NA,NA,NA,NA,NA,NA,NA,NA,NA,NA,NA,NA,NA,NA,NA,NA,NA,NA,NA,NA,NA,NA,NA,NA,NA,NA,NA,NA,NA,NA,NA,NA,NA,NA,0,1,0,1,1,1,1,1,1,1,2,2,2,1,0,1,0,0,0,0,0,0,0,0,0,0,0,0,0,2000-5132-2,409,0.5,NA,1.8,NA,NA,NA,NA,NA,NA,NA,NA,NA,NA,NA,NA,NA,Y,Y,Y,Y,Y,Y,Y,Y,Y,Y,Y,Y,Y,Y,Y,Y,Y,Y,Y,Boltonia decurrens,MBG Seed Bank,CCSD Seed Bank Freezer,NA,2023-12-01T00:00:00Z,Dormant,6976,Seed,Missouri Botanical Garden,Wild,Shaw Nature Reserve,NA,Project specific use only,2011-12-01T00:00:00Z,73,Smith,s.n.,01 Oct 2000,NA,NA,NA,NA,Open bottomland/floodplain,NA,Asteraceae,NA,NA
Boltonia_410,410,8-3-8,2011-2666-1,3B,1180069,United States,Illinois,Fulton,40.4925,-89.9022222,40.46699902833787, -89.9485498557629,NA,"Rice Lake, Maternal lines = 30, Seedheads = 90; 3 packets",2/29/24,3/6/24,4/12/24,N,0,2,13.2,14,18.5,2.2,2.3,3.3,NA,NA,Several dead leaves at base.,NA,4 of 6 discs senesced,NA,NA,NA,NA,NA,NA,NA,NA,NA,NA,NA,NA,NA,5,3,5,3,6,8,9,13,12,14,14,15,15,20,28,67,65,107,106,NA,0,0,0,0,0,0,0,2,1,3,4,5,9,6,9,12,12,13,8,11,9,10,6,8,10,9,11,13,17,10,31,32,40,23,35,0,0,NA,0,0,4,6,7,9,11,6,8,7,8,7,4,2,3,3,5,5,8,7,10,13,9,10,11,16,14,0,5,5,5,5,5,11,10,11,10,15,23,29,NA,0,0,0,0,1,1,2,3,3,2,1,1,3,7,4,2,2,1,1,0,0,2,4,5,5,7,6,7,9,6,8,9,9,10,2,0,0,0,3,1,3,2,1,0,2,1,1,2,1,0,1,1,1,1,1,1,1,1,1,1,1,1,1,1,1,1,1999-5002-3,410,5.2,12.2,30.2,54.2,61.4,61.9,50.8,61,62.2,62.9,64.3,63,61.5,61,61,61,Y,Y,Y,Y,Y,Y,Y,Y,Y,Y,Y,Y,Y,Y,Y,Y,Y,Y,Y,Boltonia decurrens,MBG Seed Bank,CCSD Seed Bank Freezer,NA,2023-12-01T00:00:00Z,Dormant,8574,Seed,Missouri Botanical Garden,Wild,Shaw Nature Reserve,NA,Project specific use only,2011-12-01T00:00:00Z,90,Smith,s.n.,14 Oct 1999,NA,NA,NA,NA,Open bottomland/floodplain,NA,Asteraceae,NA,NA
Boltonia_411,411,4-1-6,2011-2666-1,13C,1180069,United States,Illinois,Fulton,40.4925,-89.9022222,40.46699902833787, -89.9485498557629,NA,"Rice Lake, Maternal lines = 30, Seedheads = 90; 3 packets",2/29/24,3/16/24,4/12/24,NA,NA,0,12.8,18.2,23,2,2.3,2.9,NA,NA,NA,NA,NA,NA,NA,NA,NA,NA,NA,NA,NA,NA,NA,NA,NA,NA,NA,NA,NA,NA,NA,NA,NA,NA,NA,NA,NA,NA,NA,NA,NA,NA,NA,NA,NA,NA,NA,NA,NA,NA,NA,NA,NA,NA,NA,NA,NA,NA,NA,NA,NA,NA,NA,NA,NA,NA,NA,NA,NA,NA,NA,NA,NA,NA,NA,NA,NA,NA,NA,NA,NA,NA,NA,NA,NA,NA,NA,NA,NA,NA,NA,NA,NA,NA,NA,NA,NA,NA,NA,NA,NA,NA,NA,NA,NA,NA,NA,NA,NA,NA,NA,NA,0,0,NA,NA,NA,NA,NA,NA,NA,10,13,16,NA,NA,NA,NA,NA,NA,NA,NA,NA,NA,NA,NA,NA,NA,NA,NA,NA,NA,NA,NA,NA,NA,NA,NA,NA,NA,NA,NA,NA,NA,NA,NA,NA,NA,NA,NA,NA,NA,1,1,1,1,1,1,1,1,1,1,1,1,1,0,0,0,0,0,0,0,0,0,0,0,0,0,0,0,0,1999-5012-2,411,NA,NA,NA,NA,NA,NA,NA,NA,NA,NA,NA,NA,NA,NA,NA,NA,Y,Y,Y,Y,Y,Y,Y,Y,Y,Y,Y,Y,Y,Y,Y,Y,Y,Y,Y,Boltonia decurrens,MBG Seed Bank,CCSD Seed Bank Freezer,NA,2023-12-01T00:00:00Z,Dormant,8574,Seed,Missouri Botanical Garden,Wild,Shaw Nature Reserve,NA,Project specific use only,2011-12-01T00:00:00Z,90,Smith,s.n.,14 Oct 1999,NA,NA,NA,NA,Open bottomland/floodplain,NA,Asteraceae,NA,NA
Boltonia_412,412,5-3-11,2011-2659-1,5A,1180062,United States,Illinois,Frederick,40.07116308939078,-90.42957195888599,40.07116308939078, -90.42957195888599,NA,"Frederick Landing, Maternal lines = 15, Seedheads = 44; 2 packets",2/29/24,3/8/24,4/12/24,NA,NA,1,12,16.1,18.2,1.6,2,2.4,NA,NA,NA,NA,NA,NA,NA,NA,NA,NA,NA,NA,NA,NA,NA,NA,NA,NA,NA,NA,NA,NA,NA,NA,NA,NA,NA,NA,NA,NA,NA,NA,NA,NA,NA,NA,NA,NA,NA,NA,NA,NA,NA,NA,NA,NA,NA,NA,NA,NA,NA,NA,NA,NA,NA,NA,NA,NA,NA,NA,NA,NA,NA,NA,NA,NA,NA,NA,NA,NA,NA,NA,NA,NA,NA,NA,NA,NA,NA,NA,NA,NA,NA,NA,NA,NA,NA,NA,NA,NA,NA,NA,NA,NA,NA,NA,NA,NA,NA,NA,NA,NA,NA,NA,0,0,NA,NA,NA,NA,NA,NA,NA,13,21,23,NA,NA,NA,NA,NA,NA,NA,NA,NA,NA,NA,NA,NA,NA,NA,NA,NA,NA,NA,NA,NA,NA,NA,NA,NA,NA,NA,NA,NA,NA,NA,NA,NA,NA,NA,NA,NA,NA,1,2,2,2,1,1,1,1,2,2,3,1,2,0,0,0,0,0,0,0,0,0,0,0,0,0,0,0,0,2011-5004-5,412,NA,NA,NA,NA,NA,NA,NA,NA,NA,NA,NA,NA,NA,NA,NA,NA,Y,Y,Y,Y,Y,Y,Y,Y,Y,Y,Y,Y,Y,Y,Y,Y,Y,Y,Y,Boltonia decurrens,MBG Seed Bank,CCSD Seed Bank Freezer,NA,2023-12-01T00:00:00Z,Dormant,4101,Seed,Missouri Botanical Garden,Wild,Shaw Nature Reserve,US-1-MO-2011-2659,Project specific use only,2011-12-01T00:00:00Z,44,Smith,s.n.,01 Dec 2011,NA,NA,NA,NA,Open bottomland/floodplain,NA,Asteraceae,NA,NA
Boltonia_413,413,9-3-7,2011-2629-1,30A,1180032,United States,Illinois,Marshal,41.045,-89.4311111,41.02868892611459, -89.43846248262098,NA,"Sparland, Maternal lines = 30, Seedheads = 90; 3 packets",2/29/24,3/6/24,4/12/24,NA,NA,0,5.5,8.6,11.8,1.6,1.4,1.8,NA,NA,NA,NA,NA,NA,NA,NA,NA,NA,NA,NA,NA,NA,NA,NA,NA,NA,NA,NA,NA,NA,NA,NA,NA,NA,NA,NA,NA,NA,NA,NA,NA,NA,NA,NA,NA,NA,NA,NA,NA,NA,NA,NA,NA,NA,NA,NA,NA,NA,NA,NA,NA,NA,NA,NA,NA,NA,NA,NA,NA,NA,NA,NA,NA,NA,NA,NA,NA,NA,NA,NA,NA,NA,NA,NA,NA,NA,NA,NA,NA,NA,NA,NA,NA,NA,NA,NA,NA,NA,NA,NA,NA,NA,NA,NA,NA,NA,NA,NA,NA,NA,NA,NA,0,0,NA,NA,NA,NA,NA,NA,NA,11,14,15,NA,NA,NA,NA,NA,NA,NA,NA,NA,NA,NA,NA,NA,NA,NA,NA,NA,NA,NA,NA,NA,NA,NA,NA,NA,NA,NA,NA,NA,NA,NA,NA,NA,NA,NA,NA,NA,NA,1,1,1,1,1,1,1,1,1,1,2,1,2,0,0,0,0,0,0,0,0,0,0,0,0,0,0,0,0,1999-5179-2,413,NA,NA,NA,NA,NA,NA,NA,NA,NA,NA,NA,NA,NA,NA,NA,NA,Y,Y,Y,Y,Y,Y,Y,Y,Y,Y,Y,Y,Y,Y,Y,Y,Y,Y,Y,Boltonia decurrens,MBG Seed Bank,CCSD Seed Bank Freezer,NA,2023-12-01T00:00:00Z,Dormant,8786,Seed,Missouri Botanical Garden,Wild,Shaw Nature Reserve,NA,Project specific use only,2011-12-01T00:00:00Z,90,Smith,s.n.,11 Nov 1999,NA,NA,NA,NA,Open bottomland/floodplain,NA,Asteraceae,NA,NA
Boltonia_414,414,6-5-6,2011-2623-1,27B,1180026,United States,Illinois,Hennepin,41.34414603458205,-89.55849691836283,41.34414603458205, -89.55849691836283,NA,"Hennepin Bridge, Maternal lines = 30, Seedheads = 90; 6 packets",2/29/24,3/5/24,4/12/24,N,0,1,14.8,25.3,26.4,2.3,2.9,2.6,NA,NA,Several dead leaves at base.,NA,NA,NA,NA,NA,NA,NA,NA,NA,NA,NA,NA,NA,NA,NA,0,0,0,0,0,0,0,0,0,0,0,2,0,0,0,27,46,88,109,NA,0,0,0,0,0,0,0,0,0,0,0,0,0,0,0,0,0,0,0,0,0,0,0,0,0,0,1,2,4,5,17,35,56,36,44,3,13,NA,0,0,0,0,0,0,0,0,0,0,0,0,0,0,0,0,0,0,3,1,2,3,4,6,7,14,12,0,0,0,0,0,0,5,7,10,9,14,16,13,NA,0,0,0,0,0,0,0,0,0,0,0,0,0,0,0,0,0,0,0,0,0,0,0,0,1,2,2,3,3,8,16,13,10,12,2,8,0,0,0,0,0,0,0,0,1,0,0,0,0,0,1,2,2,2,2,2,1,1,1,2,2,1,1,1,1,1,1999-5145-4,414,0.6,1.4,9.3,27.8,47.6,62.2,72.1,105,124.6,132.5,129.3,142.6,139.7,141.1,141.1,141.1,Y,Y,Y,Y,Y,Y,Y,Y,Y,Y,Y,Y,Y,Y,Y,Y,Y,Y,Y,Boltonia decurrens,MBG Seed Bank,CCSD Seed Bank Freezer,NA,2023-12-01T00:00:00Z,Dormant,2883,Seed,Missouri Botanical Garden,Wild,Shaw Nature Reserve,NA,Project specific use only,2011-12-01T00:00:00Z,90,Smith,s.n.,11 Nov 1999,NA,NA,NA,NA,Open bottomland/floodplain,NA,Asteraceae,NA,NA
Boltonia_415,415,2-2-8,2011-2629-1,2B,1180032,United States,Illinois,Marshal,41.045,-89.4311111,41.02868892611459, -89.43846248262098,NA,"Sparland, Maternal lines = 30, Seedheads = 90; 3 packets",2/29/24,3/7/24,4/12/24,NA,NA,0,13.5,16.3,21.3,1.9,1.8,2.8,NA,NA,NA,NA,NA,NA,NA,NA,Whirled stem,NA,NA,NA,NA,NA,NA,NA,NA,NA,NA,NA,0,0,NA,0,0,0,0,0,0,0,NA,0,NA,NA,NA,NA,NA,NA,NA,NA,NA,NA,NA,NA,NA,NA,NA,NA,NA,NA,NA,NA,NA,NA,NA,NA,NA,NA,0,0,NA,0,0,0,0,0,0,0,0,0,NA,NA,NA,NA,NA,NA,NA,NA,NA,NA,NA,NA,NA,NA,NA,NA,NA,NA,NA,NA,NA,NA,NA,NA,NA,NA,0,0,NA,0,0,0,0,NA,0,0,NA,NA,NA,NA,NA,0,0,11,12,21,NA,NA,NA,NA,NA,NA,NA,NA,NA,NA,NA,NA,NA,NA,NA,NA,NA,NA,NA,NA,NA,0,0,NA,0,0,0,0,0,0,0,0,0,NA,NA,NA,NA,NA,1,1,2,2,2,2,1,1,2,2,1,1,1,0,0,0,0,0,0,0,0,0,0,1,1,1,0,0,0,1999-5151-2,415,NA,NA,NA,NA,NA,NA,NA,NA,NA,NA,2.2,3.7,0,NA,NA,NA,Y,Y,Y,Y,Y,Y,Y,Y,Y,Y,Y,Y,Y,Y,Y,Y,Y,Y,Y,Boltonia decurrens,MBG Seed Bank,CCSD Seed Bank Freezer,NA,2023-12-01T00:00:00Z,Dormant,8786,Seed,Missouri Botanical Garden,Wild,Shaw Nature Reserve,NA,Project specific use only,2011-12-01T00:00:00Z,90,Smith,s.n.,11 Nov 1999,NA,NA,NA,NA,Open bottomland/floodplain,NA,Asteraceae,NA,NA
Boltonia_416,416,8-6-9,2011-2609-1,X2,1180012,United States,Illinois,Madison,38.6891666,-90.0972222,38.69652811427051, -90.08592610430901,NA,"Horseshoe Lake, Maternal lines = 30, Seedheads = 90; 3 packets",2/29/24,3/8/24,4/12/24,NA,NA,0,11.2,17.8,19.2,2,2.3,2.6,NA,NA,One dead leaf at base.,NA,NA,NA,NA,Abnormal stem,NA,NA,NA,NA,NA,NA,NA,NA,NA,NA,NA,0,0,0,0,0,0,0,0,0,0,0,0,0,0,4,3,20,74,NA,NA,NA,NA,NA,NA,NA,NA,NA,NA,NA,0,NA,NA,NA,NA,NA,NA,0,NA,0,0,0,0,0,0,0,0,0,0,0,3,3,4,5,13,22,31,NA,NA,NA,NA,NA,NA,NA,NA,NA,NA,NA,0,NA,NA,NA,NA,NA,NA,0,NA,0,0,0,0,0,0,2,3,NA,0,0,0,NA,NA,0,0,0,5,12,13,18,NA,NA,NA,NA,NA,NA,NA,NA,NA,NA,NA,0,NA,NA,NA,NA,NA,NA,0,NA,0,0,0,0,0,0,0,0,0,0,1,0,1,1,3,18,37,0,1,1,1,1,1,0,1,1,0,0,0,0,0,0,0,0,0,0,1,0,0,1,1,1,1,1,1,1,1,2011-5037-4,416,NA,NA,NA,NA,NA,0.5,NA,NA,5.3,24.1,46.5,75.4,76,76.7,76.4,76.4,Y,Y,Y,Y,Y,Y,Y,Y,Y,Y,Y,Y,Y,Y,Y,Y,Y,Y,Y,Boltonia decurrens,MBG Seed Bank,CCSD Seed Bank Freezer,NA,2023-12-01T00:00:00Z,Dormant,8688,Seed,Missouri Botanical Garden,Wild,Shaw Nature Reserve,NA,Project specific use only,2011-12-01T00:00:00Z,3,Smith,s.n.,01 Nov 2000,NA,NA,NA,NA,Open bottomland/floodplain,NA,Asteraceae,NA,NA
Boltonia_417,417,3-3-2,2011-2636-1,26,1180039,United States,Illinois,Cass,40.010555600000004,-90.4458333,40.0178975293398, -90.42445029519197,NA,"Beardstown, Maternal lines = 52, Seedheads = 53; 3 packets",2/29/24,3/8/24,4/12/24,N,0,0,15,18.6,18.6,1.8,2.6,2.8,NA,NA,Several dead leaves at base.,NA,NA,NA,NA,NA,NA,NA,NA,NA,NA,NA,NA,NA,NA,NA,2,0,0,0,8,7,5,20,8,16,9,39,14,45,24,43,53,133,189,NA,0,0,0,0,0,0,0,0,0,6,0,1,3,3,4,6,7,9,9,12,15,19,12,18,24,11,28,33,43,20,86,64,87,41,99,24,6,NA,0,0,1,4,6,8,9,7,8,11,14,13,14,12,21,21,18,18,22,16,26,29,26,24,30,42,36,0,6,6,6,6,6,6,6,10,8,11,14,19,NA,0,0,0,0,0,0,0,1,1,1,3,2,3,3,3,3,4,3,7,6,3,3,9,7,8,10,14,11,13,14,7,12,13,46,19,3,0,0,0,0,0,0,0,0,1,0,0,0,0,0,1,1,1,1,1,1,1,1,1,1,1,1,1,1,1,1,1997-5345-2,417,1.4,7.5,22.4,43.8,57.3,60.5,49.5,60,60.3,59.8,59.8,60.5,59.9,58.5,58.5,58.5,Y,Y,Y,Y,Y,Y,Y,Y,Y,Y,Y,Y,Y,Y,Y,Y,Y,Y,Y,Boltonia decurrens,MBG Seed Bank,CCSD Seed Bank Freezer,NA,2023-12-01T00:00:00Z,Dormant,5079,Seed,Missouri Botanical Garden,Wild,Shaw Nature Reserve,NA,Project specific use only,2011-12-01T00:00:00Z,53,Smith,s.n.,21 Nov 1997,NA,NA,NA,NA,Open bottomland/floodplain,NA,Asteraceae,NA,NA
Boltonia_418,418,4-3-12,2011-2635-1,31,1180038,United States,Illinois,Alton,38.86501904919102,-90.22302347588696,38.86501904919102, -90.22302347588696,NA,"West Alton, Maternal lines = 32, Seedheads = 32; 2 packets",2/29/24,3/12/24,4/12/24,NA,NA,0,9.4,12.1,13.4,1.3,1.2,1.2,7 Leaves turning brown/tan,NA,NA,NA,NA,NA,NA,NA,NA,NA,NA,NA,NA,NA,NA,NA,NA,NA,NA,NA,NA,NA,NA,NA,NA,NA,NA,NA,NA,NA,NA,NA,NA,NA,NA,NA,NA,NA,NA,NA,NA,NA,NA,NA,NA,NA,NA,NA,NA,NA,NA,NA,NA,NA,NA,NA,NA,NA,NA,NA,NA,NA,NA,NA,NA,NA,NA,NA,NA,NA,NA,NA,NA,NA,NA,NA,NA,NA,NA,NA,NA,NA,NA,NA,NA,NA,NA,NA,NA,NA,NA,NA,NA,NA,NA,NA,NA,NA,NA,NA,NA,NA,NA,NA,0,0,NA,NA,NA,NA,NA,NA,NA,14,16,17,NA,NA,NA,NA,NA,NA,NA,NA,NA,NA,NA,NA,NA,NA,NA,NA,NA,NA,NA,NA,NA,NA,NA,NA,NA,NA,NA,NA,NA,NA,NA,NA,NA,NA,NA,NA,NA,NA,1,1,1,1,1,1,1,1,1,1,1,1,1,0,0,0,0,0,0,0,0,0,0,0,0,0,0,0,0,1999-5234-2,418,NA,NA,NA,NA,NA,NA,NA,NA,NA,NA,NA,NA,NA,NA,NA,NA,Y,Y,Y,Y,Y,Y,Y,Y,Y,Y,Y,Y,Y,Y,Y,Y,Y,Y,Y,Boltonia decurrens,MBG Seed Bank,CCSD Seed Bank Freezer,NA,2023-12-01T00:00:00Z,Dormant,2831,Seed,Missouri Botanical Garden,Wild,Shaw Nature Reserve,NA,Project specific use only,2011-12-01T00:00:00Z,32,Smith,s.n.,07 Nov 1999,NA,NA,NA,NA,Open bottomland/floodplain,NA,Asteraceae,NA,NA
Boltonia_419,419,6-6-5,2011-2636-1,10,1180039,United States,Illinois,Cass,40.010555600000004,-90.4458333,40.0178975293398, -90.42445029519197,NA,"Beardstown, Maternal lines = 52, Seedheads = 53; 3 packets",2/29/24,3/9/24,4/12/24,NA,NA,0,11.2,15.1,21.1,1.7,2,1.8,NA,NA,NA,NA,NA,NA,NA,NA,NA,NA,NA,NA,NA,NA,NA,NA,NA,NA,NA,NA,NA,NA,NA,NA,NA,NA,NA,NA,NA,NA,NA,NA,NA,NA,NA,NA,NA,NA,0,0,NA,NA,NA,NA,NA,NA,NA,NA,NA,NA,NA,NA,NA,NA,NA,NA,NA,NA,NA,NA,NA,NA,NA,NA,NA,NA,NA,NA,NA,NA,NA,NA,NA,NA,NA,NA,0,0,NA,NA,NA,NA,NA,NA,NA,NA,NA,NA,NA,NA,NA,NA,NA,NA,NA,NA,NA,NA,NA,NA,NA,NA,NA,NA,0,0,NA,NA,NA,NA,NA,NA,NA,10,14,16,NA,0,0,NA,NA,NA,NA,NA,NA,NA,NA,NA,NA,NA,NA,NA,NA,NA,NA,NA,NA,NA,NA,NA,NA,NA,NA,NA,NA,NA,NA,NA,NA,NA,NA,NA,NA,NA,1,1,0,1,1,1,1,1,1,1,1,1,1,0,0,1,0,0,0,0,0,0,0,0,0,0,0,0,0,1997-5329-3,419,NA,NA,1.9,NA,NA,NA,NA,NA,NA,NA,NA,NA,NA,NA,NA,NA,Y,Y,Y,Y,Y,Y,Y,Y,Y,Y,Y,Y,Y,Y,Y,Y,Y,Y,Y,Boltonia decurrens,MBG Seed Bank,CCSD Seed Bank Freezer,NA,2023-12-01T00:00:00Z,Dormant,5079,Seed,Missouri Botanical Garden,Wild,Shaw Nature Reserve,NA,Project specific use only,2011-12-01T00:00:00Z,53,Smith,s.n.,21 Nov 1997,NA,NA,NA,NA,Open bottomland/floodplain,NA,Asteraceae,NA,NA
Boltonia_420,420,4-6-7,2011-2659-1,14A,1180062,United States,Illinois,Frederick,40.07116308939078,-90.42957195888599,40.07116308939078, -90.42957195888599,NA,"Frederick Landing, Maternal lines = 15, Seedheads = 44; 2 packets",2/29/24,3/6/24,4/12/24,N,0,5,12.9,15.1,15.6,2.4,2.1,2,NA,NA,Several dead leaves at base.,NA,3 of 5 discs senesced,NA,NA,NA,NA,NA,NA,NA,NA,NA,NA,NA,NA,NA,3,2,2,4,5,5,5,12,6,11,7,15,11,12,12,20,22,65,90,NA,0,0,0,0,0,0,0,1,1,2,3,3,5,5,5,7,8,9,5,7,9,7,6,7,7,3,8,4,8,3,9,12,16,9,40,36,7,NA,0,1,2,4,6,7,6,5,6,6,6,5,4,3,4,5,4,6,2,5,5,9,11,8,6,5,10,0,3,4,3,3,3,5,6,7,9,16,34,44,NA,0,0,0,0,1,1,2,2,2,1,1,2,3,3,3,2,1,0,2,2,0,1,2,3,2,0,0,1,4,2,3,3,5,26,36,16,0,0,3,4,4,3,2,2,3,3,3,3,3,2,1,1,1,1,2,1,1,1,1,1,1,1,1,1,1,1,2011-5035-4,420,2.8,10.6,26.1,40.8,42.4,42.4,34.5,40,42.7,42.9,43.2,40.4,41.9,41.2,41.2,41.2,Y,Y,Y,Y,Y,Y,Y,Y,Y,Y,Y,Y,Y,Y,Y,Y,Y,Y,Y,Boltonia decurrens,MBG Seed Bank,CCSD Seed Bank Freezer,NA,2023-12-01T00:00:00Z,Dormant,4101,Seed,Missouri Botanical Garden,Wild,Shaw Nature Reserve,US-1-MO-2011-2659,Project specific use only,2011-12-01T00:00:00Z,44,Smith,s.n.,01 Dec 2011,NA,NA,NA,NA,Open bottomland/floodplain,NA,Asteraceae,NA,NA
Boltonia_421,421,4-1-2,2011-2675-1,16A,1180078,United States,Illinois,Schuyler,40.0672223,-90.4275,40.07010712467176, -90.42899627731745,NA,"Frederick Borrow Pit, Maternal lines = 30, Seedheads = 90; 3 packets",2/29/24,3/6/24,4/12/24,NA,0,0,15.3,21.7,21,1.7,1.9,2.1,NA,Growing sideways,Growing sideways. Several dead leaves at base.,NA,NA,NA,NA,NA,NA,NA,NA,NA,NA,NA,NA,NA,NA,NA,0,0,0,0,0,0,0,0,0,0,0,0,0,0,0,4,3,68,76,NA,NA,0,0,0,0,0,0,0,NA,0,0,0,0,0,0,0,0,0,0,0,0,0,0,0,0,0,0,0,0,0,0,2,4,24,61,16,2,NA,NA,0,0,0,0,0,0,0,0,0,0,0,0,0,0,0,0,0,0,0,0,0,0,0,0,0,0,NA,0,0,0,0,0,0,0,0,0,9,12,13,NA,NA,0,0,0,0,0,0,0,0,0,0,0,0,0,0,0,0,0,0,0,0,0,0,0,0,0,0,0,0,0,0,1,12,34,14,0,5,1,0,0,0,0,0,0,1,0,0,0,0,0,0,1,1,1,1,1,1,1,1,1,1,1,1,1,1,1,1999-5403-2,421,NA,1.1,1.8,6.9,13,22.4,28.2,42,51.2,73.9,96,113.8,149,147.2,147.6,147.4,Y,Y,Y,Y,Y,Y,Y,Y,Y,Y,Y,Y,Y,Y,Y,Y,Y,Y,Y,Boltonia decurrens,MBG Seed Bank,CCSD Seed Bank Freezer,NA,2023-12-01T00:00:00Z,Dormant,8728,Seed,Missouri Botanical Garden,Wild,Shaw Nature Reserve,NA,Project specific use only,2011-12-01T00:00:00Z,90,Smith,s.n.,07 Oct 1999,NA,NA,NA,NA,Open bottomland/floodplain,NA,Asteraceae,NA,NA
Boltonia_422,422,12-5-9,2011-2635-1,13,1180038,United States,Illinois,Alton,38.86501904919102,-90.22302347588696,38.86501904919102, -90.22302347588696,NA,"West Alton, Maternal lines = 32, Seedheads = 32; 2 packets",3/1/24,3/9/24,4/12/24,NA,NA,0,13,18.9,21.6,2.1,2.7,2.9,NA,Growing sideways,Growing sideways.,NA,NA,NA,NA,NA,NA,NA,NA,Tip of main stem died,Apical meristem is dead,Apical meristem dead,NA,NA,NA,Apical meristem died back,0,0,0,0,0,0,0,0,0,0,0,0,0,0,0,0,0,0,46,NA,NA,0,0,0,0,0,0,0,0,0,0,0,0,0,0,0,0,0,0,0,0,0,0,0,0,0,0,0,0,0,0,0,0,0,0,28,42,NA,NA,0,0,0,0,0,0,1,0,0,0,0,0,0,0,0,0,0,0,0,0,0,0,0,0,0,0,NA,0,0,0,0,0,0,0,0,0,10,12,17,NA,NA,0,0,0,0,0,0,0,0,0,0,0,0,0,0,0,0,0,0,0,0,0,0,0,0,0,0,0,0,0,0,0,0,0,19,40,0,1,1,0,0,0,0,0,1,0,0,0,0,0,0,0,1,1,1,1,1,1,1,1,1,1,1,1,1,1,1999-5218-2,422,NA,NA,2,9,19.3,30.1,36.8,55,60.4,75,89.4,134.3,133,121.3,121.7,121.3,Y,Y,Y,Y,Y,Y,Y,Y,Y,Y,Y,Y,Y,Y,Y,Y,Y,Y,Y,Boltonia decurrens,MBG Seed Bank,CCSD Seed Bank Freezer,NA,2023-12-01T00:00:00Z,Dormant,2831,Seed,Missouri Botanical Garden,Wild,Shaw Nature Reserve,NA,Project specific use only,2011-12-01T00:00:00Z,32,Smith,s.n.,07 Nov 1999,NA,NA,NA,NA,Open bottomland/floodplain,NA,Asteraceae,NA,NA
Boltonia_423,423,3-2-11,2011-2635-1,28,1180038,United States,Illinois,Alton,38.86501904919102,-90.22302347588696,38.86501904919102, -90.22302347588696,NA,"West Alton, Maternal lines = 32, Seedheads = 32; 2 packets",2/29/24,3/10/24,4/12/24,NA,NA,0,4.1,7.6,12.2,0.9,1.6,2,NA,NA,NA,NA,NA,NA,NA,NA,NA,NA,NA,NA,NA,NA,NA,NA,NA,NA,NA,NA,NA,NA,NA,NA,NA,NA,NA,NA,NA,NA,NA,NA,NA,NA,NA,NA,NA,NA,NA,0,NA,NA,NA,NA,NA,NA,NA,NA,NA,NA,NA,NA,NA,NA,NA,NA,NA,NA,NA,NA,NA,NA,NA,NA,NA,NA,NA,NA,NA,NA,NA,NA,NA,NA,NA,NA,NA,0,NA,NA,NA,NA,NA,NA,NA,NA,NA,NA,NA,NA,NA,NA,NA,NA,NA,NA,NA,NA,NA,NA,NA,NA,NA,NA,0,0,NA,NA,NA,NA,NA,NA,NA,6,7,8,NA,NA,0,NA,NA,NA,NA,NA,NA,NA,NA,NA,NA,NA,NA,NA,NA,NA,NA,NA,NA,NA,NA,NA,NA,NA,NA,NA,NA,NA,NA,NA,NA,NA,NA,NA,NA,NA,1,1,0,1,1,1,1,1,1,1,1,2,2,0,0,1,0,0,0,0,0,0,0,0,0,0,0,0,0,1999-5232-2,423,NA,NA,0.8,NA,NA,NA,NA,NA,NA,NA,NA,NA,NA,NA,NA,NA,Y,Y,Y,Y,Y,Y,Y,Y,Y,Y,Y,Y,Y,Y,Y,Y,Y,Y,Y,Boltonia decurrens,MBG Seed Bank,CCSD Seed Bank Freezer,NA,2023-12-01T00:00:00Z,Dormant,2831,Seed,Missouri Botanical Garden,Wild,Shaw Nature Reserve,NA,Project specific use only,2011-12-01T00:00:00Z,32,Smith,s.n.,07 Nov 1999,NA,NA,NA,NA,Open bottomland/floodplain,NA,Asteraceae,NA,NA
Boltonia_424,424,8-6-3,2011-2598-1,L1B,1180001,United States,Illinois,Jersey,38.961398423802066,-90.51481032460987,38.961398423802066, -90.51481032460987,NA,"Gilbert Lake, Maternal lines = 32, Seedheads = 98; 6 packets",2/29/24,3/7/24,4/12/24,NA,NA,0,9.4,15.5,18.6,1.5,1.7,1.7,NA,NA,NA,NA,NA,NA,NA,NA,NA,NA,NA,NA,NA,NA,NA,NA,NA,NA,NA,NA,NA,NA,NA,NA,NA,NA,NA,NA,NA,NA,NA,NA,NA,NA,NA,NA,NA,NA,0,0,NA,NA,NA,NA,NA,NA,NA,NA,NA,NA,NA,NA,NA,NA,NA,NA,NA,NA,NA,NA,NA,NA,NA,NA,NA,NA,NA,NA,NA,NA,NA,NA,NA,NA,NA,NA,0,0,NA,NA,NA,NA,NA,NA,NA,NA,NA,NA,NA,NA,NA,NA,NA,NA,NA,NA,NA,NA,NA,NA,NA,NA,NA,NA,0,0,NA,NA,NA,NA,NA,NA,NA,11,15,19,NA,0,0,NA,NA,NA,NA,NA,NA,NA,NA,NA,NA,NA,NA,NA,NA,NA,NA,NA,NA,NA,NA,NA,NA,NA,NA,NA,NA,NA,NA,NA,NA,NA,NA,NA,NA,NA,1,1,0,1,1,1,1,1,1,1,2,2,2,0,0,1,0,0,0,0,0,0,0,0,0,0,0,0,0,1997-5091-3,424,NA,NA,1.4,NA,NA,NA,NA,NA,NA,NA,NA,NA,NA,NA,NA,NA,Y,Y,Y,Y,Y,Y,Y,Y,Y,Y,Y,Y,Y,Y,Y,Y,Y,Y,Y,Boltonia decurrens,MBG Seed Bank,CCSD Seed Bank Freezer,NA,2023-12-01T00:00:00Z,Dormant,9628,Seed,Missouri Botanical Garden,Wild,Shaw Nature Reserve,NA,Project specific use only,2011-12-01T00:00:00Z,98,Smith,s.n.,08 Nov 1997,NA,NA,NA,NA,Open bottomland/floodplain,NA,Asteraceae,NA,NA
Boltonia_425,425,11-6-8,2011-2620-1,20B,1180023,United States,Illinois,Morgan,39.8672223,-90.5533333,39.87546015928839, -90.55308508241013,NA,"Meredosia Lake, Maternal lines = 30, Seedheads = 90; 5 packets",3/1/24,3/10/24,4/12/24,NA,NA,0,12.4,19.1,26.2,1.5,1,1.1,NA,NA,NA,NA,NA,NA,NA,NA,NA,NA,NA,NA,NA,NA,NA,NA,NA,NA,NA,NA,NA,NA,NA,NA,NA,NA,NA,NA,NA,NA,NA,NA,NA,NA,NA,NA,NA,NA,NA,NA,NA,NA,NA,NA,NA,NA,NA,NA,NA,NA,NA,NA,NA,NA,NA,NA,NA,NA,NA,NA,NA,NA,NA,NA,NA,NA,NA,NA,NA,NA,NA,NA,NA,NA,NA,NA,NA,NA,NA,NA,NA,NA,NA,NA,NA,NA,NA,NA,NA,NA,NA,NA,NA,NA,NA,NA,NA,NA,NA,NA,NA,NA,NA,NA,0,0,NA,NA,NA,NA,NA,NA,NA,11,12,14,NA,NA,NA,NA,NA,NA,NA,NA,NA,NA,NA,NA,NA,NA,NA,NA,NA,NA,NA,NA,NA,NA,NA,NA,NA,NA,NA,NA,NA,NA,NA,NA,NA,NA,NA,NA,NA,NA,1,1,1,1,1,1,1,1,1,1,1,1,2,0,0,0,0,0,0,0,0,0,0,0,0,0,0,0,0,1999-5107-3,425,NA,NA,NA,NA,NA,NA,NA,NA,NA,NA,NA,NA,NA,NA,NA,NA,Y,Y,Y,Y,Y,Y,Y,Y,Y,Y,Y,Y,Y,Y,Y,Y,Y,Y,Y,Boltonia decurrens,MBG Seed Bank,CCSD Seed Bank Freezer,NA,2023-12-01T00:00:00Z,Dormant,8756,Seed,Missouri Botanical Garden,Wild,Shaw Nature Reserve,NA,Project specific use only,2011-12-01T00:00:00Z,90,Smith,s.n.,07 Oct 1999,NA,NA,NA,NA,Open bottomland/floodplain,NA,Asteraceae,NA,NA
Boltonia_426,426,7-1-12,2011-2661-1,18B,1180064,United States,Illinois,Tazewell,40.69584983597212,-89.54394792156027,40.69584983597212, -89.54394792156027,NA,"Cooper park South, Maternal lines = 43, Seedheads = 73; 4 packets",2/29/24,3/7/24,4/12/24,NA,NA,0,3.5,5.1,14.4,1.2,1.3,2.2,NA,NA,NA,NA,NA,NA,NA,NA,NA,NA,NA,NA,NA,NA,NA,NA,NA,NA,0,0,0,0,0,0,0,0,0,0,0,0,0,0,0,13,15,36,71,NA,NA,NA,NA,NA,NA,NA,0,0,0,0,0,0,0,0,0,0,0,0,0,0,0,0,0,0,0,0,0,0,0,0,1,7,16,32,22,5,9,NA,NA,NA,NA,NA,NA,NA,0,0,0,0,0,0,0,0,0,0,0,0,0,0,0,0,0,0,0,0,0,NA,0,0,0,0,0,0,0,0,5,7,7,10,NA,NA,NA,NA,NA,NA,NA,0,0,0,0,0,0,0,0,0,0,0,0,0,0,0,0,0,0,0,0,0,0,0,1,3,5,17,25,6,1,0,1,1,1,1,0,0,0,1,0,0,0,0,0,0,0,0,0,1,1,1,1,1,1,1,1,1,1,1,1,2000-5142-4,426,NA,NA,NA,NA,5.6,14.2,21.3,33,37.5,53.6,73.2,108.4,110.5,112,111.3,111.3,Y,Y,Y,Y,Y,Y,Y,Y,Y,Y,Y,Y,Y,Y,Y,Y,Y,Y,Y,Boltonia decurrens,MBG Seed Bank,CCSD Seed Bank Freezer,NA,2023-12-01T00:00:00Z,Dormant,6976,Seed,Missouri Botanical Garden,Wild,Shaw Nature Reserve,NA,Project specific use only,2011-12-01T00:00:00Z,73,Smith,s.n.,01 Oct 2000,NA,NA,NA,NA,Open bottomland/floodplain,NA,Asteraceae,NA,NA
Boltonia_427,427,10-4-8,2011-2664-1,26,1180067,United States,Illinois,Fulton,40.2047222,-90.1994444,40.207444479612775, -90.1871999885973,NA,"Anderson Lake, Maternal lines = 31, Seedheads = 31",3/1/24,3/8/24,4/12/24,NA,NA,0,13,16.9,20.1,2,2.6,2,NA,NA,NA,NA,NA,NA,NA,NA,Abnormal stem,NA,NA,NA,NA,NA,NA,NA,NA,NA,NA,NA,0,0,NA,0,0,0,0,0,0,0,0,0,0,0,0,0,57,NA,NA,0,NA,NA,NA,NA,NA,0,NA,NA,NA,NA,NA,NA,NA,NA,NA,NA,NA,NA,0,0,NA,0,0,0,0,0,0,0,0,0,0,0,1,7,6,NA,NA,0,NA,NA,NA,NA,NA,0,NA,NA,NA,NA,NA,NA,NA,NA,NA,NA,NA,NA,0,0,NA,0,0,0,0,NA,0,0,NA,NA,NA,NA,NA,0,0,12,12,17,NA,NA,0,NA,NA,NA,NA,NA,0,NA,NA,NA,NA,NA,NA,NA,NA,NA,NA,NA,NA,0,0,NA,0,0,0,0,0,0,0,0,0,0,0,5,12,0,1,1,0,1,0,1,1,1,1,1,0,0,0,0,0,1,0,1,0,0,0,0,0,1,1,1,1,1,1,1997-5428-2,427,NA,NA,1.8,NA,1.8,NA,NA,NA,NA,NA,10.8,19.9,44,86.4,122.4,122.7,Y,Y,Y,Y,Y,Y,Y,Y,Y,Y,Y,Y,Y,Y,Y,Y,Y,Y,Y,Boltonia decurrens,MBG Seed Bank,CCSD Seed Bank Freezer,NA,2023-12-01T00:00:00Z,Dormant,2875,Seed,Missouri Botanical Garden,Wild,Shaw Nature Reserve,NA,Project specific use only,2011-12-01T00:00:00Z,31,Smith,s.n.,21 Nov 1997,NA,NA,NA,NA,Open bottomland/floodplain,NA,Asteraceae,NA,NA
Boltonia_428,428,8-2-11,2011-2659-1,3C,1180062,United States,Illinois,Frederick,40.07116308939078,-90.42957195888599,40.07116308939078, -90.42957195888599,NA,"Frederick Landing, Maternal lines = 15, Seedheads = 44; 2 packets",2/29/24,NA,4/12/24,NA,0,0,11.9,20.2,26.1,2,2.3,2.8,NA,NA,Several dead leaves at base.,NA,NA,NA,NA,NA,NA,NA,NA,NA,NA,NA,NA,NA,NA,NA,NA,NA,NA,NA,NA,NA,NA,NA,NA,NA,NA,NA,NA,NA,NA,NA,NA,NA,NA,NA,NA,NA,NA,NA,NA,NA,NA,0,NA,NA,NA,NA,NA,NA,NA,NA,NA,NA,NA,NA,NA,NA,NA,NA,NA,NA,NA,NA,NA,NA,NA,NA,NA,NA,NA,NA,NA,NA,NA,NA,NA,NA,NA,NA,NA,0,NA,NA,NA,NA,NA,NA,NA,NA,NA,NA,NA,NA,NA,NA,NA,NA,NA,NA,NA,NA,0,0,NA,NA,NA,NA,NA,NA,NA,9,11,11,NA,NA,NA,NA,NA,NA,NA,NA,0,NA,NA,NA,NA,NA,NA,NA,NA,NA,NA,NA,NA,NA,NA,NA,NA,NA,NA,NA,NA,NA,NA,NA,NA,NA,NA,NA,NA,NA,1,0,1,1,0,1,1,1,1,1,1,1,1,0,1,0,0,1,0,0,0,0,0,0,0,0,0,0,0,2011-5002-2,428,NA,1.3,NA,NA,1.4,NA,NA,NA,NA,NA,NA,NA,NA,NA,NA,NA,Y,Y,Y,Y,Y,Y,Y,Y,Y,Y,Y,Y,Y,Y,Y,Y,Y,Y,Y,Boltonia decurrens,MBG Seed Bank,CCSD Seed Bank Freezer,NA,2023-12-01T00:00:00Z,Dormant,4101,Seed,Missouri Botanical Garden,Wild,Shaw Nature Reserve,US-1-MO-2011-2659,Project specific use only,2011-12-01T00:00:00Z,44,Smith,s.n.,01 Dec 2011,NA,NA,NA,NA,Open bottomland/floodplain,NA,Asteraceae,NA,NA
Boltonia_429,429,6-5-9,2011-2620-1,19A,1180023,United States,Illinois,Morgan,39.8672223,-90.5533333,39.87546015928839, -90.55308508241013,NA,"Meredosia Lake, Maternal lines = 30, Seedheads = 90; 5 packets",2/29/24,3/7/24,4/12/24,NA,NA,0,9.3,14.7,19.2,1.3,2,2.3,NA,NA,NA,NA,NA,NA,NA,NA,NA,NA,NA,NA,NA,NA,NA,NA,NA,NA,NA,NA,NA,NA,NA,NA,NA,NA,0,0,0,0,0,0,0,0,0,0,42,NA,NA,NA,NA,NA,NA,NA,NA,0,NA,NA,NA,NA,NA,NA,NA,NA,NA,NA,NA,NA,NA,NA,NA,NA,NA,NA,0,0,0,0,0,0,0,0,4,11,39,NA,NA,NA,NA,NA,NA,NA,NA,0,NA,NA,NA,NA,NA,NA,NA,NA,NA,NA,NA,NA,NA,NA,NA,NA,NA,NA,0,NA,0,0,NA,NA,NA,NA,NA,NA,0,10,12,14,NA,NA,NA,NA,NA,NA,NA,NA,0,NA,NA,NA,NA,NA,NA,NA,NA,NA,NA,NA,NA,NA,NA,NA,NA,NA,NA,0,0,0,0,0,0,0,1,11,20,0,1,1,1,1,0,1,1,1,1,1,1,0,0,0,0,0,0,1,0,0,0,0,0,0,1,1,2,2,1,1999-5106-2,429,NA,NA,NA,NA,1.9,NA,NA,NA,NA,NA,NA,2.1,15.4,55.6,45.6,50.4,Y,Y,Y,Y,Y,Y,Y,Y,Y,Y,Y,Y,Y,Y,Y,Y,Y,Y,Y,Boltonia decurrens,MBG Seed Bank,CCSD Seed Bank Freezer,NA,2023-12-01T00:00:00Z,Dormant,8756,Seed,Missouri Botanical Garden,Wild,Shaw Nature Reserve,NA,Project specific use only,2011-12-01T00:00:00Z,90,Smith,s.n.,07 Oct 1999,NA,NA,NA,NA,Open bottomland/floodplain,NA,Asteraceae,NA,NA
Boltonia_430,430,9-3-10,2011-2598-1,L3B,1180001,United States,Illinois,Jersey,38.961398423802066,-90.51481032460987,38.961398423802066, -90.51481032460987,NA,"Gilbert Lake, Maternal lines = 32, Seedheads = 98; 6 packets",2/29/24,3/12/24,4/12/24,NA,NA,0,8.9,13.1,18.7,1.8,1.9,1.7,NA,NA,NA,NA,NA,NA,NA,NA,NA,NA,NA,NA,NA,NA,NA,NA,NA,NA,NA,NA,NA,NA,NA,NA,NA,NA,NA,NA,NA,NA,NA,NA,NA,NA,NA,NA,NA,NA,0,0,NA,NA,NA,NA,NA,0,NA,NA,NA,NA,NA,NA,NA,NA,NA,NA,NA,NA,NA,NA,NA,NA,NA,NA,NA,NA,NA,NA,NA,NA,NA,NA,NA,NA,NA,NA,0,0,NA,NA,NA,NA,NA,0,NA,NA,NA,NA,NA,NA,NA,NA,NA,NA,NA,NA,NA,NA,NA,NA,NA,NA,NA,NA,0,0,NA,NA,NA,NA,NA,NA,NA,13,16,17,NA,0,0,NA,NA,NA,NA,NA,0,NA,NA,NA,NA,NA,NA,NA,NA,NA,NA,NA,NA,NA,NA,NA,NA,NA,NA,NA,NA,NA,NA,NA,NA,NA,NA,NA,NA,NA,1,1,0,1,0,1,1,1,1,1,2,1,2,0,0,1,0,1,0,0,0,0,0,0,0,0,0,0,0,1997-5092-3,430,NA,NA,0.9,NA,2,NA,NA,NA,NA,NA,NA,NA,NA,NA,NA,NA,Y,Y,Y,Y,Y,Y,Y,Y,Y,Y,Y,Y,Y,Y,Y,Y,Y,Y,Y,Boltonia decurrens,MBG Seed Bank,CCSD Seed Bank Freezer,NA,2023-12-01T00:00:00Z,Dormant,9628,Seed,Missouri Botanical Garden,Wild,Shaw Nature Reserve,NA,Project specific use only,2011-12-01T00:00:00Z,98,Smith,s.n.,08 Nov 1997,NA,NA,NA,NA,Open bottomland/floodplain,NA,Asteraceae,NA,NA
Boltonia_431,431,2-6-6,2011-2613-1,6A,1180016,United States,Illinois,Fulton,40.2047222,-90.1994444,40.20813714639404, -90.18724497777134,NA,"Anderson Lake, Maternal lines = 30, Seedheads = 61; 2 packets",2/29/24,3/7/24,4/12/24,NA,0,1,16.2,20.2,21.1,2,2.7,2.8,NA,NA,NA,NA,NA,NA,NA,NA,NA,NA,NA,NA,NA,NA,NA,NA,NA,NA,0,0,0,0,0,0,0,3,1,2,1,13,13,18,11,22,28,58,153,NA,0,0,0,0,0,0,0,0,0,0,0,0,0,0,0,0,0,1,1,1,1,2,3,3,4,2,6,10,12,6,25,18,39,38,73,43,15,NA,0,0,0,0,0,0,0,0,0,1,1,1,1,2,3,2,3,3,5,6,6,10,12,9,8,10,13,NA,0,0,0,5,5,9,8,9,8,11,15,18,NA,0,0,0,0,0,0,0,0,0,0,0,0,0,0,0,1,1,0,0,1,2,1,2,4,6,7,7,3,6,6,4,8,10,50,9,6,0,1,0,0,0,1,0,0,1,1,0,0,0,0,0,1,1,1,1,1,1,1,1,1,1,1,1,1,1,1,2000-5005-3,431,NA,2.4,8.8,19.1,31.4,48.2,52.1,67,67.4,67.2,67.1,66.2,65.9,66.8,66.8,66.8,Y,Y,Y,Y,Y,Y,Y,Y,Y,Y,Y,Y,Y,Y,Y,Y,Y,Y,Y,Boltonia decurrens,MBG Seed Bank,CCSD Seed Bank Freezer,NA,2023-12-01T00:00:00Z,Dormant,5913,Seed,Missouri Botanical Garden,Wild,Shaw Nature Reserve,NA,Project specific use only,2011-12-01T00:00:00Z,61,Smith,s.n.,01 Oct 2000,NA,NA,NA,NA,Open bottomland/floodplain,NA,Asteraceae,NA,NA
Boltonia_432,432,4-2-6,2011-2664-1,9,1180067,United States,Illinois,Fulton,40.2047222,-90.1994444,40.207444479612775, -90.1871999885973,NA,"Anderson Lake, Maternal lines = 31, Seedheads = 31",2/29/24,3/18/24,4/12/24,NA,NA,0,10.7,13.3,17.6,1.2,1.4,1.4,NA,NA,NA,NA,NA,NA,NA,NA,NA,NA,NA,NA,NA,NA,NA,NA,NA,NA,NA,NA,NA,NA,NA,NA,NA,NA,NA,NA,NA,NA,NA,NA,NA,NA,NA,NA,NA,NA,NA,NA,NA,NA,NA,NA,NA,NA,NA,NA,NA,NA,NA,NA,NA,NA,NA,NA,NA,NA,NA,NA,NA,NA,NA,NA,NA,NA,NA,NA,NA,NA,NA,NA,NA,NA,NA,NA,NA,NA,NA,NA,NA,NA,NA,NA,NA,NA,NA,NA,NA,NA,NA,NA,NA,NA,NA,NA,NA,NA,NA,NA,NA,NA,NA,NA,0,0,NA,NA,NA,NA,NA,NA,NA,10,13,14,NA,NA,NA,NA,NA,NA,NA,NA,NA,NA,NA,NA,NA,NA,NA,NA,NA,NA,NA,NA,NA,NA,NA,NA,NA,NA,NA,NA,NA,NA,NA,NA,NA,NA,NA,NA,NA,NA,1,1,1,1,1,1,1,1,1,1,1,1,1,0,0,0,0,0,0,0,0,0,0,0,0,0,0,0,0,1997-5411-3,432,NA,NA,NA,NA,NA,NA,NA,NA,NA,NA,NA,NA,NA,NA,NA,NA,Y,Y,Y,Y,Y,Y,Y,Y,Y,Y,Y,Y,Y,Y,Y,Y,Y,Y,Y,Boltonia decurrens,MBG Seed Bank,CCSD Seed Bank Freezer,NA,2023-12-01T00:00:00Z,Dormant,2875,Seed,Missouri Botanical Garden,Wild,Shaw Nature Reserve,NA,Project specific use only,2011-12-01T00:00:00Z,31,Smith,s.n.,21 Nov 1997,NA,NA,NA,NA,Open bottomland/floodplain,NA,Asteraceae,NA,NA
Boltonia_433,433,11-6-9,2011-2620-1,20B,1180023,United States,Illinois,Morgan,39.8672223,-90.5533333,39.87546015928839, -90.55308508241013,NA,"Meredosia Lake, Maternal lines = 30, Seedheads = 90; 5 packets",3/1/24,3/10/24,4/12/24,NA,NA,0,7.3,12.4,18.7,1.2,1.4,1.2,NA,NA,NA,NA,NA,NA,NA,NA,NA,NA,NA,NA,NA,NA,NA,NA,NA,NA,NA,NA,NA,NA,NA,NA,NA,NA,NA,NA,NA,NA,NA,NA,NA,NA,NA,NA,NA,NA,NA,NA,NA,NA,NA,NA,NA,NA,NA,NA,NA,NA,NA,NA,NA,NA,NA,NA,NA,NA,NA,NA,NA,NA,NA,NA,NA,NA,NA,NA,NA,NA,NA,NA,NA,NA,NA,NA,NA,NA,NA,NA,NA,NA,NA,NA,NA,NA,NA,NA,NA,NA,NA,NA,NA,NA,NA,NA,NA,NA,NA,NA,NA,NA,NA,NA,0,0,NA,NA,NA,NA,NA,NA,NA,11,13,16,NA,NA,NA,NA,NA,NA,NA,NA,NA,NA,NA,NA,NA,NA,NA,NA,NA,NA,NA,NA,NA,NA,NA,NA,NA,NA,NA,NA,NA,NA,NA,NA,NA,NA,NA,NA,NA,NA,1,1,1,1,1,1,1,1,1,1,3,1,2,0,0,0,0,0,0,0,0,0,0,0,0,0,0,0,0,1999-5107-4,433,NA,NA,NA,NA,NA,NA,NA,NA,NA,NA,NA,NA,NA,NA,NA,NA,Y,Y,Y,Y,Y,Y,Y,Y,Y,Y,Y,Y,Y,Y,Y,Y,Y,Y,Y,Boltonia decurrens,MBG Seed Bank,CCSD Seed Bank Freezer,NA,2023-12-01T00:00:00Z,Dormant,8756,Seed,Missouri Botanical Garden,Wild,Shaw Nature Reserve,NA,Project specific use only,2011-12-01T00:00:00Z,90,Smith,s.n.,07 Oct 1999,NA,NA,NA,NA,Open bottomland/floodplain,NA,Asteraceae,NA,NA
Boltonia_434,434,2-3-1,2011-2664-1,12,1180067,United States,Illinois,Fulton,40.2047222,-90.1994444,40.207444479612775, -90.1871999885973,NA,"Anderson Lake, Maternal lines = 31, Seedheads = 31",2/29/24,3/16/24,4/12/24,NA,NA,0,1.6,2.5,4.5,0.4,0.5,0.7,NA,NA,NA,NA,NA,NA,NA,NA,NA,NA,NA,NA,NA,NA,NA,NA,NA,NA,NA,NA,NA,NA,NA,NA,NA,NA,NA,NA,NA,NA,NA,NA,NA,NA,NA,NA,NA,NA,NA,NA,NA,NA,NA,NA,NA,NA,NA,NA,NA,NA,NA,NA,NA,NA,NA,NA,NA,NA,NA,NA,NA,NA,NA,NA,NA,NA,NA,NA,NA,NA,NA,NA,NA,NA,NA,NA,NA,NA,NA,NA,NA,NA,NA,NA,NA,NA,NA,NA,NA,NA,NA,NA,NA,NA,NA,NA,NA,NA,NA,NA,NA,NA,NA,NA,0,0,NA,NA,NA,NA,NA,NA,NA,6,6,7,NA,NA,NA,NA,NA,NA,NA,NA,NA,NA,NA,NA,NA,NA,NA,NA,NA,NA,NA,NA,NA,NA,NA,NA,NA,NA,NA,NA,NA,NA,NA,NA,NA,NA,NA,NA,NA,NA,1,1,1,1,1,1,1,1,1,1,1,1,1,0,0,0,0,0,0,0,0,0,0,0,0,0,0,0,0,1997-5414-2,434,NA,NA,NA,NA,NA,NA,NA,NA,NA,NA,NA,NA,NA,NA,NA,NA,Y,Y,Y,Y,Y,Y,Y,Y,Y,Y,Y,Y,Y,Y,Y,Y,Y,Y,Y,Boltonia decurrens,MBG Seed Bank,CCSD Seed Bank Freezer,NA,2023-12-01T00:00:00Z,Dormant,2875,Seed,Missouri Botanical Garden,Wild,Shaw Nature Reserve,NA,Project specific use only,2011-12-01T00:00:00Z,31,Smith,s.n.,21 Nov 1997,NA,NA,NA,NA,Open bottomland/floodplain,NA,Asteraceae,NA,NA
Boltonia_435,435,3-6-6,2011-2598-1,S8A,1180001,United States,Illinois,Jersey,38.961398423802066,-90.51481032460987,38.961398423802066, -90.51481032460987,NA,"Gilbert Lake, Maternal lines = 32, Seedheads = 98; 6 packets",2/29/24,3/7/24,4/12/24,NA,0,0,10.1,12.3,13.6,1.4,1.8,1.9,NA,NA,NA,NA,NA,NA,NA,NA,NA,NA,NA,NA,NA,NA,NA,NA,NA,NA,2,2,0,2,2,2,2,3,2,2,2,3,3,3,3,4,3,3,31,NA,0,0,0,0,0,0,0,0,0,0,0,1,1,1,1,1,2,2,0,0,3,1,1,1,1,0,1,1,1,1,1,1,1,0,5,7,9,NA,0,0,0,1,1,2,2,0,1,1,1,1,1,0,2,1,1,1,1,0,1,2,3,2,2,2,4,NA,0,2,2,2,2,7,5,6,5,9,25,29,NA,0,0,0,0,0,0,0,1,1,1,1,0,0,1,1,1,0,0,1,1,0,0,0,0,0,0,0,0,1,0,0,0,0,3,10,7,0,1,3,3,3,2,3,3,3,3,3,2,0,0,0,1,1,1,1,1,1,1,1,1,1,1,1,1,1,1,1999-5020-2,435,NA,7.4,14.4,24.2,32.5,36.3,30,35,35.4,35.9,36.2,35.5,34.8,34.6,34.6,34.6,Y,Y,Y,Y,Y,Y,Y,Y,Y,Y,Y,Y,Y,Y,Y,Y,Y,Y,Y,Boltonia decurrens,MBG Seed Bank,CCSD Seed Bank Freezer,NA,2023-12-01T00:00:00Z,Dormant,9628,Seed,Missouri Botanical Garden,Wild,Shaw Nature Reserve,NA,Project specific use only,2011-12-01T00:00:00Z,98,Smith,s.n.,08 Nov 1997,NA,NA,NA,NA,Open bottomland/floodplain,NA,Asteraceae,NA,NA
Boltonia_436,436,12-5-4,2011-2638-1,17A,1180041,United States,Illinois,Scott,39.7852777,-90.5902777,39.786569766256626, -90.58910563509704,Smith Lake,NA,3/1/24,3/10/24,4/12/24,NA,NA,0,8.7,10.6,15.5,1.2,1.7,1.6,NA,NA,NA,NA,NA,NA,NA,NA,NA,NA,NA,NA,NA,NA,NA,NA,NA,NA,NA,NA,NA,NA,NA,NA,NA,NA,NA,NA,NA,NA,NA,NA,NA,NA,NA,NA,NA,NA,NA,NA,NA,NA,NA,NA,NA,NA,NA,NA,NA,NA,NA,NA,NA,NA,NA,NA,NA,NA,NA,NA,NA,NA,NA,NA,NA,NA,NA,NA,NA,NA,NA,NA,NA,NA,NA,NA,NA,NA,NA,NA,NA,NA,NA,NA,NA,NA,NA,NA,NA,NA,NA,NA,NA,NA,NA,NA,NA,NA,NA,NA,NA,NA,NA,NA,0,0,NA,NA,NA,NA,NA,NA,NA,10,12,15,NA,NA,NA,NA,NA,NA,NA,NA,NA,NA,NA,NA,NA,NA,NA,NA,NA,NA,NA,NA,NA,NA,NA,NA,NA,NA,NA,NA,NA,NA,NA,NA,NA,NA,NA,NA,NA,NA,1,1,1,1,1,1,1,1,1,1,2,1,2,0,0,0,0,0,0,0,0,0,0,0,0,0,0,0,0,1998-5193-3,436,NA,NA,NA,NA,NA,NA,NA,NA,NA,NA,NA,NA,NA,NA,NA,NA,Y,Y,Y,Y,Y,Y,Y,Y,Y,Y,Y,Y,Y,Y,Y,Y,Y,Y,Y,Boltonia decurrens,MBG Seed Bank,CCSD Seed Bank Freezer,NA,2023-12-01T00:00:00Z,Dormant,7818,Seed,Missouri Botanical Garden,Wild,Shaw Nature Reserve,US-1-MO-2011-2638,Project specific use only,2011-12-01T00:00:00Z,81,Smith,s.n.,11 Nov 1998,Maternal Lines,NA,NA,NA,Open bottomland/floodplain,NA,Asteraceae,NA,NA
Boltonia_437,437,1-6-7,2011-2661-1,5A,1180064,United States,Illinois,Tazewell,40.69584983597212,-89.54394792156027,40.69584983597212, -89.54394792156027,NA,"Cooper park South, Maternal lines = 43, Seedheads = 73; 4 packets",2/29/24,3/6/24,4/12/24,NA,NA,1,7.8,11.9,12.8,1.3,1.4,1.6,NA,NA,NA,NA,NA,NA,NA,NA,NA,NA,NA,NA,NA,NA,NA,NA,NA,NA,NA,NA,NA,NA,NA,NA,NA,NA,NA,NA,NA,NA,NA,NA,NA,NA,NA,NA,NA,NA,NA,NA,NA,NA,NA,NA,NA,0,NA,NA,NA,NA,NA,NA,NA,NA,NA,NA,NA,NA,NA,NA,NA,NA,NA,NA,NA,NA,NA,NA,NA,NA,NA,NA,NA,NA,NA,NA,NA,NA,NA,NA,NA,NA,NA,0,NA,NA,NA,NA,NA,NA,NA,NA,NA,NA,NA,NA,NA,NA,NA,NA,NA,NA,NA,NA,0,0,NA,NA,NA,NA,NA,NA,NA,14,17,21,NA,NA,NA,NA,NA,NA,NA,NA,0,NA,NA,NA,NA,NA,NA,NA,NA,NA,NA,NA,NA,NA,NA,NA,NA,NA,NA,NA,NA,NA,NA,NA,NA,NA,NA,NA,NA,NA,1,1,1,1,0,1,1,1,1,1,1,1,1,0,0,0,0,1,0,0,0,0,0,0,0,0,0,0,0,2000-5129-2,437,NA,NA,NA,NA,1,NA,NA,NA,NA,NA,NA,NA,NA,NA,NA,NA,Y,Y,Y,Y,Y,Y,Y,Y,Y,Y,Y,Y,Y,Y,Y,Y,Y,Y,Y,Boltonia decurrens,MBG Seed Bank,CCSD Seed Bank Freezer,NA,2023-12-01T00:00:00Z,Dormant,6976,Seed,Missouri Botanical Garden,Wild,Shaw Nature Reserve,NA,Project specific use only,2011-12-01T00:00:00Z,73,Smith,s.n.,01 Oct 2000,NA,NA,NA,NA,Open bottomland/floodplain,NA,Asteraceae,NA,NA
Boltonia_438,438,3-1-2,2011-2675-1,15B,1180078,United States,Illinois,Schuyler,40.0672223,-90.4275,40.07010712467176, -90.42899627731745,NA,"Frederick Borrow Pit, Maternal lines = 30, Seedheads = 90; 3 packets",2/29/24,3/6/24,4/12/24,N,0,0,8.8,11.7,15.3,1.4,1.6,2.3,NA,NA,NA,NA,NA,NA,NA,NA,NA,NA,NA,NA,NA,NA,NA,NA,NA,NA,0,0,0,0,0,1,0,4,0,0,0,7,4,5,5,14,10,16,107,NA,0,0,0,0,0,0,0,0,0,0,0,0,0,0,0,0,0,0,1,1,2,3,4,3,5,1,6,7,8,3,3,7,11,14,50,41,5,NA,0,0,0,0,0,0,2,0,0,2,3,3,5,5,5,5,5,4,6,6,3,7,5,5,6,6,6,0,0,0,2,4,4,7,6,6,7,9,17,25,NA,0,0,0,0,0,0,0,0,0,0,0,0,0,0,1,0,1,1,2,3,2,1,1,2,2,2,3,0,2,2,9,2,7,24,10,14,0,0,1,1,2,2,2,2,3,2,2,2,1,1,1,1,2,1,1,1,1,1,1,1,1,1,1,1,1,1,1999-5402-2,438,1.4,3.6,11.4,27.4,42.7,56,52.3,61.5,62.2,68.1,65.4,68.4,66.2,66.1,66.1,66.1,Y,Y,Y,Y,Y,Y,Y,Y,Y,Y,Y,Y,Y,Y,Y,Y,Y,Y,Y,Boltonia decurrens,MBG Seed Bank,CCSD Seed Bank Freezer,NA,2023-12-01T00:00:00Z,Dormant,8728,Seed,Missouri Botanical Garden,Wild,Shaw Nature Reserve,NA,Project specific use only,2011-12-01T00:00:00Z,90,Smith,s.n.,07 Oct 1999,NA,NA,NA,NA,Open bottomland/floodplain,NA,Asteraceae,NA,NA
Boltonia_439,439,8-5-5,2011-2636-1,1,1180039,United States,Illinois,Cass,40.010555600000004,-90.4458333,40.0178975293398, -90.42445029519197,NA,"Beardstown, Maternal lines = 52, Seedheads = 53; 3 packets",2/29/24,3/7/24,4/12/24,NA,NA,0,7.2,7.6,10.7,1.4,1.5,1.4,NA,NA,NA,NA,NA,NA,NA,NA,NA,NA,NA,NA,NA,NA,NA,NA,NA,NA,NA,NA,NA,NA,NA,NA,NA,NA,NA,NA,NA,NA,NA,NA,NA,NA,NA,NA,NA,NA,NA,NA,NA,NA,NA,NA,NA,NA,NA,NA,NA,NA,NA,NA,NA,NA,NA,NA,NA,NA,NA,NA,NA,NA,NA,NA,NA,NA,NA,NA,NA,NA,NA,NA,NA,NA,NA,NA,NA,NA,NA,NA,NA,NA,NA,NA,NA,NA,NA,NA,NA,NA,NA,NA,NA,NA,NA,NA,NA,NA,NA,NA,NA,NA,NA,NA,0,0,NA,NA,NA,NA,NA,NA,NA,9,11,13,NA,NA,NA,NA,NA,NA,NA,NA,NA,NA,NA,NA,NA,NA,NA,NA,NA,NA,NA,NA,NA,NA,NA,NA,NA,NA,NA,NA,NA,NA,NA,NA,NA,NA,NA,NA,NA,NA,1,1,1,1,1,1,1,1,1,1,2,3,3,0,0,0,0,0,0,0,0,0,0,0,0,0,0,0,0,1997-5320-4,439,NA,NA,NA,NA,NA,NA,NA,NA,NA,NA,NA,NA,NA,NA,NA,NA,Y,Y,Y,Y,Y,Y,Y,Y,Y,Y,Y,Y,Y,Y,Y,Y,Y,Y,Y,Boltonia decurrens,MBG Seed Bank,CCSD Seed Bank Freezer,NA,2023-12-01T00:00:00Z,Dormant,5079,Seed,Missouri Botanical Garden,Wild,Shaw Nature Reserve,NA,Project specific use only,2011-12-01T00:00:00Z,53,Smith,s.n.,21 Nov 1997,NA,NA,NA,NA,Open bottomland/floodplain,NA,Asteraceae,NA,NA
Boltonia_440,440,6-4-12,2011-2598-1,S17A,1180001,United States,Illinois,Jersey,38.961398423802066,-90.51481032460987,38.961398423802066, -90.51481032460987,NA,"Gilbert Lake, Maternal lines = 32, Seedheads = 98; 6 packets",2/29/24,Unknown,4/12/24,NA,NA,NA,NA,NA,NA,NA,NA,NA,No plant here,NA,NA,NA,NA,NA,NA,NA,NA,NA,NA,NA,NA,NA,NA,NA,NA,NA,NA,NA,NA,NA,NA,NA,NA,NA,NA,NA,NA,NA,NA,NA,NA,NA,NA,NA,NA,NA,NA,NA,NA,NA,NA,NA,NA,NA,NA,NA,NA,NA,NA,NA,NA,NA,NA,NA,NA,NA,NA,NA,NA,NA,NA,NA,NA,NA,NA,NA,NA,NA,NA,NA,NA,NA,NA,NA,NA,NA,NA,NA,NA,NA,NA,NA,NA,NA,NA,NA,NA,NA,NA,NA,NA,NA,NA,NA,NA,NA,NA,NA,NA,NA,NA,NA,NA,NA,NA,NA,NA,NA,NA,NA,NA,NA,NA,NA,NA,NA,NA,NA,NA,NA,NA,NA,NA,NA,NA,NA,NA,NA,NA,NA,NA,NA,NA,NA,NA,NA,NA,NA,NA,NA,NA,NA,NA,NA,NA,NA,NA,NA,NA,NA,NA,NA,NA,NA,NA,NA,NA,NA,NA,NA,NA,NA,NA,NA,NA,NA,NA,NA,NA,NA,NA,NA,NA,NA,NA,NA,NA,NA,NA,NA,NA,1997-5120-4,440,NA,NA,NA,NA,NA,NA,NA,NA,NA,NA,NA,NA,NA,NA,NA,NA,N,N,N,N,N,N,N,N,N,N,N,N,NA,N,N,N,N,Y,N,Boltonia decurrens,MBG Seed Bank,CCSD Seed Bank Freezer,NA,2023-12-01T00:00:00Z,Dormant,9628,Seed,Missouri Botanical Garden,Wild,Shaw Nature Reserve,NA,Project specific use only,2011-12-01T00:00:00Z,98,Smith,s.n.,08 Nov 1997,NA,NA,NA,NA,Open bottomland/floodplain,NA,Asteraceae,NA,NA
Boltonia_441,441,5-5-3,2011-2598-1,L7B,1180001,United States,Illinois,Jersey,38.961398423802066,-90.51481032460987,38.961398423802066, -90.51481032460987,NA,"Gilbert Lake, Maternal lines = 32, Seedheads = 98; 6 packets",2/29/24,3/7/24,4/12/24,N,0,3,15.6,16.1,17.6,2.5,2.8,2.5,NA,NA,NA,NA,NA,NA,NA,NA,NA,NA,NA,NA,NA,NA,NA,NA,NA,NA,0,0,0,0,0,0,0,7,1,1,3,12,11,12,13,29,29,27,57,NA,0,0,0,0,0,0,0,0,0,0,0,0,0,0,1,1,1,3,4,4,7,7,7,11,11,4,11,11,13,7,19,16,19,3,36,86,60,NA,0,0,0,0,0,0,3,0,3,3,4,5,4,3,8,5,7,8,5,5,5,4,6,7,10,13,11,0,0,0,5,5,5,12,12,15,13,17,20,28,NA,0,0,0,0,0,0,0,0,0,0,0,0,4,4,3,3,3,1,3,3,0,4,5,1,1,3,6,5,6,9,1,2,0,29,23,5,0,1,1,0,1,1,0,1,2,1,1,2,1,1,1,1,2,1,1,1,1,1,1,1,1,1,1,1,1,1,1997-5097-4,441,3.8,9.8,21.1,35.9,46.8,61.4,54.1,66,67.3,65.5,66,65.1,65.2,65.9,65.9,65.9,Y,Y,Y,Y,Y,Y,Y,Y,Y,Y,Y,Y,Y,Y,Y,Y,Y,Y,Y,Boltonia decurrens,MBG Seed Bank,CCSD Seed Bank Freezer,NA,2023-12-01T00:00:00Z,Dormant,9628,Seed,Missouri Botanical Garden,Wild,Shaw Nature Reserve,NA,Project specific use only,2011-12-01T00:00:00Z,98,Smith,s.n.,08 Nov 1997,NA,NA,NA,NA,Open bottomland/floodplain,NA,Asteraceae,NA,NA
Boltonia_442,442,3-6-5,2011-2598-1,S8A,1180001,United States,Illinois,Jersey,38.961398423802066,-90.51481032460987,38.961398423802066, -90.51481032460987,NA,"Gilbert Lake, Maternal lines = 32, Seedheads = 98; 6 packets",2/29/24,3/7/24,4/12/24,NA,0,0,14.1,20.7,24.8,1.8,2.2,2.3,NA,Growing sideways,NA,NA,NA,NA,NA,NA,NA,NA,NA,NA,NA,NA,NA,NA,NA,NA,0,0,0,0,0,0,0,0,0,0,0,0,0,0,0,0,0,0,36,NA,NA,0,0,0,0,0,0,0,0,0,0,0,0,0,0,0,0,0,0,0,0,0,0,0,0,0,0,0,0,0,0,0,0,4,27,59,22,NA,NA,0,0,0,0,0,0,0,0,0,0,0,0,0,0,0,0,0,0,0,0,0,0,0,0,0,0,NA,0,0,0,0,0,0,0,0,0,10,12,14,NA,NA,0,0,0,0,0,0,0,0,0,0,0,0,0,0,0,0,0,0,0,0,0,0,0,0,0,0,0,0,0,0,0,2,19,16,1,0,1,0,0,0,0,0,1,1,0,0,0,0,0,0,1,1,1,1,1,1,1,1,1,1,1,1,1,1,1,1997-5099-2,442,NA,1.8,1.8,2.3,9.3,19,27.9,39,45.8,63.9,80.5,111.1,142,147.9,148,156.5,Y,Y,Y,Y,Y,Y,Y,Y,Y,Y,Y,Y,Y,Y,Y,Y,Y,Y,Y,Boltonia decurrens,MBG Seed Bank,CCSD Seed Bank Freezer,NA,2023-12-01T00:00:00Z,Dormant,9628,Seed,Missouri Botanical Garden,Wild,Shaw Nature Reserve,NA,Project specific use only,2011-12-01T00:00:00Z,98,Smith,s.n.,08 Nov 1997,NA,NA,NA,NA,Open bottomland/floodplain,NA,Asteraceae,NA,NA
Boltonia_443,443,5-1-12,2011-2635-1,11,1180038,United States,Illinois,Alton,38.86501904919102,-90.22302347588696,38.86501904919102, -90.22302347588696,NA,"West Alton, Maternal lines = 32, Seedheads = 32; 2 packets",2/29/24,3/7/24,4/12/24,NA,NA,0,10.7,15.6,19.7,1.6,2,2.3,NA,NA,NA,NA,NA,NA,NA,NA,NA,NA,NA,NA,NA,NA,NA,NA,NA,NA,NA,NA,NA,NA,NA,NA,NA,NA,NA,NA,NA,NA,NA,NA,NA,NA,NA,NA,NA,NA,NA,0,NA,NA,NA,NA,NA,NA,NA,NA,NA,NA,NA,NA,NA,NA,NA,NA,NA,NA,NA,NA,NA,NA,NA,NA,NA,NA,NA,NA,NA,NA,NA,NA,NA,NA,NA,NA,NA,0,NA,NA,NA,NA,NA,NA,NA,NA,NA,NA,NA,NA,NA,NA,NA,NA,NA,NA,NA,NA,NA,NA,NA,NA,NA,NA,0,0,NA,NA,NA,NA,NA,NA,NA,9,11,15,NA,NA,0,NA,NA,NA,NA,NA,NA,NA,NA,NA,NA,NA,NA,NA,NA,NA,NA,NA,NA,NA,NA,NA,NA,NA,NA,NA,NA,NA,NA,NA,NA,NA,NA,NA,NA,NA,1,1,0,1,1,1,1,1,1,1,1,1,1,0,0,1,0,0,0,0,0,0,0,0,0,0,0,0,0,1999-5216-2,443,NA,NA,1.2,NA,NA,NA,NA,NA,NA,NA,NA,NA,NA,NA,NA,NA,Y,Y,Y,Y,Y,Y,Y,Y,Y,Y,Y,Y,Y,Y,Y,Y,Y,Y,Y,Boltonia decurrens,MBG Seed Bank,CCSD Seed Bank Freezer,NA,2023-12-01T00:00:00Z,Dormant,2831,Seed,Missouri Botanical Garden,Wild,Shaw Nature Reserve,NA,Project specific use only,2011-12-01T00:00:00Z,32,Smith,s.n.,07 Nov 1999,NA,NA,NA,NA,Open bottomland/floodplain,NA,Asteraceae,NA,NA
Boltonia_444,444,10-5-3,2011-2620-1,27A,1180023,United States,Illinois,Morgan,39.8672223,-90.5533333,39.87546015928839, -90.55308508241013,NA,"Meredosia Lake, Maternal lines = 30, Seedheads = 90; 5 packets",3/1/24,3/8/24,4/12/24,NA,NA,0,6.5,8.4,9.1,1.3,1.2,1.1,NA,NA,NA,NA,NA,NA,NA,NA,NA,NA,NA,NA,NA,NA,NA,NA,NA,NA,NA,NA,NA,NA,NA,NA,NA,NA,NA,NA,NA,NA,NA,NA,NA,NA,NA,NA,NA,NA,NA,NA,NA,NA,NA,NA,NA,NA,NA,NA,NA,NA,NA,NA,NA,NA,NA,NA,NA,NA,NA,NA,NA,NA,NA,NA,NA,NA,NA,NA,NA,NA,NA,NA,NA,NA,NA,NA,NA,NA,NA,NA,NA,NA,NA,NA,NA,NA,NA,NA,NA,NA,NA,NA,NA,NA,NA,NA,NA,NA,NA,NA,NA,NA,NA,NA,0,0,NA,NA,NA,NA,NA,NA,NA,11,11,14,NA,NA,NA,NA,NA,NA,NA,NA,NA,NA,NA,NA,NA,NA,NA,NA,NA,NA,NA,NA,NA,NA,NA,NA,NA,NA,NA,NA,NA,NA,NA,NA,NA,NA,NA,NA,NA,NA,1,1,1,1,1,1,1,1,1,1,2,1,1,0,0,0,0,0,0,0,0,0,0,0,0,0,0,0,0,1999-5114-3,444,NA,NA,NA,NA,NA,NA,NA,NA,NA,NA,NA,NA,NA,NA,NA,NA,Y,Y,Y,Y,Y,Y,Y,Y,Y,Y,Y,Y,Y,Y,Y,Y,Y,Y,Y,Boltonia decurrens,MBG Seed Bank,CCSD Seed Bank Freezer,NA,2023-12-01T00:00:00Z,Dormant,8756,Seed,Missouri Botanical Garden,Wild,Shaw Nature Reserve,NA,Project specific use only,2011-12-01T00:00:00Z,90,Smith,s.n.,07 Oct 1999,NA,NA,NA,NA,Open bottomland/floodplain,NA,Asteraceae,NA,NA
Boltonia_445,445,6-5-8,2011-2623-1,7A,1180026,United States,Illinois,Hennepin,41.34414603458205,-89.55849691836283,41.34414603458205, -89.55849691836283,NA,"Hennepin Bridge, Maternal lines = 30, Seedheads = 90; 6 packets",2/29/24,3/10/24,4/12/24,N,Y,9,8.1,13.8,18.3,1.4,1.4,1.3,NA,Flowers almost spent,All of the leaves on one stem are dying/dead.,Stem height not tallest point,5 of 6 discs senesced,NA,Primary stem not the tallest,NA,Measured tallest stem,NA,NA,NA,NA,NA,NA,"Two very short stems, two tall stems",NA,NA,9,9,8,0,9,9,7,9,9,8,9,14,10,12,11,13,16,13,98,0,0,1,1,2,2,2,2,0,0,2,4,5,5,6,6,8,8,9,0,0,0,0,1,1,2,2,3,5,6,4,16,18,38,32,108,115,14,2,2,1,4,5,7,7,5,0,2,1,0,0,0,0,4,1,1,3,3,2,2,2,3,4,4,5,9,0,8,0,6,3,1,7,8,9,6,52,98,119,1,1,1,1,0,0,0,2,0,4,3,2,1,1,0,2,0,0,0,0,1,1,3,2,2,2,2,4,2,3,6,6,11,16,41,18,2,0,0,0,2,3,1,1,1,4,1,1,1,1,1,2,4,2,1,3,3,3,3,3,3,3,2,2,3,4,3,1999-5125-3,445,15.1,16.9,16.4,16.8,24.3,16.5,43.2,64,16.7,74.6,73.5,88,63.4,50.7,50.7,50.7,Y,Y,Y,Y,Y,Y,Y,Y,Y,Y,Y,Y,Y,Y,Y,Y,Y,Y,Y,Boltonia decurrens,MBG Seed Bank,CCSD Seed Bank Freezer,NA,2023-12-01T00:00:00Z,Dormant,2883,Seed,Missouri Botanical Garden,Wild,Shaw Nature Reserve,NA,Project specific use only,2011-12-01T00:00:00Z,90,Smith,s.n.,11 Nov 1999,NA,NA,NA,NA,Open bottomland/floodplain,NA,Asteraceae,NA,NA
Boltonia_446,446,3-3-4,2011-2635-1,21,1180038,United States,Illinois,Alton,38.86501904919102,-90.22302347588696,38.86501904919102, -90.22302347588696,NA,"West Alton, Maternal lines = 32, Seedheads = 32; 2 packets",2/29/24,3/7/24,4/12/24,N,0,1,12.6,16.6,21.6,2.1,2.7,3.1,NA,NA,NA,NA,NA,NA,NA,NA,NA,NA,NA,NA,NA,NA,NA,NA,NA,NA,0,0,0,0,0,0,0,0,0,0,0,0,0,0,0,0,0,1,102,NA,0,0,0,0,0,0,0,0,0,0,0,0,0,0,0,0,0,0,0,0,0,0,0,0,0,0,0,0,0,0,1,1,3,9,50,102,4,NA,0,0,0,0,0,0,0,0,0,0,0,0,0,0,0,0,0,0,0,0,0,0,1,1,1,1,1,0,0,0,0,0,0,8,8,10,9,13,13,17,NA,0,0,0,0,0,0,0,0,0,0,0,0,0,0,0,0,0,0,0,0,0,0,0,0,0,0,0,0,0,0,0,0,0,33,30,3,6,0,0,0,0,0,0,0,1,0,0,0,0,0,1,1,1,1,1,1,1,1,1,1,1,1,1,1,1,1,1999-5226-2,446,0.8,3.8,14.4,34,50.4,63,67.3,89,97.6,114.7,125.9,142.3,139.2,140.7,140,140,Y,Y,Y,Y,Y,Y,Y,Y,Y,Y,Y,Y,Y,Y,Y,Y,Y,Y,Y,Boltonia decurrens,MBG Seed Bank,CCSD Seed Bank Freezer,NA,2023-12-01T00:00:00Z,Dormant,2831,Seed,Missouri Botanical Garden,Wild,Shaw Nature Reserve,NA,Project specific use only,2011-12-01T00:00:00Z,32,Smith,s.n.,07 Nov 1999,NA,NA,NA,NA,Open bottomland/floodplain,NA,Asteraceae,NA,NA
Boltonia_447,447,7-3-6,2011-2664-1,28,1180067,United States,Illinois,Fulton,40.2047222,-90.1994444,40.207444479612775, -90.1871999885973,NA,"Anderson Lake, Maternal lines = 31, Seedheads = 31",2/29/24,3/7/24,4/12/24,NA,NA,NA,NA,NA,NA,NA,NA,NA,No plant here,NA,NA,NA,NA,NA,NA,NA,NA,NA,NA,NA,NA,NA,NA,NA,NA,NA,NA,NA,NA,NA,NA,NA,NA,NA,NA,NA,NA,NA,NA,NA,NA,NA,NA,NA,NA,NA,NA,NA,NA,NA,NA,NA,NA,NA,NA,NA,NA,NA,NA,NA,NA,NA,NA,NA,NA,NA,NA,NA,NA,NA,NA,NA,NA,NA,NA,NA,NA,NA,NA,NA,NA,NA,NA,NA,NA,NA,NA,NA,NA,NA,NA,NA,NA,NA,NA,NA,NA,NA,NA,NA,NA,NA,NA,NA,NA,NA,NA,NA,NA,NA,NA,NA,NA,NA,NA,NA,NA,NA,NA,NA,NA,NA,NA,NA,NA,NA,NA,NA,NA,NA,NA,NA,NA,NA,NA,NA,NA,NA,NA,NA,NA,NA,NA,NA,NA,NA,NA,NA,NA,NA,NA,NA,NA,NA,NA,NA,NA,NA,NA,NA,NA,NA,NA,NA,NA,NA,NA,NA,NA,NA,NA,NA,NA,NA,NA,NA,NA,NA,NA,NA,NA,NA,NA,NA,NA,NA,NA,NA,NA,0,NA,1997-5430-2,447,NA,NA,NA,NA,NA,NA,NA,NA,NA,NA,NA,NA,NA,NA,NA,NA,N,N,N,N,N,N,N,N,N,N,N,N,N,N,N,N,Y,N,N,Boltonia decurrens,MBG Seed Bank,CCSD Seed Bank Freezer,NA,2023-12-01T00:00:00Z,Dormant,2875,Seed,Missouri Botanical Garden,Wild,Shaw Nature Reserve,NA,Project specific use only,2011-12-01T00:00:00Z,31,Smith,s.n.,21 Nov 1997,NA,NA,NA,NA,Open bottomland/floodplain,NA,Asteraceae,NA,NA
Boltonia_448,448,6-4-11,2011-2598-1,S17A,1180001,United States,Illinois,Jersey,38.961398423802066,-90.51481032460987,38.961398423802066, -90.51481032460987,NA,"Gilbert Lake, Maternal lines = 32, Seedheads = 98; 6 packets",2/29/24,3/7/24,4/12/24,NA,NA,0,8.9,14.6,16.7,1.6,2.4,2.3,NA,NA,NA,NA,NA,NA,NA,NA,NA,NA,NA,NA,NA,NA,NA,NA,NA,NA,NA,NA,NA,NA,NA,NA,NA,NA,NA,NA,NA,NA,NA,NA,NA,NA,NA,NA,NA,NA,NA,NA,NA,NA,NA,NA,NA,NA,NA,NA,NA,NA,NA,NA,NA,NA,NA,NA,NA,NA,NA,NA,NA,NA,NA,NA,NA,NA,NA,NA,NA,NA,NA,NA,NA,NA,NA,NA,NA,NA,NA,NA,NA,NA,NA,NA,NA,NA,NA,NA,NA,NA,NA,NA,NA,NA,NA,NA,NA,NA,NA,NA,NA,NA,NA,NA,0,0,NA,NA,NA,NA,NA,NA,NA,13,16,20,NA,NA,NA,NA,NA,NA,NA,NA,NA,NA,NA,NA,NA,NA,NA,NA,NA,NA,NA,NA,NA,NA,NA,NA,NA,NA,NA,NA,NA,NA,NA,NA,NA,NA,NA,NA,NA,NA,1,1,1,1,1,1,1,1,1,1,2,1,2,0,0,0,0,0,0,0,0,0,0,0,0,0,0,0,0,1997-5120-3,448,NA,NA,NA,NA,NA,NA,NA,NA,NA,NA,NA,NA,NA,NA,NA,NA,Y,Y,Y,Y,Y,Y,Y,Y,Y,Y,Y,Y,Y,Y,Y,Y,Y,Y,Y,Boltonia decurrens,MBG Seed Bank,CCSD Seed Bank Freezer,NA,2023-12-01T00:00:00Z,Dormant,9628,Seed,Missouri Botanical Garden,Wild,Shaw Nature Reserve,NA,Project specific use only,2011-12-01T00:00:00Z,98,Smith,s.n.,08 Nov 1997,NA,NA,NA,NA,Open bottomland/floodplain,NA,Asteraceae,NA,NA
Boltonia_449,449,7-6-3,2011-2618-1,3C,1180021,United States,Illinois,Peoria,40.7222223,-89.5519444,40.69352232924267, -89.59142458669179,NA,"McClugage Bridge, Maternal lines = 30, Seedheads = 90; 4 packets",2/29/24,3/12/24,4/12/24,NA,NA,0,9.5,17.1,22.7,1.5,2.1,2.4,NA,NA,NA,NA,NA,NA,NA,NA,NA,NA,NA,NA,NA,NA,NA,NA,NA,NA,NA,NA,NA,NA,NA,NA,NA,NA,NA,NA,NA,NA,NA,NA,NA,NA,NA,NA,NA,NA,NA,NA,NA,NA,NA,NA,NA,NA,NA,NA,NA,NA,NA,NA,NA,NA,NA,NA,NA,NA,NA,NA,NA,NA,NA,NA,NA,NA,NA,NA,NA,NA,NA,NA,NA,NA,NA,NA,NA,NA,NA,NA,NA,NA,NA,NA,NA,NA,NA,NA,NA,NA,NA,NA,NA,NA,NA,NA,NA,NA,NA,NA,NA,NA,NA,NA,0,0,NA,NA,NA,NA,NA,NA,NA,9,11,13,NA,NA,NA,NA,NA,NA,NA,NA,NA,NA,NA,NA,NA,NA,NA,NA,NA,NA,NA,NA,NA,NA,NA,NA,NA,NA,NA,NA,NA,NA,NA,NA,NA,NA,NA,NA,NA,NA,1,1,1,1,1,1,1,1,1,1,1,1,1,0,0,0,0,0,0,0,0,0,0,0,0,0,0,0,0,1999-5059-3,449,NA,NA,NA,NA,NA,NA,NA,NA,NA,NA,NA,NA,NA,NA,NA,NA,Y,Y,Y,Y,Y,Y,Y,Y,Y,Y,Y,Y,Y,Y,Y,Y,Y,Y,Y,Boltonia decurrens,MBG Seed Bank,CCSD Seed Bank Freezer,NA,2023-12-01T00:00:00Z,Dormant,8685,Seed,Missouri Botanical Garden,Wild,Shaw Nature Reserve,NA,Project specific use only,2011-12-01T00:00:00Z,90,Smith,s.n.,11 Nov 1999,NA,NA,NA,NA,Open bottomland/floodplain,NA,Asteraceae,NA,NA
Boltonia_450,450,3-4-5,2011-2599-1,2,1180002,United States,Illinois,Saint Clair,38.6494444,-90.1161111,38.651507278988504, -90.10298738781107,NA,"Fairmont City, Maternal lines = 28, Seedheads = 28; 2 packets",2/29/24,3/7/24,4/12/24,NA,NA,0,8.9,16.9,19.7,1.6,2.4,2.1,NA,NA,NA,NA,NA,NA,NA,NA,NA,NA,NA,NA,NA,NA,NA,NA,NA,NA,0,0,0,0,0,0,0,0,0,0,0,0,NA,0,0,0,0,0,4,NA,NA,NA,NA,NA,NA,NA,NA,0,NA,NA,NA,NA,NA,NA,NA,0,0,0,0,0,0,0,0,0,0,0,0,0,0,0,NA,0,0,0,0,5,78,NA,NA,NA,NA,NA,NA,NA,NA,0,NA,NA,NA,NA,NA,NA,NA,0,0,0,0,0,0,0,0,0,0,0,0,NA,0,0,NA,NA,0,0,0,0,2,11,11,16,NA,NA,NA,NA,NA,NA,NA,NA,0,NA,NA,NA,NA,NA,NA,NA,0,0,0,0,0,0,0,0,0,0,0,0,0,0,0,NA,0,0,0,1,69,0,1,1,1,1,0,1,1,1,0,0,0,0,0,0,0,0,0,1,0,0,1,1,1,1,1,1,1,1,1,1997-5060-4,450,NA,NA,NA,NA,1,NA,NA,13,18.2,39.5,61,98.2,NA,137.2,139,141.2,Y,Y,Y,Y,Y,Y,Y,Y,Y,Y,Y,Y,Y,Y,Y,Y,Y,Y,Y,Boltonia decurrens,MBG Seed Bank,CCSD Seed Bank Freezer,NA,2023-12-01T00:00:00Z,Dormant,2632,Seed,Missouri Botanical Garden,Wild,Shaw Nature Reserve,NA,Project specific use only,2011-12-01T00:00:00Z,28,Smith,s.n.,05 Dec 1997,NA,NA,NA,NA,Open bottomland/floodplain,NA,Asteraceae,NA,NA
Boltonia_451,451,8-5-4,2011-2636-1,1,1180039,United States,Illinois,Cass,40.010555600000004,-90.4458333,40.0178975293398, -90.42445029519197,NA,"Beardstown, Maternal lines = 52, Seedheads = 53; 3 packets",2/29/24,3/8/24,4/12/24,NA,NA,0,9.6,11.4,14.7,2.1,1.8,1.8,NA,NA,NA,NA,NA,NA,NA,NA,NA,NA,NA,NA,NA,NA,NA,NA,NA,NA,NA,NA,NA,NA,NA,NA,NA,NA,NA,NA,NA,NA,NA,NA,NA,NA,NA,NA,NA,NA,NA,NA,NA,NA,NA,NA,NA,NA,NA,NA,NA,NA,NA,NA,NA,NA,NA,NA,NA,NA,NA,NA,NA,NA,NA,NA,NA,NA,NA,NA,NA,NA,NA,NA,NA,NA,NA,NA,NA,NA,NA,NA,NA,NA,NA,NA,NA,NA,NA,NA,NA,NA,NA,NA,NA,NA,NA,NA,NA,NA,NA,NA,NA,NA,NA,NA,0,0,NA,NA,NA,NA,NA,NA,NA,11,14,16,NA,NA,NA,NA,NA,NA,NA,NA,NA,NA,NA,NA,NA,NA,NA,NA,NA,NA,NA,NA,NA,NA,NA,NA,NA,NA,NA,NA,NA,NA,NA,NA,NA,NA,NA,NA,NA,NA,1,1,1,1,1,1,1,1,1,1,3,2,2,0,0,0,0,0,0,0,0,0,0,0,0,0,0,0,0,1997-5320-3,451,NA,NA,NA,NA,NA,NA,NA,NA,NA,NA,NA,NA,NA,NA,NA,NA,Y,Y,Y,Y,Y,Y,Y,Y,Y,Y,Y,Y,Y,Y,Y,Y,Y,Y,Y,Boltonia decurrens,MBG Seed Bank,CCSD Seed Bank Freezer,NA,2023-12-01T00:00:00Z,Dormant,5079,Seed,Missouri Botanical Garden,Wild,Shaw Nature Reserve,NA,Project specific use only,2011-12-01T00:00:00Z,53,Smith,s.n.,21 Nov 1997,NA,NA,NA,NA,Open bottomland/floodplain,NA,Asteraceae,NA,NA
Boltonia_452,452,9-6-3,2011-2609-1,9C,1180012,United States,Illinois,Madison,38.6891666,-90.0972222,38.69652811427051, -90.08592610430901,NA,"Horseshoe Lake, Maternal lines = 30, Seedheads = 90; 3 packets",3/1/24,3/12/24,4/12/24,NA,NA,0,9.1,15.4,16.8,1.7,1.9,2,NA,NA,NA,NA,NA,NA,NA,NA,NA,NA,NA,NA,NA,NA,NA,NA,NA,NA,NA,NA,NA,NA,NA,NA,NA,NA,NA,NA,NA,NA,NA,NA,NA,NA,NA,NA,NA,NA,NA,NA,NA,NA,NA,NA,NA,NA,NA,NA,NA,NA,NA,NA,NA,NA,NA,NA,NA,NA,NA,NA,NA,NA,NA,NA,NA,NA,NA,NA,NA,NA,NA,NA,NA,NA,NA,NA,NA,NA,NA,NA,NA,NA,NA,NA,NA,NA,NA,NA,NA,NA,NA,NA,NA,NA,NA,NA,NA,NA,NA,NA,NA,NA,NA,NA,0,0,NA,NA,NA,NA,NA,NA,NA,13,19,22,NA,NA,NA,NA,NA,NA,NA,NA,NA,NA,NA,NA,NA,NA,NA,NA,NA,NA,NA,NA,NA,NA,NA,NA,NA,NA,NA,NA,NA,NA,NA,NA,NA,NA,NA,NA,NA,NA,1,2,2,1,1,1,1,1,1,3,3,2,1,0,0,0,0,0,0,0,0,0,0,0,0,0,0,0,0,2011-5044-3,452,NA,NA,NA,NA,NA,NA,NA,NA,NA,NA,NA,NA,NA,NA,NA,NA,Y,Y,Y,Y,Y,Y,Y,Y,Y,Y,Y,Y,Y,Y,Y,Y,Y,Y,Y,Boltonia decurrens,MBG Seed Bank,CCSD Seed Bank Freezer,NA,2023-12-01T00:00:00Z,Dormant,8688,Seed,Missouri Botanical Garden,Wild,Shaw Nature Reserve,NA,Project specific use only,2011-12-01T00:00:00Z,3,Smith,s.n.,01 Nov 2000,NA,NA,NA,NA,Open bottomland/floodplain,NA,Asteraceae,NA,NA
Boltonia_453,453,2-5-12,2011-2598-1,22C,1180001,United States,Illinois,Jersey,38.961398423802066,-90.51481032460987,38.961398423802066, -90.51481032460987,NA,"Gilbert Lake, Maternal lines = 32, Seedheads = 98; 6 packets",2/29/24,3/7/24,4/12/24,N,NA,2,10.2,15.2,17.4,1.9,1.6,1.7,NA,NA,Several dead leaves at base.,NA,NA,NA,NA,NA,NA,NA,NA,NA,NA,NA,NA,NA,NA,NA,NA,NA,NA,NA,NA,NA,NA,NA,NA,NA,NA,NA,NA,NA,NA,NA,NA,NA,NA,NA,NA,NA,NA,NA,NA,NA,NA,NA,NA,NA,NA,NA,NA,NA,NA,NA,NA,NA,NA,NA,NA,NA,NA,NA,NA,NA,NA,NA,NA,NA,NA,NA,NA,NA,NA,NA,NA,NA,NA,NA,NA,NA,NA,NA,NA,NA,NA,NA,NA,NA,NA,NA,NA,NA,NA,NA,NA,NA,NA,NA,NA,NA,NA,NA,NA,0,0,0,NA,NA,NA,NA,NA,NA,NA,14,28,31,NA,NA,NA,NA,NA,NA,NA,NA,NA,NA,NA,NA,NA,NA,NA,NA,NA,NA,NA,NA,NA,NA,NA,NA,NA,NA,NA,NA,NA,NA,NA,NA,NA,NA,NA,NA,NA,NA,0,3,3,2,2,2,1,1,2,3,3,1,2,1,0,0,0,0,0,0,0,0,0,0,0,0,0,0,0,1997-5106-2,453,0.7,NA,NA,NA,NA,NA,NA,NA,NA,NA,NA,NA,NA,NA,NA,NA,Y,Y,Y,Y,Y,Y,Y,Y,Y,Y,Y,Y,Y,Y,Y,Y,Y,Y,Y,Boltonia decurrens,MBG Seed Bank,CCSD Seed Bank Freezer,NA,2023-12-01T00:00:00Z,Dormant,9628,Seed,Missouri Botanical Garden,Wild,Shaw Nature Reserve,NA,Project specific use only,2011-12-01T00:00:00Z,98,Smith,s.n.,08 Nov 1997,NA,NA,NA,NA,Open bottomland/floodplain,NA,Asteraceae,NA,NA
Boltonia_454,454,7-3-5,2011-2618-1,15A,1180021,United States,Illinois,Peoria,40.7222223,-89.5519444,40.69352232924267, -89.59142458669179,NA,"McClugage Bridge, Maternal lines = 30, Seedheads = 90; 4 packets",2/29/24,3/12/24,4/12/24,NA,NA,0,9.6,13.8,18.6,1.6,1.3,1.3,NA,NA,NA,NA,NA,NA,NA,NA,NA,NA,NA,NA,NA,NA,NA,NA,NA,NA,NA,NA,NA,NA,NA,NA,NA,NA,NA,NA,NA,NA,NA,NA,NA,NA,NA,NA,NA,NA,NA,NA,NA,NA,NA,NA,NA,0,NA,NA,NA,NA,NA,NA,NA,NA,NA,NA,NA,NA,NA,NA,NA,NA,NA,NA,NA,NA,NA,NA,NA,NA,NA,NA,NA,NA,NA,NA,NA,NA,NA,NA,NA,NA,NA,0,NA,NA,NA,NA,NA,NA,NA,NA,NA,NA,NA,NA,NA,NA,NA,NA,NA,NA,NA,NA,0,0,NA,NA,NA,NA,NA,NA,NA,8,10,15,NA,NA,NA,NA,NA,NA,NA,NA,0,NA,NA,NA,NA,NA,NA,NA,NA,NA,NA,NA,NA,NA,NA,NA,NA,NA,NA,NA,NA,NA,NA,NA,NA,NA,NA,NA,NA,NA,1,1,1,1,0,1,1,1,1,1,2,1,1,0,0,0,0,1,0,0,0,0,0,0,0,0,0,0,0,1999-5071-2,454,NA,NA,NA,NA,1.1,NA,NA,NA,NA,NA,NA,NA,NA,NA,NA,NA,Y,Y,Y,Y,Y,Y,Y,Y,Y,Y,Y,Y,Y,Y,Y,Y,Y,Y,Y,Boltonia decurrens,MBG Seed Bank,CCSD Seed Bank Freezer,NA,2023-12-01T00:00:00Z,Dormant,8685,Seed,Missouri Botanical Garden,Wild,Shaw Nature Reserve,NA,Project specific use only,2011-12-01T00:00:00Z,90,Smith,s.n.,11 Nov 1999,NA,NA,NA,NA,Open bottomland/floodplain,NA,Asteraceae,NA,NA
Boltonia_455,455,5-3-4,2011-2620-1,26C,1180023,United States,Illinois,Morgan,39.8672223,-90.5533333,39.87546015928839, -90.55308508241013,NA,"Meredosia Lake, Maternal lines = 30, Seedheads = 90; 5 packets",2/29/24,3/9/24,4/12/24,N,NA,0,10.4,15.4,17.8,1.6,1.7,2,NA,NA,NA,NA,NA,NA,NA,NA,NA,NA,NA,NA,NA,NA,NA,NA,NA,NA,NA,NA,NA,NA,NA,NA,NA,NA,NA,NA,NA,NA,NA,NA,NA,NA,NA,NA,NA,NA,NA,NA,NA,NA,NA,NA,NA,0,NA,NA,NA,NA,NA,NA,NA,NA,NA,NA,NA,NA,NA,NA,NA,NA,NA,NA,NA,NA,NA,NA,NA,NA,NA,NA,NA,NA,NA,NA,NA,NA,NA,NA,NA,NA,NA,0,NA,NA,NA,NA,NA,NA,NA,NA,NA,NA,NA,NA,NA,NA,NA,NA,NA,NA,NA,0,0,0,NA,NA,NA,NA,NA,NA,NA,18,18,24,NA,NA,NA,NA,NA,NA,NA,NA,0,NA,NA,NA,NA,NA,NA,NA,NA,NA,NA,NA,NA,NA,NA,NA,NA,NA,NA,NA,NA,NA,NA,NA,NA,NA,NA,NA,NA,NA,0,2,2,1,0,1,1,1,1,1,2,1,1,1,0,0,0,1,0,0,0,0,0,0,0,0,0,0,0,1999-5113-2,455,1,NA,NA,NA,1.4,NA,NA,NA,NA,NA,NA,NA,NA,NA,NA,NA,Y,Y,Y,Y,Y,Y,Y,Y,Y,Y,Y,Y,Y,Y,Y,Y,Y,Y,Y,Boltonia decurrens,MBG Seed Bank,CCSD Seed Bank Freezer,NA,2023-12-01T00:00:00Z,Dormant,8756,Seed,Missouri Botanical Garden,Wild,Shaw Nature Reserve,NA,Project specific use only,2011-12-01T00:00:00Z,90,Smith,s.n.,07 Oct 1999,NA,NA,NA,NA,Open bottomland/floodplain,NA,Asteraceae,NA,NA
Boltonia_456,456,6-5-1,2011-2598-1,L4B,1180001,United States,Illinois,Jersey,38.961398423802066,-90.51481032460987,38.961398423802066, -90.51481032460987,NA,"Gilbert Lake, Maternal lines = 32, Seedheads = 98; 6 packets",2/29/24,3/7/24,4/12/24,NA,NA,0,11.4,17.2,22.1,1.9,1.8,2.3,NA,NA,Growing sideways.,NA,"Misformed stem, red/purple leaves",NA,NA,NA,NA,NA,NA,NA,NA,NA,NA,NA,NA,NA,0,0,0,0,0,0,0,0,0,0,0,0,0,0,0,0,0,0,88,NA,NA,NA,NA,NA,NA,NA,0,0,NA,0,0,0,0,0,0,0,0,0,0,0,0,0,0,0,0,0,0,0,0,0,0,0,1,5,36,93,9,NA,NA,NA,NA,NA,NA,NA,0,0,NA,0,0,0,0,0,0,0,0,0,0,0,0,0,0,0,0,0,0,NA,0,0,0,0,0,0,0,0,0,14,16,18,NA,NA,NA,NA,NA,NA,NA,0,0,NA,0,0,0,0,0,0,0,0,0,0,0,0,0,0,0,0,0,0,0,0,0,0,0,0,25,28,10,0,1,1,1,1,0,0,0,1,0,0,0,0,0,0,0,0,0,1,1,1,1,1,1,1,1,1,1,1,1,1997-5093-2,456,NA,NA,NA,NA,1.2,2.1,4.8,5,18.4,40.3,60.3,103.5,120,132.5,137.6,135.1,Y,Y,Y,Y,Y,Y,Y,Y,Y,Y,Y,Y,Y,Y,Y,Y,Y,Y,Y,Boltonia decurrens,MBG Seed Bank,CCSD Seed Bank Freezer,NA,2023-12-01T00:00:00Z,Dormant,9628,Seed,Missouri Botanical Garden,Wild,Shaw Nature Reserve,NA,Project specific use only,2011-12-01T00:00:00Z,98,Smith,s.n.,08 Nov 1997,NA,NA,NA,NA,Open bottomland/floodplain,NA,Asteraceae,NA,NA
Boltonia_457,457,6-3-9,2011-2635-1,24,1180038,United States,Illinois,Alton,38.86501904919102,-90.22302347588696,38.86501904919102, -90.22302347588696,NA,"West Alton, Maternal lines = 32, Seedheads = 32; 2 packets",2/29/24,3/10/24,4/12/24,NA,NA,1,16.4,17.2,20.4,2.6,2.7,2.9,NA,NA,NA,NA,NA,NA,NA,NA,NA,NA,NA,Tip of main stem died,Apical meristem is dead,Apical meristem dead,NA,Apical meristem brown/dead,NA,NA,0,0,0,0,0,0,0,0,0,0,0,0,0,0,0,0,0,0,61,NA,NA,0,0,0,0,0,0,0,0,0,0,0,0,0,0,0,0,0,0,0,0,0,0,0,0,0,0,0,0,0,0,0,0,0,3,62,31,NA,NA,0,0,0,0,0,0,0,0,0,0,0,0,0,0,0,0,0,0,0,0,0,0,0,0,0,0,NA,0,0,0,0,0,0,0,0,0,10,15,18,NA,NA,0,0,0,0,0,0,0,0,0,0,0,0,0,0,0,0,0,0,0,0,0,0,0,0,0,0,0,0,0,0,0,0,0,21,19,0,1,1,0,0,0,0,0,1,0,0,0,0,0,0,0,1,1,1,1,1,1,1,1,1,1,1,1,1,1,1999-5228-2,457,NA,NA,1.4,9.1,19.9,30.2,49.5,47,64.6,84.2,80.5,138.6,150.4,146.8,146.8,145.7,Y,Y,Y,Y,Y,Y,Y,Y,Y,Y,Y,Y,Y,Y,Y,Y,Y,Y,Y,Boltonia decurrens,MBG Seed Bank,CCSD Seed Bank Freezer,NA,2023-12-01T00:00:00Z,Dormant,2831,Seed,Missouri Botanical Garden,Wild,Shaw Nature Reserve,NA,Project specific use only,2011-12-01T00:00:00Z,32,Smith,s.n.,07 Nov 1999,NA,NA,NA,NA,Open bottomland/floodplain,NA,Asteraceae,NA,NA
Boltonia_458,458,8-2-1,2011-2618-1,12A,1180021,United States,Illinois,Peoria,40.7222223,-89.5519444,40.69352232924267, -89.59142458669179,NA,"McClugage Bridge, Maternal lines = 30, Seedheads = 90; 4 packets",2/29/24,3/8/24,4/12/24,NA,NA,0,11.9,20.2,20.6,1.9,2.2,2.3,NA,NA,NA,NA,NA,NA,NA,NA,NA,NA,NA,NA,NA,NA,NA,NA,NA,NA,NA,NA,NA,NA,NA,NA,NA,NA,NA,NA,NA,NA,NA,NA,NA,NA,NA,NA,NA,NA,NA,NA,NA,NA,NA,NA,NA,NA,NA,NA,NA,NA,NA,NA,NA,NA,NA,NA,NA,NA,NA,NA,NA,NA,NA,NA,NA,NA,NA,NA,NA,NA,NA,NA,NA,NA,NA,NA,NA,NA,NA,NA,NA,NA,NA,NA,NA,NA,NA,NA,NA,NA,NA,NA,NA,NA,NA,NA,NA,NA,NA,NA,NA,NA,NA,NA,0,0,NA,NA,NA,NA,NA,NA,NA,9,9,12,NA,NA,NA,NA,NA,NA,NA,NA,NA,NA,NA,NA,NA,NA,NA,NA,NA,NA,NA,NA,NA,NA,NA,NA,NA,NA,NA,NA,NA,NA,NA,NA,NA,NA,NA,NA,NA,NA,1,1,1,1,1,1,1,1,1,1,1,1,1,0,0,0,0,0,0,0,0,0,0,0,0,0,0,0,0,1999-5068-5,458,NA,NA,NA,NA,NA,NA,NA,NA,NA,NA,NA,NA,NA,NA,NA,NA,Y,Y,Y,Y,Y,Y,Y,Y,Y,Y,Y,Y,Y,Y,Y,Y,Y,Y,Y,Boltonia decurrens,MBG Seed Bank,CCSD Seed Bank Freezer,NA,2023-12-01T00:00:00Z,Dormant,8685,Seed,Missouri Botanical Garden,Wild,Shaw Nature Reserve,NA,Project specific use only,2011-12-01T00:00:00Z,90,Smith,s.n.,11 Nov 1999,NA,NA,NA,NA,Open bottomland/floodplain,NA,Asteraceae,NA,NA
Boltonia_459,459,5-1-9,2011-2661-1,29B,1180064,United States,Illinois,Tazewell,40.69584983597212,-89.54394792156027,40.69584983597212, -89.54394792156027,NA,"Cooper park South, Maternal lines = 43, Seedheads = 73; 4 packets",2/29/24,3/6/24,4/12/24,NA,NA,0,10.5,16.3,18.3,2,1.5,1.7,Longest leaf is ripped,NA,NA,NA,NA,NA,NA,NA,NA,NA,NA,NA,NA,NA,NA,NA,NA,NA,NA,NA,NA,NA,NA,NA,NA,NA,NA,NA,NA,NA,NA,NA,NA,NA,NA,NA,NA,NA,NA,NA,NA,NA,NA,NA,NA,NA,NA,NA,NA,NA,NA,NA,NA,NA,NA,NA,NA,NA,NA,NA,NA,NA,NA,NA,NA,NA,NA,NA,NA,NA,NA,NA,NA,NA,NA,NA,NA,NA,NA,NA,NA,NA,NA,NA,NA,NA,NA,NA,NA,NA,NA,NA,NA,NA,NA,NA,NA,NA,NA,NA,NA,NA,NA,NA,0,0,NA,NA,NA,NA,NA,NA,NA,13,15,17,NA,NA,NA,NA,NA,NA,NA,NA,NA,NA,NA,NA,NA,NA,NA,NA,NA,NA,NA,NA,NA,NA,NA,NA,NA,NA,NA,NA,NA,NA,NA,NA,NA,NA,NA,NA,NA,NA,1,1,1,1,1,1,1,1,1,1,1,1,1,0,0,0,0,0,0,0,0,0,0,0,0,0,0,0,0,2000-5153-2,459,NA,NA,NA,NA,NA,NA,NA,NA,NA,NA,NA,NA,NA,NA,NA,NA,Y,Y,Y,Y,Y,Y,Y,Y,Y,Y,Y,Y,Y,Y,Y,Y,Y,Y,Y,Boltonia decurrens,MBG Seed Bank,CCSD Seed Bank Freezer,NA,2023-12-01T00:00:00Z,Dormant,6976,Seed,Missouri Botanical Garden,Wild,Shaw Nature Reserve,NA,Project specific use only,2011-12-01T00:00:00Z,73,Smith,s.n.,01 Oct 2000,NA,NA,NA,NA,Open bottomland/floodplain,NA,Asteraceae,NA,NA
Boltonia_460,460,2-2-12,2011-2638-1,13A,1180041,United States,Illinois,Scott,39.7852777,-90.5902777,39.786569766256626, -90.58910563509704,Smith Lake,NA,2/29/24,3/7/24,4/12/24,NA,NA,0,11.6,16.9,20.6,2,2,2.2,NA,NA,NA,NA,NA,NA,NA,NA,NA,NA,NA,NA,NA,NA,NA,NA,NA,NA,NA,NA,NA,NA,NA,NA,NA,NA,NA,NA,NA,NA,NA,NA,NA,NA,NA,NA,NA,NA,NA,NA,NA,NA,NA,NA,NA,NA,NA,NA,NA,NA,NA,NA,NA,NA,NA,NA,NA,NA,NA,NA,NA,NA,NA,NA,NA,NA,NA,NA,NA,NA,NA,NA,NA,NA,NA,NA,NA,NA,NA,NA,NA,NA,NA,NA,NA,NA,NA,NA,NA,NA,NA,NA,NA,NA,NA,NA,NA,NA,NA,NA,NA,NA,NA,NA,0,0,NA,NA,NA,NA,NA,NA,NA,10,12,15,NA,NA,NA,NA,NA,NA,NA,NA,NA,NA,NA,NA,NA,NA,NA,NA,NA,NA,NA,NA,NA,NA,NA,NA,NA,NA,NA,NA,NA,NA,NA,NA,NA,NA,NA,NA,NA,NA,1,1,1,1,1,1,1,1,1,2,3,1,3,0,0,0,0,0,0,0,0,0,0,0,0,0,0,0,0,1998-5189-3,460,NA,NA,NA,NA,NA,NA,NA,NA,NA,NA,NA,NA,NA,NA,NA,NA,Y,Y,Y,Y,Y,Y,Y,Y,Y,Y,Y,Y,Y,Y,Y,Y,Y,Y,Y,Boltonia decurrens,MBG Seed Bank,CCSD Seed Bank Freezer,NA,2023-12-01T00:00:00Z,Dormant,7818,Seed,Missouri Botanical Garden,Wild,Shaw Nature Reserve,US-1-MO-2011-2638,Project specific use only,2011-12-01T00:00:00Z,81,Smith,s.n.,11 Nov 1998,Maternal Lines,NA,NA,NA,Open bottomland/floodplain,NA,Asteraceae,NA,NA
Boltonia_461,461,8-4-4,2011-2599-1,6,1180002,United States,Illinois,Saint Clair,38.6494444,-90.1161111,38.651507278988504, -90.10298738781107,NA,"Fairmont City, Maternal lines = 28, Seedheads = 28; 2 packets",2/29/24,3/18/24,4/12/24,NA,NA,0,8.4,9.1,15.6,1.3,1.4,1.3,NA,NA,NA,NA,NA,NA,NA,NA,NA,NA,NA,NA,NA,NA,NA,NA,NA,NA,NA,NA,NA,NA,NA,NA,NA,NA,NA,NA,NA,NA,NA,NA,NA,NA,NA,NA,NA,NA,NA,NA,NA,NA,NA,NA,NA,NA,NA,NA,NA,NA,NA,NA,NA,NA,NA,NA,NA,NA,NA,NA,NA,NA,NA,NA,NA,NA,NA,NA,NA,NA,NA,NA,NA,NA,NA,NA,NA,NA,NA,NA,NA,NA,NA,NA,NA,NA,NA,NA,NA,NA,NA,NA,NA,NA,NA,NA,NA,NA,NA,NA,NA,NA,NA,NA,0,0,NA,NA,NA,NA,NA,NA,NA,9,10,13,NA,NA,NA,NA,NA,NA,NA,NA,NA,NA,NA,NA,NA,NA,NA,NA,NA,NA,NA,NA,NA,NA,NA,NA,NA,NA,NA,NA,NA,NA,NA,NA,NA,NA,NA,NA,NA,NA,1,1,1,1,1,1,1,1,1,1,1,1,1,0,0,0,0,0,0,0,0,0,0,0,0,0,0,0,0,1997-5064-2,461,NA,NA,NA,NA,NA,NA,NA,NA,NA,NA,NA,NA,NA,NA,NA,NA,Y,Y,Y,Y,Y,Y,Y,Y,Y,Y,Y,Y,Y,Y,Y,Y,Y,Y,Y,Boltonia decurrens,MBG Seed Bank,CCSD Seed Bank Freezer,NA,2023-12-01T00:00:00Z,Dormant,2632,Seed,Missouri Botanical Garden,Wild,Shaw Nature Reserve,NA,Project specific use only,2011-12-01T00:00:00Z,28,Smith,s.n.,05 Dec 1997,NA,NA,NA,NA,Open bottomland/floodplain,NA,Asteraceae,NA,NA
Boltonia_462,462,12-3-5,2011-2664-1,10,1180067,United States,Illinois,Fulton,40.2047222,-90.1994444,40.207444479612775, -90.1871999885973,NA,"Anderson Lake, Maternal lines = 31, Seedheads = 31",3/1/24,3/15/24,4/12/24,NA,NA,0,11,15.3,21.7,1.7,2,2.4,NA,NA,One dead leaf.,NA,NA,NA,NA,NA,NA,NA,NA,NA,NA,NA,NA,NA,NA,NA,NA,NA,NA,NA,NA,NA,NA,NA,NA,NA,NA,NA,NA,NA,NA,NA,NA,NA,NA,NA,0,0,NA,NA,NA,NA,NA,NA,NA,NA,NA,NA,NA,NA,NA,NA,NA,NA,NA,NA,NA,NA,NA,NA,NA,NA,NA,NA,NA,NA,NA,NA,NA,NA,NA,NA,NA,NA,0,0,NA,NA,NA,NA,NA,NA,NA,NA,NA,NA,NA,NA,NA,NA,NA,NA,NA,NA,NA,NA,NA,NA,NA,NA,NA,NA,0,0,NA,NA,NA,NA,NA,NA,NA,9,12,16,NA,0,0,NA,NA,NA,NA,NA,NA,NA,NA,NA,NA,NA,NA,NA,NA,NA,NA,NA,NA,NA,NA,NA,NA,NA,NA,NA,NA,NA,NA,NA,NA,NA,NA,NA,NA,NA,1,1,0,1,1,1,1,1,1,1,1,1,1,0,0,1,0,0,0,0,0,0,0,0,0,0,0,0,0,1997-5412-3,462,NA,NA,1.1,NA,NA,NA,NA,NA,NA,NA,NA,NA,NA,NA,NA,NA,Y,Y,Y,Y,Y,Y,Y,Y,Y,Y,Y,Y,Y,Y,Y,Y,Y,Y,Y,Boltonia decurrens,MBG Seed Bank,CCSD Seed Bank Freezer,NA,2023-12-01T00:00:00Z,Dormant,2875,Seed,Missouri Botanical Garden,Wild,Shaw Nature Reserve,NA,Project specific use only,2011-12-01T00:00:00Z,31,Smith,s.n.,21 Nov 1997,NA,NA,NA,NA,Open bottomland/floodplain,NA,Asteraceae,NA,NA
Boltonia_463,463,5-3-6,2011-2620-1,14C,1180023,United States,Illinois,Morgan,39.8672223,-90.5533333,39.87546015928839, -90.55308508241013,NA,"Meredosia Lake, Maternal lines = 30, Seedheads = 90; 5 packets",2/29/24,3/7/24,4/12/24,N,0,0,12.5,16.6,16.6,2.7,2.7,2.8,NA,NA,NA,NA,NA,NA,NA,NA,NA,NA,NA,NA,NA,NA,NA,NA,NA,NA,0,0,0,0,0,0,0,0,0,0,0,17,0,18,10,32,30,41,241,NA,0,0,0,0,0,0,0,0,0,0,0,0,0,0,0,0,0,0,0,0,0,0,0,0,0,3,4,13,17,12,46,54,96,58,167,124,5,NA,0,0,0,0,0,0,0,0,0,0,0,0,1,0,4,0,2,5,10,11,10,13,20,20,19,25,32,0,0,0,0,4,7,9,9,9,8,12,14,17,NA,0,0,0,0,0,0,0,0,0,0,0,0,0,0,0,0,0,0,0,0,0,0,0,4,11,9,18,6,7,7,12,14,10,41,10,2,0,0,0,0,0,0,0,0,1,0,0,0,0,0,1,1,1,1,1,1,1,1,1,1,1,1,1,1,1,1,1999-5101-2,463,1.2,1,9.4,23.3,36.2,48.7,66.7,71,72.3,72.5,72.5,72.3,74.1,73.2,73.2,73.2,Y,Y,Y,Y,Y,Y,Y,Y,Y,Y,Y,Y,Y,Y,Y,Y,Y,Y,Y,Boltonia decurrens,MBG Seed Bank,CCSD Seed Bank Freezer,NA,2023-12-01T00:00:00Z,Dormant,8756,Seed,Missouri Botanical Garden,Wild,Shaw Nature Reserve,NA,Project specific use only,2011-12-01T00:00:00Z,90,Smith,s.n.,07 Oct 1999,NA,NA,NA,NA,Open bottomland/floodplain,NA,Asteraceae,NA,NA
Boltonia_464,464,2-6-5,2011-2636-1,2,1180039,United States,Illinois,Cass,40.010555600000004,-90.4458333,40.0178975293398, -90.42445029519197,NA,"Beardstown, Maternal lines = 52, Seedheads = 53; 3 packets",2/29/24,3/7/24,4/12/24,NA,0,0,12,14.9,18.2,2.1,2.3,2.6,NA,NA,NA,NA,NA,NA,NA,NA,NA,NA,NA,NA,NA,NA,NA,NA,NA,NA,NA,0,0,0,0,0,0,0,0,0,0,0,0,0,0,0,0,0,95,NA,0,0,NA,NA,NA,NA,NA,NA,NA,NA,NA,NA,NA,NA,NA,NA,NA,NA,NA,0,0,0,0,0,0,0,0,0,0,0,0,0,0,0,3,27,18,NA,0,0,NA,NA,NA,NA,NA,NA,NA,NA,NA,NA,NA,NA,NA,NA,NA,NA,NA,0,0,0,0,0,0,0,0,NA,0,0,NA,NA,NA,0,0,0,5,11,12,19,NA,0,0,NA,NA,NA,NA,NA,NA,NA,NA,NA,NA,NA,NA,NA,NA,NA,NA,NA,0,0,0,0,0,0,0,0,0,0,0,0,0,0,2,28,31,0,1,0,1,3,2,2,1,1,0,1,1,1,0,0,1,1,0,0,0,0,0,1,1,1,1,1,1,1,1,1997-5321-4,464,NA,4.3,1.3,NA,NA,NA,NA,NA,3,19.3,43.8,88,103.8,106.3,105.4,105,Y,Y,Y,Y,Y,Y,Y,Y,Y,Y,Y,Y,Y,Y,Y,Y,Y,Y,Y,Boltonia decurrens,MBG Seed Bank,CCSD Seed Bank Freezer,NA,2023-12-01T00:00:00Z,Dormant,5079,Seed,Missouri Botanical Garden,Wild,Shaw Nature Reserve,NA,Project specific use only,2011-12-01T00:00:00Z,53,Smith,s.n.,21 Nov 1997,NA,NA,NA,NA,Open bottomland/floodplain,NA,Asteraceae,NA,NA
Boltonia_465,465,8-3-5,2011-2659-1,4A,1180062,United States,Illinois,Frederick,40.07116308939078,-90.42957195888599,40.07116308939078, -90.42957195888599,NA,"Frederick Landing, Maternal lines = 15, Seedheads = 44; 2 packets",2/29/24,3/8/24,4/12/24,NA,NA,0,9,14.8,14.1,1.4,2.1,1.8,NA,NA,NA,NA,NA,NA,NA,NA,NA,NA,NA,NA,NA,NA,NA,NA,NA,NA,NA,NA,NA,NA,NA,NA,NA,NA,NA,NA,NA,NA,NA,NA,NA,NA,NA,NA,NA,NA,NA,NA,NA,NA,NA,NA,NA,NA,NA,NA,NA,NA,NA,NA,NA,NA,NA,NA,NA,NA,NA,NA,NA,NA,NA,NA,NA,NA,NA,NA,NA,NA,NA,NA,NA,NA,NA,NA,NA,NA,NA,NA,NA,NA,NA,NA,NA,NA,NA,NA,NA,NA,NA,NA,NA,NA,NA,NA,NA,NA,NA,NA,NA,NA,NA,NA,0,0,NA,NA,NA,NA,NA,NA,NA,11,13,15,NA,NA,NA,NA,NA,NA,NA,NA,NA,NA,NA,NA,NA,NA,NA,NA,NA,NA,NA,NA,NA,NA,NA,NA,NA,NA,NA,NA,NA,NA,NA,NA,NA,NA,NA,NA,NA,NA,1,1,1,1,1,1,1,1,1,1,3,1,2,0,0,0,0,0,0,0,0,0,0,0,0,0,0,0,0,2011-5003-2,465,NA,NA,NA,NA,NA,NA,NA,NA,NA,NA,NA,NA,NA,NA,NA,NA,Y,Y,Y,Y,Y,Y,Y,Y,Y,Y,Y,Y,Y,Y,Y,Y,Y,Y,Y,Boltonia decurrens,MBG Seed Bank,CCSD Seed Bank Freezer,NA,2023-12-01T00:00:00Z,Dormant,4101,Seed,Missouri Botanical Garden,Wild,Shaw Nature Reserve,US-1-MO-2011-2659,Project specific use only,2011-12-01T00:00:00Z,44,Smith,s.n.,01 Dec 2011,NA,NA,NA,NA,Open bottomland/floodplain,NA,Asteraceae,NA,NA
Boltonia_466,466,10-3-10,2011-2599-1,16,1180002,United States,Illinois,Saint Clair,38.6494444,-90.1161111,38.651507278988504, -90.10298738781107,NA,"Fairmont City, Maternal lines = 28, Seedheads = 28; 2 packets",3/1/24,3/8/24,4/12/24,N,0,0,11.5,13.6,16.4,2.7,3.2,3.4,NA,NA,NA,NA,"Misformed, swirling stem","Misformed, swirling stem",NA,Abnormal stem,NA,NA,NA,NA,NA,NA,NA,NA,NA,NA,0,0,0,0,0,0,0,0,0,0,0,0,0,0,0,0,0,5,40,NA,NA,NA,NA,NA,NA,NA,NA,NA,NA,NA,NA,NA,NA,0,NA,0,0,0,0,0,0,0,0,0,0,0,0,0,0,0,0,3,7,11,25,20,57,NA,NA,NA,NA,NA,NA,NA,NA,NA,NA,NA,NA,NA,NA,0,NA,0,0,0,0,0,0,0,0,0,0,5,11,0,0,0,NA,0,0,0,0,1,5,11,13,14,NA,NA,NA,NA,NA,NA,NA,NA,NA,NA,NA,NA,NA,NA,0,NA,0,0,0,0,0,0,0,0,0,0,0,0,0,0,1,0,1,6,10,5,2,0,0,0,1,1,1,1,1,1,0,1,2,1,0,1,1,0,0,0,0,1,1,1,1,1,1,1,1,1,1,1997-5073-3,466,0.5,1.6,NA,NA,NA,NA,0.5,0.5,2.5,22.1,44,64.5,67.5,67.8,60.8,64.3,Y,Y,Y,Y,Y,Y,Y,Y,Y,Y,Y,Y,Y,Y,Y,Y,Y,Y,Y,Boltonia decurrens,MBG Seed Bank,CCSD Seed Bank Freezer,NA,2023-12-01T00:00:00Z,Dormant,2632,Seed,Missouri Botanical Garden,Wild,Shaw Nature Reserve,NA,Project specific use only,2011-12-01T00:00:00Z,28,Smith,s.n.,05 Dec 1997,NA,NA,NA,NA,Open bottomland/floodplain,NA,Asteraceae,NA,NA
Boltonia_467,467,5-4-6,2011-2635-1,6,1180038,United States,Illinois,Alton,38.86501904919102,-90.22302347588696,38.86501904919102, -90.22302347588696,NA,"West Alton, Maternal lines = 32, Seedheads = 32; 2 packets",2/29/24,3/7/24,4/12/24,N,0,0,14.5,19.6,20.4,2.1,2.4,2.2,NA,NA,NA,NA,NA,NA,NA,NA,NA,NA,NA,NA,NA,NA,NA,NA,NA,NA,NA,NA,NA,NA,NA,NA,NA,NA,NA,NA,NA,NA,NA,NA,NA,NA,NA,NA,NA,NA,NA,NA,NA,NA,NA,NA,NA,NA,NA,NA,NA,NA,NA,NA,NA,NA,NA,NA,NA,NA,NA,NA,NA,NA,NA,NA,NA,NA,NA,NA,NA,NA,NA,NA,NA,NA,NA,NA,NA,NA,NA,NA,NA,NA,NA,NA,NA,NA,NA,NA,NA,NA,NA,NA,NA,NA,NA,NA,NA,NA,NA,NA,NA,NA,NA,0,0,0,NA,NA,NA,NA,NA,NA,NA,11,15,16,NA,NA,NA,NA,NA,NA,NA,NA,NA,NA,NA,NA,NA,NA,NA,NA,NA,NA,NA,NA,NA,NA,NA,NA,NA,NA,NA,NA,NA,NA,NA,NA,NA,NA,NA,NA,NA,NA,0,0,1,1,1,1,1,1,1,1,1,1,1,1,1,0,0,0,0,0,0,0,0,0,0,0,0,0,0,1999-5212-2,467,1,2,NA,NA,NA,NA,NA,NA,NA,NA,NA,NA,NA,NA,NA,NA,Y,Y,Y,Y,Y,Y,Y,Y,Y,Y,Y,Y,Y,Y,Y,Y,Y,Y,Y,Boltonia decurrens,MBG Seed Bank,CCSD Seed Bank Freezer,NA,2023-12-01T00:00:00Z,Dormant,2831,Seed,Missouri Botanical Garden,Wild,Shaw Nature Reserve,NA,Project specific use only,2011-12-01T00:00:00Z,32,Smith,s.n.,07 Nov 1999,NA,NA,NA,NA,Open bottomland/floodplain,NA,Asteraceae,NA,NA
Boltonia_468,468,5-5-1,2011-2598-1,L7B,1180001,United States,Illinois,Jersey,38.961398423802066,-90.51481032460987,38.961398423802066, -90.51481032460987,NA,"Gilbert Lake, Maternal lines = 32, Seedheads = 98; 6 packets",2/29/24,3/12/24,4/12/24,N,0,1,17.9,20,19.3,2.1,2.3,2,NA,NA,NA,NA,NA,NA,NA,NA,NA,NA,NA,NA,NA,NA,NA,NA,NA,NA,NA,0,NA,NA,0,NA,0,NA,NA,NA,3,NA,15,NA,16,NA,15,NA,95,NA,NA,0,NA,NA,0,NA,NA,0,NA,NA,0,NA,NA,0,NA,NA,1,NA,NA,1,NA,NA,3,NA,7,NA,NA,NA,13,NA,8,NA,36,NA,84,NA,3,NA,NA,0,NA,NA,0,NA,NA,0,NA,NA,1,NA,NA,3,NA,NA,5,NA,NA,4,NA,NA,6,NA,7,NA,NA,0,0,0,0,0,5,9,13,12,9,11,20,23,NA,NA,0,NA,NA,0,NA,NA,0,NA,NA,0,NA,NA,1,NA,NA,0,NA,NA,3,NA,NA,3,NA,3,NA,NA,NA,3,NA,6,NA,5,NA,22,NA,0,0,0,0,0,0,0,0,1,0,2,2,0,0,1,1,1,1,1,1,1,1,1,1,1,1,1,1,1,1,1997-5097-2,468,2.8,7.8,15.4,30.2,40.1,53.4,66.4,71.5,71.2,71.8,71.1,72.5,70.8,71.5,71.5,71.5,Y,Y,Y,Y,Y,Y,Y,Y,Y,Y,Y,NA,Y,NA,Y,NA,Y,NA,Y,Boltonia decurrens,MBG Seed Bank,CCSD Seed Bank Freezer,NA,2023-12-01T00:00:00Z,Dormant,9628,Seed,Missouri Botanical Garden,Wild,Shaw Nature Reserve,NA,Project specific use only,2011-12-01T00:00:00Z,98,Smith,s.n.,08 Nov 1997,NA,NA,NA,NA,Open bottomland/floodplain,NA,Asteraceae,NA,NA
