K,Error,Loglikelihood,Delta
1,0.29883,-8.27E+06,0
2,0.28578,,
3,0.2784,,
4,0.273,,
5,0.27048,,
6,0.26594,,
7,0.26355,,
8,0.26157,,
9,0.26012,,
10,0.25959,,
