Sample_Name,PC1,PC2,PC3,PC4,PC5,PC6,PC7,PC8,PC9,PC10,Sample_Species,index,label,MaternalLine,FlowerHead,State,County,Latitude,Longitude,Google_latitude,Google_longitude,Adapted_Longitude,Adapted_Latitude,PC1_variance,PC2_variance,shape_number
Boltonia_001,0.0574146,0.0556028,-0.00950408,0.0303709,0.0532324,-0.00663752,0.00144906,0.0893173,-0.154065,0.00458163,B. decurrens,1,3-4-4,2011-2599-1,2,Illinois,Saint Clair,38.6494444,-90.1161111,38.651507278988504,-90.10298738781108,-90.1161111,38.6494444,2.6411743114804036,2.4275946859839412,22
Boltonia_002,0.0589546,0.0556121,-0.00676394,0.0310532,0.0614978,-0.00610553,0.00308633,0.100099,-0.17488,0.00549106,B. decurrens,2,3-4-3,2011-2599-1,2,Illinois,Saint Clair,38.6494444,-90.1161111,38.651507278988504,-90.10298738781108,-90.1161111,38.6494444,2.6411743114804036,2.4275946859839412,22
Boltonia_004,0.00199279,-0.00633635,0.0333746,0.00962668,-0.00751789,-0.0800514,-0.0429645,-0.0197925,-0.00467724,0.00519993,B. decurrens,4,4-6-12,2011-2659-1,12B,Illinois,Frederick,NA,NA,40.07116308939078,-90.429571958886,-90.429571958886,40.07116308939078,2.6411743114804036,2.4275946859839412,22
Boltonia_005,-0.114341,0.0691993,-0.0232613,-0.00866077,0.00618703,0.0130828,0.00108802,-0.00341701,-0.00306769,-0.00135955,B. decurrens,5,5-2-8,2011-2613-1,8A,Illinois,Fulton,40.2047222,-90.1994444,40.20813714639404,-90.18724497777134,-90.1994444,40.2047222,2.6411743114804036,2.4275946859839412,22
Boltonia_006,-0.126205,0.0749935,-0.0219067,-0.0139078,0.0088706,0.0183516,0.00544633,-0.00415198,-0.00452053,0.00849925,B. decurrens,6,1-6-5,2011-2664-1,14,Illinois,Fulton,40.2047222,-90.1994444,40.207444479612775,-90.1871999885973,-90.1994444,40.2047222,2.6411743114804036,2.4275946859839412,22
Boltonia_007,-1.79518e-4,-0.0276319,-0.0131821,-0.00238257,-0.00157054,-0.0157813,0.00999103,0.0020487,0.00460028,-0.00351967,B. decurrens,7,2-1-1,2011-2661-1,7B,Illinois,Tazewell,NA,NA,40.69584983597212,-89.54394792156027,-89.54394792156027,40.69584983597212,2.6411743114804036,2.4275946859839412,22
Boltonia_008,0.0999787,0.112957,-0.0490195,-0.114878,-0.0995371,0.00452986,-0.00156421,-0.0378925,0.0334864,-0.00155007,B. decurrens,8,3-3-1,2011-2635-1,28,Illinois,Alton,NA,NA,38.86501904919102,-90.22302347588696,-90.22302347588696,38.86501904919102,2.6411743114804036,2.4275946859839412,22
Boltonia_009,5.29069e-4,-0.0184876,0.112712,-0.0766126,0.0408088,0.0497513,0.0130753,2.89903e-4,-0.00303475,-0.00157766,B. decurrens,9,8-6-1,2011-2598-1,L1B,Illinois,Jersey,NA,NA,38.961398423802066,-90.51481032460988,-90.51481032460988,38.961398423802066,2.6411743114804036,2.4275946859839412,22
Boltonia_012,-0.00199141,-0.0194838,0.120079,-0.0792285,0.0394318,0.0432105,0.00820886,0.00373574,0.00272843,-0.00333952,B. decurrens,12,2-6-8,2011-2598-1,L13B,Illinois,Jersey,NA,NA,38.961398423802066,-90.51481032460988,-90.51481032460988,38.961398423802066,2.6411743114804036,2.4275946859839412,22
Boltonia_013,0.00137129,-0.0536015,-0.0446033,-0.0149876,0.00964035,0.0228175,-0.0305947,-7.36079e-4,-0.00437174,-0.0501174,B. decurrens,13,5-6-5,2011-2629-1,28C,Illinois,Marshal,41.045,-89.4311111,41.02868892611459,-89.43846248262098,-89.4311111,41.045,2.6411743114804036,2.4275946859839412,22
Boltonia_014,-0.118051,0.0719775,-0.0247459,-0.00875883,0.00750947,0.0111922,3.32215e-4,0.00110704,0.0057051,0.00150457,B. decurrens,14,10-6-5,2011-2613-1,14B,Illinois,Fulton,40.2047222,-90.1994444,40.20813714639404,-90.18724497777134,-90.1994444,40.2047222,2.6411743114804036,2.4275946859839412,22
Boltonia_015,0.00323969,-0.0723858,-0.072968,-0.0204956,0.0150044,0.0608482,-0.0623006,-0.0102724,-0.00359245,0.231108,B. decurrens,15,1-2-6,2011-2623-1,30C,Illinois,Hennepin,NA,NA,41.34414603458205,-89.55849691836283,-89.55849691836283,41.34414603458205,2.6411743114804036,2.4275946859839412,22
Boltonia_016,0.0867793,0.0936231,-0.037062199999999997,-0.0845252,-0.0708004,0.00307043,9.75614e-4,-0.0189382,0.0173951,0.00427607,B. decurrens,16,9-6-8,2011-2635-1,17,Illinois,Alton,NA,NA,38.86501904919102,-90.22302347588696,-90.22302347588696,38.86501904919102,2.6411743114804036,2.4275946859839412,22
Boltonia_017,-0.0840444,0.0481341,-0.0167199,-0.00683733,0.00560653,0.0017031,-0.00509426,-9.47106e-4,0.00135651,-0.0081376,B. decurrens,17,9-5-3,2011-2664-1,7,Illinois,Fulton,40.2047222,-90.1994444,40.207444479612775,-90.1871999885973,-90.1994444,40.2047222,2.6411743114804036,2.4275946859839412,22
Boltonia_019,0.00158709,-0.00973213,0.0314677,0.0161315,-0.013075700000000001,-0.0912822,-0.0564214,-0.0264803,-0.00839009,-0.0098691,B. decurrens,19,2-3-5,2011-2675-1,2A,Illinois,Schuyler,40.0672223,-90.4275,40.07010712467176,-90.42899627731744,-90.4275,40.0672223,2.6411743114804036,2.4275946859839412,22
Boltonia_020,3.69146e-4,-0.0531708,-0.0455775,-0.0183358,0.0106912,0.0175877,-0.020111,0.00380791,-0.00375468,-0.017407,B. decurrens,20,7-1-6,2011-2650-1,18A,Illinois,Woodford,40.8852777,-89.4583333,40.84668797480775,-89.0297386240063,-89.4583333,40.8852777,2.6411743114804036,2.4275946859839412,22
Boltonia_021,0.00190654,-0.00911422,0.0104997,0.013119,-0.00537754,-0.0352367,-5.49313e-4,0.0151191,0.00507163,-0.0090561,B. decurrens,21,2-4-1,2011-2666-1,18A,Illinois,Fulton,40.4925,-89.9022222,40.46699902833787,-89.9485498557629,-89.9022222,40.4925,2.6411743114804036,2.4275946859839412,22
Boltonia_022,0.00247716,-0.0099744,0.0161515,0.0080232,-0.00882035,-0.0273448,-0.00879353,0.0138861,0.0111245,0.00324456,B. decurrens,22,10-2-3,2011-2636-1,23,Illinois,Cass,40.010555600000004,-90.4458333,40.0178975293398,-90.42445029519196,-90.4458333,40.010555600000004,2.6411743114804036,2.4275946859839412,22
Boltonia_023,-0.0977257,0.0588857,-0.0186494,-0.00716431,0.00593589,0.0062869,0.00103748,-0.00374051,-0.00670763,0.00263793,B. decurrens,23,4-4-1,2011-2664-1,29,Illinois,Fulton,40.2047222,-90.1994444,40.207444479612775,-90.1871999885973,-90.1994444,40.2047222,2.6411743114804036,2.4275946859839412,22
Boltonia_024,0.00496905,-0.0535317,-0.0483922,-0.0163738,0.0075435,0.0287881,-0.024308,0.00256665,-0.0030828,0.031885,B. decurrens,24,5-2-11,2011-2623-1,25C,Illinois,Hennepin,NA,NA,41.34414603458205,-89.55849691836283,-89.55849691836283,41.34414603458205,2.6411743114804036,2.4275946859839412,22
Boltonia_025,0.0560714,0.0506403,-0.00812122,0.0306997,0.0500237,-0.00840016,0.0057182,0.0837649,-0.136804,0.0209331,B. decurrens,25,2-6-12,2011-2675-1,25A,Illinois,Schuyler,40.0672223,-90.4275,40.07010712467176,-90.42899627731744,-90.4275,40.0672223,2.6411743114804036,2.4275946859839412,22
Boltonia_026,1.44917e-4,-0.0394752,-0.0250553,0.0018882,0.00134637,-0.0604057,0.180552,-0.0159396,0.00423254,0.0198477,B. decurrens,26,6-3-5,2011-2618-1,7B,Illinois,Peoria,40.7222223,-89.5519444,40.69352232924267,-89.59142458669179,-89.5519444,40.7222223,2.6411743114804036,2.4275946859839412,22
Boltonia_027,-0.00246571,-0.0178027,0.123811,-0.09062,0.0445796,0.0494867,0.0134713,-6.29624e-4,-0.0012749,1.04381e-4,B. decurrens,27,8-6-12,2011-2598-1,L3B,Illinois,Jersey,NA,NA,38.961398423802066,-90.51481032460988,-90.51481032460988,38.961398423802066,2.6411743114804036,2.4275946859839412,22
Boltonia_028,0.00193536,-0.0367592,-0.0261976,0.00184988,0.0023029,-0.064839,0.170461,-0.0181969,0.00136845,0.0169356,B. decurrens,28,9-4-8,2011-2618-1,20C,Illinois,Peoria,40.7222223,-89.5519444,40.69352232924267,-89.59142458669179,-89.5519444,40.7222223,2.6411743114804036,2.4275946859839412,22
Boltonia_029,0.00119307,-0.0538986,-0.0481263,-0.014566,0.00863216,0.0203481,-0.0219011,0.00694322,-0.00193249,-0.0342745,B. decurrens,29,10-6-12,2011-2650-1,20C,Illinois,Woodford,40.8852777,-89.4583333,40.84668797480775,-89.0297386240063,-89.4583333,40.8852777,2.6411743114804036,2.4275946859839412,22
Boltonia_030,0.00309299,-0.0282808,-0.0107944,-4.98675e-4,7.43184e-4,-0.019444,0.0128013,0.00407409,0.00247891,5.26509e-4,B. decurrens,30,9-6-11,2011-2661-1,20B,Illinois,Tazewell,NA,NA,40.69584983597212,-89.54394792156027,-89.54394792156027,40.69584983597212,2.6411743114804036,2.4275946859839412,22
Boltonia_031,0.0130739,0.00792175,0.0223241,0.0505934,-0.03227,0.00697688,-0.00157091,0.117742,0.0883573,0.0100611,B. decurrens,31,10-5-4,2011-2620-1,14C,Illinois,Morgan,39.8672223,-90.5533333,39.87546015928839,-90.55308508241012,-90.5533333,39.8672223,2.6411743114804036,2.4275946859839412,22
Boltonia_032,0.00640746,-0.00438229,0.0469825,0.0993764,-0.0937099,0.0923167,0.0102982,-0.0958378,-0.056184,-0.00232422,B. decurrens,32,3-1-8,2011-2638-1,15C,Illinois,Scott,39.7852777,-90.5902777,39.786569766256626,-90.58910563509704,-90.5902777,39.7852777,2.6411743114804036,2.4275946859839412,22
Boltonia_033,0.00247664,-0.0546974,-0.050762,-0.0143093,0.0112447,0.0258467,-0.0250267,-8.15756e-4,6.34164e-4,-0.0481506,B. decurrens,33,7-5-8,2011-2629-1,17B,Illinois,Marshal,41.045,-89.4311111,41.02868892611459,-89.43846248262098,-89.4311111,41.045,2.6411743114804036,2.4275946859839412,22
Boltonia_034,0.0818123,0.083772,-0.0194692,0.0916814,0.18545,0.0301245,0.00125155,-0.101786,0.10912,-0.00774888,B. decurrens,34,6-3-8,2011-2609-1,18C,Illinois,Madison,38.6891666,-90.0972222,38.69652811427051,-90.085926104309,-90.0972222,38.6891666,2.6411743114804036,2.4275946859839412,22
Boltonia_035,0.055086,0.0517814,-0.0100023,0.0304509,0.0480699,-0.00239006,0.00173428,0.0726095,-0.105391,0.00466924,B. decurrens,35,7-5-12,2011-2599-1,24,Illinois,Saint Clair,38.6494444,-90.1161111,38.651507278988504,-90.10298738781108,-90.1161111,38.6494444,2.6411743114804036,2.4275946859839412,22
Boltonia_036,0.0629948,0.0580275,-0.00988717,0.031527,0.0559705,-0.00481409,2.32918e-4,0.108249,-0.185756,0.0116703,B. decurrens,36,5-4-2,2011-2599-1,9,Illinois,Saint Clair,38.6494444,-90.1161111,38.651507278988504,-90.10298738781108,-90.1161111,38.6494444,2.6411743114804036,2.4275946859839412,22
Boltonia_037,-7.87319e-4,-0.0302533,-0.0186854,0.00460752,-0.0030289,-0.0157386,0.0204443,0.00459501,0.00497678,-4.0777e-4,B. decurrens,37,10-3-5,2011-2661-1,12A,Illinois,Tazewell,NA,NA,40.69584983597212,-89.54394792156027,-89.54394792156027,40.69584983597212,2.6411743114804036,2.4275946859839412,22
Boltonia_038,0.0130573,2.39027e-4,0.041826,0.0902349,-0.0771873,0.0724202,0.0100561,-0.0224536,-0.00210097,5.46698e-4,B. decurrens,38,11-5-8,2011-2638-1,22A,Illinois,Scott,39.7852777,-90.5902777,39.786569766256626,-90.58910563509704,-90.5902777,39.7852777,2.6411743114804036,2.4275946859839412,22
Boltonia_039,0.0118451,0.00769411,0.0247491,0.050964,-0.0361876,0.0105952,-0.00877019,0.116877,0.0900795,0.0025738,B. decurrens,39,8-1-6,2011-2620-1,30B,Illinois,Morgan,39.8672223,-90.5533333,39.87546015928839,-90.55308508241012,-90.5533333,39.8672223,2.6411743114804036,2.4275946859839412,22
Boltonia_040,-0.00143328,-0.0374447,-0.0242722,-1.4594e-4,0.00216164,-0.0652786,0.17336,-0.0212261,0.00115973,0.00932087,B. decurrens,40,7-6-2,2011-2618-1,3C,Illinois,Peoria,40.7222223,-89.5519444,40.69352232924267,-89.59142458669179,-89.5519444,40.7222223,2.6411743114804036,2.4275946859839412,22
Boltonia_042,0.0821442,0.0837861,-0.0188777,0.0931068,0.188365,0.0294471,-0.00132551,-0.100411,0.109525,-0.00777689,B. decurrens,42,6-3-6,2011-2609-1,18C,Illinois,Madison,38.6891666,-90.0972222,38.69652811427051,-90.085926104309,-90.0972222,38.6891666,2.6411743114804036,2.4275946859839412,22
Boltonia_043,-0.12565,0.0770399,-0.0281125,-0.00796756,0.00676613,0.0156548,3.46946e-4,7.96047e-4,-0.00229624,0.00400291,B. decurrens,43,6-4-9,2011-2613-1,1A,Illinois,Fulton,40.2047222,-90.1994444,40.20813714639404,-90.18724497777134,-90.1994444,40.2047222,2.6411743114804036,2.4275946859839412,22
Boltonia_044,0.00299492,-0.00513635,0.0187174,0.00813113,-0.00574108,-0.0212671,-0.00654807,0.0119489,0.00406531,-0.0115117,B. decurrens,44,5-1-1,2011-2636-1,18,Illinois,Cass,40.010555600000004,-90.4458333,40.0178975293398,-90.42445029519196,-90.4458333,40.010555600000004,2.6411743114804036,2.4275946859839412,22
Boltonia_045,-0.114346,0.0687205,-0.023209,-0.00907496,0.00900399,0.0153428,0.00472445,-0.0048826,-0.00391932,0.00630911,B. decurrens,45,2-3-3,2011-2664-1,12,Illinois,Fulton,40.2047222,-90.1994444,40.207444479612775,-90.1871999885973,-90.1994444,40.2047222,2.6411743114804036,2.4275946859839412,22
Boltonia_046,0.00212827,-0.0093249,0.0338981,0.0082616,-0.0105464,-0.0744601,-0.0451001,-0.0164015,-0.00335766,-0.00504342,B. decurrens,46,4-3-4,2011-2675-1,19B,Illinois,Schuyler,40.0672223,-90.4275,40.07010712467176,-90.42899627731744,-90.4275,40.0672223,2.6411743114804036,2.4275946859839412,22
Boltonia_047,0.0104385,-3.93887e-4,0.0384466,0.087454,-0.0727902,0.0607493,0.0115556,-0.0261925,-0.00681217,0.00266066,B. decurrens,47,3-3-10,2011-2638-1,6A,Illinois,Scott,39.7852777,-90.5902777,39.786569766256626,-90.58910563509704,-90.5902777,39.7852777,2.6411743114804036,2.4275946859839412,22
Boltonia_048,-0.00188364,-0.00538826,0.0362026,0.0105257,-0.00644901,-0.0831268,-0.0518836,-0.017863,-0.00465665,4.81139e-4,B. decurrens,48,3-6-11,2011-2675-1,9B,Illinois,Schuyler,40.0672223,-90.4275,40.07010712467176,-90.42899627731744,-90.4275,40.0672223,2.6411743114804036,2.4275946859839412,22
Boltonia_050,0.015381,0.00670024,0.0256381,0.0510417,-0.0349075,0.00986363,-0.00906113,0.108478,0.079199,0.00251886,B. decurrens,50,8-5-2,2011-2620-1,12B,Illinois,Morgan,39.8672223,-90.5533333,39.87546015928839,-90.55308508241012,-90.5533333,39.8672223,2.6411743114804036,2.4275946859839412,22
Boltonia_051,0.100967,0.107916,-0.0475671,-0.107142,-0.0851788,0.00874899,0.00394744,-0.0297709,0.0250782,-0.00167821,B. decurrens,51,3-1-5,2011-2635-1,2,Illinois,Alton,NA,NA,38.86501904919102,-90.22302347588696,-90.22302347588696,38.86501904919102,2.6411743114804036,2.4275946859839412,22
Boltonia_052,0.0891345,0.0944369,-0.0391621,-0.085606,-0.0665907,0.00701995,0.00453606,-0.016627,0.00916043,-0.00119654,B. decurrens,52,3-3-5,2011-2635-1,21,Illinois,Alton,NA,NA,38.86501904919102,-90.22302347588696,-90.22302347588696,38.86501904919102,2.6411743114804036,2.4275946859839412,22
Boltonia_053,0.00177916,-0.0532069,-0.052062,-0.0126987,0.00573329,0.0221573,-0.0302633,-2.79438e-4,2.83109e-4,0.0299366,B. decurrens,53,5-2-4,2011-2623-1,19A,Illinois,Hennepin,NA,NA,41.34414603458205,-89.55849691836283,-89.55849691836283,41.34414603458205,2.6411743114804036,2.4275946859839412,22
Boltonia_054,5.2111e-4,-0.0368127,-0.0212935,-0.00475229,8.54347e-4,-0.0505159,0.150091,-0.0131471,0.00744672,0.0155204,B. decurrens,54,9-1-2,2011-2618-1,2C,Illinois,Peoria,40.7222223,-89.5519444,40.69352232924267,-89.59142458669179,-89.5519444,40.7222223,2.6411743114804036,2.4275946859839412,22
Boltonia_055,-0.124629,0.0746147,-0.0231007,-0.00954832,0.006338,0.0172822,0.00225026,-0.00284154,-0.00391864,0.00400146,B. decurrens,55,12-3-4,2011-2664-1,10,Illinois,Fulton,40.2047222,-90.1994444,40.207444479612775,-90.1871999885973,-90.1994444,40.2047222,2.6411743114804036,2.4275946859839412,22
Boltonia_056,0.00601351,-0.0563799,-0.051814,-0.017159399999999998,0.00802759,0.028525,-0.0271897,0.00160705,-0.00509265,0.0336456,B. decurrens,56,6-5-4,2011-2623-1,27B,Illinois,Hennepin,NA,NA,41.34414603458205,-89.55849691836283,-89.55849691836283,41.34414603458205,2.6411743114804036,2.4275946859839412,22
Boltonia_057,0.00335467,-0.0506336,-0.0455894,-0.0169023,0.0107637,0.0242262,-0.0157803,0.00258111,-0.00679005,0.0184809,B. decurrens,57,5-2-10,2011-2623-1,25C,Illinois,Hennepin,NA,NA,41.34414603458205,-89.55849691836283,-89.55849691836283,41.34414603458205,2.6411743114804036,2.4275946859839412,22
Boltonia_058,-0.00177715,-0.0203925,0.130194,-0.0886557,0.0456809,0.051832,0.0140162,0.00198939,8.36491e-4,0.00712496,B. decurrens,58,5-5-2,2011-2598-1,L7B,Illinois,Jersey,NA,NA,38.961398423802066,-90.51481032460988,-90.51481032460988,38.961398423802066,2.6411743114804036,2.4275946859839412,22
Boltonia_059,0.0179881,0.00493478,0.0237401,0.0574649,-0.0368929,0.0153594,-7.51682e-4,0.143549,0.116992,0.0183709,B. decurrens,59,10-5-6,2011-2620-1,7B,Illinois,Morgan,39.8672223,-90.5533333,39.87546015928839,-90.55308508241012,-90.5533333,39.8672223,2.6411743114804036,2.4275946859839412,22
Boltonia_060,0.00372025,-0.0648437,-0.0675301,-0.0202994,0.0145411,0.0542292,-0.0547906,-0.00918125,0.00145301,0.159497,B. decurrens,60,12-4-6,2011-2623-1,28C,Illinois,Hennepin,NA,NA,41.34414603458205,-89.55849691836283,-89.55849691836283,41.34414603458205,2.6411743114804036,2.4275946859839412,22
Boltonia_061,0.00865747,-0.00417957,0.052316,0.11002,-0.0998473,0.104627,0.0177237,-0.105386,-0.0652198,-0.00196973,B. decurrens,61,13-1-10,2011-2613-1,17A,Illinois,Fulton,40.2047222,-90.1994444,40.20813714639404,-90.18724497777134,-90.1994444,40.2047222,2.6411743114804036,2.4275946859839412,22
Boltonia_062,-0.127542,0.0766739,-0.0265798,-0.0128368,0.00909505,0.0193892,0.00157369,-0.00457554,-0.00553754,0.00785316,B. decurrens,62,2-3-2,2011-2664-1,12,Illinois,Fulton,40.2047222,-90.1994444,40.207444479612775,-90.1871999885973,-90.1994444,40.2047222,2.6411743114804036,2.4275946859839412,22
Boltonia_063,0.00313009,-0.0553432,-0.0517129,-0.017104,0.012091,0.0251216,-0.0255743,0.0057175,0.00142443,-0.0228207,B. decurrens,63,12-3-8,2011-2650-1,10C,Illinois,Woodford,40.8852777,-89.4583333,40.84668797480775,-89.0297386240063,-89.4583333,40.8852777,2.6411743114804036,2.4275946859839412,22
Boltonia_064,0.0592136,0.054729,-0.00527471,0.0320511,0.0518342,-0.00624708,0.00385664,0.0777274,-0.124963,0.00773332,B. decurrens,64,12-1-9,2011-2599-1,7,Illinois,Saint Clair,38.6494444,-90.1161111,38.651507278988504,-90.10298738781108,-90.1161111,38.6494444,2.6411743114804036,2.4275946859839412,22
Boltonia_065,0.0045589,-0.056174,-0.0566217,-0.0167775,0.00984713,0.0362631,-0.0400284,-8.20182e-4,-0.00164937,0.0578634,B. decurrens,65,7-5-1,2011-2623-1,21A,Illinois,Hennepin,NA,NA,41.34414603458205,-89.55849691836283,-89.55849691836283,41.34414603458205,2.6411743114804036,2.4275946859839412,22
Boltonia_066,0.00218969,-0.0491789,-0.0479241,-0.0158709,0.0133214,0.022339,-0.024275,-0.00239542,-0.00287215,-0.0521345,B. decurrens,66,6-6-11,2011-2629-1,14A,Illinois,Marshal,41.045,-89.4311111,41.02868892611459,-89.43846248262098,-89.4311111,41.045,2.6411743114804036,2.4275946859839412,22
Boltonia_067,-0.00143788,-0.0201753,0.123951,-0.0823807,0.0410735,0.0496089,0.0150581,-0.00417154,-8.56404e-5,0.0037214,B. decurrens,67,6-5-3,2011-2598-1,L4B,Illinois,Jersey,NA,NA,38.961398423802066,-90.51481032460988,-90.51481032460988,38.961398423802066,2.6411743114804036,2.4275946859839412,22
Boltonia_070,1.86319e-4,-0.0337198,-0.0231484,-0.00459071,0.00363691,-0.00893876,0.0229581,3.83002e-4,-5.54332e-4,-0.00212429,B. decurrens,70,3-5-5,2011-2661-1,4A,Illinois,Tazewell,NA,NA,40.69584983597212,-89.54394792156027,-89.54394792156027,40.69584983597212,2.6411743114804036,2.4275946859839412,22
Boltonia_071,0.0131883,0.00617593,0.0231631,0.0545454,-0.0374564,0.0148672,-0.0117846,0.125334,0.0988485,0.00337452,B. decurrens,71,12-4-2,2011-2620-1,19A,Illinois,Morgan,39.8672223,-90.5533333,39.87546015928839,-90.55308508241012,-90.5533333,39.8672223,2.6411743114804036,2.4275946859839412,22
Boltonia_072,0.0830013,0.0821468,-0.02132,0.0921205,0.1957,0.0346368,0.00230517,-0.101479,0.106254,-0.00568062,B. decurrens,72,8-3-4,2011-2609-1,X1,Illinois,Madison,38.6891666,-90.0972222,38.69652811427051,-90.085926104309,-90.0972222,38.6891666,2.6411743114804036,2.4275946859839412,22
Boltonia_073,0.00128408,-0.0516947,-0.0437513,-0.0145604,0.00730537,0.0212085,-0.0241506,-0.00384391,-0.00365554,-0.0474862,B. decurrens,73,7-5-9,2011-2629-1,3B,Illinois,Marshal,41.045,-89.4311111,41.02868892611459,-89.43846248262098,-89.4311111,41.045,2.6411743114804036,2.4275946859839412,22
Boltonia_074,0.00127892,-0.0107235,0.0061088,0.0128103,-0.00900414,-0.0424267,-0.00242473,0.0151854,0.0119636,-0.0156184,B. decurrens,74,4-3-7,2011-2666-1,19C,Illinois,Fulton,40.4925,-89.9022222,40.46699902833787,-89.9485498557629,-89.9022222,40.4925,2.6411743114804036,2.4275946859839412,22
Boltonia_075,0.00679971,-0.00394248,0.0397425,0.0916199,-0.0818352,0.072577,0.0131686,-0.0678505,-0.03501,0.00152109,B. decurrens,75,9-2-2,2011-2638-1,24B,Illinois,Scott,39.7852777,-90.5902777,39.786569766256626,-90.58910563509704,-90.5902777,39.7852777,2.6411743114804036,2.4275946859839412,22
Boltonia_076,0.0189263,0.00823467,0.0261499,0.0619257,-0.0400841,0.010812,-0.0119891,0.152609,0.128211,0.00888655,B. decurrens,76,6-5-10,2011-2620-1,20A,Illinois,Morgan,39.8672223,-90.5533333,39.87546015928839,-90.55308508241012,-90.5533333,39.8672223,2.6411743114804036,2.4275946859839412,22
Boltonia_077,6.31959e-4,-0.0589355,-0.053854,-0.0168758,0.00871843,0.024162200000000002,-0.0248016,0.00687396,-7.21459e-4,-0.026266,B. decurrens,77,3-6-2,2011-2650-1,19C,Illinois,Woodford,40.8852777,-89.4583333,40.84668797480775,-89.0297386240063,-89.4583333,40.8852777,2.6411743114804036,2.4275946859839412,22
Boltonia_078,8.12443e-4,-0.00750373,0.0414881,0.0128215,-0.0107178,-0.121045,-0.0828863,-0.061176,-0.0120403,0.0173552,B. decurrens,78,8-2-6,2011-2659-1,11A,Illinois,Frederick,NA,NA,40.07116308939078,-90.429571958886,-90.429571958886,40.07116308939078,2.6411743114804036,2.4275946859839412,22
Boltonia_079,0.00138601,-0.012146,0.0336533,0.00717266,-0.0092554,-0.0676431,-0.038002,-0.0237026,-0.00776481,-1.55862e-4,B. decurrens,79,2-1-4,2011-2675-1,29B,Illinois,Schuyler,40.0672223,-90.4275,40.07010712467176,-90.42899627731744,-90.4275,40.0672223,2.6411743114804036,2.4275946859839412,22
Boltonia_080,0.00100928,-0.0508856,-0.0430048,-0.0113911,0.00826981,0.0156126,-0.00878869,0.00334707,0.00228619,-0.0236456,B. decurrens,80,7-1-8,2011-2650-1,27B,Illinois,Woodford,40.8852777,-89.4583333,40.84668797480775,-89.0297386240063,-89.4583333,40.8852777,2.6411743114804036,2.4275946859839412,22
Boltonia_081,0.00371426,-0.0627386,-0.0632183,-0.0187797,0.0120287,0.0507054,-0.0489479,-0.00882173,-5.96652e-4,0.135193,B. decurrens,81,5-6-6,2011-2623-1,28C,Illinois,Hennepin,NA,NA,41.34414603458205,-89.55849691836283,-89.55849691836283,41.34414603458205,2.6411743114804036,2.4275946859839412,22
Boltonia_083,-0.00146146,-0.019837,0.116374,-0.0782783,0.0398514,0.0436785,0.0108053,5.49134e-4,-0.00410559,0.00366131,B. decurrens,83,2-2-2,2011-2598-1,S11C,Illinois,Jersey,NA,NA,38.961398423802066,-90.51481032460988,-90.51481032460988,38.961398423802066,2.6411743114804036,2.4275946859839412,22
Boltonia_084,0.00250362,-0.00604117,0.0283061,0.0110065,-0.0096031,-0.0780787,-0.0419924,-0.0124906,-0.00264838,-0.0056246000000000004,B. decurrens,84,2-5-9,2011-2675-1,5A,Illinois,Schuyler,40.0672223,-90.4275,40.07010712467176,-90.42899627731744,-90.4275,40.0672223,2.6411743114804036,2.4275946859839412,22
Boltonia_085,2.71034e-4,-0.0549505,-0.0477094,-0.0155248,0.00963197,0.0187399,-0.0202868,-0.00132524,-1.86607e-4,-0.0255516,B. decurrens,85,2-3-10,2011-2650-1,1A,Illinois,Woodford,40.8852777,-89.4583333,40.84668797480775,-89.0297386240063,-89.4583333,40.8852777,2.6411743114804036,2.4275946859839412,22
Boltonia_086,0.009751,-0.00381028,0.0320208,0.0675599,-0.056302,0.0338073,0.00648322,-0.0160178,-2.82149e-4,0.00915732,B. decurrens,86,7-1-2,2011-2638-1,30B,Illinois,Scott,39.7852777,-90.5902777,39.786569766256626,-90.58910563509704,-90.5902777,39.7852777,2.6411743114804036,2.4275946859839412,22
Boltonia_087,0.00425913,-0.0492777,-0.0383018,-0.0120195,0.00631964,0.0134127,-0.0136837,0.00166924,-0.00392488,-0.0368522,B. decurrens,87,7-5-6,2011-2629-1,17B,Illinois,Marshal,41.045,-89.4311111,41.02868892611459,-89.43846248262098,-89.4311111,41.045,2.6411743114804036,2.4275946859839412,22
Boltonia_088,-0.0869223,0.0529474,-0.0160062,-0.00139471,0.00575972,-0.00394233,-0.00438189,0.00268003,5.89348e-4,3.49181e-4,B. decurrens,88,9-5-4,2011-2664-1,7,Illinois,Fulton,40.2047222,-90.1994444,40.207444479612775,-90.1871999885973,-90.1994444,40.2047222,2.6411743114804036,2.4275946859839412,22
Boltonia_089,0.00285371,-0.0520157,-0.0433969,-0.0128483,0.0102159,0.0202675,-0.0145775,0.00342225,-0.00420464,-0.0293647,B. decurrens,89,6-6-9,2011-2629-1,1C,Illinois,Marshal,41.045,-89.4311111,41.02868892611459,-89.43846248262098,-89.4311111,41.045,2.6411743114804036,2.4275946859839412,22
Boltonia_090,0.00254556,-0.0513941,-0.0450364,-0.0139927,0.0095154,0.0219761,-0.0149345,0.00167092,-0.00644196,-0.0342954,B. decurrens,90,6-6-7,2011-2629-1,1C,Illinois,Marshal,41.045,-89.4311111,41.02868892611459,-89.43846248262098,-89.4311111,41.045,2.6411743114804036,2.4275946859839412,22
Boltonia_091,-0.00194254,-0.0206426,0.119205,-0.0805694,0.0376587,0.0469564,0.0169675,0.00484623,0.00296732,-0.00111692,B. decurrens,91,7-2-7,2011-2598-1,L9D,Illinois,Jersey,NA,NA,38.961398423802066,-90.51481032460988,-90.51481032460988,38.961398423802066,2.6411743114804036,2.4275946859839412,22
Boltonia_092,-0.106324,0.0641011,-0.021571,-0.00650463,0.00691551,0.00443571,-0.00294214,-0.00107541,0.00256347,-2.53957e-4,B. decurrens,92,5-5-8,2011-2613-1,14B,Illinois,Fulton,40.2047222,-90.1994444,40.20813714639404,-90.18724497777134,-90.1994444,40.2047222,2.6411743114804036,2.4275946859839412,22
Boltonia_093,0.00239553,-0.00953916,0.00904768,0.0127399,-0.00780301,-0.0361198,-1.21257e-4,0.0151481,0.010666,-0.0173766,B. decurrens,93,6-1-3,2011-2666-1,7B,Illinois,Fulton,40.4925,-89.9022222,40.46699902833787,-89.9485498557629,-89.9022222,40.4925,2.6411743114804036,2.4275946859839412,22
Boltonia_094,0.0094554,2.78087e-4,0.0310039,0.0667557,-0.0569398,0.0419221,0.0058241,0.00642058,0.0130095,-0.00212837,B. decurrens,94,8-6-6,2011-2638-1,12C,Illinois,Scott,39.7852777,-90.5902777,39.786569766256626,-90.58910563509704,-90.5902777,39.7852777,2.6411743114804036,2.4275946859839412,22
Boltonia_095,0.00134119,-0.00946722,0.00786087,0.0100973,-0.00547366,-0.0338063,0.00181247,0.0186498,0.00547434,-0.00586495,B. decurrens,95,2-4-2,2011-2666-1,18A,Illinois,Fulton,40.4925,-89.9022222,40.46699902833787,-89.9485498557629,-89.9022222,40.4925,2.6411743114804036,2.4275946859839412,22
Boltonia_096,0.0143338,0.00595353,0.0248282,0.0580147,-0.0427214,0.0109967,-0.0131437,0.13904,0.118722,0.00273654,B. decurrens,96,12-4-1,2011-2620-1,19A,Illinois,Morgan,39.8672223,-90.5533333,39.87546015928839,-90.55308508241012,-90.5533333,39.8672223,2.6411743114804036,2.4275946859839412,22
Boltonia_097,0.00107634,-0.0126889,0.0484631,0.0108063,-0.012629,-0.157121,-0.100145,-0.0902985,-0.0173496,0.0425691,B. decurrens,97,9-1-12,2011-2659-1,1B,Illinois,Frederick,NA,NA,40.07116308939078,-90.429571958886,-90.429571958886,40.07116308939078,2.6411743114804036,2.4275946859839412,22
Boltonia_098,-4.76791e-5,-0.0386234,-0.0245913,-6.8268e-4,6.04498e-5,-0.0584717,0.161507,-0.0153479,0.00824338,0.0175647,B. decurrens,98,4-5-8,2011-2618-1,25A,Illinois,Peoria,40.7222223,-89.5519444,40.69352232924267,-89.59142458669179,-89.5519444,40.7222223,2.6411743114804036,2.4275946859839412,22
Boltonia_099,0.00298348,-0.00739153,0.0073285,0.0140551,-0.00874504,-0.0404157,4.50961e-4,0.0176921,0.0137495,-0.0132126,B. decurrens,99,3-3-6,2011-2666-1,21C,Illinois,Fulton,40.4925,-89.9022222,40.46699902833787,-89.9485498557629,-89.9022222,40.4925,2.6411743114804036,2.4275946859839412,22
Boltonia_100,-0.121914,0.075625,-0.0231421,-0.00886127,0.007394,0.0156408,5.37495e-4,-0.00322763,-2.71364e-4,0.00395719,B. decurrens,100,6-4-7,2011-2613-1,1A,Illinois,Fulton,40.2047222,-90.1994444,40.20813714639404,-90.18724497777134,-90.1994444,40.2047222,2.6411743114804036,2.4275946859839412,22
Boltonia_101,-5.83671e-4,-0.00611031,0.0300741,0.0134503,-0.0122528,-0.0794874,-0.0433506,-0.0222952,-0.00744432,-0.00362347,B. decurrens,101,10-3-11,2011-2675-1,21C,Illinois,Schuyler,40.0672223,-90.4275,40.07010712467176,-90.42899627731744,-90.4275,40.0672223,2.6411743114804036,2.4275946859839412,22
Boltonia_102,-5.89167e-4,-0.0230848,0.136469,-0.0970244,0.0507553,0.0558802,0.0136717,3.05135e-4,0.00214226,0.0010559,B. decurrens,102,6-5-2,2011-2598-1,L4B,Illinois,Jersey,NA,NA,38.961398423802066,-90.51481032460988,-90.51481032460988,38.961398423802066,2.6411743114804036,2.4275946859839412,22
Boltonia_103,-0.00201426,-0.0161286,0.115622,-0.0813642,0.0396017,0.0513358,0.0139992,0.00486349,9.63398e-4,0.00258799,B. decurrens,103,7-3-2,2011-2598-1,L5A,Illinois,Jersey,NA,NA,38.961398423802066,-90.51481032460988,-90.51481032460988,38.961398423802066,2.6411743114804036,2.4275946859839412,22
Boltonia_105,8.34783e-4,-0.0366449,-0.0233843,0.0012041,0.00209383,-0.054399,0.167666,-0.0131927,8.83257e-5,0.0134403,B. decurrens,105,6-3-4,2011-2618-1,7B,Illinois,Peoria,40.7222223,-89.5519444,40.69352232924267,-89.59142458669179,-89.5519444,40.7222223,2.6411743114804036,2.4275946859839412,22
Boltonia_106,-0.113657,0.0712695,-0.021078,-0.00640036,0.00649998,0.0110288,2.65144e-4,-0.00176431,-0.00211964,0.00399336,B. decurrens,106,8-4-7,2011-2613-1,22A,Illinois,Fulton,40.2047222,-90.1994444,40.20813714639404,-90.18724497777134,-90.1994444,40.2047222,2.6411743114804036,2.4275946859839412,22
Boltonia_107,0.00162035,-0.0531581,-0.0465362,-0.0119799,0.00958512,0.0169364,-0.0167154,-5.15721e-4,0.0025604,-0.0229712,B. decurrens,107,4-2-12,2011-2650-1,30C,Illinois,Woodford,40.8852777,-89.4583333,40.84668797480775,-89.0297386240063,-89.4583333,40.8852777,2.6411743114804036,2.4275946859839412,22
Boltonia_108,1.34819e-4,-0.0393155,-0.0248819,6.18174e-4,7.8056e-4,-0.0540361,0.148872,-0.021015,-6.56184e-4,0.0164155,B. decurrens,108,4-5-5,2011-2618-1,27C,Illinois,Peoria,40.7222223,-89.5519444,40.69352232924267,-89.59142458669179,-89.5519444,40.7222223,2.6411743114804036,2.4275946859839412,22
Boltonia_109,0.0144633,0.00187245,0.0262365,0.0505311,-0.033635,0.015682,-0.00538798,0.112809,0.0860213,-0.00215665,B. decurrens,109,10-4-5,2011-2620-1,13A,Illinois,Morgan,39.8672223,-90.5533333,39.87546015928839,-90.55308508241012,-90.5533333,39.8672223,2.6411743114804036,2.4275946859839412,22
Boltonia_110,-0.098683,0.0597712,-0.0202354,-0.00348743,0.00738849,0.00439949,-0.00198347,0.00211378,0.00736355,-0.00238385,B. decurrens,110,4-1-8,2011-2664-1,1,Illinois,Fulton,40.2047222,-90.1994444,40.207444479612775,-90.1871999885973,-90.1994444,40.2047222,2.6411743114804036,2.4275946859839412,22
Boltonia_111,0.00155731,-0.0100114,0.00636822,0.0122683,-0.00518697,-0.0324119,0.00394948,0.0160278,0.003149,-0.012076,B. decurrens,111,2-2-7,2011-2666-1,28A,Illinois,Fulton,40.4925,-89.9022222,40.46699902833787,-89.9485498557629,-89.9022222,40.4925,2.6411743114804036,2.4275946859839412,22
Boltonia_112,0.0019869,-0.0124375,0.00644423,0.00935137,-0.00855891,-0.0330656,0.00443889,0.0176781,0.0179459,-0.0213147,B. decurrens,112,8-3-10,2011-2666-1,3B,Illinois,Fulton,40.4925,-89.9022222,40.46699902833787,-89.9485498557629,-89.9022222,40.4925,2.6411743114804036,2.4275946859839412,22
Boltonia_113,-0.101444,0.06088,-0.0175023,-0.00550397,0.00685779,0.0014353,-0.00543977,0.00165469,0.00392468,-0.0019087,B. decurrens,113,9-5-2,2011-2664-1,7,Illinois,Fulton,40.2047222,-90.1994444,40.207444479612775,-90.1871999885973,-90.1994444,40.2047222,2.6411743114804036,2.4275946859839412,22
Boltonia_114,0.0576792,0.0525467,-0.00848904,0.0246927,0.0462541,-0.00765078,0.00297317,0.0802695,-0.128494,0.00438484,B. decurrens,114,10-4-4,2011-2599-1,27,Illinois,Saint Clair,38.6494444,-90.1161111,38.651507278988504,-90.10298738781108,-90.1161111,38.6494444,2.6411743114804036,2.4275946859839412,22
Boltonia_115,4.77126e-4,-0.007204,0.0376798,0.0138373,-0.0112412,-0.130552,-0.0856256,-0.0572226,-0.00573693,0.0256567,B. decurrens,115,4-1-11,2011-2659-1,10C,Illinois,Frederick,NA,NA,40.07116308939078,-90.429571958886,-90.429571958886,40.07116308939078,2.6411743114804036,2.4275946859839412,22
Boltonia_116,0.0014539,-0.0371092,-0.0206736,-0.00284057,0.00249105,-0.0515762,0.150509,-0.0119265,7.00975e-4,0.0117919,B. decurrens,116,6-2-11,2011-2618-1,24B,Illinois,Peoria,40.7222223,-89.5519444,40.69352232924267,-89.59142458669179,-89.5519444,40.7222223,2.6411743114804036,2.4275946859839412,22
Boltonia_117,0.00214236,-0.00656902,0.0125626,0.0129147,-0.0109933,-0.0377756,0.00329554,0.0158515,0.0138783,-0.0118976,B. decurrens,117,12-4-8,2011-2666-1,16B,Illinois,Fulton,40.4925,-89.9022222,40.46699902833787,-89.9485498557629,-89.9022222,40.4925,2.6411743114804036,2.4275946859839412,22
Boltonia_118,-2.08245e-4,-0.00857706,0.0312921,0.008045,-0.00612475,-0.0704832,-0.0352687,-0.0238065,-0.00718246,-0.0079739,B. decurrens,118,6-6-1,2011-2675-1,23A,Illinois,Schuyler,40.0672223,-90.4275,40.07010712467176,-90.42899627731744,-90.4275,40.0672223,2.6411743114804036,2.4275946859839412,22
Boltonia_119,0.00143387,-0.00706133,0.0321846,0.0115175,-0.00977945,-0.0742063,-0.0418808,-0.0137709,-0.00740403,-0.00307528,B. decurrens,119,13-1-5,2011-2675-1,18A,Illinois,Schuyler,40.0672223,-90.4275,40.07010712467176,-90.42899627731744,-90.4275,40.0672223,2.6411743114804036,2.4275946859839412,22
Boltonia_120,-0.0915473,0.054237,-0.0147379,-0.00643618,0.0075596,-6.70971e-4,-0.00641505,2.60553e-4,0.00325845,-0.00608828,B. decurrens,120,4-2-5,2011-2664-1,9,Illinois,Fulton,40.2047222,-90.1994444,40.207444479612775,-90.1871999885973,-90.1994444,40.2047222,2.6411743114804036,2.4275946859839412,22
Boltonia_121,-0.128331,0.0745926,-0.0274836,-0.0120722,0.00757358,0.0175775,0.00363519,-0.00132561,-0.00630239,-7.09105e-4,B. decurrens,121,3-2-9,2011-2664-1,8,Illinois,Fulton,40.2047222,-90.1994444,40.207444479612775,-90.1871999885973,-90.1994444,40.2047222,2.6411743114804036,2.4275946859839412,22
Boltonia_123,4.01016e-4,-0.050818,-0.0433824,-0.0130756,0.00953346,0.0218564,-0.0177936,6.14747e-4,0.00361308,-0.0278523,B. decurrens,123,10-1-9,2011-2650-1,11B,Illinois,Woodford,40.8852777,-89.4583333,40.84668797480775,-89.0297386240063,-89.4583333,40.8852777,2.6411743114804036,2.4275946859839412,22
Boltonia_124,0.00277086,-0.0523672,-0.0498011,-0.0184158,0.0142142,0.0230104,-0.0191764,-1.54742e-4,0.00236127,-0.0548111,B. decurrens,124,4-6-10,2011-2650-1,8B,Illinois,Woodford,40.8852777,-89.4583333,40.84668797480775,-89.0297386240063,-89.4583333,40.8852777,2.6411743114804036,2.4275946859839412,22
Boltonia_125,0.00138452,-0.0294789,-0.0156301,-2.03539e-4,3.54966e-4,-0.0227021,0.0185287,5.24767e-4,0.00222756,-0.00540182,B. decurrens,125,6-6-12,2011-2629-1,14A,Illinois,Marshal,41.045,-89.4311111,41.02868892611459,-89.43846248262098,-89.4311111,41.045,2.6411743114804036,2.4275946859839412,22
Boltonia_127,0.0944002,0.10291,-0.0438937,-0.0983945,-0.0797308,0.00426469,0.00273896,-0.0256469,0.0288845,-7.68413e-4,B. decurrens,127,4-3-9,2011-2635-1,8,Illinois,Alton,NA,NA,38.86501904919102,-90.22302347588696,-90.22302347588696,38.86501904919102,2.6411743114804036,2.4275946859839412,22
Boltonia_126,-0.00137508,-0.0427732,-0.0310374,-0.00373713,0.00120839,-0.0177043,0.0853356,-0.0133411,0.00523458,-0.00416783,B. decurrens,126,13-1-2,2011-2661-1,10B,Illinois,Tazewell,NA,NA,40.69584983597212,-89.54394792156027,-89.54394792156027,40.69584983597212,2.6411743114804036,2.4275946859839412,22
Boltonia_128,-2.85743e-4,-0.038739,-0.0289303,-0.00396919,0.00189986,-0.0140096,0.0481408,-0.0119252,0.00327594,-0.00895059,B. decurrens,128,13-2-3,2011-2661-1,26A,Illinois,Tazewell,NA,NA,40.69584983597212,-89.54394792156027,-89.54394792156027,40.69584983597212,2.6411743114804036,2.4275946859839412,22
Boltonia_129,-2.26256e-4,-0.00886715,0.0339365,0.00715072,-0.00577785,-0.0695255,-0.0358973,-0.00983677,-0.00507813,-0.00186535,B. decurrens,129,3-1-4,2011-2675-1,15B,Illinois,Schuyler,40.0672223,-90.4275,40.07010712467176,-90.42899627731744,-90.4275,40.0672223,2.6411743114804036,2.4275946859839412,22
Boltonia_130,0.00206023,-0.0541518,-0.0466993,-0.0183485,0.010977,0.0245996,-0.0269809,-1.24459e-5,-0.00251876,-0.0466928,B. decurrens,130,5-6-11,2011-2629-1,22B,Illinois,Marshal,41.045,-89.4311111,41.02868892611459,-89.43846248262098,-89.4311111,41.045,2.6411743114804036,2.4275946859839412,22
Boltonia_131,0.00389286,-0.067287,-0.0701317,-0.0205764,0.013677,0.0536052,-0.0638215,-0.011894,-0.00453807,0.193173,B. decurrens,131,5-3-2,2011-2623-1,12A,Illinois,Hennepin,NA,NA,41.34414603458205,-89.55849691836283,-89.55849691836283,41.34414603458205,2.6411743114804036,2.4275946859839412,22
Boltonia_132,5.00344e-6,-0.0485067,-0.0457276,-0.0179086,0.0123001,0.0140807,-0.0334593,-0.00138424,-0.00923084,-0.0593977,B. decurrens,132,6-2-2,2011-2629-1,19C,Illinois,Marshal,41.045,-89.4311111,41.02868892611459,-89.43846248262098,-89.4311111,41.045,2.6411743114804036,2.4275946859839412,22
Boltonia_133,-0.00134158,-0.00613781,0.0336561,0.00868153,-0.00954171,-0.0778313,-0.0418153,-0.0256007,-0.00442182,0.00842036,B. decurrens,133,1-2-4,2011-2675-1,25A,Illinois,Schuyler,40.0672223,-90.4275,40.07010712467176,-90.42899627731744,-90.4275,40.0672223,2.6411743114804036,2.4275946859839412,22
Boltonia_134,0.00134402,-0.0567024,-0.0572746,-0.0168621,0.00882811,0.0404154,-0.0357734,0.00128819,0.0043267,0.114074,B. decurrens,134,5-4-7,2011-2623-1,1B,Illinois,Hennepin,NA,NA,41.34414603458205,-89.55849691836283,-89.55849691836283,41.34414603458205,2.6411743114804036,2.4275946859839412,22
Boltonia_135,0.00141941,-0.0628631,-0.060354,-0.0224529,0.00929977,0.0381661,-0.0616099,-0.00691146,-0.0155408,-0.197636,B. decurrens,135,9-2-10,2011-2629-1,5A,Illinois,Marshal,41.045,-89.4311111,41.02868892611459,-89.43846248262098,-89.4311111,41.045,2.6411743114804036,2.4275946859839412,22
Boltonia_136,0.0063004,-0.00369243,0.0452365,0.0927095,-0.0838606,0.0842109,0.00964926,-0.0856019,-0.0548091,-0.00638703,B. decurrens,136,8-1-8,2011-2638-1,18A,Illinois,Scott,39.7852777,-90.5902777,39.786569766256626,-90.58910563509704,-90.5902777,39.7852777,2.6411743114804036,2.4275946859839412,22
Boltonia_137,0.00348858,-0.0508177,-0.0420761,-0.0125081,0.00892269,0.0194077,-0.0147622,0.00483725,0.0012896,-0.0322357,B. decurrens,137,7-5-7,2011-2629-1,17B,Illinois,Marshal,41.045,-89.4311111,41.02868892611459,-89.43846248262098,-89.4311111,41.045,2.6411743114804036,2.4275946859839412,22
Boltonia_138,-0.00223429,-0.00451775,0.0302229,0.0135324,-0.0121578,-0.0706339,-0.0394511,-0.021094,-0.009486,-0.00576687,B. decurrens,138,4-1-1,2011-2675-1,27C,Illinois,Schuyler,40.0672223,-90.4275,40.07010712467176,-90.42899627731744,-90.4275,40.0672223,2.6411743114804036,2.4275946859839412,22
Boltonia_139,0.0741918,0.0738596,-0.0142385,0.0730624,0.145291,0.0199644,-0.00123337,-0.0554379,0.0498546,-0.00475581,B. decurrens,139,4-3-5,2011-2609-1,11C,Illinois,Madison,38.6891666,-90.0972222,38.69652811427051,-90.085926104309,-90.0972222,38.6891666,2.6411743114804036,2.4275946859839412,22
Boltonia_140,9.74561e-4,-0.00840705,0.0264774,0.00436429,-0.00741038,-0.0568136,-0.0295383,-0.0148716,0.00296458,0.00212008,B. decurrens,140,1-4-2,2011-2659-1,14A,Illinois,Frederick,NA,NA,40.07116308939078,-90.429571958886,-90.429571958886,40.07116308939078,2.6411743114804036,2.4275946859839412,22
Boltonia_141,0.0836161,0.0847003,-0.0199874,0.0991455,0.205341,0.0351037,-9.60347e-4,-0.112929,0.113639,-0.00883189,B. decurrens,141,8-6-8,2011-2609-1,X2,Illinois,Madison,38.6891666,-90.0972222,38.69652811427051,-90.085926104309,-90.0972222,38.6891666,2.6411743114804036,2.4275946859839412,22
Boltonia_142,-6.42173e-4,-0.0553011,-0.0514146,-0.017753,0.0103918,0.0250458,-0.0295938,0.00199047,-0.00525762,-0.0235236,B. decurrens,142,3-6-3,2011-2650-1,19C,Illinois,Woodford,40.8852777,-89.4583333,40.84668797480775,-89.0297386240063,-89.4583333,40.8852777,2.6411743114804036,2.4275946859839412,22
Boltonia_143,0.00229888,-0.0573891,-0.0568804,-0.0204156,0.0126503,0.0381099,-0.0414667,-0.00106718,0.00201109,0.0958794,B. decurrens,143,4-2-8,2011-2623-1,18B,Illinois,Hennepin,NA,NA,41.34414603458205,-89.55849691836283,-89.55849691836283,41.34414603458205,2.6411743114804036,2.4275946859839412,22
Boltonia_144,-0.113369,0.0689864,-0.0236083,-0.00828984,0.00749832,0.00818651,5.62285e-4,-0.00462513,-0.00654116,0.00402359,B. decurrens,144,10-6-6,2011-2638-1,16A,Illinois,Scott,39.7852777,-90.5902777,39.786569766256626,-90.58910563509704,-90.5902777,39.7852777,2.6411743114804036,2.4275946859839412,22
Boltonia_145,0.0986256,0.108055,-0.0463161,-0.112666,-0.0926789,0.00924048,0.00310016,-0.0291717,0.0286784,5.02914e-5,B. decurrens,145,6-3-10,2011-2635-1,24,Illinois,Alton,NA,NA,38.86501904919102,-90.22302347588696,-90.22302347588696,38.86501904919102,2.6411743114804036,2.4275946859839412,22
Boltonia_146,0.00803498,-0.00440961,0.0457746,0.110214,-0.101541,0.0998971,0.0151687,-0.0967106,-0.0510272,-0.00713876,B. decurrens,146,5-1-7,2011-2638-1,28A,Illinois,Scott,39.7852777,-90.5902777,39.786569766256626,-90.58910563509704,-90.5902777,39.7852777,2.6411743114804036,2.4275946859839412,22
Boltonia_147,-1.65407e-4,-0.00927775,0.0131055,0.0110459,-0.00808657,-0.033562,0.00207509,0.0122252,0.00986456,-0.0108099,B. decurrens,147,2-4-5,2011-2666-1,24A,Illinois,Fulton,40.4925,-89.9022222,40.46699902833787,-89.9485498557629,-89.9022222,40.4925,2.6411743114804036,2.4275946859839412,22
Boltonia_148,-6.80575e-4,-0.00617736,0.0314036,0.00785708,-0.0115599,-0.0848914,-0.0510145,-0.0213078,-0.00280629,7.23523e-4,B. decurrens,148,2-3-12,2011-2675-1,10A,Illinois,Schuyler,40.0672223,-90.4275,40.07010712467176,-90.42899627731744,-90.4275,40.0672223,2.6411743114804036,2.4275946859839412,22
Boltonia_149,-0.102629,0.0638383,-0.0211489,-0.0069281,0.0041297,0.0136147,-5.54526e-4,0.00240798,-0.00356828,-0.00505815,B. decurrens,149,6-5-11,2011-2613-1,9A,Illinois,Fulton,40.2047222,-90.1994444,40.20813714639404,-90.18724497777134,-90.1994444,40.2047222,2.6411743114804036,2.4275946859839412,22
Boltonia_150,0.00264195,-0.0582914,-0.0517428,-0.017573,0.0149164,0.0215925,-0.019302,0.00246757,0.00102779,-0.0222017,B. decurrens,150,2-3-11,2011-2650-1,1A,Illinois,Woodford,40.8852777,-89.4583333,40.84668797480775,-89.0297386240063,-89.4583333,40.8852777,2.6411743114804036,2.4275946859839412,22
Boltonia_151,0.00287926,-0.0566372,-0.0468019,-0.014402,0.0101532,0.0301468,-0.0319893,-0.00375305,-0.00504871,-0.0574522,B. decurrens,151,9-3-5,2011-2638-1,8B,Illinois,Scott,39.7852777,-90.5902777,39.786569766256626,-90.58910563509704,-90.5902777,39.7852777,2.6411743114804036,2.4275946859839412,22
Boltonia_152,4.49204e-4,-0.00564952,0.0252255,0.0115554,-0.0085178,-0.0680913,-0.0346032,-0.008035,-7.14353e-4,-0.00278877,B. decurrens,152,13-1-3,2011-2675-1,18A,Illinois,Schuyler,40.0672223,-90.4275,40.07010712467176,-90.42899627731744,-90.4275,40.0672223,2.6411743114804036,2.4275946859839412,22
Boltonia_153,0.0676216,0.0684489,-0.025572,-0.0440386,-0.0362442,-0.00494962,0.00368191,0.0112033,-0.00598035,0.00616686,B. decurrens,153,5-1-6,2011-2635-1,35?,Illinois,Alton,NA,NA,38.86501904919102,-90.22302347588696,-90.22302347588696,38.86501904919102,2.6411743114804036,2.4275946859839412,22
Boltonia_154,0.00285671,-0.0562396,-0.057392,-0.018565,0.0101337,0.0371945,-0.0407125,-2.97511e-4,9.73388e-4,0.0843923,B. decurrens,154,4-2-7,2011-2623-1,18B,Illinois,Hennepin,NA,NA,41.34414603458205,-89.55849691836283,-89.55849691836283,41.34414603458205,2.6411743114804036,2.4275946859839412,22
Boltonia_155,0.062639,0.0549604,-0.00733332,0.0317863,0.0574246,-0.00299138,0.00968823,0.125414,-0.217336,0.00408874,B. decurrens,155,3-5-3,2011-2599-1,3,Illinois,Saint Clair,38.6494444,-90.1161111,38.651507278988504,-90.10298738781108,-90.1161111,38.6494444,2.6411743114804036,2.4275946859839412,22
Boltonia_157,0.00189226,-0.007381,0.0284954,0.0135796,-0.00647227,-0.0959809,-0.0492466,-0.0295665,-0.0087489,0.00384289,B. decurrens,157,5-3-9,2011-2659-1,5A,Illinois,Frederick,NA,NA,40.07116308939078,-90.429571958886,-90.429571958886,40.07116308939078,2.6411743114804036,2.4275946859839412,22
Boltonia_158,-0.112811,0.0700918,-0.0232172,-0.00774883,0.00720197,0.00685707,0.00250923,0.00339608,0.0065356,0.00101736,B. decurrens,158,5-5-7,2011-2613-1,14B,Illinois,Fulton,40.2047222,-90.1994444,40.20813714639404,-90.18724497777134,-90.1994444,40.2047222,2.6411743114804036,2.4275946859839412,22
Boltonia_159,0.0012304,-0.00725949,0.0117668,0.0155304,-0.00818389,-0.0352472,-0.00374625,0.0143007,0.0119612,-0.0152239,B. decurrens,159,3-3-7,2011-2666-1,21C,Illinois,Fulton,40.4925,-89.9022222,40.46699902833787,-89.9485498557629,-89.9022222,40.4925,2.6411743114804036,2.4275946859839412,22
Boltonia_160,0.010927,-5.28894e-4,0.033953,0.0782143,-0.0648464,0.0484594,0.00302162,-0.00730214,0.00795752,0.00139026,B. decurrens,160,3-6-1,2011-2638-1,11B,Illinois,Scott,39.7852777,-90.5902777,39.786569766256626,-90.58910563509704,-90.5902777,39.7852777,2.6411743114804036,2.4275946859839412,22
Boltonia_161,0.00222321,-0.0422582,-0.0276139,-0.00134418,0.00158953,-0.0489262,0.165342,-0.0171851,0.00161724,0.0169378,B. decurrens,161,8-1-11,2011-2618-1,12A,Illinois,Peoria,40.7222223,-89.5519444,40.69352232924267,-89.59142458669179,-89.5519444,40.7222223,2.6411743114804036,2.4275946859839412,22
Boltonia_162,4.48793e-4,-0.0126247,0.0459811,0.0109774,-0.0135099,-0.166995,-0.108798,-0.0913508,-0.0167421,0.0495056,B. decurrens,162,4-6-2,2011-2659-1,2A,Illinois,Frederick,NA,NA,40.07116308939078,-90.429571958886,-90.429571958886,40.07116308939078,2.6411743114804036,2.4275946859839412,22
Boltonia_163,0.00362603,-0.0558014,-0.050533,-0.01926,0.0128741,0.0236285,-0.0316094,-2.16505e-4,0.00134261,-0.0635855,B. decurrens,163,7-3-11,2011-2629-1,15A,Illinois,Marshal,41.045,-89.4311111,41.02868892611459,-89.43846248262098,-89.4311111,41.045,2.6411743114804036,2.4275946859839412,22
Boltonia_164,-0.0024869,-0.0050083,0.0377561,0.00770253,-0.0125658,-0.0766138,-0.045923,-0.021232,-0.00548432,0.00100553,B. decurrens,164,12-6-1,2011-2675-1,10A,Illinois,Schuyler,40.0672223,-90.4275,40.07010712467176,-90.42899627731744,-90.4275,40.0672223,2.6411743114804036,2.4275946859839412,22
Boltonia_165,0.0816374,0.081321,-0.0189722,0.0922766,0.187183,0.0261261,3.80376e-5,-0.0927438,0.090418,-0.00982732,B. decurrens,165,11-2-11,2011-2609-1,15A,Illinois,Madison,38.6891666,-90.0972222,38.69652811427051,-90.085926104309,-90.0972222,38.6891666,2.6411743114804036,2.4275946859839412,22
Boltonia_167,3.23942e-4,-0.00881307,0.0332669,0.0120408,-0.0115214,-0.0730513,-0.0422073,-0.0166605,-0.00452658,-0.00232153,B. decurrens,167,4-3-3,2011-2675-1,19B,Illinois,Schuyler,40.0672223,-90.4275,40.07010712467176,-90.42899627731744,-90.4275,40.0672223,2.6411743114804036,2.4275946859839412,22
Boltonia_168,0.0015779,-0.043741,-0.0338187,-0.00623718,0.00141105,-0.0119169,0.0468115,-0.00712191,9.12407e-4,-0.0164774,B. decurrens,168,3-4-10,2011-2661-1,22A,Illinois,Tazewell,NA,NA,40.69584983597212,-89.54394792156027,-89.54394792156027,40.69584983597212,2.6411743114804036,2.4275946859839412,22
Boltonia_169,0.0580898,0.0502864,-0.00746018,0.0310862,0.0525718,-0.00348441,0.0117032,0.0918879,-0.155902,0.0139708,B. decurrens,169,6-2-9,2011-2599-1,4,Illinois,Saint Clair,38.6494444,-90.1161111,38.651507278988504,-90.10298738781108,-90.1161111,38.6494444,2.6411743114804036,2.4275946859839412,22
Boltonia_170,9.17367e-4,-0.0492936,-0.0403809,-0.0115535,0.0104837,0.0136491,-0.0104725,-0.00142452,0.00488252,-0.0242921,B. decurrens,170,7-1-9,2011-2650-1,27B,Illinois,Woodford,40.8852777,-89.4583333,40.84668797480775,-89.0297386240063,-89.4583333,40.8852777,2.6411743114804036,2.4275946859839412,22
Boltonia_171,-0.00203571,-0.0199932,0.121758,-0.0844308,0.0437346,0.0430611,0.00533036,1.52705e-4,0.00113956,0.0060712,B. decurrens,171,3-6-7,2011-2598-1,S8A,Illinois,Jersey,NA,NA,38.961398423802066,-90.51481032460988,-90.51481032460988,38.961398423802066,2.6411743114804036,2.4275946859839412,22
Boltonia_172,-0.0976678,0.058996,-0.0199666,-0.00283958,0.00261611,0.0119694,-6.28806e-4,5.33181e-4,-0.00490206,5.10317e-4,B. decurrens,172,8-5-12,2011-2613-1,24A,Illinois,Fulton,40.2047222,-90.1994444,40.20813714639404,-90.18724497777134,-90.1994444,40.2047222,2.6411743114804036,2.4275946859839412,22
Boltonia_173,0.00460168,-0.00349765,0.0215397,0.00940691,-0.0106625,-0.0281611,-0.00766723,0.00993401,0.00200301,-0.00850758,B. decurrens,173,3-1-1,2011-2636-1,19,Illinois,Cass,40.010555600000004,-90.4458333,40.0178975293398,-90.42445029519196,-90.4458333,40.010555600000004,2.6411743114804036,2.4275946859839412,22
Boltonia_174,8.6946e-4,-0.00674588,0.0342404,0.0154492,-0.0118125,-0.0851602,-0.0487233,-0.0177327,-2.12861e-4,-0.00215274,B. decurrens,174,2-5-11,2011-2675-1,5A,Illinois,Schuyler,40.0672223,-90.4275,40.07010712467176,-90.42899627731744,-90.4275,40.0672223,2.6411743114804036,2.4275946859839412,22
Boltonia_175,8.92841e-4,-0.0413711,-0.0278968,-4.22264e-4,0.00210791,-0.048472,0.140485,-0.0186278,-1.90812e-4,0.015974,B. decurrens,175,2-1-9,2011-2618-1,26A,Illinois,Peoria,40.7222223,-89.5519444,40.69352232924267,-89.59142458669179,-89.5519444,40.7222223,2.6411743114804036,2.4275946859839412,22
Boltonia_176,0.059814,0.0567918,-0.00997474,0.0282986,0.0514827,-0.00494796,2.29601e-4,0.0981017,-0.170952,8.69609e-4,B. decurrens,176,5-2-6,2011-2599-1,11,Illinois,Saint Clair,38.6494444,-90.1161111,38.651507278988504,-90.10298738781108,-90.1161111,38.6494444,2.6411743114804036,2.4275946859839412,22
Boltonia_177,6.25744e-4,-0.0369955,-0.0237213,0.00326574,-0.00272432,-0.0573114,0.162369,-0.0143215,4.80304e-4,0.0209686,B. decurrens,177,5-5-4,2011-2618-1,4A,Illinois,Peoria,40.7222223,-89.5519444,40.69352232924267,-89.59142458669179,-89.5519444,40.7222223,2.6411743114804036,2.4275946859839412,22
Boltonia_178,0.0587127,0.0545762,-0.00603014,0.0274789,0.048084,-0.00644985,-8.23042e-4,0.0919975,-0.169478,0.00663725,B. decurrens,178,5-2-7,2011-2599-1,11,Illinois,Saint Clair,38.6494444,-90.1161111,38.651507278988504,-90.10298738781108,-90.1161111,38.6494444,2.6411743114804036,2.4275946859839412,22
Boltonia_179,-0.102912,0.0629178,-0.0196448,-0.00663983,0.00483626,0.00762956,0.00130582,-0.00211265,-0.00172748,0.00130634,B. decurrens,179,8-2-4,2011-2613-1,3A,Illinois,Fulton,40.2047222,-90.1994444,40.20813714639404,-90.18724497777134,-90.1994444,40.2047222,2.6411743114804036,2.4275946859839412,22
Boltonia_180,0.00365957,-0.0528692,-0.0450004,-0.0123603,0.0101496,0.0161566,-0.0152696,0.00144195,-0.00466411,-0.0113276,B. decurrens,180,6-6-8,2011-2629-1,1C,Illinois,Marshal,41.045,-89.4311111,41.02868892611459,-89.43846248262098,-89.4311111,41.045,2.6411743114804036,2.4275946859839412,22
Boltonia_181,0.00157107,-0.0361362,-0.0217035,0.00393759,-0.00274504,-0.0570902,0.162235,-0.0114999,0.00680957,0.013373,B. decurrens,181,1-3-2,2011-2618-1,1B,Illinois,Peoria,40.7222223,-89.5519444,40.69352232924267,-89.59142458669179,-89.5519444,40.7222223,2.6411743114804036,2.4275946859839412,22
Boltonia_182,0.00173721,-0.0687617,-0.0747797,-0.0242578,0.0153956,0.0502427,-0.0617912,-0.00823264,-0.00497457,0.185575,B. decurrens,182,8-2-2,2011-2623-1,11A,Illinois,Hennepin,NA,NA,41.34414603458205,-89.55849691836283,-89.55849691836283,41.34414603458205,2.6411743114804036,2.4275946859839412,22
Boltonia_183,2.47033e-4,-0.00607614,0.0126636,0.00971029,-0.00565774,-0.0295124,-0.00310669,0.0143761,0.00634836,-0.00912951,B. decurrens,183,1-6-2,2011-2636-1,22,Illinois,Cass,40.010555600000004,-90.4458333,40.0178975293398,-90.42445029519196,-90.4458333,40.010555600000004,2.6411743114804036,2.4275946859839412,22
Boltonia_184,0.0813048,0.0841418,-0.0204259,0.0891846,0.184031,0.029185,-1.88254e-4,-0.0922779,0.0942952,-0.00849108,B. decurrens,184,6-3-7,2011-2609-1,18C,Illinois,Madison,38.6891666,-90.0972222,38.69652811427051,-90.085926104309,-90.0972222,38.6891666,2.6411743114804036,2.4275946859839412,22
Boltonia_185,0.00295353,-0.0515659,-0.048771,-0.0147302,0.00811818,0.0237477,-0.0209623,0.00239654,-0.0012074,-0.0307219,B. decurrens,185,9-2-4,2011-2650-1,21A,Illinois,Woodford,40.8852777,-89.4583333,40.84668797480775,-89.0297386240063,-89.4583333,40.8852777,2.6411743114804036,2.4275946859839412,22
Boltonia_186,-0.00166477,-0.0276216,-0.0171399,-1.05621e-4,4.87901e-4,-0.0165226,0.0209459,0.00343893,0.00151911,-0.00886959,B. decurrens,186,10-3-3,2011-2661-1,12A,Illinois,Tazewell,NA,NA,40.69584983597212,-89.54394792156027,-89.54394792156027,40.69584983597212,2.6411743114804036,2.4275946859839412,22
Boltonia_187,9.65191e-4,-0.0119961,0.0278089,0.0123504,-0.00923894,-0.0813985,-0.0446175,-0.0151795,-0.00458145,-0.00438312,B. decurrens,187,4-1-4,2011-2675-1,16A,Illinois,Schuyler,40.0672223,-90.4275,40.07010712467176,-90.42899627731744,-90.4275,40.0672223,2.6411743114804036,2.4275946859839412,22
Boltonia_188,0.00174223,-0.00787215,0.0290291,0.0147514,-0.01333,-0.0756604,-0.0459663,-0.0205222,-0.00730861,-0.00700368,B. decurrens,188,2-2-3,2011-2675-1,3C,Illinois,Schuyler,40.0672223,-90.4275,40.07010712467176,-90.42899627731744,-90.4275,40.0672223,2.6411743114804036,2.4275946859839412,22
Boltonia_189,0.00189998,-0.0124459,0.00384285,0.0107414,-0.00795414,-0.038739,0.0100927,0.0125748,0.0149662,-0.0125838,B. decurrens,189,8-3-9,2011-2666-1,3B,Illinois,Fulton,40.4925,-89.9022222,40.46699902833787,-89.9485498557629,-89.9022222,40.4925,2.6411743114804036,2.4275946859839412,22
Boltonia_190,-0.00138736,-0.0236788,0.134489,-0.0945965,0.0494306,0.0487981,0.0128163,2.42128e-4,-8.04563e-4,8.82329e-4,B. decurrens,190,8-2-5,2011-2598-1,L12A,Illinois,Jersey,NA,NA,38.961398423802066,-90.51481032460988,-90.51481032460988,38.961398423802066,2.6411743114804036,2.4275946859839412,22
Boltonia_191,0.00283854,-0.0549237,-0.0488687,-0.0186185,0.0109862,0.019628,-0.0273807,0.0025865800000000002,0.00161241,-0.0682733,B. decurrens,191,7-3-9,2011-2629-1,11B,Illinois,Marshal,41.045,-89.4311111,41.02868892611459,-89.43846248262098,-89.4311111,41.045,2.6411743114804036,2.4275946859839412,22
Boltonia_192,0.011127,-3.96872e-5,0.0407794,0.0841312,-0.0721048,0.0645815,0.0108285,-0.037106599999999997,-0.0190057,-0.00272367,B. decurrens,192,3-3-11,2011-2638-1,6A,Illinois,Scott,39.7852777,-90.5902777,39.786569766256626,-90.58910563509704,-90.5902777,39.7852777,2.6411743114804036,2.4275946859839412,22
Boltonia_193,-0.110152,0.0657998,-0.0216643,-0.00904963,0.00618455,0.0116831,-0.00230488,6.11571e-4,-0.00702437,-0.00537125,B. decurrens,193,6-1-7,2011-2664-1,16,Illinois,Fulton,40.2047222,-90.1994444,40.207444479612775,-90.1871999885973,-90.1994444,40.2047222,2.6411743114804036,2.4275946859839412,22
Boltonia_194,0.00122706,-0.0568099,-0.0537025,-0.0189352,0.0131669,0.0247246,-0.0260385,0.00568132,0.00509607,-0.0296473,B. decurrens,194,2-3-4,2011-2636-1,30,Illinois,Cass,40.010555600000004,-90.4458333,40.0178975293398,-90.42445029519196,-90.4458333,40.010555600000004,2.6411743114804036,2.4275946859839412,22
Boltonia_195,1.6361e-4,-0.0648385,-0.0604322,-0.0242454,0.00947217,0.0368689,-0.0575191,-0.00548444,-0.0151641,-0.214638,B. decurrens,195,6-1-10,2011-2629-1,7C,Illinois,Marshal,41.045,-89.4311111,41.02868892611459,-89.43846248262098,-89.4311111,41.045,2.6411743114804036,2.4275946859839412,22
Boltonia_196,0.054342,0.054384299999999997,-0.0108417,0.0306567,0.0497491,-0.00366427,0.00462659,0.0686099,-0.109288,0.00265805,B. decurrens,196,10-1-5,2011-2599-1,19,Illinois,Saint Clair,38.6494444,-90.1161111,38.651507278988504,-90.10298738781108,-90.1161111,38.6494444,2.6411743114804036,2.4275946859839412,22
Boltonia_197,0.00142796,-0.00732885,0.0353844,0.0102449,-0.00806749,-0.105886,-0.0615522,-0.0346447,-0.00312939,0.00822405,B. decurrens,197,5-3-10,2011-2659-1,5A,Illinois,Frederick,NA,NA,40.07116308939078,-90.429571958886,-90.429571958886,40.07116308939078,2.6411743114804036,2.4275946859839412,22
Boltonia_198,0.0153479,0.00238668,0.0212479,0.0538636,-0.0345502,0.0106705,-0.00794199,0.109322,0.0873943,9.76048e-4,B. decurrens,198,7-4-2,2011-2620-1,15B,Illinois,Morgan,39.8672223,-90.5533333,39.87546015928839,-90.55308508241012,-90.5533333,39.8672223,2.6411743114804036,2.4275946859839412,22
Boltonia_200,0.0124137,0.00862774,0.0242745,0.051019,-0.0377509,0.00857481,-0.00750932,0.115152,0.093047,-5.44526e-4,B. decurrens,200,8-1-5,2011-2620-1,30B,Illinois,Morgan,39.8672223,-90.5533333,39.87546015928839,-90.55308508241012,-90.5533333,39.8672223,2.6411743114804036,2.4275946859839412,22
Boltonia_201,6.38117e-4,-0.056885,-0.0528824,-0.0180975,0.0124727,0.0239478,-0.0256908,0.00500543,0.00394573,-0.0395487,B. decurrens,201,4-6-9,2011-2650-1,8B,Illinois,Woodford,40.8852777,-89.4583333,40.84668797480775,-89.0297386240063,-89.4583333,40.8852777,2.6411743114804036,2.4275946859839412,22
Boltonia_202,0.00178672,-0.00825769,0.00922198,0.013373,-0.00548704,-0.0381729,-0.00197212,0.0148932,0.0138385,-0.016004,B. decurrens,202,6-1-4,2011-2666-1,7B,Illinois,Fulton,40.4925,-89.9022222,40.46699902833787,-89.9485498557629,-89.9022222,40.4925,2.6411743114804036,2.4275946859839412,22
Boltonia_203,0.0839057,0.0836954,-0.0189826,0.0907885,0.18991,0.0309177,0.00207692,-0.0921792,0.0891562,-0.00629684,B. decurrens,203,8-3-3,2011-2609-1,X1,Illinois,Madison,38.6891666,-90.0972222,38.69652811427051,-90.085926104309,-90.0972222,38.6891666,2.6411743114804036,2.4275946859839412,22
Boltonia_204,0.0200397,0.00541071,0.0245791,0.0563299,-0.0354627,0.0125475,-0.0026597,0.144081,0.113975,0.00999611,B. decurrens,204,10-1-10,2011-2620-1,6A,Illinois,Morgan,39.8672223,-90.5533333,39.87546015928839,-90.55308508241012,-90.5533333,39.8672223,2.6411743114804036,2.4275946859839412,22
Boltonia_205,0.00538545,-0.0561498,-0.0525082,-0.0162711,0.0082558,0.0292659,-0.0268371,6.46786e-4,-0.00930401,0.0266642,B. decurrens,205,6-5-5,2011-2623-1,27B,Illinois,Hennepin,NA,NA,41.34414603458205,-89.55849691836283,-89.55849691836283,41.34414603458205,2.6411743114804036,2.4275946859839412,22
Boltonia_207,0.00110488,-0.01018,0.00820365,0.012504,-0.00890496,-0.0374334,-7.00066e-4,0.018167,0.0162309,-0.0146851,B. decurrens,207,4-2-4,2011-2666-1,6B,Illinois,Fulton,40.4925,-89.9022222,40.46699902833787,-89.9485498557629,-89.9022222,40.4925,2.6411743114804036,2.4275946859839412,22
Boltonia_208,0.00223252,-0.0550842,-0.0498091,-0.014726,0.0110313,0.0281235,-0.0243693,-0.00181599,-0.00338391,-0.0504421,B. decurrens,208,7-5-10,2011-2629-1,3B,Illinois,Marshal,41.045,-89.4311111,41.02868892611459,-89.43846248262098,-89.4311111,41.045,2.6411743114804036,2.4275946859839412,22
Boltonia_209,0.00441198,-0.0697844,-0.0762166,-0.0240255,0.0178225,0.0565923,-0.0620673,-0.00579956,-0.00468268,0.213543,B. decurrens,209,13-2-1,2011-2623-1,11A,Illinois,Hennepin,NA,NA,41.34414603458205,-89.55849691836283,-89.55849691836283,41.34414603458205,2.6411743114804036,2.4275946859839412,22
Boltonia_210,0.0127114,0.00682771,0.0246376,0.055827,-0.0369051,0.00275796,-0.0128502,0.12756,0.0963267,0.00614405,B. decurrens,210,9-3-4,2011-2598-1,S16A,Illinois,Jersey,NA,NA,38.961398423802066,-90.51481032460988,-90.51481032460988,38.961398423802066,2.6411743114804036,2.4275946859839412,22
Boltonia_211,0.0714971,0.0718623,-0.0242594,-0.048975200000000003,-0.0397626,9.27572e-5,0.00548227,0.00360049,-0.0113086,-0.0024679,B. decurrens,211,8-1-2,2011-2635-1,31,Illinois,Alton,NA,NA,38.86501904919102,-90.22302347588696,-90.22302347588696,38.86501904919102,2.6411743114804036,2.4275946859839412,22
Boltonia_212,0.00194712,-0.00908142,0.0278451,0.0120299,-0.0102542,-0.0614355,-0.0334127,-0.0137923,5.57755e-5,0.00141895,B. decurrens,212,12-6-2,2011-2675-1,10A,Illinois,Schuyler,40.0672223,-90.4275,40.07010712467176,-90.42899627731744,-90.4275,40.0672223,2.6411743114804036,2.4275946859839412,22
Boltonia_213,0.074064,0.0775126,-0.0257746,-0.0575413,-0.0479267,-0.00246731,0.0016421,0.00163584,-0.00192822,0.00164021,B. decurrens,213,5-1-5,2011-2635-1,35?,Illinois,Alton,NA,NA,38.86501904919102,-90.22302347588696,-90.22302347588696,38.86501904919102,2.6411743114804036,2.4275946859839412,22
Boltonia_214,0.0816722,0.0804995,-0.0189199,0.0847115,0.174227,0.0274075,0.00216539,-0.0785672,0.0814918,-0.00263468,B. decurrens,214,11-5-6,2011-2609-1,7C,Illinois,Madison,38.6891666,-90.0972222,38.69652811427051,-90.085926104309,-90.0972222,38.6891666,2.6411743114804036,2.4275946859839412,22
Boltonia_215,-0.100038,0.0631652,-0.0180971,-0.00532123,0.00546392,0.00743747,-0.00334431,8.32754e-4,-0.00305731,0.0016301,B. decurrens,215,4-1-10,2011-2664-1,1,Illinois,Fulton,40.2047222,-90.1994444,40.207444479612775,-90.1871999885973,-90.1994444,40.2047222,2.6411743114804036,2.4275946859839412,22
Boltonia_217,0.00400564,-0.0556023,-0.0455371,-0.0165692,0.00824924,0.0184707,-0.025721,0.0041312,-0.00107665,-0.0232477,B. decurrens,217,7-1-4,2011-2650-1,18A,Illinois,Woodford,40.8852777,-89.4583333,40.84668797480775,-89.0297386240063,-89.4583333,40.8852777,2.6411743114804036,2.4275946859839412,22
Boltonia_218,-0.00228473,-0.019739,0.112733,-0.0772119,0.0372148,0.0423776,0.0194597,-0.00136182,-0.00242456,0.00573591,B. decurrens,218,3-6-9,2011-2598-1,L14A,Illinois,Jersey,NA,NA,38.961398423802066,-90.51481032460988,-90.51481032460988,38.961398423802066,2.6411743114804036,2.4275946859839412,22
Boltonia_219,-0.00189356,-0.0392806,-0.0273984,-0.00579023,-0.00131688,-0.0103563,0.0501868,-0.0057286,0.00534184,-0.0119087,B. decurrens,219,3-2-1,2011-2661-1,25A,Illinois,Tazewell,NA,NA,40.69584983597212,-89.54394792156027,-89.54394792156027,40.69584983597212,2.6411743114804036,2.4275946859839412,22
Boltonia_220,3.12364e-5,-0.0072477,0.0296261,0.016846,-0.0129325,-0.0785648,-0.0458715,-0.023326,-0.00862603,-0.0015454,B. decurrens,220,10-6-2,2011-2675-1,12B,Illinois,Schuyler,40.0672223,-90.4275,40.07010712467176,-90.42899627731744,-90.4275,40.0672223,2.6411743114804036,2.4275946859839412,22
Boltonia_221,0.00105645,-0.0540989,-0.050063,-0.020645,0.0110875,0.0235096,-0.0287563,0.00125665,4.71639e-4,-0.0651136,B. decurrens,221,6-6-10,2011-2629-1,14A,Illinois,Marshal,41.045,-89.4311111,41.02868892611459,-89.43846248262098,-89.4311111,41.045,2.6411743114804036,2.4275946859839412,22
Boltonia_222,0.00316119,-0.027787,-0.0117345,-4.47923e-4,-7.81128e-4,-0.018305600000000002,0.0133148,0.00317999,0.00620293,1.29667e-4,B. decurrens,222,3-4-11,2011-2661-1,15A,Illinois,Tazewell,NA,NA,40.69584983597212,-89.54394792156027,-89.54394792156027,40.69584983597212,2.6411743114804036,2.4275946859839412,22
Boltonia_224,0.0061119,-2.53807e-4,0.0277588,0.056985,-0.0489984,0.0318092,0.00452196,0.014991,0.0168284,-0.00453269,B. decurrens,224,8-6-4,2011-2638-1,12C,Illinois,Scott,39.7852777,-90.5902777,39.786569766256626,-90.58910563509704,-90.5902777,39.7852777,2.6411743114804036,2.4275946859839412,22
Boltonia_225,-0.00311559,-0.0168893,0.114684,-0.0812553,0.0433381,0.046806,0.0146435,0.00295622,-3.10295e-4,6.14328e-4,B. decurrens,225,8-5-8,2011-2598-1,S6B,Illinois,Jersey,NA,NA,38.961398423802066,-90.51481032460988,-90.51481032460988,38.961398423802066,2.6411743114804036,2.4275946859839412,22
Boltonia_226,0.056129,0.0505869,-0.00667271,0.0309327,0.0487993,-0.00180254,0.00466164,0.0869248,-0.133761,0.00359653,B. decurrens,226,6-2-7,2011-2599-1,4,Illinois,Saint Clair,38.6494444,-90.1161111,38.651507278988504,-90.10298738781108,-90.1161111,38.6494444,2.6411743114804036,2.4275946859839412,22
Boltonia_227,-0.0902337,0.0539906,-0.0160524,-0.0055835,0.00332723,0.00127618,0.00222331,9.94619e-5,-0.00335245,-0.00229713,B. decurrens,227,7-5-4,2011-2613-1,18A,Illinois,Fulton,40.2047222,-90.1994444,40.20813714639404,-90.18724497777134,-90.1994444,40.2047222,2.6411743114804036,2.4275946859839412,22
Boltonia_228,0.00151621,-0.0557632,-0.0460166,-0.0166433,0.0107165,0.0274605,-0.0233323,0.00451067,-0.00251136,-0.051138,B. decurrens,228,9-3-8,2011-2629-1,30A,Illinois,Marshal,41.045,-89.4311111,41.02868892611459,-89.43846248262098,-89.4311111,41.045,2.6411743114804036,2.4275946859839412,22
Boltonia_229,0.0017531,-0.0409357,-0.0274655,-0.00141258,0.0036387,-0.040234,0.130931,-0.0143855,0.00340873,0.0101989,B. decurrens,229,2-1-8,2011-2618-1,26A,Illinois,Peoria,40.7222223,-89.5519444,40.69352232924267,-89.59142458669179,-89.5519444,40.7222223,2.6411743114804036,2.4275946859839412,22
Boltonia_230,0.0010002,-0.0367737,-0.0205367,0.00447653,-7.77967e-4,-0.0616758,0.167832,-0.0154192,0.00385388,0.021435,B. decurrens,230,1-6-9,2011-2618-1,1B,Illinois,Peoria,40.7222223,-89.5519444,40.69352232924267,-89.59142458669179,-89.5519444,40.7222223,2.6411743114804036,2.4275946859839412,22
Boltonia_231,9.3043e-4,-0.00648057,0.00610257,0.0145286,-0.00399312,-0.0352872,0.00351596,0.0168749,0.0143946,-0.0212191,B. decurrens,231,2-3-6,2011-2666-1,11B,Illinois,Fulton,40.4925,-89.9022222,40.46699902833787,-89.9485498557629,-89.9022222,40.4925,2.6411743114804036,2.4275946859839412,22
Boltonia_232,0.00245846,-0.051764,-0.044275,-0.0140303,0.00853336,0.0219848,-0.0190964,0.00513149,0.00246484,-0.0291316,B. decurrens,232,7-4-12,2011-2650-1,6B,Illinois,Woodford,40.8852777,-89.4583333,40.84668797480775,-89.0297386240063,-89.4583333,40.8852777,2.6411743114804036,2.4275946859839412,22
Boltonia_233,0.00309265,-0.0646053,-0.0670979,-0.0217568,0.0156416,0.0526286,-0.0529404,-0.00642243,-2.32453e-4,0.163279,B. decurrens,233,8-1-4,2011-2623-1,14B,Illinois,Hennepin,NA,NA,41.34414603458205,-89.55849691836283,-89.55849691836283,41.34414603458205,2.6411743114804036,2.4275946859839412,22
Boltonia_234,0.00314093,-0.00907803,0.0354397,0.00505724,-0.0079793,-0.0721253,-0.0382245,-0.0140871,-0.00471003,0.00380011,B. decurrens,234,4-5-12,2011-2659-1,15A,Illinois,Frederick,NA,NA,40.07116308939078,-90.429571958886,-90.429571958886,40.07116308939078,2.6411743114804036,2.4275946859839412,22
Boltonia_235,4.96832e-4,-0.0108958,0.0358054,0.00943914,-0.00840995,-0.0752743,-0.0386054,-0.0125187,-0.0039786,-0.00470806,B. decurrens,235,3-1-3,2011-2675-1,15B,Illinois,Schuyler,40.0672223,-90.4275,40.07010712467176,-90.42899627731744,-90.4275,40.0672223,2.6411743114804036,2.4275946859839412,22
Boltonia_236,0.00866782,-0.00113956,0.0443006,0.10546,-0.0946828,0.0962499,0.0139916,-0.0904485,-0.0533151,-0.003001,B. decurrens,236,2-5-3,2011-2638-1,20C,Illinois,Scott,39.7852777,-90.5902777,39.786569766256626,-90.58910563509704,-90.5902777,39.7852777,2.6411743114804036,2.4275946859839412,22
Boltonia_237,5.16874e-5,-0.0101438,0.0470223,0.00543914,-0.0103311,-0.130829,-0.0846034,-0.0690215,-0.0174145,0.0218153,B. decurrens,237,4-6-1,2011-2659-1,2A,Illinois,Frederick,NA,NA,40.07116308939078,-90.429571958886,-90.429571958886,40.07116308939078,2.6411743114804036,2.4275946859839412,22
Boltonia_238,0.00126794,-0.00626233,0.0336263,0.0124688,-0.00756372,-0.117015,-0.0678804,-0.0449393,-0.00790857,0.0118628,B. decurrens,238,1-4-10,2011-2659-1,5A,Illinois,Frederick,NA,NA,40.07116308939078,-90.429571958886,-90.429571958886,40.07116308939078,2.6411743114804036,2.4275946859839412,22
Boltonia_239,0.00290021,-0.00900156,0.0345195,0.0138842,-0.0101388,-0.113707,-0.0685551,-0.0503153,-0.00986707,0.0224864,B. decurrens,239,8-2-7,2011-2659-1,11A,Illinois,Frederick,NA,NA,40.07116308939078,-90.429571958886,-90.429571958886,40.07116308939078,2.6411743114804036,2.4275946859839412,22
Boltonia_240,-3.80458e-4,-0.043981,-0.0278514,-0.00551809,0.00246019,-0.0267926,0.0940804,-0.0156724,0.00395208,0.00859177,B. decurrens,240,3-5-8,2011-2661-1,2A,Illinois,Tazewell,NA,NA,40.69584983597212,-89.54394792156027,-89.54394792156027,40.69584983597212,2.6411743114804036,2.4275946859839412,22
Boltonia_241,0.00218614,-0.0112473,0.00914952,0.0116491,-0.00513946,-0.0358833,0.00556935,0.0185479,0.00392337,-0.0103294,B. decurrens,241,2-4-3,2011-2666-1,18A,Illinois,Fulton,40.4925,-89.9022222,40.46699902833787,-89.9485498557629,-89.9022222,40.4925,2.6411743114804036,2.4275946859839412,22
Boltonia_242,-1.30733e-4,-0.00552226,0.0247695,0.010782,-0.00732829,-0.0677639,-0.0291655,-0.0138036,-0.00203071,0.00685297,B. decurrens,242,7-4-10,2011-2659-1,9A,Illinois,Frederick,NA,NA,40.07116308939078,-90.429571958886,-90.429571958886,40.07116308939078,2.6411743114804036,2.4275946859839412,22
Boltonia_243,0.00252748,-0.00918322,0.0105361,0.011695,-0.00681606,-0.0411031,0.00372902,0.0161679,0.0047254,-0.0123084,B. decurrens,243,6-1-5,2011-2666-1,7B,Illinois,Fulton,40.4925,-89.9022222,40.46699902833787,-89.9485498557629,-89.9022222,40.4925,2.6411743114804036,2.4275946859839412,22
Boltonia_244,0.0131958,0.00660532,0.0271031,0.0537444,-0.0341975,0.0079005,-0.00477695,0.11831,0.0913189,0.00639206,B. decurrens,244,8-5-1,2011-2620-1,12B,Illinois,Morgan,39.8672223,-90.5533333,39.87546015928839,-90.55308508241012,-90.5533333,39.8672223,2.6411743114804036,2.4275946859839412,22
Boltonia_245,0.0141378,0.00489752,0.0208627,0.0577473,-0.0376793,0.00806866,-0.0107862,0.121954,0.0962276,0.0102822,B. decurrens,245,10-5-2,2011-2620-1,27A,Illinois,Morgan,39.8672223,-90.5533333,39.87546015928839,-90.55308508241012,-90.5533333,39.8672223,2.6411743114804036,2.4275946859839412,22
Boltonia_246,-0.11463,0.0715813,-0.023646,-0.00585361,0.00510299,0.0111404,7.98482e-4,-9.99216e-4,-6.39767e-4,-0.00334733,B. decurrens,246,3-2-2,2011-2613-1,29A,Illinois,Fulton,40.2047222,-90.1994444,40.20813714639404,-90.18724497777134,-90.1994444,40.2047222,2.6411743114804036,2.4275946859839412,22
Boltonia_247,0.101334,0.112359,-0.0515781,-0.117307,-0.0964918,0.00834278,-0.00135186,-0.0386207,0.0336372,-0.00372025,B. decurrens,247,3-2-12,2011-2635-1,28,Illinois,Alton,NA,NA,38.86501904919102,-90.22302347588696,-90.22302347588696,38.86501904919102,2.6411743114804036,2.4275946859839412,22
Boltonia_248,0.0988864,0.106927,-0.0451033,-0.102841,-0.087065,0.00483609,1.62836e-4,-0.025988,0.0229332,0.00165865,B. decurrens,248,8-4-1,2011-2635-1,26,Illinois,Alton,NA,NA,38.86501904919102,-90.22302347588696,-90.22302347588696,38.86501904919102,2.6411743114804036,2.4275946859839412,22
Boltonia_249,-0.00111058,-0.0425479,-0.0307638,-0.00465971,0.00120805,-0.0212855,0.083387,-0.0136158,0.00448763,-0.00899715,B. decurrens,249,10-3-1,2011-2661-1,23A,Illinois,Tazewell,NA,NA,40.69584983597212,-89.54394792156027,-89.54394792156027,40.69584983597212,2.6411743114804036,2.4275946859839412,22
Boltonia_250,-0.00167781,-0.0188736,0.138158,-0.0968485,0.048802,0.0539303,0.0130781,0.00578396,0.00356719,0.0050037,B. decurrens,250,8-5-7,2011-2598-1,S6B,Illinois,Jersey,NA,NA,38.961398423802066,-90.51481032460988,-90.51481032460988,38.961398423802066,2.6411743114804036,2.4275946859839412,22
Boltonia_251,0.0102634,-0.00445166,0.0414599,0.0886161,-0.0786467,0.0768732,0.0153943,-0.0649393,-0.0412386,0.00330669,B. decurrens,251,12-5-3,2011-2638-1,17A,Illinois,Scott,39.7852777,-90.5902777,39.786569766256626,-90.58910563509704,-90.5902777,39.7852777,2.6411743114804036,2.4275946859839412,22
Boltonia_253,0.0570831,0.0533013,-0.00807905,0.0322521,0.0539097,0.00204012,8.69949e-4,0.0899962,-0.143852,0.0113447,B. decurrens,253,2-6-11,2011-2675-1,25A,Illinois,Schuyler,40.0672223,-90.4275,40.07010712467176,-90.42899627731744,-90.4275,40.0672223,2.6411743114804036,2.4275946859839412,22
Boltonia_254,0.00651663,-0.00674327,0.0477362,0.118437,-0.110175,0.11482,0.0208757,-0.132234,-0.0818776,6.38324e-4,B. decurrens,254,2-5-2,2011-2638-1,20C,Illinois,Scott,39.7852777,-90.5902777,39.786569766256626,-90.58910563509704,-90.5902777,39.7852777,2.6411743114804036,2.4275946859839412,22
Boltonia_255,0.056848,0.0482167,-0.00949109,0.0263977,0.0457353,-0.00500379,0.0018502,0.0747638,-0.12049,0.0114686,B. decurrens,255,10-4-3,2011-2599-1,27,Illinois,Saint Clair,38.6494444,-90.1161111,38.651507278988504,-90.10298738781108,-90.1161111,38.6494444,2.6411743114804036,2.4275946859839412,22
Boltonia_256,0.00766705,-0.00459751,0.05087,0.120988,-0.112366,0.123117,0.019114,-0.127664,-0.0760787,-2.59148e-5,B. decurrens,256,2-5-1,2011-2638-1,20C,Illinois,Scott,39.7852777,-90.5902777,39.786569766256626,-90.58910563509704,-90.5902777,39.7852777,2.6411743114804036,2.4275946859839412,22
Boltonia_257,0.0015012,-0.0569094,-0.0499899,-0.0169895,0.0114873,0.0266737,-0.0264419,0.00472511,8.56088e-4,-0.0294027,B. decurrens,257,2-3-9,2011-2650-1,1A,Illinois,Woodford,40.8852777,-89.4583333,40.84668797480775,-89.0297386240063,-89.4583333,40.8852777,2.6411743114804036,2.4275946859839412,22
Boltonia_258,0.00104103,-0.050718,-0.0484377,-0.015137,0.00691208,0.0214894,-0.0286059,0.00281177,4.9944e-4,0.00933349,B. decurrens,258,5-2-2,2011-2623-1,19A,Illinois,Hennepin,NA,NA,41.34414603458205,-89.55849691836283,-89.55849691836283,41.34414603458205,2.6411743114804036,2.4275946859839412,22
Boltonia_259,-0.00298546,-0.0228469,0.119925,-0.0814843,0.0428597,0.0449303,0.00968484,-0.00321369,0.00438641,0.00369762,B. decurrens,259,9-1-9,2011-2598-1,S10D,Illinois,Jersey,NA,NA,38.961398423802066,-90.51481032460988,-90.51481032460988,38.961398423802066,2.6411743114804036,2.4275946859839412,22
Boltonia_260,0.00343814,-0.00354064,0.0209762,0.0113565,-0.0107424,-0.0287514,-0.0070583,0.00569987,-0.00222305,-0.0106261,B. decurrens,260,1-6-12,2011-2636-1,19,Illinois,Cass,40.010555600000004,-90.4458333,40.0178975293398,-90.42445029519196,-90.4458333,40.010555600000004,2.6411743114804036,2.4275946859839412,22
Boltonia_261,0.0992235,0.109632,-0.0461212,-0.111418,-0.0929337,0.0031539,0.0068331,-0.0353758,0.0314826,-3.14518e-4,B. decurrens,261,12-5-11,2011-2635-1,13,Illinois,Alton,NA,NA,38.86501904919102,-90.22302347588696,-90.22302347588696,38.86501904919102,2.6411743114804036,2.4275946859839412,22
Boltonia_262,0.0603402,0.0571188,-0.00910399,0.0291876,0.0535573,-0.00916172,0.00359217,0.116442,-0.211419,0.00846248,B. decurrens,262,5-2-5,2011-2599-1,11,Illinois,Saint Clair,38.6494444,-90.1161111,38.651507278988504,-90.10298738781108,-90.1161111,38.6494444,2.6411743114804036,2.4275946859839412,22
Boltonia_263,0.00307895,-0.041565,-0.0323016,-0.00199423,-7.06079e-4,-0.0485206,0.144565,-0.0169048,5.3223e-4,0.0111875,B. decurrens,263,9-4-9,2011-2618-1,20C,Illinois,Peoria,40.7222223,-89.5519444,40.69352232924267,-89.59142458669179,-89.5519444,40.7222223,2.6411743114804036,2.4275946859839412,22
Boltonia_264,-4.52205e-4,-0.0205934,0.121777,-0.0891472,0.0454203,0.0496857,0.0206365,0.00464876,0.0024883,-0.00713499,B. decurrens,264,5-4-10,2011-2598-1,S15B,Illinois,Jersey,NA,NA,38.961398423802066,-90.51481032460988,-90.51481032460988,38.961398423802066,2.6411743114804036,2.4275946859839412,22
Boltonia_265,-5.97932e-4,-0.00759096,0.0312506,0.013475000000000001,-0.008986,-0.0824849,-0.0480633,-0.0188274,-0.00552563,-0.00200359,B. decurrens,265,10-6-1,2011-2675-1,12B,Illinois,Schuyler,40.0672223,-90.4275,40.07010712467176,-90.42899627731744,-90.4275,40.0672223,2.6411743114804036,2.4275946859839412,22
Boltonia_267,-8.89333e-4,-0.0196683,0.122711,-0.0832691,0.0434581,0.0464088,0.0151251,-4.52303e-4,-0.0056834,0.00484062,B. decurrens,267,2-1-12,2011-2598-1,S11C,Illinois,Jersey,NA,NA,38.961398423802066,-90.51481032460988,-90.51481032460988,38.961398423802066,2.6411743114804036,2.4275946859839412,22
Boltonia_268,0.00131637,-0.0645042,-0.0624783,-0.0245581,0.0106536,0.0392979,-0.0586154,-0.00595803,-0.0204155,-0.233583,B. decurrens,268,6-2-5,2011-2629-1,9A,Illinois,Marshal,41.045,-89.4311111,41.02868892611459,-89.43846248262098,-89.4311111,41.045,2.6411743114804036,2.4275946859839412,22
Boltonia_269,0.00264529,-0.050219,-0.0455953,-0.00910292,0.0102401,0.0220458,-0.0198798,0.00568413,0.00853572,-0.0343577,B. decurrens,269,7-1-7,2011-2650-1,27B,Illinois,Woodford,40.8852777,-89.4583333,40.84668797480775,-89.0297386240063,-89.4583333,40.8852777,2.6411743114804036,2.4275946859839412,22
Boltonia_270,7.4703e-4,-0.0105449,0.00484251,0.011739,-0.0095596,-0.0319769,0.00158897,0.0160295,0.00702961,-0.0150079,B. decurrens,270,2-2-5,2011-2666-1,28A,Illinois,Fulton,40.4925,-89.9022222,40.46699902833787,-89.9485498557629,-89.9022222,40.4925,2.6411743114804036,2.4275946859839412,22
Boltonia_271,-0.120846,0.0737994,-0.025836,-0.00893313,0.00627114,0.0123768,0.00155101,3.57847e-4,-9.61592e-4,0.00263313,B. decurrens,271,6-4-8,2011-2613-1,1A,Illinois,Fulton,40.2047222,-90.1994444,40.20813714639404,-90.18724497777134,-90.1994444,40.2047222,2.6411743114804036,2.4275946859839412,22
Boltonia_272,0.00207405,-0.00678078,0.0323791,0.0148978,-0.0131623,-0.0776488,-0.0442148,-0.0224947,-0.00792718,-0.00451877,B. decurrens,272,6-3-1,2011-2675-1,28C,Illinois,Schuyler,40.0672223,-90.4275,40.07010712467176,-90.42899627731744,-90.4275,40.0672223,2.6411743114804036,2.4275946859839412,22
Boltonia_273,0.0136283,0.00540623,0.0190097,0.0511426,-0.030669,0.00926534,-0.00968466,0.113093,0.0867475,0.00886523,B. decurrens,273,7-4-11,2011-2620-1,4C,Illinois,Morgan,39.8672223,-90.5533333,39.87546015928839,-90.55308508241012,-90.5533333,39.8672223,2.6411743114804036,2.4275946859839412,22
Boltonia_274,-0.12322,0.0780661,-0.0234874,-0.00879399,0.00560323,0.0177922,-2.27269e-4,-0.00428939,4.8274e-4,0.0076734,B. decurrens,274,8-4-8,2011-2613-1,22A,Illinois,Fulton,40.2047222,-90.1994444,40.20813714639404,-90.18724497777134,-90.1994444,40.2047222,2.6411743114804036,2.4275946859839412,22
Boltonia_275,0.00268059,-0.0537236,-0.0486817,-0.0158929,0.0101788,0.023383,-0.0217974,0.00465582,-0.00261592,-0.017043,B. decurrens,275,2-1-11,2011-2650-1,15B,Illinois,Woodford,40.8852777,-89.4583333,40.84668797480775,-89.0297386240063,-89.4583333,40.8852777,2.6411743114804036,2.4275946859839412,22
Boltonia_276,9.19065e-4,-0.0365655,-0.0240196,-0.00205263,0.0031044,-0.018481,0.0501578,-0.00494544,0.0049518,0.00125862,B. decurrens,276,3-5-6,2011-2661-1,4A,Illinois,Tazewell,NA,NA,40.69584983597212,-89.54394792156027,-89.54394792156027,40.69584983597212,2.6411743114804036,2.4275946859839412,22
Boltonia_277,0.00736484,-0.00534278,0.0532127,0.112725,-0.106859,0.113766,0.0181041,-0.119105,-0.0660787,-0.00574063,B. decurrens,277,3-1-9,2011-2638-1,15C,Illinois,Scott,39.7852777,-90.5902777,39.786569766256626,-90.58910563509704,-90.5902777,39.7852777,2.6411743114804036,2.4275946859839412,22
Boltonia_278,0.00742631,-9.69216e-5,0.047216,0.101832,-0.0924462,0.0964109,0.0152228,-0.0962556,-0.063348,-0.00602158,B. decurrens,278,8-1-9,2011-2638-1,18A,Illinois,Scott,39.7852777,-90.5902777,39.786569766256626,-90.58910563509704,-90.5902777,39.7852777,2.6411743114804036,2.4275946859839412,22
Boltonia_279,-4.53389e-4,-0.0163308,0.109678,-0.0722664,0.0371741,0.0368078,0.00906746,-3.65354e-4,-0.00197976,0.00135374,B. decurrens,279,2-2-1,2011-2598-1,S11C,Illinois,Jersey,NA,NA,38.961398423802066,-90.51481032460988,-90.51481032460988,38.961398423802066,2.6411743114804036,2.4275946859839412,22
Boltonia_280,0.0038265,-0.0685855,-0.0715679,-0.0226144,0.0133957,0.0649298,-0.0633994,-0.0137578,-0.00649956,0.238169,B. decurrens,280,6-1-1,2011-2623-1,30C,Illinois,Hennepin,NA,NA,41.34414603458205,-89.55849691836283,-89.55849691836283,41.34414603458205,2.6411743114804036,2.4275946859839412,22
Boltonia_281,0.0959828,0.105263,-0.0438735,-0.106246,-0.0856615,0.00592895,7.8448e-4,-0.0326551,0.0296685,-3.33812e-4,B. decurrens,281,5-3-12,2011-2635-1,17,Illinois,Alton,NA,NA,38.86501904919102,-90.22302347588696,-90.22302347588696,38.86501904919102,2.6411743114804036,2.4275946859839412,22
Boltonia_282,0.00372769,-0.0651408,-0.062435,-0.0210102,0.0105641,0.0483484,-0.0529975,-0.0107089,-0.00366819,0.16496,B. decurrens,282,4-6-6,2011-2623-1,4A,Illinois,Hennepin,NA,NA,41.34414603458205,-89.55849691836283,-89.55849691836283,41.34414603458205,2.6411743114804036,2.4275946859839412,22
Boltonia_283,0.0618679,0.0590289,-0.00917732,0.0301941,0.0560993,-0.0062326,0.00355065,0.10342,-0.173675,0.00593776,B. decurrens,283,5-4-1,2011-2599-1,9,Illinois,Saint Clair,38.6494444,-90.1161111,38.651507278988504,-90.10298738781108,-90.1161111,38.6494444,2.6411743114804036,2.4275946859839412,22
Boltonia_284,0.011209,-0.0032754,0.0373109,0.0853497,-0.0731849,0.0575324,0.00849589,-0.0429022,-0.0224526,0.00367527,B. decurrens,284,9-2-3,2011-2638-1,24B,Illinois,Scott,39.7852777,-90.5902777,39.786569766256626,-90.58910563509704,-90.5902777,39.7852777,2.6411743114804036,2.4275946859839412,22
Boltonia_285,-0.00108456,-0.0069567,0.0386337,0.0070215,-0.00699717,-0.0801528,-0.0467479,-0.0199222,-0.00456094,-0.00244024,B. decurrens,285,10-2-12,2011-2675-1,9B,Illinois,Schuyler,40.0672223,-90.4275,40.07010712467176,-90.42899627731744,-90.4275,40.0672223,2.6411743114804036,2.4275946859839412,22
Boltonia_286,0.00897617,7.57214e-4,0.0245343,0.0513743,-0.0436977,0.027682,0.00255795,0.0083147,0.0162555,3.77863e-4,B. decurrens,286,12-4-10,2011-2638-1,1C,Illinois,Scott,39.7852777,-90.5902777,39.786569766256626,-90.58910563509704,-90.5902777,39.7852777,2.6411743114804036,2.4275946859839412,22
Boltonia_287,0.00283286,-0.00716379,0.0321471,0.0101291,-0.00808175,-0.0709548,-0.0394922,-0.0191507,-0.00616416,-0.00526552,B. decurrens,287,6-6-3,2011-2675-1,23A,Illinois,Schuyler,40.0672223,-90.4275,40.07010712467176,-90.42899627731744,-90.4275,40.0672223,2.6411743114804036,2.4275946859839412,22
Boltonia_288,-0.00186337,-0.0194711,0.125745,-0.0859462,0.0429402,0.0497838,0.0099726,0.00544139,0.00225666,0.00260908,B. decurrens,288,1-3-10,2011-2598-1,L12A,Illinois,Jersey,NA,NA,38.961398423802066,-90.51481032460988,-90.51481032460988,38.961398423802066,2.6411743114804036,2.4275946859839412,22
Boltonia_289,-0.124212,0.0733234,-0.0236102,-0.0140832,0.00799828,0.0168786,0.00505823,-0.00126158,-0.00345981,-0.0012052,B. decurrens,289,3-2-10,2011-2664-1,8,Illinois,Fulton,40.2047222,-90.1994444,40.207444479612775,-90.1871999885973,-90.1994444,40.2047222,2.6411743114804036,2.4275946859839412,22
Boltonia_290,-3.00042e-4,-0.0557332,-0.0511753,-0.0181669,0.0105052,0.0237049,-0.0164537,0.00417613,0.00374289,-0.0340579,B. decurrens,290,3-1-11,2011-2650-1,11B,Illinois,Woodford,40.8852777,-89.4583333,40.84668797480775,-89.0297386240063,-89.4583333,40.8852777,2.6411743114804036,2.4275946859839412,22
Boltonia_291,0.00134102,-0.063225,-0.0603917,-0.0238209,0.010715,0.0383007,-0.0604896,-0.00455786,-0.0175322,-0.221424,B. decurrens,291,6-2-4,2011-2629-1,9A,Illinois,Marshal,41.045,-89.4311111,41.02868892611459,-89.43846248262098,-89.4311111,41.045,2.6411743114804036,2.4275946859839412,22
Boltonia_292,0.00349952,-0.0311017,-0.0197119,-0.00364119,0.00264439,-0.0242901,0.019411,0.005565,-0.00257938,-0.00142685,B. decurrens,292,7-1-10,2011-2661-1,18B,Illinois,Tazewell,NA,NA,40.69584983597212,-89.54394792156027,-89.54394792156027,40.69584983597212,2.6411743114804036,2.4275946859839412,22
Boltonia_293,0.00793921,-0.00299952,0.0420431,0.0853553,-0.0791939,0.0800213,0.0148096,-0.0811922,-0.0511569,-0.0012258,B. decurrens,293,2-2-10,2011-2638-1,13A,Illinois,Scott,39.7852777,-90.5902777,39.786569766256626,-90.58910563509704,-90.5902777,39.7852777,2.6411743114804036,2.4275946859839412,22
Boltonia_294,0.00338131,-0.0597121,-0.0583602,-0.0213174,0.0103038,0.0356946,-0.0477271,-0.00374252,-0.0164149,-0.186201,B. decurrens,294,6-1-11,2011-2629-1,6C,Illinois,Marshal,41.045,-89.4311111,41.02868892611459,-89.43846248262098,-89.4311111,41.045,2.6411743114804036,2.4275946859839412,22
Boltonia_295,0.00738729,-0.00456589,0.0237141,0.054006,-0.0469297,0.0317712,0.00144631,-0.00317644,0.00609476,-6.58581e-4,B. decurrens,295,7-1-1,2011-2638-1,30B,Illinois,Scott,39.7852777,-90.5902777,39.786569766256626,-90.58910563509704,-90.5902777,39.7852777,2.6411743114804036,2.4275946859839412,22
Boltonia_296,0.0010354,-0.0324646,-0.024264,-0.00089463400000000005,0.00130414,-0.00984833,0.0119771,-0.00189169,-4.56936e-4,-0.0142838,B. decurrens,296,9-5-9,2011-2661-1,13A,Illinois,Tazewell,NA,NA,40.69584983597212,-89.54394792156027,-89.54394792156027,40.69584983597212,2.6411743114804036,2.4275946859839412,22
Boltonia_298,0.0980742,0.106082,-0.0423726,-0.103206,-0.0822272,0.00533209,-0.0020535,-0.0311061,0.0246981,-2.90522e-4,B. decurrens,298,8-4-5,2011-2635-1,15,Illinois,Alton,NA,NA,38.86501904919102,-90.22302347588696,-90.22302347588696,38.86501904919102,2.6411743114804036,2.4275946859839412,22
Boltonia_299,0.00186098,-0.0623911,-0.0588745,-0.022738,0.0129629,0.0348904,-0.055647,-0.00463464,-0.0127685,-0.171949,B. decurrens,299,9-2-11,2011-2629-1,5A,Illinois,Marshal,41.045,-89.4311111,41.02868892611459,-89.43846248262098,-89.4311111,41.045,2.6411743114804036,2.4275946859839412,22
Boltonia_301,5.079e-4,-0.0434412,-0.0317446,-0.00425066,5.84755e-4,-0.0166861,0.0868221,-0.0127491,0.0033108,-0.00215073,B. decurrens,301,10-3-2,2011-2661-1,23A,Illinois,Tazewell,NA,NA,40.69584983597212,-89.54394792156027,-89.54394792156027,40.69584983597212,2.6411743114804036,2.4275946859839412,22
Boltonia_302,8.54958e-4,-0.0094053,0.0468661,0.0122945,-0.0161128,-0.160003,-0.0997242,-0.0909429,-0.018746,0.0465803,B. decurrens,302,9-2-1,2011-2659-1,1B,Illinois,Frederick,NA,NA,40.07116308939078,-90.429571958886,-90.429571958886,40.07116308939078,2.6411743114804036,2.4275946859839412,22
Boltonia_303,0.0860049,0.0848237,-0.0187811,0.0977283,0.202972,0.0347547,0.00271279,-0.110646,0.113539,-0.0077432,B. decurrens,303,8-6-7,2011-2609-1,X2,Illinois,Madison,38.6891666,-90.0972222,38.69652811427051,-90.085926104309,-90.0972222,38.6891666,2.6411743114804036,2.4275946859839412,22
Boltonia_304,0.00194276,-0.0507741,-0.0422393,-0.0151842,0.00717712,0.0207771,-0.0128235,0.00128914,5.59232e-4,-0.0176464,B. decurrens,304,12-5-8,2011-2650-1,17A,Illinois,Woodford,40.8852777,-89.4583333,40.84668797480775,-89.0297386240063,-89.4583333,40.8852777,2.6411743114804036,2.4275946859839412,22
Boltonia_305,0.00267505,-0.0118532,0.00704842,0.016871,-0.00794493,-0.0401755,0.00523886,0.019555,0.0104389,-0.0087044,B. decurrens,305,1-1-6,2011-2666-1,3A,Illinois,Fulton,40.4925,-89.9022222,40.46699902833787,-89.9485498557629,-89.9022222,40.4925,2.6411743114804036,2.4275946859839412,22
Boltonia_306,-0.119347,0.0736036,-0.0249944,-0.00741414,0.00675703,0.00983569,0.00386373,-0.00371302,-0.00194349,0.00790502,B. decurrens,306,2-4-10,2011-2664-1,15,Illinois,Fulton,40.2047222,-90.1994444,40.207444479612775,-90.1871999885973,-90.1994444,40.2047222,2.6411743114804036,2.4275946859839412,22
Boltonia_307,0.00360014,-0.00813599,0.0355517,0.0035644,-0.00333281,-0.068091,-0.0399935,-0.0214409,-0.00404861,0.00470525,B. decurrens,307,4-2-10,2011-2659-1,13A,Illinois,Frederick,NA,NA,40.07116308939078,-90.429571958886,-90.429571958886,40.07116308939078,2.6411743114804036,2.4275946859839412,22
Boltonia_308,0.101652,0.10931,-0.0470814,-0.112596,-0.093615,0.00650545,0.0031013,-0.0324541,0.0294252,-0.00254977,B. decurrens,308,2-5-6,2011-2635-1,4,Illinois,Alton,NA,NA,38.86501904919102,-90.22302347588696,-90.22302347588696,38.86501904919102,2.6411743114804036,2.4275946859839412,22
Boltonia_309,-0.00261009,-0.0425782,-0.0312486,-0.00535454,0.00319864,-0.0257339,0.0859527,-0.0105136,0.00260354,0.00209424,B. decurrens,309,3-5-9,2011-2661-1,2A,Illinois,Tazewell,NA,NA,40.69584983597212,-89.54394792156027,-89.54394792156027,40.69584983597212,2.6411743114804036,2.4275946859839412,22
Boltonia_310,-5.37506e-4,-0.0436326,-0.0330294,-0.00666763,0.00393049,-0.0300194,0.0965146,-0.0169403,0.00207108,-0.0041828,B. decurrens,310,9-6-7,2011-2661-1,25A,Illinois,Tazewell,NA,NA,40.69584983597212,-89.54394792156027,-89.54394792156027,40.69584983597212,2.6411743114804036,2.4275946859839412,22
Boltonia_311,-0.120864,0.0737398,-0.0256893,-0.0102044,0.00937713,0.0162862,-0.00245206,-0.00281469,-0.00500942,-0.00216568,B. decurrens,311,6-5-12,2011-2613-1,9A,Illinois,Fulton,40.2047222,-90.1994444,40.20813714639404,-90.18724497777134,-90.1994444,40.2047222,2.6411743114804036,2.4275946859839412,22
Boltonia_312,-0.112916,0.0680446,-0.0219053,-0.00814753,0.00613164,0.015112,0.00123478,-0.00584043,-0.00622701,-0.00141881,B. decurrens,312,10-6-10,2011-2613-1,16A,Illinois,Fulton,40.2047222,-90.1994444,40.20813714639404,-90.18724497777134,-90.1994444,40.2047222,2.6411743114804036,2.4275946859839412,22
Boltonia_313,-3.36402e-4,-0.0100183,0.0144498,0.0127642,-0.0056683,-0.0345424,0.00275401,0.0123033,0.0133861,-0.0162389,B. decurrens,313,2-3-8,2011-2666-1,11B,Illinois,Fulton,40.4925,-89.9022222,40.46699902833787,-89.9485498557629,-89.9022222,40.4925,2.6411743114804036,2.4275946859839412,22
Boltonia_315,0.00246664,-0.0321005,-0.0203558,-0.00282279,0.00231449,-0.0191275,0.0208266,0.00106807,6.50488e-4,0.00372774,B. decurrens,315,7-1-11,2011-2661-1,18B,Illinois,Tazewell,NA,NA,40.69584983597212,-89.54394792156027,-89.54394792156027,40.69584983597212,2.6411743114804036,2.4275946859839412,22
Boltonia_316,9.36245e-4,-0.0498568,-0.0460316,-0.0180673,0.0123099,0.0199848,-0.0220232,0.00120477,-0.00205563,-0.0459462,B. decurrens,316,5-6-10,2011-2629-1,22B,Illinois,Marshal,41.045,-89.4311111,41.02868892611459,-89.43846248262098,-89.4311111,41.045,2.6411743114804036,2.4275946859839412,22
Boltonia_317,-2.403e-4,-0.0342683,-0.0200979,-4.51716e-5,0.00264887,-0.0476566,0.133388,-0.0109949,0.00260681,0.0104041,B. decurrens,317,5-5-12,2011-2618-1,30B,Illinois,Peoria,40.7222223,-89.5519444,40.69352232924267,-89.59142458669179,-89.5519444,40.7222223,2.6411743114804036,2.4275946859839412,22
Boltonia_318,0.00120057,-0.00975103,0.00827569,0.0161412,-0.00567329,-0.0313203,0.0012751,0.0183,0.0140521,-0.0115747,B. decurrens,318,9-1-7,2011-2666-1,27A,Illinois,Fulton,40.4925,-89.9022222,40.46699902833787,-89.9485498557629,-89.9022222,40.4925,2.6411743114804036,2.4275946859839412,22
Boltonia_320,-8.81706e-4,-0.0196239,0.120418,-0.0840212,0.0423048,0.0501141,0.0128927,0.00628463,0.00316267,0.00379492,B. decurrens,320,6-4-10,2011-2598-1,S17A,Illinois,Jersey,NA,NA,38.961398423802066,-90.51481032460988,-90.51481032460988,38.961398423802066,2.6411743114804036,2.4275946859839412,22
Boltonia_321,0.0604125,0.0564196,-0.00751138,0.0304704,0.0554331,-0.00418074,1.97901e-4,0.0943449,-0.153945,0.0138541,B. decurrens,321,10-3-9,2011-2599-1,16,Illinois,Saint Clair,38.6494444,-90.1161111,38.651507278988504,-90.10298738781108,-90.1161111,38.6494444,2.6411743114804036,2.4275946859839412,22
Boltonia_322,0.00122879,-0.0117073,0.00756745,0.0110647,-0.00899443,-0.0400127,5.79705e-4,0.0181593,0.0115817,-0.0168439,B. decurrens,322,4-3-6,2011-2666-1,19C,Illinois,Fulton,40.4925,-89.9022222,40.46699902833787,-89.9485498557629,-89.9022222,40.4925,2.6411743114804036,2.4275946859839412,22
Boltonia_323,5.17087e-4,-0.0066844,0.034473,0.0146006,-0.0114387,-0.0830209,-0.0522714,-0.0280928,-0.0148443,-1.82868e-4,B. decurrens,323,10-6-3,2011-2675-1,12B,Illinois,Schuyler,40.0672223,-90.4275,40.07010712467176,-90.42899627731744,-90.4275,40.0672223,2.6411743114804036,2.4275946859839412,22
Boltonia_324,0.0794455,0.0794178,-0.0182453,0.0837504,0.175413,0.0236158,-0.00179857,-0.0848645,0.0758186,-0.00661179,B. decurrens,324,8-2-9,2011-2609-1,5C,Illinois,Madison,38.6891666,-90.0972222,38.69652811427051,-90.085926104309,-90.0972222,38.6891666,2.6411743114804036,2.4275946859839412,22
Boltonia_325,1.97579e-4,-0.0588441,-0.0522181,-0.0168056,0.00919822,0.0264509,-0.0247454,-4.82055e-5,-0.00216802,-0.0328774,B. decurrens,325,9-2-6,2011-2650-1,21A,Illinois,Woodford,40.8852777,-89.4583333,40.84668797480775,-89.0297386240063,-89.4583333,40.8852777,2.6411743114804036,2.4275946859839412,22
Boltonia_326,0.0818492,0.0808463,-0.0173747,0.0881027,0.186386,0.0283017,8.43363e-4,-0.0871958,0.0916069,-0.00472957,B. decurrens,326,8-4-9,2011-2609-1,7C,Illinois,Madison,38.6891666,-90.0972222,38.69652811427051,-90.085926104309,-90.0972222,38.6891666,2.6411743114804036,2.4275946859839412,22
Boltonia_327,0.00347723,-0.0543445,-0.0502102,-0.0171004,0.0105811,0.0293997,-0.0316045,-0.00117396,-0.0043591,-0.0679863,B. decurrens,327,9-3-6,2011-2638-1,8B,Illinois,Scott,39.7852777,-90.5902777,39.786569766256626,-90.58910563509704,-90.5902777,39.7852777,2.6411743114804036,2.4275946859839412,22
Boltonia_329,-4.60302e-5,-0.0551392,-0.0483522,-0.0160363,0.00763805,0.0213881,-0.0245247,-0.00101399,-0.00271572,-0.0526211,B. decurrens,329,5-6-3,2011-2629-1,28C,Illinois,Marshal,41.045,-89.4311111,41.02868892611459,-89.43846248262098,-89.4311111,41.045,2.6411743114804036,2.4275946859839412,22
Boltonia_330,0.00485638,-0.0517861,-0.0501315,-0.0123713,0.0135922,0.0220137,-0.0195206,0.00137992,0.00113897,-0.019941,B. decurrens,330,12-3-9,2011-2650-1,10C,Illinois,Woodford,40.8852777,-89.4583333,40.84668797480775,-89.0297386240063,-89.4583333,40.8852777,2.6411743114804036,2.4275946859839412,22
Boltonia_331,0.0012943,-0.0432629,-0.031531000000000003,-0.007691,6.96662e-4,-0.0108863,0.0504151,-0.0061828,0.00162589,-0.0209503,B. decurrens,331,3-4-9,2011-2661-1,22A,Illinois,Tazewell,NA,NA,40.69584983597212,-89.54394792156027,-89.54394792156027,40.69584983597212,2.6411743114804036,2.4275946859839412,22
Boltonia_332,0.0034766,-0.069847,-0.0734924,-0.0249541,0.0130849,0.062918,-0.0639388,-0.0129563,-0.00382004,0.23885,B. decurrens,332,6-1-2,2011-2623-1,30C,Illinois,Hennepin,NA,NA,41.34414603458205,-89.55849691836283,-89.55849691836283,41.34414603458205,2.6411743114804036,2.4275946859839412,22
Boltonia_334,5.11453e-4,-0.0117709,0.00487408,0.0166961,-0.00713957,-0.0357523,0.00543988,0.0169405,0.0171662,-0.0151148,B. decurrens,334,4-2-3,2011-2666-1,6B,Illinois,Fulton,40.4925,-89.9022222,40.46699902833787,-89.9485498557629,-89.9022222,40.4925,2.6411743114804036,2.4275946859839412,22
Boltonia_335,-2.77692e-4,-0.0186155,0.128677,-0.0927692,0.0454025,0.0535669,0.0142028,0.00309605,0.00234849,0.00598409,B. decurrens,335,8-5-6,2011-2598-1,S6B,Illinois,Jersey,NA,NA,38.961398423802066,-90.51481032460988,-90.51481032460988,38.961398423802066,2.6411743114804036,2.4275946859839412,22
Boltonia_336,0.00812568,3.10637e-4,0.0281365,0.0605593,-0.0529447,0.0389643,0.00197801,-0.00653648,0.00778512,8.01021e-4,B. decurrens,336,10-5-7,2011-2638-1,4B,Illinois,Scott,39.7852777,-90.5902777,39.786569766256626,-90.58910563509704,-90.5902777,39.7852777,2.6411743114804036,2.4275946859839412,22
Boltonia_337,-0.117726,0.0753347,-0.0253027,-0.0104551,0.00624975,0.0117274,-3.43736e-4,-0.00228659,-0.00315953,2.09394e-4,B. decurrens,337,8-4-6,2011-2613-1,22A,Illinois,Fulton,40.2047222,-90.1994444,40.20813714639404,-90.18724497777134,-90.1994444,40.2047222,2.6411743114804036,2.4275946859839412,22
Boltonia_338,-2.25526e-4,-0.0575833,-0.0537027,-0.0200573,0.0108284,0.0240211,-0.023189,0.0050825,0.00591444,-0.032225,B. decurrens,338,12-6-3,2011-2650-1,13C,Illinois,Woodford,40.8852777,-89.4583333,40.84668797480775,-89.0297386240063,-89.4583333,40.8852777,2.6411743114804036,2.4275946859839412,22
Boltonia_339,-0.112192,0.0697095,-0.0239604,-0.00920438,0.00755209,0.0138514,4.45446e-4,-0.00307951,9.15767e-5,-6.2924e-6,B. decurrens,339,12-5-12,2011-2613-1,3A,Illinois,Fulton,40.2047222,-90.1994444,40.20813714639404,-90.18724497777134,-90.1994444,40.2047222,2.6411743114804036,2.4275946859839412,22
Boltonia_341,-0.096232,0.0600427,-0.0154038,-0.00267732,0.0056736,0.00332495,-0.00113172,0.00220252,0.00445887,-0.00456327,B. decurrens,341,10-6-4,2011-2664-1,30,Illinois,Fulton,40.2047222,-90.1994444,40.207444479612775,-90.1871999885973,-90.1994444,40.2047222,2.6411743114804036,2.4275946859839412,22
Boltonia_342,0.00288317,-0.0462411,-0.0399369,-0.0103815,0.00617958,0.0124613,-0.0116561,0.00386069,-0.0011709,-0.0215985,B. decurrens,342,11-5-2,2011-2650-1,29B,Illinois,Woodford,40.8852777,-89.4583333,40.84668797480775,-89.0297386240063,-89.4583333,40.8852777,2.6411743114804036,2.4275946859839412,22
Boltonia_343,0.00904987,-3.22205e-4,0.0292724,0.0659342,-0.0562515,0.0411743,-2.11099e-5,0.0016871500000000001,0.0133558,-0.00440879,B. decurrens,343,3-5-12,2011-2638-1,11B,Illinois,Scott,39.7852777,-90.5902777,39.786569766256626,-90.58910563509704,-90.5902777,39.7852777,2.6411743114804036,2.4275946859839412,22
Boltonia_344,0.00198979,-0.0542156,-0.0479193,-0.0134917,0.00983733,0.0281455,-0.0291477,-0.00398287,-7.97363e-4,-0.0623591,B. decurrens,344,9-2-12,2011-2629-1,5A,Illinois,Marshal,41.045,-89.4311111,41.02868892611459,-89.43846248262098,-89.4311111,41.045,2.6411743114804036,2.4275946859839412,22
Boltonia_345,0.00325305,-0.0654637,-0.0660645,-0.0214921,0.0116986,0.0471531,-0.054036,-0.0020942,-0.00254129,0.14971,B. decurrens,345,11-1-8,2011-2623-1,6B,Illinois,Hennepin,NA,NA,41.34414603458205,-89.55849691836283,-89.55849691836283,41.34414603458205,2.6411743114804036,2.4275946859839412,22
Boltonia_349,0.00251993,-0.00537129,0.0135177,0.0109935,-0.0102857,-0.0287711,-0.00952581,0.0117889,0.00271947,-0.00987469,B. decurrens,349,8-6-5,2011-2638-1,12C,Illinois,Scott,39.7852777,-90.5902777,39.786569766256626,-90.58910563509704,-90.5902777,39.7852777,2.6411743114804036,2.4275946859839412,22
Boltonia_350,-0.103062,0.0630307,-0.0175656,-0.00623372,0.00772809,0.0059954,-0.00216354,-0.00422815,-0.00148125,0.0056759,B. decurrens,350,7-3-7,2011-2664-1,28,Illinois,Fulton,40.2047222,-90.1994444,40.207444479612775,-90.1871999885973,-90.1994444,40.2047222,2.6411743114804036,2.4275946859839412,22
Boltonia_351,0.0118751,-5.84117e-4,0.0352739,0.0836488,-0.0721955,0.0573757,0.00186967,-0.020099,0.00420466,0.00148384,B. decurrens,351,3-5-11,2011-2638-1,11B,Illinois,Scott,39.7852777,-90.5902777,39.786569766256626,-90.58910563509704,-90.5902777,39.7852777,2.6411743114804036,2.4275946859839412,22
Boltonia_352,1.89173e-4,-0.0378315,-0.0239889,0.00315474,-7.96676e-4,-0.073721,0.199186,-0.0183162,-7.7404e-5,0.023111,B. decurrens,352,6-3-3,2011-2618-1,7B,Illinois,Peoria,40.7222223,-89.5519444,40.69352232924267,-89.59142458669179,-89.5519444,40.7222223,2.6411743114804036,2.4275946859839412,22
Boltonia_353,0.00402473,-0.0631125,-0.0649463,-0.0232612,0.0111003,0.0515774,-0.0576945,-0.00315878,0.00379112,0.128415,B. decurrens,353,2-5-7,2011-2623-1,28C,Illinois,Hennepin,NA,NA,41.34414603458205,-89.55849691836283,-89.55849691836283,41.34414603458205,2.6411743114804036,2.4275946859839412,22
Boltonia_354,7.818e-4,-0.0406406,-0.0272098,-0.00568813,0.00358062,-0.0495784,0.152588,-0.0220001,-0.00185425,0.0127217,B. decurrens,354,9-4-10,2011-2618-1,20C,Illinois,Peoria,40.7222223,-89.5519444,40.69352232924267,-89.59142458669179,-89.5519444,40.7222223,2.6411743114804036,2.4275946859839412,22
Boltonia_355,-0.10917,0.0680314,-0.0224189,-0.00515133,0.00336123,0.0138999,0.00125626,-0.00460711,-0.00663476,0.00233403,B. decurrens,355,1-4-7,2011-2613-1,24A,Illinois,Fulton,40.2047222,-90.1994444,40.20813714639404,-90.18724497777134,-90.1994444,40.2047222,2.6411743114804036,2.4275946859839412,22
Boltonia_356,0.0136914,0.0104538,0.0249038,0.0607323,-0.0383615,0.00583248,-0.00951542,0.120276,0.0970626,0.00940083,B. decurrens,356,9-3-3,2011-2598-1,S16A,Illinois,Jersey,NA,NA,38.961398423802066,-90.51481032460988,-90.51481032460988,38.961398423802066,2.6411743114804036,2.4275946859839412,22
Boltonia_358,0.0160323,0.00827233,0.0250463,0.0564445,-0.0366332,0.0200791,-0.00212807,0.124613,0.0988099,0.00731294,B. decurrens,358,10-4-6,2011-2620-1,13A,Illinois,Morgan,39.8672223,-90.5533333,39.87546015928839,-90.55308508241012,-90.5533333,39.8672223,2.6411743114804036,2.4275946859839412,22
Boltonia_359,0.104585,0.113176,-0.0503214,-0.117283,-0.0975014,0.00777463,0.00372849,-0.0365343,0.0336878,-0.00440724,B. decurrens,359,2-5-4,2011-2635-1,4,Illinois,Alton,NA,NA,38.86501904919102,-90.22302347588696,-90.22302347588696,38.86501904919102,2.6411743114804036,2.4275946859839412,22
Boltonia_360,-0.00202191,-0.0182684,0.12217,-0.0857049,0.0436046,0.0511238,0.0167336,5.25801e-4,0.00398108,-0.00347985,B. decurrens,360,2-6-9,2011-2598-1,L13B,Illinois,Jersey,NA,NA,38.961398423802066,-90.51481032460988,-90.51481032460988,38.961398423802066,2.6411743114804036,2.4275946859839412,22
Boltonia_361,-7.03899e-4,-0.0221765,0.120422,-0.0839815,0.0442292,0.0427446,0.0121544,0.00339182,-0.00126546,6.50859e-5,B. decurrens,361,9-3-2,2011-2598-1,S16A,Illinois,Jersey,NA,NA,38.961398423802066,-90.51481032460988,-90.51481032460988,38.961398423802066,2.6411743114804036,2.4275946859839412,22
Boltonia_362,0.00148803,-0.0647705,-0.0632813,-0.0243742,0.0106044,0.0388845,-0.0590297,-0.00616491,-0.0162111,-0.222537,B. decurrens,362,6-1-8,2011-2629-1,7C,Illinois,Marshal,41.045,-89.4311111,41.02868892611459,-89.43846248262098,-89.4311111,41.045,2.6411743114804036,2.4275946859839412,22
Boltonia_363,0.0119129,0.0056823,0.0231318,0.0555032,-0.0334432,0.0149736,-0.00570083,0.121049,0.0912603,0.00753879,B. decurrens,363,8-6-10,2011-2620-1,10A,Illinois,Morgan,39.8672223,-90.5533333,39.87546015928839,-90.55308508241012,-90.5533333,39.8672223,2.6411743114804036,2.4275946859839412,22
Boltonia_364,0.0118022,0.00838367,0.0231251,0.054054,-0.0349762,0.0144703,-0.00597691,0.111128,0.0847545,0.0133675,B. decurrens,364,11-1-2,2011-2620-1,2C,Illinois,Morgan,39.8672223,-90.5533333,39.87546015928839,-90.55308508241012,-90.5533333,39.8672223,2.6411743114804036,2.4275946859839412,22
Boltonia_365,0.00202679,-0.0644927,-0.0690007,-0.0231773,0.0136917,0.0564677,-0.0621376,-0.00538299,1.29208e-4,0.164077,B. decurrens,365,4-2-9,2011-2623-1,18B,Illinois,Hennepin,NA,NA,41.34414603458205,-89.55849691836283,-89.55849691836283,41.34414603458205,2.6411743114804036,2.4275946859839412,22
Boltonia_366,-0.108625,0.0676618,-0.0207872,-0.00538416,0.0039003,0.0103966,-0.00109211,4.88009e-4,0.0037804,-0.00510525,B. decurrens,366,2-2-9,2011-2644-1,30,Illinois,Tazewell,NA,NA,40.69971137108869,-89.54002817279506,-89.54002817279506,40.69971137108869,2.6411743114804036,2.4275946859839412,22
Boltonia_367,-0.00229926,-0.0195003,0.120561,-0.0803554,0.0378583,0.0410531,0.0121358,-0.00594514,-0.00354808,0.009232,B. decurrens,367,3-6-8,2011-2598-1,L14A,Illinois,Jersey,NA,NA,38.961398423802066,-90.51481032460988,-90.51481032460988,38.961398423802066,2.6411743114804036,2.4275946859839412,22
Boltonia_368,0.0602841,0.0571367,-0.00761059,0.0295985,0.0502033,-0.00207023,0.00367534,0.0842603,-0.146598,0.0088851,B. decurrens,368,6-4-6,2011-2599-1,7,Illinois,Saint Clair,38.6494444,-90.1161111,38.651507278988504,-90.10298738781108,-90.1161111,38.6494444,2.6411743114804036,2.4275946859839412,22
Boltonia_370,9.31369e-4,-0.0553917,-0.0473023,-0.015614,0.00825212,0.0234607,-0.0144377,0.00417269,0.00522441,-0.031801,B. decurrens,370,10-1-8,2011-2650-1,11B,Illinois,Woodford,40.8852777,-89.4583333,40.84668797480775,-89.0297386240063,-89.4583333,40.8852777,2.6411743114804036,2.4275946859839412,22
Boltonia_371,6.21091e-4,-0.00880155,0.0412943,0.0147736,-0.0117291,-0.13952,-0.0853571,-0.0646694,-0.00806434,0.0327475,B. decurrens,371,4-2-1,2011-2659-1,10C,Illinois,Frederick,NA,NA,40.07116308939078,-90.429571958886,-90.429571958886,40.07116308939078,2.6411743114804036,2.4275946859839412,22
Boltonia_372,-2.69625e-4,-0.0107208,0.0465144,0.0129597,-0.0159874,-0.163653,-0.111741,-0.0896235,-0.0121259,0.0431043,B. decurrens,372,1-4-11,2011-2659-1,1B,Illinois,Frederick,NA,NA,40.07116308939078,-90.429571958886,-90.429571958886,40.07116308939078,2.6411743114804036,2.4275946859839412,22
Boltonia_373,0.00957947,-0.00255627,0.0465711,0.106592,-0.0944506,0.0905968,0.01165,-0.0842431,-0.0456826,-0.0116209,B. decurrens,373,10-6-8,2011-2638-1,28A,Illinois,Scott,39.7852777,-90.5902777,39.786569766256626,-90.58910563509704,-90.5902777,39.7852777,2.6411743114804036,2.4275946859839412,22
Boltonia_374,-0.107918,0.0631345,-0.0203154,-0.0101879,0.00834843,0.00657486,0.00114609,-6.13039e-4,-0.00736812,-0.00241029,B. decurrens,374,1-6-4,2011-2664-1,14,Illinois,Fulton,40.2047222,-90.1994444,40.207444479612775,-90.1871999885973,-90.1994444,40.2047222,2.6411743114804036,2.4275946859839412,22
Boltonia_375,2.17963e-4,-0.0526821,-0.0458287,-0.0192456,0.010671,0.0208874,-0.028021,-0.00190092,-0.00326255,-0.0544369,B. decurrens,375,5-6-4,2011-2629-1,28C,Illinois,Marshal,41.045,-89.4311111,41.02868892611459,-89.43846248262098,-89.4311111,41.045,2.6411743114804036,2.4275946859839412,22
Boltonia_376,0.0106036,0.00174625,0.0372117,0.0737444,-0.0607325,0.0453992,0.00609419,-0.0106959,0.00911584,-0.0127613,B. decurrens,376,10-3-7,2011-2638-1,21C,Illinois,Scott,39.7852777,-90.5902777,39.786569766256626,-90.58910563509704,-90.5902777,39.7852777,2.6411743114804036,2.4275946859839412,22
Boltonia_377,0.00205981,-0.00546473,0.0310274,0.014715,-0.0139012,-0.0856012,-0.0485281,-0.0181251,-0.00110823,-0.00624904,B. decurrens,377,2-5-10,2011-2675-1,5A,Illinois,Schuyler,40.0672223,-90.4275,40.07010712467176,-90.42899627731744,-90.4275,40.0672223,2.6411743114804036,2.4275946859839412,22
Boltonia_378,0.0033092,-0.00743927,0.0168192,0.0168107,-0.0147658,-0.0266752,-0.0111328,0.00523457,0.00308163,-0.0135365,B. decurrens,378,5-1-3,2011-2636-1,18,Illinois,Cass,40.010555600000004,-90.4458333,40.0178975293398,-90.42445029519196,-90.4458333,40.010555600000004,2.6411743114804036,2.4275946859839412,22
Boltonia_379,0.00219657,-0.010861,0.00499302,0.013418,-0.00707113,-0.0397901,0.0086951,0.0155763,0.00906811,-0.0083812,B. decurrens,379,10-4-11,2011-2666-1,26C,Illinois,Fulton,40.4925,-89.9022222,40.46699902833787,-89.9485498557629,-89.9022222,40.4925,2.6411743114804036,2.4275946859839412,22
Boltonia_380,0.0168841,0.00508479,0.0255249,0.0551953,-0.0343504,0.00659405,-9.26804e-5,0.144708,0.114186,0.0117471,B. decurrens,380,10-1-11,2011-2620-1,6A,Illinois,Morgan,39.8672223,-90.5533333,39.87546015928839,-90.55308508241012,-90.5533333,39.8672223,2.6411743114804036,2.4275946859839412,22
Boltonia_381,0.0170852,0.00191957,0.0206019,0.0548546,-0.0357936,0.00801013,-0.00475111,0.115566,0.0848654,0.00401278,B. decurrens,381,8-6-11,2011-2620-1,10A,Illinois,Morgan,39.8672223,-90.5533333,39.87546015928839,-90.55308508241012,-90.5533333,39.8672223,2.6411743114804036,2.4275946859839412,22
Boltonia_382,0.00526233,-0.00359793,0.0442582,0.095797,-0.0905552,0.0852333,0.0137533,-0.0815677,-0.0483384,-0.00379492,B. decurrens,382,3-4-7,2011-2638-1,4B,Illinois,Scott,39.7852777,-90.5902777,39.786569766256626,-90.58910563509704,-90.5902777,39.7852777,2.6411743114804036,2.4275946859839412,22
Boltonia_383,-0.0013812,-0.036761,-0.028801,-2.2127e-4,0.00276613,-0.0408364,0.124556,-0.00863831,0.00442075,0.00551626,B. decurrens,383,6-2-10,2011-2618-1,24B,Illinois,Peoria,40.7222223,-89.5519444,40.69352232924267,-89.59142458669179,-89.5519444,40.7222223,2.6411743114804036,2.4275946859839412,22
Boltonia_384,0.00047423400000000003,-0.0195929,0.117114,-0.079795,0.0387401,0.0433625,0.0132533,0.00465006,0.00101198,0.00585288,B. decurrens,384,4-4-10,2011-2598-1,S25D,Illinois,Jersey,NA,NA,38.961398423802066,-90.51481032460988,-90.51481032460988,38.961398423802066,2.6411743114804036,2.4275946859839412,22
Boltonia_385,0.010123,-0.00204221,0.039087,0.0842784,-0.0742894,0.0672317,0.0104682,-0.0448497,-0.0198934,7.62494e-4,B. decurrens,385,10-2-5,2011-2638-1,3A,Illinois,Scott,39.7852777,-90.5902777,39.786569766256626,-90.58910563509704,-90.5902777,39.7852777,2.6411743114804036,2.4275946859839412,22
Boltonia_386,0.00344981,-0.062855,-0.0650382,-0.0193358,0.0115029,0.0445733,-0.0452328,-0.00152712,-2.95488e-5,0.136368,B. decurrens,386,5-4-9,2011-2623-1,1B,Illinois,Hennepin,NA,NA,41.34414603458205,-89.55849691836283,-89.55849691836283,41.34414603458205,2.6411743114804036,2.4275946859839412,22
Boltonia_387,0.00100855,-0.00604239,0.0352144,0.00694424,-0.00581408,-0.0821778,-0.0493234,-0.0252153,-0.00536899,0.00625183,B. decurrens,387,4-6-11,2011-2659-1,12B,Illinois,Frederick,NA,NA,40.07116308939078,-90.429571958886,-90.429571958886,40.07116308939078,2.6411743114804036,2.4275946859839412,22
Boltonia_388,-0.12378,0.0738417,-0.0248816,-0.0101947,0.00746843,0.00970652,2.17584e-4,-0.00381232,-0.00554083,0.00164008,B. decurrens,388,9-6-2,2011-2664-1,14,Illinois,Fulton,40.2047222,-90.1994444,40.207444479612775,-90.1871999885973,-90.1994444,40.2047222,2.6411743114804036,2.4275946859839412,22
Boltonia_389,7.10436e-4,-0.0396589,-0.0226506,0.00122822,2.10746e-4,-0.0489296,0.142432,-0.0182295,-0.00295937,0.0188226,B. decurrens,389,7-6-11,2011-2618-1,5A,Illinois,Peoria,40.7222223,-89.5519444,40.69352232924267,-89.59142458669179,-89.5519444,40.7222223,2.6411743114804036,2.4275946859839412,22
Boltonia_390,-0.125041,0.0716854,-0.0262689,-0.0125251,0.00861585,0.0163436,9.2257e-4,-0.00198466,-0.0073692,-0.00106394,B. decurrens,390,3-2-8,2011-2664-1,8,Illinois,Fulton,40.2047222,-90.1994444,40.207444479612775,-90.1871999885973,-90.1994444,40.2047222,2.6411743114804036,2.4275946859839412,22
Boltonia_392,0.00546103,3.35914e-4,0.0276266,0.0481963,-0.0410834,0.0202105,0.00291472,0.00764179,0.0156771,-0.00284994,B. decurrens,392,10-2-6,2011-2638-1,3A,Illinois,Scott,39.7852777,-90.5902777,39.786569766256626,-90.58910563509704,-90.5902777,39.7852777,2.6411743114804036,2.4275946859839412,22
Boltonia_393,0.00239292,-0.0609163,-0.0529836,-0.0190699,0.00893475,0.0335865,-0.0294638,0.00999038,0.00320858,-0.0228774,B. decurrens,393,2-1-10,2011-2650-1,15B,Illinois,Woodford,40.8852777,-89.4583333,40.84668797480775,-89.0297386240063,-89.4583333,40.8852777,2.6411743114804036,2.4275946859839412,22
Boltonia_394,-0.101096,0.0646537,-0.0200626,-0.0028892,0.00413013,0.00451125,0.00214393,-9.67575e-4,0.00244284,0.00242316,B. decurrens,394,10-4-9,2011-2664-1,26,Illinois,Fulton,40.2047222,-90.1994444,40.207444479612775,-90.1871999885973,-90.1994444,40.2047222,2.6411743114804036,2.4275946859839412,22
Boltonia_395,0.00125097,-0.063495,-0.0591042,-0.0220785,0.0118213,0.0342928,-0.0582829,-0.00597127,-0.0141001,-0.21403,B. decurrens,395,6-1-9,2011-2629-1,7C,Illinois,Marshal,41.045,-89.4311111,41.02868892611459,-89.43846248262098,-89.4311111,41.045,2.6411743114804036,2.4275946859839412,22
Boltonia_396,0.0630645,0.0571867,-0.00783654,0.030835,0.0580265,-0.00374905,0.00806886,0.129693,-0.218461,0.00539311,B. decurrens,396,3-5-2,2011-2599-1,3,Illinois,Saint Clair,38.6494444,-90.1161111,38.651507278988504,-90.10298738781108,-90.1161111,38.6494444,2.6411743114804036,2.4275946859839412,22
Boltonia_397,-0.120242,0.0727638,-0.0224384,-0.0078246,0.00633345,0.014346,0.00571754,-0.00379444,-0.00541881,0.00779355,B. decurrens,397,9-5-1,2011-2664-1,11,Illinois,Fulton,40.2047222,-90.1994444,40.207444479612775,-90.1871999885973,-90.1994444,40.2047222,2.6411743114804036,2.4275946859839412,22
Boltonia_398,5.89228e-4,-0.00585926,0.0297743,0.016605,-0.0137815,-0.0793244,-0.0444215,-0.0191589,-0.0081945,-0.0102399,B. decurrens,398,2-2-4,2011-2675-1,3C,Illinois,Schuyler,40.0672223,-90.4275,40.07010712467176,-90.42899627731744,-90.4275,40.0672223,2.6411743114804036,2.4275946859839412,22
Boltonia_399,6.16227e-4,-0.0514012,-0.0513356,-0.0166099,0.0102577,0.0199608,-0.0264004,0.00435179,3.80986e-4,-0.0585525,B. decurrens,399,7-4-1,2011-2629-1,15A,Illinois,Marshal,41.045,-89.4311111,41.02868892611459,-89.43846248262098,-89.4311111,41.045,2.6411743114804036,2.4275946859839412,22
Boltonia_400,-0.0864293,0.0525307,-0.0133603,-0.00152931,0.00509697,0.00145161,-0.00245627,0.00293697,0.00341181,-0.00563043,B. decurrens,400,4-1-9,2011-2664-1,1,Illinois,Fulton,40.2047222,-90.1994444,40.207444479612775,-90.1871999885973,-90.1994444,40.2047222,2.6411743114804036,2.4275946859839412,22
Boltonia_401,6.21393e-4,-0.0366886,-0.0238562,9.87038e-4,5.19133e-4,-0.0621461,0.171999,-0.0185594,0.00409692,0.0199682,B. decurrens,401,4-5-7,2011-2618-1,25A,Illinois,Peoria,40.7222223,-89.5519444,40.69352232924267,-89.59142458669179,-89.5519444,40.7222223,2.6411743114804036,2.4275946859839412,22
Boltonia_402,0.00163642,-0.00754619,0.0112047,0.0133412,-0.00725768,-0.0376447,-7.1629e-4,0.0165155,0.014071,-0.0185147,B. decurrens,402,2-3-7,2011-2666-1,11B,Illinois,Fulton,40.4925,-89.9022222,40.46699902833787,-89.9485498557629,-89.9022222,40.4925,2.6411743114804036,2.4275946859839412,22
Boltonia_403,0.00386311,-0.00722889,0.0307806,0.0137175,-0.0104861,-0.0944887,-0.0542174,-0.0314128,-0.003775,0.00855051,B. decurrens,403,4-5-10,2011-2659-1,15A,Illinois,Frederick,NA,NA,40.07116308939078,-90.429571958886,-90.429571958886,40.07116308939078,2.6411743114804036,2.4275946859839412,22
Boltonia_404,4.51775e-4,-0.0262285,-0.0170723,0.00333689,-0.00414643,-0.0163815,0.0113988,0.00567482,0.00569719,-0.00159887,B. decurrens,404,10-3-4,2011-2661-1,12A,Illinois,Tazewell,NA,NA,40.69584983597212,-89.54394792156027,-89.54394792156027,40.69584983597212,2.6411743114804036,2.4275946859839412,22
Boltonia_405,0.0113176,-0.00436814,0.0495568,0.103067,-0.0918015,0.0940974,0.0190515,-0.0897033,-0.058593,-0.00744644,B. decurrens,405,3-1-7,2011-2638-1,26C,Illinois,Scott,39.7852777,-90.5902777,39.786569766256626,-90.58910563509704,-90.5902777,39.7852777,2.6411743114804036,2.4275946859839412,22
Boltonia_408,-0.110592,0.0663525,-0.0240323,-0.00851929,0.00876961,0.00539546,0.00316828,-0.00246108,-0.00604945,0.00612546,B. decurrens,408,13-1-9,2011-2664-1,13,Illinois,Fulton,40.2047222,-90.1994444,40.207444479612775,-90.1871999885973,-90.1994444,40.2047222,2.6411743114804036,2.4275946859839412,22
Boltonia_409,0.00184857,-0.0270246,-0.0135005,2.51016e-4,-6.52303e-4,-0.0207442,0.0199671,0.00206494,0.00141629,0.0055636,B. decurrens,409,11-6-4,2011-2661-1,8A,Illinois,Tazewell,NA,NA,40.69584983597212,-89.54394792156027,-89.54394792156027,40.69584983597212,2.6411743114804036,2.4275946859839412,22
Boltonia_411,0.00460631,-0.00823009,0.0125509,0.014745,-0.00761326,-0.0436958,0.007153,0.0183468,0.0126785,-0.0133707,B. decurrens,411,4-1-6,2011-2666-1,13C,Illinois,Fulton,40.4925,-89.9022222,40.46699902833787,-89.9485498557629,-89.9022222,40.4925,2.6411743114804036,2.4275946859839412,22
Boltonia_412,-0.00119481,-0.00463812,0.0336093,0.0141594,-0.00988022,-0.125394,-0.0691876,-0.0482934,-0.0102345,0.0117933,B. decurrens,412,5-3-11,2011-2659-1,5A,Illinois,Frederick,NA,NA,40.07116308939078,-90.429571958886,-90.429571958886,40.07116308939078,2.6411743114804036,2.4275946859839412,22
Boltonia_413,0.00269523,-0.051989,-0.0402947,-0.0143352,0.00808099,0.0219232,-0.0248589,-0.00339163,-0.00217057,-0.042728,B. decurrens,413,9-3-7,2011-2629-1,30A,Illinois,Marshal,41.045,-89.4311111,41.02868892611459,-89.43846248262098,-89.4311111,41.045,2.6411743114804036,2.4275946859839412,22
Boltonia_415,0.00187221,-0.0553048,-0.0476363,-0.0187379,0.00953403,0.02401,-0.0219042,-0.00332445,-0.00436098,-0.0435994,B. decurrens,415,2-2-8,2011-2629-1,2B,Illinois,Marshal,41.045,-89.4311111,41.02868892611459,-89.43846248262098,-89.4311111,41.045,2.6411743114804036,2.4275946859839412,22
Boltonia_417,-0.00142418,-0.00360793,0.0173685,0.0142278,-0.00937429,-0.0304576,-0.00858058,0.0131343,0.0080233,-0.00136287,B. decurrens,417,3-3-2,2011-2636-1,26,Illinois,Cass,40.010555600000004,-90.4458333,40.0178975293398,-90.42445029519196,-90.4458333,40.010555600000004,2.6411743114804036,2.4275946859839412,22
Boltonia_418,0.0761149,0.0803332,-0.0294075,-0.054428,-0.0468647,-0.00214613,0.00393281,0.00327276,-0.00443004,7.6472e-4,B. decurrens,418,4-3-12,2011-2635-1,31,Illinois,Alton,NA,NA,38.86501904919102,-90.22302347588696,-90.22302347588696,38.86501904919102,2.6411743114804036,2.4275946859839412,22
Boltonia_420,7.05243e-4,-0.0106596,0.0326444,0.00757592,-0.00700342,-0.0695766,-0.0392192,-0.0236068,0.00403548,0.00384017,B. decurrens,420,4-6-7,2011-2659-1,14A,Illinois,Frederick,NA,NA,40.07116308939078,-90.429571958886,-90.429571958886,40.07116308939078,2.6411743114804036,2.4275946859839412,22
Boltonia_421,0.00109602,-0.0110114,0.0258612,0.0123163,-0.00744953,-0.0755502,-0.0444794,-0.016219,-0.00226726,-0.00179963,B. decurrens,421,4-1-2,2011-2675-1,16A,Illinois,Schuyler,40.0672223,-90.4275,40.07010712467176,-90.42899627731744,-90.4275,40.0672223,2.6411743114804036,2.4275946859839412,22
Boltonia_422,0.10278,0.109944,-0.0477479,-0.112432,-0.092222,0.00629351,0.00167631,-0.0341314,0.0315793,-0.00194983,B. decurrens,422,12-5-9,2011-2635-1,13,Illinois,Alton,NA,NA,38.86501904919102,-90.22302347588696,-90.22302347588696,38.86501904919102,2.6411743114804036,2.4275946859839412,22
Boltonia_423,0.1029,0.113045,-0.0507971,-0.118758,-0.100953,0.00560191,0.00229131,-0.041544,0.0338641,-0.0064633,B. decurrens,423,3-2-11,2011-2635-1,28,Illinois,Alton,NA,NA,38.86501904919102,-90.22302347588696,-90.22302347588696,38.86501904919102,2.6411743114804036,2.4275946859839412,22
Boltonia_424,3.1987e-5,-0.0218872,0.128053,-0.0917992,0.0478967,0.0545991,0.0171617,4.11486e-4,0.00285846,0.0030011,B. decurrens,424,8-6-3,2011-2598-1,L1B,Illinois,Jersey,NA,NA,38.961398423802066,-90.51481032460988,-90.51481032460988,38.961398423802066,2.6411743114804036,2.4275946859839412,22
Boltonia_425,0.0188367,0.00727859,0.0244793,0.0582404,-0.0390106,0.0168647,-0.0114607,0.137487,0.111799,0.0117125,B. decurrens,425,11-6-8,2011-2620-1,20B,Illinois,Morgan,39.8672223,-90.5533333,39.87546015928839,-90.55308508241012,-90.5533333,39.8672223,2.6411743114804036,2.4275946859839412,22
Boltonia_426,0.00302836,-0.0340459,-0.0190398,-0.00271976,0.00205995,-0.0223671,0.0202153,-4.5997e-4,-9.80605e-4,-0.0011313,B. decurrens,426,7-1-12,2011-2661-1,18B,Illinois,Tazewell,NA,NA,40.69584983597212,-89.54394792156027,-89.54394792156027,40.69584983597212,2.6411743114804036,2.4275946859839412,22
Boltonia_427,-0.112519,0.0707565,-0.0222596,-0.00683623,0.00455422,0.0106,0.00248916,-0.00193765,-0.00126212,0.00721846,B. decurrens,427,10-4-8,2011-2664-1,26,Illinois,Fulton,40.2047222,-90.1994444,40.207444479612775,-90.1871999885973,-90.1994444,40.2047222,2.6411743114804036,2.4275946859839412,22
Boltonia_428,0.00125229,-0.00534011,0.0366855,0.0116365,-0.00731826,-0.103886,-0.0665306,-0.0438713,-0.00469867,0.0146956,B. decurrens,428,8-2-11,2011-2659-1,3C,Illinois,Frederick,NA,NA,40.07116308939078,-90.429571958886,-90.429571958886,40.07116308939078,2.6411743114804036,2.4275946859839412,22
Boltonia_429,0.0134227,0.00840362,0.0230162,0.0488731,-0.0318715,0.00905875,-0.00826592,0.115539,0.096329,0.004468,B. decurrens,429,6-5-9,2011-2620-1,19A,Illinois,Morgan,39.8672223,-90.5533333,39.87546015928839,-90.55308508241012,-90.5533333,39.8672223,2.6411743114804036,2.4275946859839412,22
Boltonia_430,-4.80423e-4,-0.0191422,0.122771,-0.0880516,0.0464553,0.0538425,0.0191767,-0.00127485,-0.00386073,0.00327015,B. decurrens,430,9-3-10,2011-2598-1,L3B,Illinois,Jersey,NA,NA,38.961398423802066,-90.51481032460988,-90.51481032460988,38.961398423802066,2.6411743114804036,2.4275946859839412,22
Boltonia_431,-0.0966652,0.0618176,-0.0181994,-0.00443586,0.00362732,0.00865522,9.75102e-4,-7.53008e-4,3.43059e-4,0.00440887,B. decurrens,431,2-6-6,2011-2613-1,6A,Illinois,Fulton,40.2047222,-90.1994444,40.20813714639404,-90.18724497777134,-90.1994444,40.2047222,2.6411743114804036,2.4275946859839412,22
Boltonia_432,-0.0890587,0.0523684,-0.0136976,-0.00492802,0.00842696,-8.26467e-4,-0.00971637,-0.00200681,0.00284319,-0.00608531,B. decurrens,432,4-2-6,2011-2664-1,9,Illinois,Fulton,40.2047222,-90.1994444,40.207444479612775,-90.1871999885973,-90.1994444,40.2047222,2.6411743114804036,2.4275946859839412,22
Boltonia_433,0.016025,0.00870199,0.0232619,0.0608888,-0.0374656,0.00830011,-0.00697367,0.132649,0.105775,0.0122668,B. decurrens,433,11-6-9,2011-2620-1,20B,Illinois,Morgan,39.8672223,-90.5533333,39.87546015928839,-90.55308508241012,-90.5533333,39.8672223,2.6411743114804036,2.4275946859839412,22
Boltonia_434,-0.127048,0.0759261,-0.0267623,-0.0104032,0.00915246,0.0176042,0.00312281,-0.00253312,-0.00298194,0.0103229,B. decurrens,434,2-3-1,2011-2664-1,12,Illinois,Fulton,40.2047222,-90.1994444,40.207444479612775,-90.1871999885973,-90.1994444,40.2047222,2.6411743114804036,2.4275946859839412,22
Boltonia_435,-0.00133209,-0.0208342,0.123365,-0.0908475,0.0457295,0.0550444,0.0225406,0.00555216,0.00126533,0.00456509,B. decurrens,435,3-6-6,2011-2598-1,S8A,Illinois,Jersey,NA,NA,38.961398423802066,-90.51481032460988,-90.51481032460988,38.961398423802066,2.6411743114804036,2.4275946859839412,22
Boltonia_436,0.0121497,-0.0048108100000000004,0.0554382,0.12223,-0.11207399999999999,0.120945,0.0201925,-0.116702,-0.0738038,0.00149111,B. decurrens,436,12-5-4,2011-2638-1,17A,Illinois,Scott,39.7852777,-90.5902777,39.786569766256626,-90.58910563509704,-90.5902777,39.7852777,2.6411743114804036,2.4275946859839412,22
Boltonia_437,0.00301284,-0.0349757,-0.0268855,-0.00507108,0.00486017,-0.00541732,0.00836138,-0.00261507,0.00504026,-0.0212869,B. decurrens,437,1-6-7,2011-2661-1,5A,Illinois,Tazewell,NA,NA,40.69584983597212,-89.54394792156027,-89.54394792156027,40.69584983597212,2.6411743114804036,2.4275946859839412,22
Boltonia_438,0.00149493,-0.00704931,0.0340165,0.00887351,-0.00707439,-0.0657394,-0.031602,-0.0113943,-1.9928e-4,-8.53458e-4,B. decurrens,438,3-1-2,2011-2675-1,15B,Illinois,Schuyler,40.0672223,-90.4275,40.07010712467176,-90.42899627731744,-90.4275,40.0672223,2.6411743114804036,2.4275946859839412,22
Boltonia_441,2.67917e-4,-0.0193689,0.121276,-0.0798961,0.0420288,0.051381,0.0176158,0.00112296,-0.00141174,0.00727278,B. decurrens,441,5-5-3,2011-2598-1,L7B,Illinois,Jersey,NA,NA,38.961398423802066,-90.51481032460988,-90.51481032460988,38.961398423802066,2.6411743114804036,2.4275946859839412,22
Boltonia_442,0.00150086,-0.0206153,0.121638,-0.0850295,0.0428731,0.0476276,0.0176529,0.00587156,0.00210689,0.00665764,B. decurrens,442,3-6-5,2011-2598-1,S8A,Illinois,Jersey,NA,NA,38.961398423802066,-90.51481032460988,-90.51481032460988,38.961398423802066,2.6411743114804036,2.4275946859839412,22
Boltonia_443,0.0963913,0.103973,-0.0471823,-0.10629,-0.0869498,0.00886078,0.00133706,-0.029692,0.0304049,-0.00242951,B. decurrens,443,5-1-12,2011-2635-1,11,Illinois,Alton,NA,NA,38.86501904919102,-90.22302347588696,-90.22302347588696,38.86501904919102,2.6411743114804036,2.4275946859839412,22
Boltonia_444,0.0134623,0.00786659,0.0256497,0.0555608,-0.0390525,0.0163922,-0.00975464,0.130143,0.100139,0.00489509,B. decurrens,444,10-5-3,2011-2620-1,27A,Illinois,Morgan,39.8672223,-90.5533333,39.87546015928839,-90.55308508241012,-90.5533333,39.8672223,2.6411743114804036,2.4275946859839412,22
Boltonia_445,0.00282553,-0.0640895,-0.0650432,-0.0229838,0.0123466,0.053018,-0.0556678,-0.00797771,-0.00537251,0.160637,B. decurrens,445,6-5-8,2011-2623-1,7A,Illinois,Hennepin,NA,NA,41.34414603458205,-89.55849691836283,-89.55849691836283,41.34414603458205,2.6411743114804036,2.4275946859839412,22
Boltonia_446,0.0917523,0.100128,-0.0423175,-0.0938284,-0.075617,0.00441133,0.00322746,-0.02334,0.0272129,-5.71548e-4,B. decurrens,446,3-3-4,2011-2635-1,21,Illinois,Alton,NA,NA,38.86501904919102,-90.22302347588696,-90.22302347588696,38.86501904919102,2.6411743114804036,2.4275946859839412,22
Boltonia_448,-0.0022736,-0.020858,0.11524,-0.0824695,0.044308,0.0408872,0.0109407,8.9646e-4,0.00118209,-3.32079e-4,B. decurrens,448,6-4-11,2011-2598-1,S17A,Illinois,Jersey,NA,NA,38.961398423802066,-90.51481032460988,-90.51481032460988,38.961398423802066,2.6411743114804036,2.4275946859839412,22
Boltonia_449,-1.76153e-4,-0.0354878,-0.0234045,0.00298306,-5.61738e-4,-0.064919,0.16424,-0.0139019,0.00620445,0.0223651,B. decurrens,449,7-6-3,2011-2618-1,3C,Illinois,Peoria,40.7222223,-89.5519444,40.69352232924267,-89.59142458669179,-89.5519444,40.7222223,2.6411743114804036,2.4275946859839412,22
Boltonia_452,0.0770497,0.0781625,-0.0171654,0.0863496,0.175248,0.0283559,-0.00369771,-0.0800908,0.087029,-0.00352528,B. decurrens,452,9-6-3,2011-2609-1,9C,Illinois,Madison,38.6891666,-90.0972222,38.69652811427051,-90.085926104309,-90.0972222,38.6891666,2.6411743114804036,2.4275946859839412,22
Boltonia_453,-0.00129244,-0.017927,0.112187,-0.0781502,0.0379465,0.0408414,0.00895712,-0.00179966,0.00198901,0.00378404,B. decurrens,453,2-5-12,2011-2598-1,22C,Illinois,Jersey,NA,NA,38.961398423802066,-90.51481032460988,-90.51481032460988,38.961398423802066,2.6411743114804036,2.4275946859839412,22
Boltonia_454,3.74057e-4,-0.0395538,-0.0251177,0.00411312,2.93865e-4,-0.0638362,0.19676,-0.0168079,0.00837598,0.0192618,B. decurrens,454,7-3-5,2011-2618-1,15A,Illinois,Peoria,40.7222223,-89.5519444,40.69352232924267,-89.59142458669179,-89.5519444,40.7222223,2.6411743114804036,2.4275946859839412,22
Boltonia_455,0.012201,0.00833143,0.0233776,0.0519333,-0.0313983,0.00825525,-0.00404673,0.105034,0.0829785,0.00536851,B. decurrens,455,5-3-4,2011-2620-1,26C,Illinois,Morgan,39.8672223,-90.5533333,39.87546015928839,-90.55308508241012,-90.5533333,39.8672223,2.6411743114804036,2.4275946859839412,22
Boltonia_456,-0.00285124,-0.0193261,0.123453,-0.0832565,0.0460923,0.0467362,0.0145116,-0.00141725,-8.25738e-4,-8.74459e-4,B. decurrens,456,6-5-1,2011-2598-1,L4B,Illinois,Jersey,NA,NA,38.961398423802066,-90.51481032460988,-90.51481032460988,38.961398423802066,2.6411743114804036,2.4275946859839412,22
Boltonia_457,0.101749,0.112682,-0.0496399,-0.111685,-0.0948895,0.0101626,0.00363859,-0.0321467,0.0291192,-0.00115761,B. decurrens,457,6-3-9,2011-2635-1,24,Illinois,Alton,NA,NA,38.86501904919102,-90.22302347588696,-90.22302347588696,38.86501904919102,2.6411743114804036,2.4275946859839412,22
Boltonia_458,5.80208e-4,-0.0441081,-0.0282476,5.82191e-4,2.65047e-4,-0.0665026,0.20059,-0.0264217,5.30956e-4,0.0279825,B. decurrens,458,8-2-1,2011-2618-1,12A,Illinois,Peoria,40.7222223,-89.5519444,40.69352232924267,-89.59142458669179,-89.5519444,40.7222223,2.6411743114804036,2.4275946859839412,22
Boltonia_459,0.00156122,-0.028284,-0.0198896,-8.12302e-4,1.30259e-5,-0.00931597,0.0213802,0.00624967,0.00114625,-0.00676468,B. decurrens,459,5-1-9,2011-2661-1,29B,Illinois,Tazewell,NA,NA,40.69584983597212,-89.54394792156027,-89.54394792156027,40.69584983597212,2.6411743114804036,2.4275946859839412,22
Boltonia_460,0.0095419,-0.002514,0.0478892,0.0900943,-0.0826948,0.0781162,0.0123255,-0.0788057,-0.0422818,-0.00225562,B. decurrens,460,2-2-12,2011-2638-1,13A,Illinois,Scott,39.7852777,-90.5902777,39.786569766256626,-90.58910563509704,-90.5902777,39.7852777,2.6411743114804036,2.4275946859839412,22
Boltonia_461,0.0997884,0.108651,-0.0444189,-0.102248,-0.0838422,0.00295349,0.00239432,-0.0302866,0.0256016,-0.00377008,B. decurrens,461,8-4-4,2011-2599-1,6,Illinois,Saint Clair,38.6494444,-90.1161111,38.651507278988504,-90.10298738781108,-90.1161111,38.6494444,2.6411743114804036,2.4275946859839412,22
Boltonia_462,-0.126089,0.0752718,-0.0227039,-0.0129905,0.00921616,0.0171304,0.00355593,0.00200308,-0.00159777,-0.00312263,B. decurrens,462,12-3-5,2011-2664-1,10,Illinois,Fulton,40.2047222,-90.1994444,40.207444479612775,-90.1871999885973,-90.1994444,40.2047222,2.6411743114804036,2.4275946859839412,22
Boltonia_463,0.0145761,0.00310955,0.023656,0.0507809,-0.0357744,0.0135781,-0.0119407,0.118645,0.0903305,0.0102084,B. decurrens,463,5-3-6,2011-2620-1,14C,Illinois,Morgan,39.8672223,-90.5533333,39.87546015928839,-90.55308508241012,-90.5533333,39.8672223,2.6411743114804036,2.4275946859839412,22
Boltonia_465,3.63921e-4,-0.00506036,0.0357046,0.0131074,-0.00772383,-0.122988,-0.0700508,-0.0461365,-0.00633033,0.00950133,B. decurrens,465,8-3-5,2011-2659-1,4A,Illinois,Frederick,NA,NA,40.07116308939078,-90.429571958886,-90.429571958886,40.07116308939078,2.6411743114804036,2.4275946859839412,22
Boltonia_466,0.0568843,0.055709,-0.00800203,0.030775,0.0539487,-0.00511397,0.00113567,0.0880405,-0.145529,0.0107982,B. decurrens,466,10-3-10,2011-2599-1,16,Illinois,Saint Clair,38.6494444,-90.1161111,38.651507278988504,-90.10298738781108,-90.1161111,38.6494444,2.6411743114804036,2.4275946859839412,22
Boltonia_467,0.0985926,0.107055,-0.0491225,-0.110478,-0.0934052,0.00498626,-4.72017e-4,-0.0355567,0.0305834,-0.00158832,B. decurrens,467,5-4-6,2011-2635-1,6,Illinois,Alton,NA,NA,38.86501904919102,-90.22302347588696,-90.22302347588696,38.86501904919102,2.6411743114804036,2.4275946859839412,22
Boltonia_468,-0.00135061,-0.0216578,0.129107,-0.0883176,0.0472945,0.0502077,0.013024,7.0561e-4,0.00168668,0.00129326,B. decurrens,468,5-5-1,2011-2598-1,L7B,Illinois,Jersey,NA,NA,38.961398423802066,-90.51481032460988,-90.51481032460988,38.961398423802066,2.6411743114804036,2.4275946859839412,22
