Sample_Name,PC1,PC2,PC3,PC4,PC5,PC6,PC7,PC8,PC9,PC10,Sample_Species,index,label,MaternalLine,FlowerHead,State,County,Latitude,Longitude,Google_latitude,Google_longitude,Adapted_Longitude,Adapted_Latitude,PC1_variance,PC2_variance,shape_number
Boltonia_001,-0.00500149,0.00340393,7.54109e-4,0.0552737,0.075144,-0.0115175,0.00178365,-0.00626506,-0.00410234,0.0176766,B. decurrens,1,3-4-4,2011-2599-1,2,Illinois,Saint Clair,38.6494444,-90.1161111,38.651507278988504,-90.10298738781108,-90.1161111,38.6494444,4.494366810369465,1.7090556653626248,23
Boltonia_002,-0.00455761,0.00386939,0.00147384,0.0565665,0.0751506,-0.0113317,2.04556e-4,-0.00585916,-0.00401095,0.0191374,B. decurrens,2,3-4-3,2011-2599-1,2,Illinois,Saint Clair,38.6494444,-90.1161111,38.651507278988504,-90.10298738781108,-90.1161111,38.6494444,4.494366810369465,1.7090556653626248,23
Boltonia_004,0.0153718,-0.00119279,0.00120142,-0.006015,-0.00642092,-2.41807e-4,3.26748e-4,0.00607813,-8.75765e-5,9.49947e-4,B. decurrens,4,4-6-12,2011-2659-1,12B,Illinois,Frederick,NA,NA,40.07116308939078,-90.429571958886,-90.429571958886,40.07116308939078,4.494366810369465,1.7090556653626248,23
Boltonia_005,0.0200265,-0.00246542,-6.22684e-4,-0.0209953,-0.0324402,0.00585824,0.0145915,-0.130226,-0.00112517,3.21125e-4,B. decurrens,5,5-2-8,2011-2613-1,8A,Illinois,Fulton,40.2047222,-90.1994444,40.20813714639404,-90.18724497777134,-90.1994444,40.2047222,4.494366810369465,1.7090556653626248,23
Boltonia_006,0.0210082,-0.0030467,-2.20912e-4,-0.0229995,-0.034516,0.00659852,0.0166577,-0.135753,-0.00182487,7.28423e-4,B. decurrens,6,1-6-5,2011-2664-1,14,Illinois,Fulton,40.2047222,-90.1994444,40.207444479612775,-90.1871999885973,-90.1994444,40.2047222,4.494366810369465,1.7090556653626248,23
Boltonia_007,0.0167226,-0.00144338,9.43597e-4,-0.00848558,-0.01156,9.44063e-4,-0.00343651,0.0198604,6.42619e-4,2.5117e-4,B. decurrens,7,2-1-1,2011-2661-1,7B,Illinois,Tazewell,NA,NA,40.69584983597212,-89.54394792156027,-89.54394792156027,40.69584983597212,4.494366810369465,1.7090556653626248,23
Boltonia_008,-2.98458e-4,0.00208431,0.00102769,0.0701837,0.124951,-0.0228597,-0.00423491,-0.0255376,0.00870037,-0.0549464,B. decurrens,8,3-3-1,2011-2635-1,28,Illinois,Alton,NA,NA,38.86501904919102,-90.22302347588696,-90.22302347588696,38.86501904919102,4.494366810369465,1.7090556653626248,23
Boltonia_009,0.0170353,-9.91665e-4,0.00218461,-0.00780927,-0.0106137,0.00248756,-0.00212782,0.0138595,2.75817e-4,-2.39969e-4,B. decurrens,9,8-6-1,2011-2598-1,L1B,Illinois,Jersey,NA,NA,38.961398423802066,-90.51481032460988,-90.51481032460988,38.961398423802066,4.494366810369465,1.7090556653626248,23
Boltonia_010,-0.138958,0.100932,0.0609947,-0.056975,0.0137883,0.0261222,-4.14399e-4,-0.00447028,0.0217661,0.055388,B. decurrens,10,6-4-5,2011-2636-1,5,Illinois,Cass,40.010555600000004,-90.4458333,40.0178975293398,-90.42445029519196,-90.4458333,40.010555600000004,4.494366810369465,1.7090556653626248,23
Boltonia_012,0.0182296,-0.00134375,0.00342228,-0.00986842,-0.0136858,0.0025128,-0.0018421,0.0136523,-4.16441e-4,-0.00112068,B. decurrens,12,2-6-8,2011-2598-1,L13B,Illinois,Jersey,NA,NA,38.961398423802066,-90.51481032460988,-90.51481032460988,38.961398423802066,4.494366810369465,1.7090556653626248,23
Boltonia_013,0.0186093,-0.00117978,0.00178558,-0.0135393,-0.0184617,0.00288407,-0.00500921,0.0410549,2.56217e-4,-4.21652e-4,B. decurrens,13,5-6-5,2011-2629-1,28C,Illinois,Marshal,41.045,-89.4311111,41.02868892611459,-89.43846248262098,-89.4311111,41.045,4.494366810369465,1.7090556653626248,23
Boltonia_014,0.0205684,-0.00206552,-7.98114e-4,-0.0207198,-0.0322236,0.00567793,0.014942,-0.127611,-8.8873e-4,3.18203e-4,B. decurrens,14,10-6-5,2011-2613-1,14B,Illinois,Fulton,40.2047222,-90.1994444,40.20813714639404,-90.18724497777134,-90.1994444,40.2047222,4.494366810369465,1.7090556653626248,23
Boltonia_015,0.0191574,-0.00281698,-1.74173e-4,-0.0162678,-0.0248471,0.00294793,-0.00587565,0.0557307,9.48033e-4,-0.00114836,B. decurrens,15,1-2-6,2011-2623-1,30C,Illinois,Hennepin,NA,NA,41.34414603458205,-89.55849691836283,-89.55849691836283,41.34414603458205,4.494366810369465,1.7090556653626248,23
Boltonia_016,-0.00160451,0.00375875,-4.5363e-4,0.0653732,0.111651,-0.020622,-0.00380332,-0.0186651,0.0053609800000000004,-0.0438223,B. decurrens,16,9-6-8,2011-2635-1,17,Illinois,Alton,NA,NA,38.86501904919102,-90.22302347588696,-90.22302347588696,38.86501904919102,4.494366810369465,1.7090556653626248,23
Boltonia_017,0.018463,-0.00155519,0.00052129400000000005,-0.0173368,-0.0263223,0.00450454,0.0124755,-0.0962835,-4.77132e-4,7.73672e-5,B. decurrens,17,9-5-3,2011-2664-1,7,Illinois,Fulton,40.2047222,-90.1994444,40.207444479612775,-90.1871999885973,-90.1994444,40.2047222,4.494366810369465,1.7090556653626248,23
Boltonia_018,-0.161629,0.104741,0.0498391,-0.0495527,0.00552497,0.0106549,0.00694796,0.00131557,-0.00556035,0.0147806,B. decurrens,18,1-6-11,2011-2636-1,9,Illinois,Cass,40.010555600000004,-90.4458333,40.0178975293398,-90.42445029519196,-90.4458333,40.010555600000004,4.494366810369465,1.7090556653626248,23
Boltonia_019,0.0156983,-6.53961e-4,0.00176388,-0.00616514,-0.00762744,2.71165e-4,-5.44462e-4,0.008881,1.80837e-4,-4.09246e-4,B. decurrens,19,2-3-5,2011-2675-1,2A,Illinois,Schuyler,40.0672223,-90.4275,40.07010712467176,-90.42899627731744,-90.4275,40.0672223,4.494366810369465,1.7090556653626248,23
Boltonia_020,0.0185926,-0.00247199,9.23418e-4,-0.0136456,-0.0184057,0.00244926,-0.00378504,0.0395303,0.00108519,-0.00107935,B. decurrens,20,7-1-6,2011-2650-1,18A,Illinois,Woodford,40.8852777,-89.4583333,40.84668797480775,-89.0297386240063,-89.4583333,40.8852777,4.494366810369465,1.7090556653626248,23
Boltonia_021,0.0152473,-4.93934e-4,8.37644e-4,-0.00429261,-0.00547632,6.02004e-4,-0.0010452,0.00846264,6.18585e-4,-8.58251e-5,B. decurrens,21,2-4-1,2011-2666-1,18A,Illinois,Fulton,40.4925,-89.9022222,40.46699902833787,-89.9485498557629,-89.9022222,40.4925,4.494366810369465,1.7090556653626248,23
Boltonia_022,0.0149982,-0.00134769,0.00140862,-0.00515743,-0.00361998,0.00145577,-4.27579e-4,0.0086458,8.46042e-4,1.7705e-4,B. decurrens,22,10-2-3,2011-2636-1,23,Illinois,Cass,40.010555600000004,-90.4458333,40.0178975293398,-90.42445029519196,-90.4458333,40.010555600000004,4.494366810369465,1.7090556653626248,23
Boltonia_023,0.0193057,-0.00210564,-8.14458e-4,-0.0175855,-0.0280079,0.00556171,0.013171799999999999,-0.109287,3.55735e-4,9.52982e-4,B. decurrens,23,4-4-1,2011-2664-1,29,Illinois,Fulton,40.2047222,-90.1994444,40.207444479612775,-90.1871999885973,-90.1994444,40.2047222,4.494366810369465,1.7090556653626248,23
Boltonia_024,0.0176559,-0.00235981,0.00127958,-0.012691,-0.0173163,0.00256835,-0.00499053,0.0434968,0.00113763,-8.56752e-4,B. decurrens,24,5-2-11,2011-2623-1,25C,Illinois,Hennepin,NA,NA,41.34414603458205,-89.55849691836283,-89.55849691836283,41.34414603458205,4.494366810369465,1.7090556653626248,23
Boltonia_025,-0.00691877,0.0064952,0.00150343,0.0568051,0.0692379,-0.0118013,0.00222929,-0.00261523,-0.00279454,0.0227675,B. decurrens,25,2-6-12,2011-2675-1,25A,Illinois,Schuyler,40.0672223,-90.4275,40.07010712467176,-90.42899627731744,-90.4275,40.0672223,4.494366810369465,1.7090556653626248,23
Boltonia_026,0.0173494,-0.00210831,6.40229e-4,-0.0105145,-0.0149704,0.00185197,-0.00337746,0.0311081,-0.00119472,2.4297e-4,B. decurrens,26,6-3-5,2011-2618-1,7B,Illinois,Peoria,40.7222223,-89.5519444,40.69352232924267,-89.59142458669179,-89.5519444,40.7222223,4.494366810369465,1.7090556653626248,23
Boltonia_027,0.0180981,3.46729e-4,0.00306767,-0.00904791,-0.0116704,0.00186825,-0.00120781,0.0107435,-8.25008e-4,-0.00137854,B. decurrens,27,8-6-12,2011-2598-1,L3B,Illinois,Jersey,NA,NA,38.961398423802066,-90.51481032460988,-90.51481032460988,38.961398423802066,4.494366810369465,1.7090556653626248,23
Boltonia_028,0.0169079,-0.00183009,0.00171476,-0.00996154,-0.0142192,0.00304336,-0.00463367,0.0299283,-5.54707e-4,4.05681e-4,B. decurrens,28,9-4-8,2011-2618-1,20C,Illinois,Peoria,40.7222223,-89.5519444,40.69352232924267,-89.59142458669179,-89.5519444,40.7222223,4.494366810369465,1.7090556653626248,23
Boltonia_029,0.0192137,-0.00143599,0.00219426,-0.0133298,-0.0188337,0.00209703,-0.00419534,0.0394756,0.00102918,-0.00101152,B. decurrens,29,10-6-12,2011-2650-1,20C,Illinois,Woodford,40.8852777,-89.4583333,40.84668797480775,-89.0297386240063,-89.4583333,40.8852777,4.494366810369465,1.7090556653626248,23
Boltonia_030,0.0156565,-0.00147118,0.00118906,-0.0079692,-0.0113705,0.0018528799999999999,-0.00342136,0.0234295,0.0013724,4.69952e-4,B. decurrens,30,9-6-11,2011-2661-1,20B,Illinois,Tazewell,NA,NA,40.69584983597212,-89.54394792156027,-89.54394792156027,40.69584983597212,4.494366810369465,1.7090556653626248,23
Boltonia_031,0.0124197,-2.185e-5,0.0010961,0.00249842,0.00439984,-9.94618e-4,0.00100176,0.00419981,-4.2812e-4,0.00130685,B. decurrens,31,10-5-4,2011-2620-1,14C,Illinois,Morgan,39.8672223,-90.5533333,39.87546015928839,-90.55308508241012,-90.5533333,39.8672223,4.494366810369465,1.7090556653626248,23
Boltonia_032,0.0163613,-7.21213e-4,0.00130515,-0.00563209,-0.00402553,-4.84784e-4,-0.00129089,0.00914952,-2.60124e-4,-7.3304e-4,B. decurrens,32,3-1-8,2011-2638-1,15C,Illinois,Scott,39.7852777,-90.5902777,39.786569766256626,-90.58910563509704,-90.5902777,39.7852777,4.494366810369465,1.7090556653626248,23
Boltonia_033,0.018721,-0.00154614,8.75629e-4,-0.0133798,-0.0188699,0.00294801,-0.00373993,0.0425327,0.00116735,-4.76031e-4,B. decurrens,33,7-5-8,2011-2629-1,17B,Illinois,Marshal,41.045,-89.4311111,41.02868892611459,-89.43846248262098,-89.4311111,41.045,4.494366810369465,1.7090556653626248,23
Boltonia_034,-0.00360924,0.00311888,-6.6497e-4,0.0675368,0.0998675,-0.0197605,0.00620004,-0.0139672,-9.28234e-4,0.0398047,B. decurrens,34,6-3-8,2011-2609-1,18C,Illinois,Madison,38.6891666,-90.0972222,38.69652811427051,-90.085926104309,-90.0972222,38.6891666,4.494366810369465,1.7090556653626248,23
Boltonia_035,-0.00501716,0.00292381,-0.00225383,0.0554996,0.0694584,-0.0109041,0.00204834,-0.0037628,-8.86544e-4,0.0193058,B. decurrens,35,7-5-12,2011-2599-1,24,Illinois,Saint Clair,38.6494444,-90.1161111,38.651507278988504,-90.10298738781108,-90.1161111,38.6494444,4.494366810369465,1.7090556653626248,23
Boltonia_036,-0.0048170899999999996,0.00390413,6.28488e-4,0.0616033,0.0794757,-0.013507,0.00155942,-0.0041497,-3.38395e-4,0.0237045,B. decurrens,36,5-4-2,2011-2599-1,9,Illinois,Saint Clair,38.6494444,-90.1161111,38.651507278988504,-90.10298738781108,-90.1161111,38.6494444,4.494366810369465,1.7090556653626248,23
Boltonia_037,0.0161567,-0.00228966,0.00186291,-0.00988871,-0.0130339,0.00229586,-0.0017127,0.0231256,-1.39258e-4,6.26018e-4,B. decurrens,37,10-3-5,2011-2661-1,12A,Illinois,Tazewell,NA,NA,40.69584983597212,-89.54394792156027,-89.54394792156027,40.69584983597212,4.494366810369465,1.7090556653626248,23
Boltonia_038,0.014866,-0.00123105,4.78175e-4,-0.00145468,2.42879e-4,-0.00116323,-3.99758e-4,0.0089556,-6.63347e-4,-3.06097e-4,B. decurrens,38,11-5-8,2011-2638-1,22A,Illinois,Scott,39.7852777,-90.5902777,39.786569766256626,-90.58910563509704,-90.5902777,39.7852777,4.494366810369465,1.7090556653626248,23
Boltonia_039,0.0125785,-4.9416e-4,0.00179346,0.0018826,0.00536518,-6.58676e-4,2.02998e-4,0.00329394,2.84676e-4,9.86511e-5,B. decurrens,39,8-1-6,2011-2620-1,30B,Illinois,Morgan,39.8672223,-90.5533333,39.87546015928839,-90.55308508241012,-90.5533333,39.8672223,4.494366810369465,1.7090556653626248,23
Boltonia_040,0.0177041,-0.00155026,0.00135722,-0.0113914,-0.0158153,0.00247268,-0.00362361,0.0268463,-7.11418e-4,-3.14601e-4,B. decurrens,40,7-6-2,2011-2618-1,3C,Illinois,Peoria,40.7222223,-89.5519444,40.69352232924267,-89.59142458669179,-89.5519444,40.7222223,4.494366810369465,1.7090556653626248,23
Boltonia_041,-0.125457,0.0957544,0.0554622,-0.052554,0.00898151,0.0217683,0.00454779,-0.00394182,0.0248034,0.048195,B. decurrens,41,2-6-3,2011-2636-1,2,Illinois,Cass,40.010555600000004,-90.4458333,40.0178975293398,-90.42445029519196,-90.4458333,40.010555600000004,4.494366810369465,1.7090556653626248,23
Boltonia_042,-0.00312105,0.00391394,-3.74238e-4,0.0678394,0.0991431,-0.0198439,0.00626349,-0.0115208,-0.00216885,0.0416566,B. decurrens,42,6-3-6,2011-2609-1,18C,Illinois,Madison,38.6891666,-90.0972222,38.69652811427051,-90.085926104309,-90.0972222,38.6891666,4.494366810369465,1.7090556653626248,23
Boltonia_043,0.0203317,-0.00264975,-5.9821e-4,-0.0207808,-0.031991,0.00580541,0.0152871,-0.131564,-9.36279e-4,-0.00040808799999999997,B. decurrens,43,6-4-9,2011-2613-1,1A,Illinois,Fulton,40.2047222,-90.1994444,40.20813714639404,-90.18724497777134,-90.1994444,40.2047222,4.494366810369465,1.7090556653626248,23
Boltonia_044,0.0138772,-8.41102e-4,0.00161237,-0.00386311,-0.00439607,0.00211039,-1.79905e-4,0.00893536,0.0013287,4.77341e-4,B. decurrens,44,5-1-1,2011-2636-1,18,Illinois,Cass,40.010555600000004,-90.4458333,40.0178975293398,-90.42445029519196,-90.4458333,40.010555600000004,4.494366810369465,1.7090556653626248,23
Boltonia_045,0.0198401,-0.0019269,-2.51759e-4,-0.0211026,-0.0313232,0.00575667,0.0146306,-0.121732,-5.16334e-4,2.6575e-4,B. decurrens,45,2-3-3,2011-2664-1,12,Illinois,Fulton,40.2047222,-90.1994444,40.207444479612775,-90.1871999885973,-90.1994444,40.2047222,4.494366810369465,1.7090556653626248,23
Boltonia_046,0.016179,-2.55077e-4,0.0016827,-0.00443982,-0.00626137,5.95208e-4,-8.42983e-4,0.00992259,-4.78632e-4,-3.59206e-4,B. decurrens,46,4-3-4,2011-2675-1,19B,Illinois,Schuyler,40.0672223,-90.4275,40.07010712467176,-90.42899627731744,-90.4275,40.0672223,4.494366810369465,1.7090556653626248,23
Boltonia_047,0.0150686,-0.00139168,3.55826e-5,-0.00254364,-9.77539e-4,-5.11973e-4,-0.00118288,0.00657797,-6.69728e-4,5.93963e-4,B. decurrens,47,3-3-10,2011-2638-1,6A,Illinois,Scott,39.7852777,-90.5902777,39.786569766256626,-90.58910563509704,-90.5902777,39.7852777,4.494366810369465,1.7090556653626248,23
Boltonia_048,0.0158934,-0.00178456,9.34955e-4,-0.00698645,-0.00849376,0.00169452,3.3435e-4,0.00357673,-8.62111e-4,9.3103e-4,B. decurrens,48,3-6-11,2011-2675-1,9B,Illinois,Schuyler,40.0672223,-90.4275,40.07010712467176,-90.42899627731744,-90.4275,40.0672223,4.494366810369465,1.7090556653626248,23
Boltonia_050,0.01303,-2.09867e-4,0.00162997,0.00232162,0.00648784,-6.3679e-4,-7.87407e-4,0.00655274,-3.47335e-4,0.00152013,B. decurrens,50,8-5-2,2011-2620-1,12B,Illinois,Morgan,39.8672223,-90.5533333,39.87546015928839,-90.55308508241012,-90.5533333,39.8672223,4.494366810369465,1.7090556653626248,23
Boltonia_051,-0.00124177,0.00246118,0.00203748,0.0713906,0.122117,-0.0220195,-0.00405657,-0.0219506,0.0065535,-0.0498281,B. decurrens,51,3-1-5,2011-2635-1,2,Illinois,Alton,NA,NA,38.86501904919102,-90.22302347588696,-90.22302347588696,38.86501904919102,4.494366810369465,1.7090556653626248,23
Boltonia_052,-0.00115585,0.00350303,0.00218311,0.0659744,0.112036,-0.0204304,-0.00320062,-0.0189416,0.00698738,-0.0413079,B. decurrens,52,3-3-5,2011-2635-1,21,Illinois,Alton,NA,NA,38.86501904919102,-90.22302347588696,-90.22302347588696,38.86501904919102,4.494366810369465,1.7090556653626248,23
Boltonia_053,0.0184192,-0.00252741,0.0013018,-0.0122591,-0.017322,0.00156307,-0.00546118,0.0410045,0.0016514,-8.49822e-4,B. decurrens,53,5-2-4,2011-2623-1,19A,Illinois,Hennepin,NA,NA,41.34414603458205,-89.55849691836283,-89.55849691836283,41.34414603458205,4.494366810369465,1.7090556653626248,23
Boltonia_054,0.0172808,-0.00155948,0.00195093,-0.010255,-0.0145855,0.00144859,-0.00345388,0.0268827,-7.77566e-4,-4.44075e-4,B. decurrens,54,9-1-2,2011-2618-1,2C,Illinois,Peoria,40.7222223,-89.5519444,40.69352232924267,-89.59142458669179,-89.5519444,40.7222223,4.494366810369465,1.7090556653626248,23
Boltonia_055,0.0204979,-0.00248581,-6.97735e-4,-0.0218435,-0.0340296,0.0058727,0.015452,-0.132701,-0.00201603,-3.37666e-4,B. decurrens,55,12-3-4,2011-2664-1,10,Illinois,Fulton,40.2047222,-90.1994444,40.207444479612775,-90.1871999885973,-90.1994444,40.2047222,4.494366810369465,1.7090556653626248,23
Boltonia_056,0.0181389,-0.001902,6.45088e-4,-0.0123356,-0.016237,0.0021596,-0.00629669,0.0459683,0.00162136,-3.76004e-4,B. decurrens,56,6-5-4,2011-2623-1,27B,Illinois,Hennepin,NA,NA,41.34414603458205,-89.55849691836283,-89.55849691836283,41.34414603458205,4.494366810369465,1.7090556653626248,23
Boltonia_057,0.0180477,-0.00120294,0.00111501,-0.0125406,-0.018035700000000002,0.00172792,-0.00441344,0.0405663,0.00162198,-2.44636e-4,B. decurrens,57,5-2-10,2011-2623-1,25C,Illinois,Hennepin,NA,NA,41.34414603458205,-89.55849691836283,-89.55849691836283,41.34414603458205,4.494366810369465,1.7090556653626248,23
Boltonia_058,0.0185324,-8.43112e-4,0.00275128,-0.0089684,-0.0129067,0.00258511,-5.54416e-4,0.0131625,-6.42885e-4,-2.03483e-4,B. decurrens,58,5-5-2,2011-2598-1,L7B,Illinois,Jersey,NA,NA,38.961398423802066,-90.51481032460988,-90.51481032460988,38.961398423802066,4.494366810369465,1.7090556653626248,23
Boltonia_059,0.0125098,-5.50803e-4,0.00139638,0.00391329,0.00697522,-0.00133458,-0.0011873,0.0107974,-0.00132377,0.00181935,B. decurrens,59,10-5-6,2011-2620-1,7B,Illinois,Morgan,39.8672223,-90.5533333,39.87546015928839,-90.55308508241012,-90.5533333,39.8672223,4.494366810369465,1.7090556653626248,23
Boltonia_060,0.0191367,-0.00341264,1.69707e-4,-0.0149617,-0.0209945,0.00249642,-0.00584514,0.0499958,0.00108465,-0.0013819,B. decurrens,60,12-4-6,2011-2623-1,28C,Illinois,Hennepin,NA,NA,41.34414603458205,-89.55849691836283,-89.55849691836283,41.34414603458205,4.494366810369465,1.7090556653626248,23
Boltonia_061,0.0164852,-0.00143852,0.00141529,-0.0053206,-0.00409912,-3.79258e-4,-0.001604,0.00991026,-8.57361e-5,8.32461e-5,B. decurrens,61,13-1-10,2011-2613-1,17A,Illinois,Fulton,40.2047222,-90.1994444,40.20813714639404,-90.18724497777134,-90.1994444,40.2047222,4.494366810369465,1.7090556653626248,23
Boltonia_062,0.0213614,-0.00263315,-5.47751e-4,-0.0222264,-0.0336566,0.00637176,0.0163472,-0.134865,-0.00170388,3.20822e-4,B. decurrens,62,2-3-2,2011-2664-1,12,Illinois,Fulton,40.2047222,-90.1994444,40.207444479612775,-90.1871999885973,-90.1994444,40.2047222,4.494366810369465,1.7090556653626248,23
Boltonia_063,0.018008,-0.0019729,2.84314e-4,-0.0132573,-0.0184874,0.00250094,-0.00429368,0.0423906,0.00213013,-0.00107219,B. decurrens,63,12-3-8,2011-2650-1,10C,Illinois,Woodford,40.8852777,-89.4583333,40.84668797480775,-89.0297386240063,-89.4583333,40.8852777,4.494366810369465,1.7090556653626248,23
Boltonia_064,-0.0067739,0.00494931,-0.00162811,0.0593714,0.076233,-0.0129119,-0.00146834,-0.00352544,-7.29111e-4,0.0198393,B. decurrens,64,12-1-9,2011-2599-1,7,Illinois,Saint Clair,38.6494444,-90.1161111,38.651507278988504,-90.10298738781108,-90.1161111,38.6494444,4.494366810369465,1.7090556653626248,23
Boltonia_065,0.0182416,-0.00234961,5.4793e-4,-0.0125175,-0.0184442,0.00263265,-0.00524837,0.0456922,0.0018883,-1.06898e-5,B. decurrens,65,7-5-1,2011-2623-1,21A,Illinois,Hennepin,NA,NA,41.34414603458205,-89.55849691836283,-89.55849691836283,41.34414603458205,4.494366810369465,1.7090556653626248,23
Boltonia_066,0.0171999,-0.00224367,0.00271187,-0.0130015,-0.0186748,0.00222724,-0.00450735,0.0420067,0.00130716,2.8188e-4,B. decurrens,66,6-6-11,2011-2629-1,14A,Illinois,Marshal,41.045,-89.4311111,41.02868892611459,-89.43846248262098,-89.4311111,41.045,4.494366810369465,1.7090556653626248,23
Boltonia_067,0.0183428,-0.00176014,0.00334872,-0.00900678,-0.0123583,0.002045,-0.00155637,0.0133918,-9.2067e-4,-3.82365e-5,B. decurrens,67,6-5-3,2011-2598-1,L4B,Illinois,Jersey,NA,NA,38.961398423802066,-90.51481032460988,-90.51481032460988,38.961398423802066,4.494366810369465,1.7090556653626248,23
Boltonia_068,-0.151421,0.105653,0.0508691,-0.0501102,0.00849821,0.0115008,0.00340324,-0.00480914,0.00123356,0.0156471,B. decurrens,68,9-6-6,2011-2636-1,12,Illinois,Cass,40.010555600000004,-90.4458333,40.0178975293398,-90.42445029519196,-90.4458333,40.010555600000004,4.494366810369465,1.7090556653626248,23
Boltonia_069,-0.153766,0.104257,0.0467937,-0.0480578,0.00145117,0.00837743,0.00403566,0.00138708,0.00299599,0.00463119,B. decurrens,69,6-6-6,2011-2636-1,10,Illinois,Cass,40.010555600000004,-90.4458333,40.0178975293398,-90.42445029519196,-90.4458333,40.010555600000004,4.494366810369465,1.7090556653626248,23
Boltonia_070,0.0166429,-0.00115191,9.38125e-4,-0.00933268,-0.0134724,0.00224447,-0.00312908,0.0278238,9.84729e-4,3.80755e-4,B. decurrens,70,3-5-5,2011-2661-1,4A,Illinois,Tazewell,NA,NA,40.69584983597212,-89.54394792156027,-89.54394792156027,40.69584983597212,4.494366810369465,1.7090556653626248,23
Boltonia_071,0.0114078,-9.41196e-4,3.89234e-4,0.00408695,0.00484486,-1.94693e-4,-1.41756e-4,0.004366,8.22986e-6,0.0015273,B. decurrens,71,12-4-2,2011-2620-1,19A,Illinois,Morgan,39.8672223,-90.5533333,39.87546015928839,-90.55308508241012,-90.5533333,39.8672223,4.494366810369465,1.7090556653626248,23
Boltonia_072,-0.00327678,0.00240166,1.60288e-4,0.0687596,0.100339,-0.0178365,0.0045851,-0.0136028,-0.00399364,0.0409058,B. decurrens,72,8-3-4,2011-2609-1,X1,Illinois,Madison,38.6891666,-90.0972222,38.69652811427051,-90.085926104309,-90.0972222,38.6891666,4.494366810369465,1.7090556653626248,23
Boltonia_073,0.0179025,-0.00218404,0.0020484,-0.0131956,-0.0180937,0.0021321,-0.00578532,0.0415917,0.00129947,2.46667e-4,B. decurrens,73,7-5-9,2011-2629-1,3B,Illinois,Marshal,41.045,-89.4311111,41.02868892611459,-89.43846248262098,-89.4311111,41.045,4.494366810369465,1.7090556653626248,23
Boltonia_074,0.0151915,-0.00116677,0.00224109,-0.0043609,-0.00659104,0.00151767,-0.0016614,0.00828406,5.05961e-4,-7.59127e-4,B. decurrens,74,4-3-7,2011-2666-1,19C,Illinois,Fulton,40.4925,-89.9022222,40.46699902833787,-89.9485498557629,-89.9022222,40.4925,4.494366810369465,1.7090556653626248,23
Boltonia_075,0.0164163,-0.00137762,4.62787e-4,-0.00445812,-0.0044543,-2.20198e-4,-6.96729e-4,0.00939124,-7.66633e-4,-1.95172e-4,B. decurrens,75,9-2-2,2011-2638-1,24B,Illinois,Scott,39.7852777,-90.5902777,39.786569766256626,-90.58910563509704,-90.5902777,39.7852777,4.494366810369465,1.7090556653626248,23
Boltonia_076,0.0128846,5.55766e-4,0.00136234,0.00451579,0.00820601,-0.00181807,-2.91847e-4,0.00942497,-3.6148e-4,9.65945e-4,B. decurrens,76,6-5-10,2011-2620-1,20A,Illinois,Morgan,39.8672223,-90.5533333,39.87546015928839,-90.55308508241012,-90.5533333,39.8672223,4.494366810369465,1.7090556653626248,23
Boltonia_077,0.0190915,-0.00221956,0.00231253,-0.0138524,-0.0193366,0.00241209,-0.00452751,0.0423083,0.00151019,-0.00149092,B. decurrens,77,3-6-2,2011-2650-1,19C,Illinois,Woodford,40.8852777,-89.4583333,40.84668797480775,-89.0297386240063,-89.4583333,40.8852777,4.494366810369465,1.7090556653626248,23
Boltonia_078,0.0159179,-5.00002e-4,0.00165646,-0.00491797,-0.00717385,0.00111706,-0.00163004,0.00863297,-5.12804e-4,-3.77576e-4,B. decurrens,78,8-2-6,2011-2659-1,11A,Illinois,Frederick,NA,NA,40.07116308939078,-90.429571958886,-90.429571958886,40.07116308939078,4.494366810369465,1.7090556653626248,23
Boltonia_079,0.0161795,-0.00136642,0.00164996,-0.00606583,-0.00838885,9.42488e-4,2.63529e-4,0.0104294,-0.00140678,9.42839e-4,B. decurrens,79,2-1-4,2011-2675-1,29B,Illinois,Schuyler,40.0672223,-90.4275,40.07010712467176,-90.42899627731744,-90.4275,40.0672223,4.494366810369465,1.7090556653626248,23
Boltonia_080,0.0181889,-0.00194385,0.00169248,-0.012453,-0.0182448,0.00285817,-0.00377595,0.0415123,-1.10142e-4,-7.63381e-4,B. decurrens,80,7-1-8,2011-2650-1,27B,Illinois,Woodford,40.8852777,-89.4583333,40.84668797480775,-89.0297386240063,-89.4583333,40.8852777,4.494366810369465,1.7090556653626248,23
Boltonia_081,0.0192296,-0.00249145,5.95615e-4,-0.0137042,-0.0202498,0.0027081,-0.00554285,0.0479007,8.89633e-4,-0.00151486,B. decurrens,81,5-6-6,2011-2623-1,28C,Illinois,Hennepin,NA,NA,41.34414603458205,-89.55849691836283,-89.55849691836283,41.34414603458205,4.494366810369465,1.7090556653626248,23
Boltonia_082,-0.13428,0.0996119,0.0441257,-0.0461142,0.00427799,0.0215701,0.00811106,-9.37507e-4,-1.58002e-4,0.0123799,B. decurrens,82,2-4-9,2011-2636-1,21,Illinois,Cass,40.010555600000004,-90.4458333,40.0178975293398,-90.42445029519196,-90.4458333,40.010555600000004,4.494366810369465,1.7090556653626248,23
Boltonia_083,0.0181422,-5.94506e-4,0.00157742,-0.00852761,-0.0121631,0.00161575,-0.00114857,0.0133965,-3.76607e-4,-0.00106651,B. decurrens,83,2-2-2,2011-2598-1,S11C,Illinois,Jersey,NA,NA,38.961398423802066,-90.51481032460988,-90.51481032460988,38.961398423802066,4.494366810369465,1.7090556653626248,23
Boltonia_084,0.0151084,-0.00242258,0.00248713,-0.00337158,-0.00593552,0.00106046,5.71223e-4,0.00724766,-5.68276e-4,0.00133726,B. decurrens,84,2-5-9,2011-2675-1,5A,Illinois,Schuyler,40.0672223,-90.4275,40.07010712467176,-90.42899627731744,-90.4275,40.0672223,4.494366810369465,1.7090556653626248,23
Boltonia_085,0.0185561,-0.00215485,0.00183338,-0.0140625,-0.0186791,0.00262409,-0.00400883,0.0404433,8.93344e-4,-1.09191e-4,B. decurrens,85,2-3-10,2011-2650-1,1A,Illinois,Woodford,40.8852777,-89.4583333,40.84668797480775,-89.0297386240063,-89.4583333,40.8852777,4.494366810369465,1.7090556653626248,23
Boltonia_086,0.015795,-5.01541e-4,2.82703e-4,-0.00255966,-0.0013031,2.20596e-4,-0.0016294,0.0111132,4.4682e-4,1.68303e-4,B. decurrens,86,7-1-2,2011-2638-1,30B,Illinois,Scott,39.7852777,-90.5902777,39.786569766256626,-90.58910563509704,-90.5902777,39.7852777,4.494366810369465,1.7090556653626248,23
Boltonia_087,0.017476,-0.00200683,0.00162035,-0.011894,-0.015807,0.00209208,-0.00445392,0.0421231,5.84526e-4,-3.57257e-4,B. decurrens,87,7-5-6,2011-2629-1,17B,Illinois,Marshal,41.045,-89.4311111,41.02868892611459,-89.43846248262098,-89.4311111,41.045,4.494366810369465,1.7090556653626248,23
Boltonia_088,0.018017,-0.00183408,-7.732e-4,-0.0168502,-0.026503,0.00402774,0.0122374,-0.101578,5.66134e-5,7.41243e-4,B. decurrens,88,9-5-4,2011-2664-1,7,Illinois,Fulton,40.2047222,-90.1994444,40.207444479612775,-90.1871999885973,-90.1994444,40.2047222,4.494366810369465,1.7090556653626248,23
Boltonia_089,0.0172952,-0.0018184,0.00110462,-0.0129989,-0.0179637,0.00106804,-0.0045069,0.0435125,-4.25531e-5,3.67163e-5,B. decurrens,89,6-6-9,2011-2629-1,1C,Illinois,Marshal,41.045,-89.4311111,41.02868892611459,-89.43846248262098,-89.4311111,41.045,4.494366810369465,1.7090556653626248,23
Boltonia_090,0.0178444,-0.00170667,0.00148077,-0.012134,-0.0173964,0.00100161,-0.00380781,0.041722,2.3113e-4,-5.05075e-4,B. decurrens,90,6-6-7,2011-2629-1,1C,Illinois,Marshal,41.045,-89.4311111,41.02868892611459,-89.43846248262098,-89.4311111,41.045,4.494366810369465,1.7090556653626248,23
Boltonia_091,0.0182842,-9.90203e-4,0.00279662,-0.0094405,-0.012437,0.00206738,-0.00219598,0.0123541,-5.65458e-4,-4.69031e-4,B. decurrens,91,7-2-7,2011-2598-1,L9D,Illinois,Jersey,NA,NA,38.961398423802066,-90.51481032460988,-90.51481032460988,38.961398423802066,4.494366810369465,1.7090556653626248,23
Boltonia_092,0.01991,-0.00220484,-1.53615e-5,-0.0197374,-0.0296004,0.00443705,0.014155,-0.114833,-3.82349e-4,-3.55952e-4,B. decurrens,92,5-5-8,2011-2613-1,14B,Illinois,Fulton,40.2047222,-90.1994444,40.20813714639404,-90.18724497777134,-90.1994444,40.2047222,4.494366810369465,1.7090556653626248,23
Boltonia_093,0.0141056,-1.97122e-4,0.0018142,-0.00463507,-0.00578846,0.00173792,-3.41809e-4,0.00954199,5.9547e-4,-3.95698e-4,B. decurrens,93,6-1-3,2011-2666-1,7B,Illinois,Fulton,40.4925,-89.9022222,40.46699902833787,-89.9485498557629,-89.9022222,40.4925,4.494366810369465,1.7090556653626248,23
Boltonia_094,0.0143132,2.15391e-4,3.3963e-4,-0.00214791,1.75542e-4,-3.70037e-4,-4.48697e-4,0.00799311,-5.77552e-4,1.86511e-4,B. decurrens,94,8-6-6,2011-2638-1,12C,Illinois,Scott,39.7852777,-90.5902777,39.786569766256626,-90.58910563509704,-90.5902777,39.7852777,4.494366810369465,1.7090556653626248,23
Boltonia_095,0.0149645,-8.34632e-4,0.002036,-0.00404458,-0.00673361,8.87618e-4,-0.00112481,0.0073572,0.00117261,2.3068e-4,B. decurrens,95,2-4-2,2011-2666-1,18A,Illinois,Fulton,40.4925,-89.9022222,40.46699902833787,-89.9485498557629,-89.9022222,40.4925,4.494366810369465,1.7090556653626248,23
Boltonia_096,0.0129267,-1.02238e-4,2.82755e-4,0.00295375,0.00511232,-5.54074e-4,-9.09593e-4,0.00750362,-3.79474e-5,5.8353e-4,B. decurrens,96,12-4-1,2011-2620-1,19A,Illinois,Morgan,39.8672223,-90.5533333,39.87546015928839,-90.55308508241012,-90.5533333,39.8672223,4.494366810369465,1.7090556653626248,23
Boltonia_097,0.0165348,-0.00154982,0.00141453,-0.00758403,-0.00938822,0.00184292,5.71811e-4,0.0118989,-7.82039e-5,-3.54471e-4,B. decurrens,97,9-1-12,2011-2659-1,1B,Illinois,Frederick,NA,NA,40.07116308939078,-90.429571958886,-90.429571958886,40.07116308939078,4.494366810369465,1.7090556653626248,23
Boltonia_098,0.01723,-0.00205985,0.00148373,-0.0104364,-0.0163872,0.00111733,-0.00214243,0.0268485,-2.97986e-4,-3.3112e-4,B. decurrens,98,4-5-8,2011-2618-1,25A,Illinois,Peoria,40.7222223,-89.5519444,40.69352232924267,-89.59142458669179,-89.5519444,40.7222223,4.494366810369465,1.7090556653626248,23
Boltonia_099,0.0156771,-1.72134e-4,6.15867e-4,-0.00371562,-0.00457569,0.0010655,-7.18545e-4,0.00810605,-1.62695e-4,-5.98719e-4,B. decurrens,99,3-3-6,2011-2666-1,21C,Illinois,Fulton,40.4925,-89.9022222,40.46699902833787,-89.9485498557629,-89.9022222,40.4925,4.494366810369465,1.7090556653626248,23
Boltonia_100,0.0201306,-0.00218756,-8.96524e-4,-0.0206452,-0.0314348,0.00549804,0.0149451,-0.13197,-0.00120303,-5.70518e-6,B. decurrens,100,6-4-7,2011-2613-1,1A,Illinois,Fulton,40.2047222,-90.1994444,40.20813714639404,-90.18724497777134,-90.1994444,40.2047222,4.494366810369465,1.7090556653626248,23
Boltonia_101,0.0156834,-0.00118964,0.00120046,-0.00547795,-0.0076136,0.00153345,1.26349e-4,0.00569067,-2.34883e-4,6.33835e-4,B. decurrens,101,10-3-11,2011-2675-1,21C,Illinois,Schuyler,40.0672223,-90.4275,40.07010712467176,-90.42899627731744,-90.4275,40.0672223,4.494366810369465,1.7090556653626248,23
Boltonia_102,0.0189606,-5.39377e-4,0.00210589,-0.00942037,-0.0129261,0.00187891,-0.00173692,0.0160269,-0.00131145,-5.01357e-4,B. decurrens,102,6-5-2,2011-2598-1,L4B,Illinois,Jersey,NA,NA,38.961398423802066,-90.51481032460988,-90.51481032460988,38.961398423802066,4.494366810369465,1.7090556653626248,23
Boltonia_103,0.0182681,1.85084e-4,0.00328095,-0.00846515,-0.0114853,0.00168051,-0.00142376,0.0111616,-0.0010072,-0.00223443,B. decurrens,103,7-3-2,2011-2598-1,L5A,Illinois,Jersey,NA,NA,38.961398423802066,-90.51481032460988,-90.51481032460988,38.961398423802066,4.494366810369465,1.7090556653626248,23
Boltonia_104,-0.139515,0.102171,0.0616755,-0.0492907,0.00468524,0.0225567,6.9013e-4,-0.00436041,0.0236968,0.0514288,B. decurrens,104,2-6-4,2011-2636-1,2,Illinois,Cass,40.010555600000004,-90.4458333,40.0178975293398,-90.42445029519196,-90.4458333,40.010555600000004,4.494366810369465,1.7090556653626248,23
Boltonia_105,0.0170325,-0.00125856,0.00185388,-0.0108775,-0.0146185,0.00113404,-0.00322724,0.028104,-6.20448e-4,7.70583e-5,B. decurrens,105,6-3-4,2011-2618-1,7B,Illinois,Peoria,40.7222223,-89.5519444,40.69352232924267,-89.59142458669179,-89.5519444,40.7222223,4.494366810369465,1.7090556653626248,23
Boltonia_106,0.019754,-0.00256368,-4.84435e-4,-0.0199585,-0.0303713,0.00633561,0.014844,-0.128059,-8.17371e-4,0.00107255,B. decurrens,106,8-4-7,2011-2613-1,22A,Illinois,Fulton,40.2047222,-90.1994444,40.20813714639404,-90.18724497777134,-90.1994444,40.2047222,4.494366810369465,1.7090556653626248,23
Boltonia_107,0.0179694,-0.00207823,0.00198606,-0.0136249,-0.0179286,0.00183751,-0.00422791,0.0391566,0.00139009,6.20715e-6,B. decurrens,107,4-2-12,2011-2650-1,30C,Illinois,Woodford,40.8852777,-89.4583333,40.84668797480775,-89.0297386240063,-89.4583333,40.8852777,4.494366810369465,1.7090556653626248,23
Boltonia_108,0.0179603,-9.49152e-4,0.00186405,-0.0114032,-0.0149343,0.00136662,-0.00293543,0.0283082,-5.79611e-4,-8.78176e-4,B. decurrens,108,4-5-5,2011-2618-1,27C,Illinois,Peoria,40.7222223,-89.5519444,40.69352232924267,-89.59142458669179,-89.5519444,40.7222223,4.494366810369465,1.7090556653626248,23
Boltonia_109,0.0131646,4.65499e-4,0.00124911,9.26646e-4,0.00429478,-6.32001e-4,-0.00119844,0.00843242,3.54734e-4,0.00221102,B. decurrens,109,10-4-5,2011-2620-1,13A,Illinois,Morgan,39.8672223,-90.5533333,39.87546015928839,-90.55308508241012,-90.5533333,39.8672223,4.494366810369465,1.7090556653626248,23
Boltonia_110,0.0189804,-0.00169239,-4.15555e-4,-0.0180025,-0.0277583,0.00475503,0.0131515,-0.108915,-4.92535e-4,7.0192e-4,B. decurrens,110,4-1-8,2011-2664-1,1,Illinois,Fulton,40.2047222,-90.1994444,40.207444479612775,-90.1871999885973,-90.1994444,40.2047222,4.494366810369465,1.7090556653626248,23
Boltonia_111,0.0148368,-2.44713e-4,0.00165572,-0.00405148,-0.00586788,2.68789e-4,-4.21133e-4,0.0110541,4.60837e-4,5.63575e-5,B. decurrens,111,2-2-7,2011-2666-1,28A,Illinois,Fulton,40.4925,-89.9022222,40.46699902833787,-89.9485498557629,-89.9022222,40.4925,4.494366810369465,1.7090556653626248,23
Boltonia_112,0.015686,-0.00114651,0.00224634,-0.00430916,-0.00598906,0.00121583,-0.0019599,0.0114487,-1.91983e-4,-2.7421e-4,B. decurrens,112,8-3-10,2011-2666-1,3B,Illinois,Fulton,40.4925,-89.9022222,40.46699902833787,-89.9485498557629,-89.9022222,40.4925,4.494366810369465,1.7090556653626248,23
Boltonia_113,0.0192519,-0.00142334,-2.45693e-4,-0.0189201,-0.0296995,0.00551597,0.0133128,-0.111901,-5.00048e-4,0.00107011,B. decurrens,113,9-5-2,2011-2664-1,7,Illinois,Fulton,40.2047222,-90.1994444,40.207444479612775,-90.1871999885973,-90.1994444,40.2047222,4.494366810369465,1.7090556653626248,23
Boltonia_114,-0.00594525,0.00469314,-0.00235293,0.0567212,0.0735295,-0.0118701,0.00266326,-0.0048215,-0.00192145,0.0167086,B. decurrens,114,10-4-4,2011-2599-1,27,Illinois,Saint Clair,38.6494444,-90.1161111,38.651507278988504,-90.10298738781108,-90.1161111,38.6494444,4.494366810369465,1.7090556653626248,23
Boltonia_115,0.0160344,-9.07986e-4,0.00145279,-0.00621807,-0.00818336,0.00188272,-6.12602e-5,0.00866811,-0.00105413,-6.17078e-5,B. decurrens,115,4-1-11,2011-2659-1,10C,Illinois,Frederick,NA,NA,40.07116308939078,-90.429571958886,-90.429571958886,40.07116308939078,4.494366810369465,1.7090556653626248,23
Boltonia_116,0.0173353,-8.79967e-4,0.0019583,-0.0101699,-0.0137076,0.00192813,-0.0033448,0.0309597,-1.56487e-4,-6.96706e-4,B. decurrens,116,6-2-11,2011-2618-1,24B,Illinois,Peoria,40.7222223,-89.5519444,40.69352232924267,-89.59142458669179,-89.5519444,40.7222223,4.494366810369465,1.7090556653626248,23
Boltonia_117,0.0148954,-6.18439e-4,0.00138242,-0.00445234,-0.00329924,4.59659e-4,-2.4023e-4,0.00674077,0.00168278,-2.55972e-4,B. decurrens,117,12-4-8,2011-2666-1,16B,Illinois,Fulton,40.4925,-89.9022222,40.46699902833787,-89.9485498557629,-89.9022222,40.4925,4.494366810369465,1.7090556653626248,23
Boltonia_118,0.0161389,-8.57349e-4,0.00160813,-0.00559549,-0.00726768,0.00171802,-4.78862e-4,0.00713838,-0.00122705,3.53824e-4,B. decurrens,118,6-6-1,2011-2675-1,23A,Illinois,Schuyler,40.0672223,-90.4275,40.07010712467176,-90.42899627731744,-90.4275,40.0672223,4.494366810369465,1.7090556653626248,23
Boltonia_119,0.0150155,-9.73301e-4,0.00186275,-0.00534193,-0.00868625,0.00103998,-2.89093e-4,0.006737,-6.53103e-4,1.05297e-4,B. decurrens,119,13-1-5,2011-2675-1,18A,Illinois,Schuyler,40.0672223,-90.4275,40.07010712467176,-90.42899627731744,-90.4275,40.0672223,4.494366810369465,1.7090556653626248,23
Boltonia_120,0.0186606,-0.00122051,-3.22212e-4,-0.0176853,-0.0275109,0.00452624,0.0130081,-0.103352,-5.44952e-4,5.71748e-4,B. decurrens,120,4-2-5,2011-2664-1,9,Illinois,Fulton,40.2047222,-90.1994444,40.207444479612775,-90.1871999885973,-90.1994444,40.2047222,4.494366810369465,1.7090556653626248,23
Boltonia_121,0.021412,-0.00333873,-2.65342e-4,-0.0226279,-0.0344518,0.00570779,0.01587,-0.136094,-0.00123265,-6.61035e-4,B. decurrens,121,3-2-9,2011-2664-1,8,Illinois,Fulton,40.2047222,-90.1994444,40.207444479612775,-90.1871999885973,-90.1994444,40.2047222,4.494366810369465,1.7090556653626248,23
Boltonia_123,0.018994,-0.00186662,0.00156339,-0.0134665,-0.0189077,0.00235903,-0.00410365,0.0396443,0.0016096,-9.2259e-4,B. decurrens,123,10-1-9,2011-2650-1,11B,Illinois,Woodford,40.8852777,-89.4583333,40.84668797480775,-89.0297386240063,-89.4583333,40.8852777,4.494366810369465,1.7090556653626248,23
Boltonia_124,0.0176903,-0.00284253,0.00247758,-0.0128738,-0.0190487,0.00166518,-0.00540039,0.0425273,3.15804e-4,-5.53835e-4,B. decurrens,124,4-6-10,2011-2650-1,8B,Illinois,Woodford,40.8852777,-89.4583333,40.84668797480775,-89.0297386240063,-89.4583333,40.8852777,4.494366810369465,1.7090556653626248,23
Boltonia_125,0.0155183,-0.0014928,0.00115778,-0.00830455,-0.0120542,0.0023032,-0.00377673,0.0238879,0.00125294,-2.03655e-4,B. decurrens,125,6-6-12,2011-2629-1,14A,Illinois,Marshal,41.045,-89.4311111,41.02868892611459,-89.43846248262098,-89.4311111,41.045,4.494366810369465,1.7090556653626248,23
Boltonia_127,-2.59123e-4,0.0037229,0.00283614,0.0664678,0.114523,-0.0204164,-0.00514994,-0.0232757,0.00722082,-0.0463126,B. decurrens,127,4-3-9,2011-2635-1,8,Illinois,Alton,NA,NA,38.86501904919102,-90.22302347588696,-90.22302347588696,38.86501904919102,4.494366810369465,1.7090556653626248,23
Boltonia_126,0.0184117,-0.00236585,0.00240718,-0.0122407,-0.0174377,0.00174292,-0.0043656500000000004,0.0320352,-4.82282e-4,-6.74826e-4,B. decurrens,126,13-1-2,2011-2661-1,10B,Illinois,Tazewell,NA,NA,40.69584983597212,-89.54394792156027,-89.54394792156027,40.69584983597212,4.494366810369465,1.7090556653626248,23
Boltonia_128,0.0177986,-0.00160175,0.00181996,-0.011249,-0.0152189,0.00228243,-0.00340134,0.0277289,-2.78115e-4,-5.46042e-4,B. decurrens,128,13-2-3,2011-2661-1,26A,Illinois,Tazewell,NA,NA,40.69584983597212,-89.54394792156027,-89.54394792156027,40.69584983597212,4.494366810369465,1.7090556653626248,23
Boltonia_129,0.0155777,4.85146e-4,0.00202857,-0.0062516,-0.00871529,0.00194115,-0.0011129,0.00805128,-2.99123e-4,3.36057e-4,B. decurrens,129,3-1-4,2011-2675-1,15B,Illinois,Schuyler,40.0672223,-90.4275,40.07010712467176,-90.42899627731744,-90.4275,40.0672223,4.494366810369465,1.7090556653626248,23
Boltonia_130,0.0185289,-0.00158568,0.00140163,-0.0129959,-0.0172162,0.00284849,-0.00562667,0.0437454,1.39705e-4,-8.80427e-4,B. decurrens,130,5-6-11,2011-2629-1,22B,Illinois,Marshal,41.045,-89.4311111,41.02868892611459,-89.43846248262098,-89.4311111,41.045,4.494366810369465,1.7090556653626248,23
Boltonia_131,0.0192821,-0.00152033,-1.48739e-4,-0.0146737,-0.0204721,0.00280797,-0.00552936,0.0506285,0.00190955,-3.87021e-4,B. decurrens,131,5-3-2,2011-2623-1,12A,Illinois,Hennepin,NA,NA,41.34414603458205,-89.55849691836283,-89.55849691836283,41.34414603458205,4.494366810369465,1.7090556653626248,23
Boltonia_132,0.0175872,-0.00162537,9.20992e-4,-0.0129677,-0.0176247,0.00205506,-0.00458231,0.0379108,5.29267e-4,7.33469e-5,B. decurrens,132,6-2-2,2011-2629-1,19C,Illinois,Marshal,41.045,-89.4311111,41.02868892611459,-89.43846248262098,-89.4311111,41.045,4.494366810369465,1.7090556653626248,23
Boltonia_133,0.0155795,-0.00150665,0.00182998,-0.00509482,-0.00755641,0.00120493,-1.9637e-5,0.00491761,-0.00118442,-1.08051e-4,B. decurrens,133,1-2-4,2011-2675-1,25A,Illinois,Schuyler,40.0672223,-90.4275,40.07010712467176,-90.42899627731744,-90.4275,40.0672223,4.494366810369465,1.7090556653626248,23
Boltonia_134,0.0189132,-0.00234083,9.61268e-4,-0.0133004,-0.0183885,0.00264871,-0.00483739,0.0443763,0.00208063,-0.00118639,B. decurrens,134,5-4-7,2011-2623-1,1B,Illinois,Hennepin,NA,NA,41.34414603458205,-89.55849691836283,-89.55849691836283,41.34414603458205,4.494366810369465,1.7090556653626248,23
Boltonia_135,0.0195233,-0.00242541,9.14999e-4,-0.0151707,-0.020319,0.00298269,-0.00588474,0.0464459,0.00110163,-0.00132537,B. decurrens,135,9-2-10,2011-2629-1,5A,Illinois,Marshal,41.045,-89.4311111,41.02868892611459,-89.43846248262098,-89.4311111,41.045,4.494366810369465,1.7090556653626248,23
Boltonia_136,0.0160788,-6.81906e-4,0.00145452,-0.00471871,-0.00439317,-7.54299e-4,-2.36673e-4,0.00790402,5.54147e-5,6.72872e-4,B. decurrens,136,8-1-8,2011-2638-1,18A,Illinois,Scott,39.7852777,-90.5902777,39.786569766256626,-90.58910563509704,-90.5902777,39.7852777,4.494366810369465,1.7090556653626248,23
Boltonia_137,0.0175738,-0.00217533,0.0012045,-0.0124302,-0.0170395,0.00368826,-0.00414633,0.040179,6.70457e-4,4.05114e-4,B. decurrens,137,7-5-7,2011-2629-1,17B,Illinois,Marshal,41.045,-89.4311111,41.02868892611459,-89.43846248262098,-89.4311111,41.045,4.494366810369465,1.7090556653626248,23
Boltonia_138,0.0152916,-3.92099e-4,0.00115547,-0.00621282,-0.0082384,0.00250972,3.61209e-4,0.00195126,-0.00104581,0.00141661,B. decurrens,138,4-1-1,2011-2675-1,27C,Illinois,Schuyler,40.0672223,-90.4275,40.07010712467176,-90.42899627731744,-90.4275,40.0672223,4.494366810369465,1.7090556653626248,23
Boltonia_139,-0.00356905,0.00416615,-4.05758e-5,0.0647192,0.0915225,-0.0165493,0.00364543,-0.0103803,-0.00311889,0.0365815,B. decurrens,139,4-3-5,2011-2609-1,11C,Illinois,Madison,38.6891666,-90.0972222,38.69652811427051,-90.085926104309,-90.0972222,38.6891666,4.494366810369465,1.7090556653626248,23
Boltonia_140,0.01586,-6.3641e-4,0.00137555,-0.00481974,-0.00684601,0.00106465,-2.94049e-4,0.00602766,3.28785e-6,1.51566e-4,B. decurrens,140,1-4-2,2011-2659-1,14A,Illinois,Frederick,NA,NA,40.07116308939078,-90.429571958886,-90.429571958886,40.07116308939078,4.494366810369465,1.7090556653626248,23
Boltonia_141,-0.00361436,0.0021699,0.00123466,0.06887,0.100715,-0.0199369,0.00518537,-0.0152043,-0.00408878,0.0456858,B. decurrens,141,8-6-8,2011-2609-1,X2,Illinois,Madison,38.6891666,-90.0972222,38.69652811427051,-90.085926104309,-90.0972222,38.6891666,4.494366810369465,1.7090556653626248,23
Boltonia_142,0.0187321,-0.0025819,0.00160676,-0.0140174,-0.01985,0.0016318,-0.0037183,0.0414521,5.48688e-4,-8.39817e-4,B. decurrens,142,3-6-3,2011-2650-1,19C,Illinois,Woodford,40.8852777,-89.4583333,40.84668797480775,-89.0297386240063,-89.4583333,40.8852777,4.494366810369465,1.7090556653626248,23
Boltonia_143,0.0187452,-0.00208221,0.00138143,-0.0129189,-0.0174595,0.00243455,-0.00615916,0.0432787,0.00202315,-0.00121984,B. decurrens,143,4-2-8,2011-2623-1,18B,Illinois,Hennepin,NA,NA,41.34414603458205,-89.55849691836283,-89.55849691836283,41.34414603458205,4.494366810369465,1.7090556653626248,23
Boltonia_144,0.0194118,-0.00215727,-5.80881e-4,-0.0207907,-0.0319174,0.00614434,0.0148923,-0.125201,-0.00132448,-7.8553e-5,B. decurrens,144,10-6-6,2011-2638-1,16A,Illinois,Scott,39.7852777,-90.5902777,39.786569766256626,-90.58910563509704,-90.5902777,39.7852777,4.494366810369465,1.7090556653626248,23
Boltonia_145,-2.59426e-4,0.0039776,0.00193656,0.068994,0.120028,-0.021776,-0.00428856,-0.0238531,0.00780488,-0.0532388,B. decurrens,145,6-3-10,2011-2635-1,24,Illinois,Alton,NA,NA,38.86501904919102,-90.22302347588696,-90.22302347588696,38.86501904919102,4.494366810369465,1.7090556653626248,23
Boltonia_146,0.0164701,-0.00190229,0.00140897,-0.00471957,-0.00428908,0.00121234,-0.00170858,0.010831,-0.00160426,-2.12861e-4,B. decurrens,146,5-1-7,2011-2638-1,28A,Illinois,Scott,39.7852777,-90.5902777,39.786569766256626,-90.58910563509704,-90.5902777,39.7852777,4.494366810369465,1.7090556653626248,23
Boltonia_147,0.0157372,-4.02126e-4,0.00242022,-0.00502992,-0.00704289,9.80221e-4,-2.59714e-4,0.00899355,0.00143149,6.53321e-5,B. decurrens,147,2-4-5,2011-2666-1,24A,Illinois,Fulton,40.4925,-89.9022222,40.46699902833787,-89.9485498557629,-89.9022222,40.4925,4.494366810369465,1.7090556653626248,23
Boltonia_148,0.0159386,-8.02342e-4,0.00108148,-0.00599432,-0.00681997,7.38273e-4,-0.00102782,0.00646737,-0.00118775,0.00102551,B. decurrens,148,2-3-12,2011-2675-1,10A,Illinois,Schuyler,40.0672223,-90.4275,40.07010712467176,-90.42899627731744,-90.4275,40.0672223,4.494366810369465,1.7090556653626248,23
Boltonia_149,0.0194342,-0.00214217,3.64441e-5,-0.0192812,-0.028853,0.0054873,0.0137337,-0.124139,-4.48271e-4,7.91753e-4,B. decurrens,149,6-5-11,2011-2613-1,9A,Illinois,Fulton,40.2047222,-90.1994444,40.20813714639404,-90.18724497777134,-90.1994444,40.2047222,4.494366810369465,1.7090556653626248,23
Boltonia_150,0.0184218,-0.00258118,0.00147065,-0.0146646,-0.0192452,0.00295389,-0.00406313,0.0442665,0.00186803,1.89834e-4,B. decurrens,150,2-3-11,2011-2650-1,1A,Illinois,Woodford,40.8852777,-89.4583333,40.84668797480775,-89.0297386240063,-89.4583333,40.8852777,4.494366810369465,1.7090556653626248,23
Boltonia_151,0.0182946,-0.00254934,0.00167541,-0.0140852,-0.0192723,0.00188062,-0.00598159,0.0445529,-2.5228e-4,-7.06584e-4,B. decurrens,151,9-3-5,2011-2638-1,8B,Illinois,Scott,39.7852777,-90.5902777,39.786569766256626,-90.58910563509704,-90.5902777,39.7852777,4.494366810369465,1.7090556653626248,23
Boltonia_152,0.0153273,-1.23008e-4,0.0020255,-0.00536748,-0.00653117,8.26803e-4,-2.29856e-4,0.00386382,-0.00122462,-4.53468e-4,B. decurrens,152,13-1-3,2011-2675-1,18A,Illinois,Schuyler,40.0672223,-90.4275,40.07010712467176,-90.42899627731744,-90.4275,40.0672223,4.494366810369465,1.7090556653626248,23
Boltonia_153,-0.00293019,8.53166e-4,0.00297648,0.0552056,0.0865757,-0.0184391,-0.00306938,-0.0106808,0.00380876,-0.029914,B. decurrens,153,5-1-6,2011-2635-1,35?,Illinois,Alton,NA,NA,38.86501904919102,-90.22302347588696,-90.22302347588696,38.86501904919102,4.494366810369465,1.7090556653626248,23
Boltonia_154,0.0187321,-0.00186539,6.07106e-4,-0.0127962,-0.0181149,0.00198176,-0.00528269,0.0433266,0.00164212,-0.00100792,B. decurrens,154,4-2-7,2011-2623-1,18B,Illinois,Hennepin,NA,NA,41.34414603458205,-89.55849691836283,-89.55849691836283,41.34414603458205,4.494366810369465,1.7090556653626248,23
Boltonia_155,-0.00469671,0.0030109,0.0036504,0.0566651,0.0767372,-0.0118674,-8.53414e-4,-0.00532366,3.81489e-4,0.0219598,B. decurrens,155,3-5-3,2011-2599-1,3,Illinois,Saint Clair,38.6494444,-90.1161111,38.651507278988504,-90.10298738781108,-90.1161111,38.6494444,4.494366810369465,1.7090556653626248,23
Boltonia_157,0.0154448,-0.00143555,0.00235168,-0.00431249,-0.00740439,0.00103844,7.67786e-4,0.00781494,-0.00151451,1.46813e-4,B. decurrens,157,5-3-9,2011-2659-1,5A,Illinois,Frederick,NA,NA,40.07116308939078,-90.429571958886,-90.429571958886,40.07116308939078,4.494366810369465,1.7090556653626248,23
Boltonia_158,0.0201456,-0.00250262,9.94503e-6,-0.0200409,-0.0303963,0.00531989,0.0145689,-0.124201,-7.81306e-4,4.36237e-4,B. decurrens,158,5-5-7,2011-2613-1,14B,Illinois,Fulton,40.2047222,-90.1994444,40.20813714639404,-90.18724497777134,-90.1994444,40.2047222,4.494366810369465,1.7090556653626248,23
Boltonia_159,0.0150165,-8.38181e-4,0.00170227,-0.00457305,-0.00452417,0.00124501,-2.98384e-4,0.00583784,-0.00100649,4.40433e-4,B. decurrens,159,3-3-7,2011-2666-1,21C,Illinois,Fulton,40.4925,-89.9022222,40.46699902833787,-89.9485498557629,-89.9022222,40.4925,4.494366810369465,1.7090556653626248,23
Boltonia_160,0.014139,-5.25383e-4,9.32413e-4,-0.00180649,2.02177e-4,3.6858e-4,-0.00153488,0.00918094,-2.07452e-4,-5.94454e-4,B. decurrens,160,3-6-1,2011-2638-1,11B,Illinois,Scott,39.7852777,-90.5902777,39.786569766256626,-90.58910563509704,-90.5902777,39.7852777,4.494366810369465,1.7090556653626248,23
Boltonia_161,0.01738,-0.00182888,0.00203794,-0.0113301,-0.0162143,0.00200601,-0.00347575,0.0322848,-2.68024e-4,-9.78568e-4,B. decurrens,161,8-1-11,2011-2618-1,12A,Illinois,Peoria,40.7222223,-89.5519444,40.69352232924267,-89.59142458669179,-89.5519444,40.7222223,4.494366810369465,1.7090556653626248,23
Boltonia_162,0.0166446,-0.00102366,0.00214959,-0.00774475,-0.00961686,0.00131057,-0.00187525,0.0103816,-7.09223e-4,1.32774e-4,B. decurrens,162,4-6-2,2011-2659-1,2A,Illinois,Frederick,NA,NA,40.07116308939078,-90.429571958886,-90.429571958886,40.07116308939078,4.494366810369465,1.7090556653626248,23
Boltonia_163,0.0188541,-0.00146177,0.00169044,-0.0131273,-0.0167861,0.00235308,-0.005448,0.0452327,6.9798e-4,-7.67772e-4,B. decurrens,163,7-3-11,2011-2629-1,15A,Illinois,Marshal,41.045,-89.4311111,41.02868892611459,-89.43846248262098,-89.4311111,41.045,4.494366810369465,1.7090556653626248,23
Boltonia_164,0.0161498,-6.18951e-4,0.0011998,-0.00566504,-0.00739774,0.00143719,3.25342e-4,0.00318611,-0.001319,6.63076e-6,B. decurrens,164,12-6-1,2011-2675-1,10A,Illinois,Schuyler,40.0672223,-90.4275,40.07010712467176,-90.42899627731744,-90.4275,40.0672223,4.494366810369465,1.7090556653626248,23
Boltonia_165,-0.00218776,0.00431519,-0.00121119,0.0672172,0.0986478,-0.0173084,0.00583751,-0.0103444,-0.00157837,0.0405905,B. decurrens,165,11-2-11,2011-2609-1,15A,Illinois,Madison,38.6891666,-90.0972222,38.69652811427051,-90.085926104309,-90.0972222,38.6891666,4.494366810369465,1.7090556653626248,23
Boltonia_166,-0.135681,0.102783,0.0560557,-0.0508154,0.0101945,0.0250667,0.0057567,-0.00250903,0.0136454,0.0365208,B. decurrens,166,6-4-4,2011-2636-1,5,Illinois,Cass,40.010555600000004,-90.4458333,40.0178975293398,-90.42445029519196,-90.4458333,40.010555600000004,4.494366810369465,1.7090556653626248,23
Boltonia_167,0.0163193,-8.99874e-5,0.00197958,-0.00639643,-0.0070458,-1.33246e-4,-6.72338e-4,0.00873182,-8.89538e-4,6.50099e-4,B. decurrens,167,4-3-3,2011-2675-1,19B,Illinois,Schuyler,40.0672223,-90.4275,40.07010712467176,-90.42899627731744,-90.4275,40.0672223,4.494366810369465,1.7090556653626248,23
Boltonia_168,0.0182431,-0.00106998,0.00228291,-0.0112737,-0.0160751,0.00181889,-0.00394269,0.0341921,-2.7449e-4,-6.13163e-4,B. decurrens,168,3-4-10,2011-2661-1,22A,Illinois,Tazewell,NA,NA,40.69584983597212,-89.54394792156027,-89.54394792156027,40.69584983597212,4.494366810369465,1.7090556653626248,23
Boltonia_169,-0.0052845,0.00485633,-2.82717e-4,0.0536222,0.0729481,-0.00954897,0.00154884,-0.00374261,6.71851e-5,0.0190956,B. decurrens,169,6-2-9,2011-2599-1,4,Illinois,Saint Clair,38.6494444,-90.1161111,38.651507278988504,-90.10298738781108,-90.1161111,38.6494444,4.494366810369465,1.7090556653626248,23
Boltonia_170,0.0181297,-0.00223242,0.00200867,-0.011467,-0.0171552,0.00168261,-0.0040332,0.0385314,6.41941e-5,-7.89143e-4,B. decurrens,170,7-1-9,2011-2650-1,27B,Illinois,Woodford,40.8852777,-89.4583333,40.84668797480775,-89.0297386240063,-89.4583333,40.8852777,4.494366810369465,1.7090556653626248,23
Boltonia_171,0.0182305,-3.76659e-4,0.00341748,-0.00856693,-0.0128525,7.3211e-4,-0.00187458,0.0120161,-0.0013143,-6.764e-4,B. decurrens,171,3-6-7,2011-2598-1,S8A,Illinois,Jersey,NA,NA,38.961398423802066,-90.51481032460988,-90.51481032460988,38.961398423802066,4.494366810369465,1.7090556653626248,23
Boltonia_172,0.0192017,-0.00243085,-1.82201e-4,-0.0176185,-0.0277132,0.00397515,0.0128278,-0.107484,-8.40963e-4,4.49562e-5,B. decurrens,172,8-5-12,2011-2613-1,24A,Illinois,Fulton,40.2047222,-90.1994444,40.20813714639404,-90.18724497777134,-90.1994444,40.2047222,4.494366810369465,1.7090556653626248,23
Boltonia_173,0.0138382,6.97985e-4,0.00199112,-0.00259769,-0.00131666,4.21798e-4,-5.79642e-4,0.00668448,-5.48091e-4,7.57995e-4,B. decurrens,173,3-1-1,2011-2636-1,19,Illinois,Cass,40.010555600000004,-90.4458333,40.0178975293398,-90.42445029519196,-90.4458333,40.010555600000004,4.494366810369465,1.7090556653626248,23
Boltonia_174,0.0157677,-8.53515e-4,0.00136332,-0.00489915,-0.00573287,5.26688e-4,-9.64754e-4,0.00761504,2.50587e-4,0.00117816,B. decurrens,174,2-5-11,2011-2675-1,5A,Illinois,Schuyler,40.0672223,-90.4275,40.07010712467176,-90.42899627731744,-90.4275,40.0672223,4.494366810369465,1.7090556653626248,23
Boltonia_175,0.0172237,-0.00112467,0.00107953,-0.0111494,-0.0152667,0.00229419,-0.00335427,0.0306377,-3.66817e-4,-6.73748e-4,B. decurrens,175,2-1-9,2011-2618-1,26A,Illinois,Peoria,40.7222223,-89.5519444,40.69352232924267,-89.59142458669179,-89.5519444,40.7222223,4.494366810369465,1.7090556653626248,23
Boltonia_176,-0.00403794,0.00302782,0.00113327,0.0578865,0.0765528,-0.014905,0.00266286,-0.00632382,-0.00222838,0.0167605,B. decurrens,176,5-2-6,2011-2599-1,11,Illinois,Saint Clair,38.6494444,-90.1161111,38.651507278988504,-90.10298738781108,-90.1161111,38.6494444,4.494366810369465,1.7090556653626248,23
Boltonia_177,0.0176199,-9.24223e-4,0.00137242,-0.0112615,-0.015479,0.00223247,-0.00265575,0.0269598,-9.40221e-4,-9.7373e-4,B. decurrens,177,5-5-4,2011-2618-1,4A,Illinois,Peoria,40.7222223,-89.5519444,40.69352232924267,-89.59142458669179,-89.5519444,40.7222223,4.494366810369465,1.7090556653626248,23
Boltonia_178,-0.00369746,0.00225237,9.60247e-4,0.0569909,0.0735609,-0.0144453,0.00292773,-0.00669489,-0.00107591,0.0165837,B. decurrens,178,5-2-7,2011-2599-1,11,Illinois,Saint Clair,38.6494444,-90.1161111,38.651507278988504,-90.10298738781108,-90.1161111,38.6494444,4.494366810369465,1.7090556653626248,23
Boltonia_179,0.0191831,-0.00179939,-2.52914e-4,-0.0187807,-0.0282957,0.00556489,0.0134673,-0.113934,-0.0012243,3.46261e-4,B. decurrens,179,8-2-4,2011-2613-1,3A,Illinois,Fulton,40.2047222,-90.1994444,40.20813714639404,-90.18724497777134,-90.1994444,40.2047222,4.494366810369465,1.7090556653626248,23
Boltonia_180,0.0174264,-0.00192824,0.00211665,-0.0131515,-0.0176783,0.00216698,-0.00499721,0.0430284,2.83575e-4,-2.68601e-4,B. decurrens,180,6-6-8,2011-2629-1,1C,Illinois,Marshal,41.045,-89.4311111,41.02868892611459,-89.43846248262098,-89.4311111,41.045,4.494366810369465,1.7090556653626248,23
Boltonia_181,0.016685,-0.00115774,0.00212502,-0.010373,-0.0146706,0.00262389,-0.00316934,0.0305928,-2.25115e-4,8.96198e-4,B. decurrens,181,1-3-2,2011-2618-1,1B,Illinois,Peoria,40.7222223,-89.5519444,40.69352232924267,-89.59142458669179,-89.5519444,40.7222223,4.494366810369465,1.7090556653626248,23
Boltonia_182,0.0195769,-0.00205131,6.95858e-4,-0.0155981,-0.0222676,0.0020821,-0.00526818,0.0505304,9.62101e-4,-7.26967e-4,B. decurrens,182,8-2-2,2011-2623-1,11A,Illinois,Hennepin,NA,NA,41.34414603458205,-89.55849691836283,-89.55849691836283,41.34414603458205,4.494366810369465,1.7090556653626248,23
Boltonia_183,0.0139956,3.32218e-4,0.00189881,-0.00397237,-0.00601655,0.00166287,-0.00159121,0.00820036,-1.15017e-4,0.00209036,B. decurrens,183,1-6-2,2011-2636-1,22,Illinois,Cass,40.010555600000004,-90.4458333,40.0178975293398,-90.42445029519196,-90.4458333,40.010555600000004,4.494366810369465,1.7090556653626248,23
Boltonia_184,-0.00283278,0.00340101,-4.94461e-4,0.0655652,0.0966801,-0.0181813,0.00583417,-0.0119594,-0.00265705,0.0384564,B. decurrens,184,6-3-7,2011-2609-1,18C,Illinois,Madison,38.6891666,-90.0972222,38.69652811427051,-90.085926104309,-90.0972222,38.6891666,4.494366810369465,1.7090556653626248,23
Boltonia_185,0.0183552,-0.00185078,0.00154352,-0.0120753,-0.0155661,0.0022188,-0.00396739,0.0403763,0.00221449,-8.82991e-5,B. decurrens,185,9-2-4,2011-2650-1,21A,Illinois,Woodford,40.8852777,-89.4583333,40.84668797480775,-89.0297386240063,-89.4583333,40.8852777,4.494366810369465,1.7090556653626248,23
Boltonia_186,0.0164145,-0.00149935,6.51866e-4,-0.00938556,-0.013637,0.00143794,-0.00235734,0.0182087,-3.31751e-4,-3.50074e-5,B. decurrens,186,10-3-3,2011-2661-1,12A,Illinois,Tazewell,NA,NA,40.69584983597212,-89.54394792156027,-89.54394792156027,40.69584983597212,4.494366810369465,1.7090556653626248,23
Boltonia_187,0.015963,-0.0015092,0.00219386,-0.00643045,-0.00849773,0.00143465,-0.00182347,0.00965831,-4.42357e-4,0.00106204,B. decurrens,187,4-1-4,2011-2675-1,16A,Illinois,Schuyler,40.0672223,-90.4275,40.07010712467176,-90.42899627731744,-90.4275,40.0672223,4.494366810369465,1.7090556653626248,23
Boltonia_188,0.0159946,-8.7754e-4,0.00106641,-0.00566838,-0.00723629,0.00136968,-5.30757e-4,0.00926064,8.57269e-5,3.28529e-4,B. decurrens,188,2-2-3,2011-2675-1,3C,Illinois,Schuyler,40.0672223,-90.4275,40.07010712467176,-90.42899627731744,-90.4275,40.0672223,4.494366810369465,1.7090556653626248,23
Boltonia_189,0.0150877,-0.00107794,0.00251857,-0.00383039,-0.00574843,4.96141e-4,-0.00115647,0.0107766,5.6941e-4,2.70638e-4,B. decurrens,189,8-3-9,2011-2666-1,3B,Illinois,Fulton,40.4925,-89.9022222,40.46699902833787,-89.9485498557629,-89.9022222,40.4925,4.494366810369465,1.7090556653626248,23
Boltonia_190,0.019028,-6.56015e-4,0.00374877,-0.0098673,-0.013385,0.00155095,-0.00183943,0.0152157,-4.81119e-4,-7.75411e-4,B. decurrens,190,8-2-5,2011-2598-1,L12A,Illinois,Jersey,NA,NA,38.961398423802066,-90.51481032460988,-90.51481032460988,38.961398423802066,4.494366810369465,1.7090556653626248,23
Boltonia_191,0.0184863,-0.00145129,0.00176856,-0.0135745,-0.0182369,0.00312454,-0.0051846,0.0431785,2.05554e-4,-0.00109994,B. decurrens,191,7-3-9,2011-2629-1,11B,Illinois,Marshal,41.045,-89.4311111,41.02868892611459,-89.43846248262098,-89.4311111,41.045,4.494366810369465,1.7090556653626248,23
Boltonia_192,0.0150763,-2.97611e-4,3.62443e-4,-0.00141764,-0.00125792,-8.73174e-4,-9.46989e-4,0.00816216,8.57646e-5,-0.00139163,B. decurrens,192,3-3-11,2011-2638-1,6A,Illinois,Scott,39.7852777,-90.5902777,39.786569766256626,-90.58910563509704,-90.5902777,39.7852777,4.494366810369465,1.7090556653626248,23
Boltonia_193,0.0204021,-0.00234008,2.11932e-4,-0.0194883,-0.030408,0.00476693,0.0141049,-0.121017,-0.00123278,-6.15009e-4,B. decurrens,193,6-1-7,2011-2664-1,16,Illinois,Fulton,40.2047222,-90.1994444,40.207444479612775,-90.1871999885973,-90.1994444,40.2047222,4.494366810369465,1.7090556653626248,23
Boltonia_194,0.019032,-0.00246617,0.00178687,-0.0142509,-0.0179509,0.00177165,-0.00463837,0.0429429,7.87903e-4,-0.00159042,B. decurrens,194,2-3-4,2011-2636-1,30,Illinois,Cass,40.010555600000004,-90.4458333,40.0178975293398,-90.42445029519196,-90.4458333,40.010555600000004,4.494366810369465,1.7090556653626248,23
Boltonia_195,0.0198507,-0.00270916,0.00196538,-0.0154608,-0.0216386,0.00349555,-0.00583839,0.0463391,0.00126924,-0.00141002,B. decurrens,195,6-1-10,2011-2629-1,7C,Illinois,Marshal,41.045,-89.4311111,41.02868892611459,-89.43846248262098,-89.4311111,41.045,4.494366810369465,1.7090556653626248,23
Boltonia_196,-0.00446391,0.00381608,6.06753e-4,0.0542842,0.0736911,-0.0147276,0.00203163,-0.0063403,-2.042e-4,0.0189605,B. decurrens,196,10-1-5,2011-2599-1,19,Illinois,Saint Clair,38.6494444,-90.1161111,38.651507278988504,-90.10298738781108,-90.1161111,38.6494444,4.494366810369465,1.7090556653626248,23
Boltonia_197,0.0161111,-0.00113799,0.00251876,-0.00532837,-0.00896465,0.00124376,2.5502e-4,0.00791046,-0.00169003,0.00111537,B. decurrens,197,5-3-10,2011-2659-1,5A,Illinois,Frederick,NA,NA,40.07116308939078,-90.429571958886,-90.429571958886,40.07116308939078,4.494366810369465,1.7090556653626248,23
Boltonia_198,0.0119945,-0.00118266,0.00132913,0.00228053,0.00426016,-0.00129631,-4.42212e-4,0.0102741,-0.00198545,-2.66336e-4,B. decurrens,198,7-4-2,2011-2620-1,15B,Illinois,Morgan,39.8672223,-90.5533333,39.87546015928839,-90.55308508241012,-90.5533333,39.8672223,4.494366810369465,1.7090556653626248,23
Boltonia_199,-0.140138,0.0921137,0.0401652,-0.0493757,-0.00278939,0.0151169,0.00189148,-7.82048e-4,0.00993664,0.0231208,B. decurrens,199,8-5-3,2011-2636-1,1,Illinois,Cass,40.010555600000004,-90.4458333,40.0178975293398,-90.42445029519196,-90.4458333,40.010555600000004,4.494366810369465,1.7090556653626248,23
Boltonia_200,0.0121402,-0.00138191,3.96199e-4,0.00253873,0.00537095,-5.1226e-4,3.09977e-4,0.00414457,-6.525e-4,-0.00135329,B. decurrens,200,8-1-5,2011-2620-1,30B,Illinois,Morgan,39.8672223,-90.5533333,39.87546015928839,-90.55308508241012,-90.5533333,39.8672223,4.494366810369465,1.7090556653626248,23
Boltonia_201,0.0193739,-0.00324173,0.00150835,-0.0152957,-0.0215321,0.00300303,-0.00490654,0.0462829,6.01624e-4,-4.30588e-4,B. decurrens,201,4-6-9,2011-2650-1,8B,Illinois,Woodford,40.8852777,-89.4583333,40.84668797480775,-89.0297386240063,-89.4583333,40.8852777,4.494366810369465,1.7090556653626248,23
Boltonia_202,0.0149262,-4.32478e-5,0.0020343,-0.00415885,-0.00498196,0.00111395,-6.15544e-4,0.00844218,6.14621e-4,8.02863e-4,B. decurrens,202,6-1-4,2011-2666-1,7B,Illinois,Fulton,40.4925,-89.9022222,40.46699902833787,-89.9485498557629,-89.9022222,40.4925,4.494366810369465,1.7090556653626248,23
Boltonia_203,-0.00271368,0.00329002,-2.22994e-4,0.0689288,0.10173,-0.0181483,0.00659478,-0.0120666,-0.00309345,0.0412703,B. decurrens,203,8-3-3,2011-2609-1,X1,Illinois,Madison,38.6891666,-90.0972222,38.69652811427051,-90.085926104309,-90.0972222,38.6891666,4.494366810369465,1.7090556653626248,23
Boltonia_204,0.0123655,-9.26009e-4,9.96182e-4,0.00432442,0.00701841,-0.00153703,-8.15446e-4,0.0113667,-0.00177863,0.0018449,B. decurrens,204,10-1-10,2011-2620-1,6A,Illinois,Morgan,39.8672223,-90.5533333,39.87546015928839,-90.55308508241012,-90.5533333,39.8672223,4.494366810369465,1.7090556653626248,23
Boltonia_205,0.01818,-0.0036229,9.19868e-5,-0.0127799,-0.0174442,0.00196134,-0.00499384,0.0453092,0.00228939,-5.66019e-4,B. decurrens,205,6-5-5,2011-2623-1,27B,Illinois,Hennepin,NA,NA,41.34414603458205,-89.55849691836283,-89.55849691836283,41.34414603458205,4.494366810369465,1.7090556653626248,23
Boltonia_206,-0.140864,0.0940652,0.0391143,-0.0429792,-0.00209431,0.00586672,0.00769454,0.00242921,-0.0221172,-0.00819033,B. decurrens,206,2-6-2,2011-2636-1,7,Illinois,Cass,40.010555600000004,-90.4458333,40.0178975293398,-90.42445029519196,-90.4458333,40.010555600000004,4.494366810369465,1.7090556653626248,23
Boltonia_207,0.0156314,-0.00185772,0.00257023,-0.00407144,-0.00537148,9.75237e-4,-0.00199633,0.00893241,6.05443e-4,-6.89201e-4,B. decurrens,207,4-2-4,2011-2666-1,6B,Illinois,Fulton,40.4925,-89.9022222,40.46699902833787,-89.9485498557629,-89.9022222,40.4925,4.494366810369465,1.7090556653626248,23
Boltonia_208,0.0185183,-0.00202896,0.00115707,-0.0136809,-0.0194328,0.00193996,-0.00395511,0.0424432,0.00130044,-4.59595e-4,B. decurrens,208,7-5-10,2011-2629-1,3B,Illinois,Marshal,41.045,-89.4311111,41.02868892611459,-89.43846248262098,-89.4311111,41.045,4.494366810369465,1.7090556653626248,23
Boltonia_209,0.0188418,-0.00317174,7.56666e-4,-0.0137936,-0.0227315,0.0026564,-0.00648315,0.055684,4.71704e-4,3.77741e-4,B. decurrens,209,13-2-1,2011-2623-1,11A,Illinois,Hennepin,NA,NA,41.34414603458205,-89.55849691836283,-89.55849691836283,41.34414603458205,4.494366810369465,1.7090556653626248,23
Boltonia_210,0.012956,-6.85059e-4,6.7064e-4,0.0021565,0.00461012,-7.69132e-4,7.01055e-4,0.00379683,-0.00179214,0.00103349,B. decurrens,210,9-3-4,2011-2598-1,S16A,Illinois,Jersey,NA,NA,38.961398423802066,-90.51481032460988,-90.51481032460988,38.961398423802066,4.494366810369465,1.7090556653626248,23
Boltonia_211,-0.00204753,0.00201307,7.87646e-4,0.0561902,0.0924467,-0.0181948,-0.00300415,-0.0119861,0.00470915,-0.0331602,B. decurrens,211,8-1-2,2011-2635-1,31,Illinois,Alton,NA,NA,38.86501904919102,-90.22302347588696,-90.22302347588696,38.86501904919102,4.494366810369465,1.7090556653626248,23
Boltonia_212,0.0157131,-3.31048e-4,6.67252e-4,-0.00538668,-0.00642976,0.0016443,-7.91835e-4,0.00957786,3.19095e-5,2.33737e-4,B. decurrens,212,12-6-2,2011-2675-1,10A,Illinois,Schuyler,40.0672223,-90.4275,40.07010712467176,-90.42899627731744,-90.4275,40.0672223,4.494366810369465,1.7090556653626248,23
Boltonia_213,-0.00168584,0.00288361,-5.07439e-4,0.0585321,0.0936729,-0.017802,-0.00212388,-0.0129489,0.00261487,-0.0353246,B. decurrens,213,5-1-5,2011-2635-1,35?,Illinois,Alton,NA,NA,38.86501904919102,-90.22302347588696,-90.22302347588696,38.86501904919102,4.494366810369465,1.7090556653626248,23
Boltonia_214,-0.00390712,0.00303123,3.75411e-4,0.0702193,0.102307,-0.0191359,0.00587779,-0.011361,-0.00355528,0.041029500000000003,B. decurrens,214,11-5-6,2011-2609-1,7C,Illinois,Madison,38.6891666,-90.0972222,38.69652811427051,-90.085926104309,-90.0972222,38.6891666,4.494366810369465,1.7090556653626248,23
Boltonia_215,0.018936,-0.00331412,8.0532e-5,-0.0181373,-0.0285888,0.00510957,0.0148978,-0.118891,-8.54906e-4,-2.91058e-4,B. decurrens,215,4-1-10,2011-2664-1,1,Illinois,Fulton,40.2047222,-90.1994444,40.207444479612775,-90.1871999885973,-90.1994444,40.2047222,4.494366810369465,1.7090556653626248,23
Boltonia_216,-0.138737,0.1066,0.0484105,-0.0520605,0.0087332,0.0224659,0.00825581,-7.53578e-4,0.0107481,0.0298557,B. decurrens,216,2-4-8,2011-2636-1,21,Illinois,Cass,40.010555600000004,-90.4458333,40.0178975293398,-90.42445029519196,-90.4458333,40.010555600000004,4.494366810369465,1.7090556653626248,23
Boltonia_217,0.0185766,-0.00304294,0.00243436,-0.0133365,-0.018084,0.00173422,-0.00584521,0.0466551,7.5111e-4,-0.00198716,B. decurrens,217,7-1-4,2011-2650-1,18A,Illinois,Woodford,40.8852777,-89.4583333,40.84668797480775,-89.0297386240063,-89.4583333,40.8852777,4.494366810369465,1.7090556653626248,23
Boltonia_218,0.0179359,-0.00111456,0.0032942,-0.00868436,-0.0129426,0.00118353,-0.00198661,0.0127687,-7.21705e-4,-6.77224e-4,B. decurrens,218,3-6-9,2011-2598-1,L14A,Illinois,Jersey,NA,NA,38.961398423802066,-90.51481032460988,-90.51481032460988,38.961398423802066,4.494366810369465,1.7090556653626248,23
Boltonia_219,0.0180372,-0.00150536,0.00165537,-0.0110867,-0.0148868,0.00143072,-0.00384413,0.0308087,5.53841e-4,-6.43535e-5,B. decurrens,219,3-2-1,2011-2661-1,25A,Illinois,Tazewell,NA,NA,40.69584983597212,-89.54394792156027,-89.54394792156027,40.69584983597212,4.494366810369465,1.7090556653626248,23
Boltonia_220,0.0154038,-0.00125197,0.00121324,-0.00564395,-0.0077951,6.55222e-4,1.44022e-4,0.00754785,-2.41754e-4,3.11572e-4,B. decurrens,220,10-6-2,2011-2675-1,12B,Illinois,Schuyler,40.0672223,-90.4275,40.07010712467176,-90.42899627731744,-90.4275,40.0672223,4.494366810369465,1.7090556653626248,23
Boltonia_221,0.0180424,-0.00193251,0.00177786,-0.0133228,-0.020625,0.002506,-0.00464746,0.0442143,0.00118459,-0.00142042,B. decurrens,221,6-6-10,2011-2629-1,14A,Illinois,Marshal,41.045,-89.4311111,41.02868892611459,-89.43846248262098,-89.4311111,41.045,4.494366810369465,1.7090556653626248,23
Boltonia_222,0.015873,-0.00265868,0.00126544,-0.00836351,-0.0110006,0.00270695,-0.00355503,0.0213453,-2.78178e-4,-0.00111679,B. decurrens,222,3-4-11,2011-2661-1,15A,Illinois,Tazewell,NA,NA,40.69584983597212,-89.54394792156027,-89.54394792156027,40.69584983597212,4.494366810369465,1.7090556653626248,23
Boltonia_223,-0.126186,0.0918413,0.0470372,-0.0449074,0.00503739,0.0149143,0.00114365,5.18555e-4,0.00308385,0.00890773,B. decurrens,223,10-2-9,2011-2636-1,9,Illinois,Cass,40.010555600000004,-90.4458333,40.0178975293398,-90.42445029519196,-90.4458333,40.010555600000004,4.494366810369465,1.7090556653626248,23
Boltonia_224,0.0148478,-0.0010529,0.0012195,-0.00188452,-9.01715e-4,2.16329e-4,7.02619e-5,0.00518535,4.52276e-4,9.22487e-4,B. decurrens,224,8-6-4,2011-2638-1,12C,Illinois,Scott,39.7852777,-90.5902777,39.786569766256626,-90.58910563509704,-90.5902777,39.7852777,4.494366810369465,1.7090556653626248,23
Boltonia_225,0.0181111,-0.00125535,0.00311571,-0.00802516,-0.0119246,0.00177095,-4.64207e-4,0.00994209,-3.56019e-5,1.14515e-5,B. decurrens,225,8-5-8,2011-2598-1,S6B,Illinois,Jersey,NA,NA,38.961398423802066,-90.51481032460988,-90.51481032460988,38.961398423802066,4.494366810369465,1.7090556653626248,23
Boltonia_226,-0.00638113,0.00357936,3.74354e-4,0.0549024,0.070761,-0.0113465,0.00190457,-0.00463837,-0.00228905,0.023123,B. decurrens,226,6-2-7,2011-2599-1,4,Illinois,Saint Clair,38.6494444,-90.1161111,38.651507278988504,-90.10298738781108,-90.1161111,38.6494444,4.494366810369465,1.7090556653626248,23
Boltonia_227,0.0189316,-0.00277537,-3.94664e-4,-0.0175611,-0.0274272,0.0042276,0.0130528,-0.103494,-0.00160858,-3.45378e-4,B. decurrens,227,7-5-4,2011-2613-1,18A,Illinois,Fulton,40.2047222,-90.1994444,40.20813714639404,-90.18724497777134,-90.1994444,40.2047222,4.494366810369465,1.7090556653626248,23
Boltonia_228,0.018161,-0.002002,0.00302118,-0.0134393,-0.0203386,0.00261259,-0.00433458,0.0438562,6.55194e-4,-3.19655e-4,B. decurrens,228,9-3-8,2011-2629-1,30A,Illinois,Marshal,41.045,-89.4311111,41.02868892611459,-89.43846248262098,-89.4311111,41.045,4.494366810369465,1.7090556653626248,23
Boltonia_229,0.0170795,-0.00249304,0.00176798,-0.0116812,-0.0166824,0.0020073,-0.0044358,0.0312838,5.44583e-4,3.63085e-4,B. decurrens,229,2-1-8,2011-2618-1,26A,Illinois,Peoria,40.7222223,-89.5519444,40.69352232924267,-89.59142458669179,-89.5519444,40.7222223,4.494366810369465,1.7090556653626248,23
Boltonia_230,0.0170852,-7.6254e-4,0.00153508,-0.0111461,-0.016436,0.00169095,-0.00283544,0.0288196,-7.04075e-4,3.54259e-4,B. decurrens,230,1-6-9,2011-2618-1,1B,Illinois,Peoria,40.7222223,-89.5519444,40.69352232924267,-89.59142458669179,-89.5519444,40.7222223,4.494366810369465,1.7090556653626248,23
Boltonia_231,0.0139158,-0.00151469,0.00302079,-0.00344429,-0.00598828,0.00105773,1.04647e-4,0.00552055,-0.00117979,4.75501e-4,B. decurrens,231,2-3-6,2011-2666-1,11B,Illinois,Fulton,40.4925,-89.9022222,40.46699902833787,-89.9485498557629,-89.9022222,40.4925,4.494366810369465,1.7090556653626248,23
Boltonia_232,0.0186492,-0.00206042,0.00118558,-0.0125041,-0.0172406,0.00227199,-0.00340628,0.0391679,0.00176289,-7.9571e-4,B. decurrens,232,7-4-12,2011-2650-1,6B,Illinois,Woodford,40.8852777,-89.4583333,40.84668797480775,-89.0297386240063,-89.4583333,40.8852777,4.494366810369465,1.7090556653626248,23
Boltonia_233,0.0194623,-0.00313854,3.64599e-4,-0.0145561,-0.0208914,0.00254319,-0.00437951,0.0488559,0.00149353,-0.00108114,B. decurrens,233,8-1-4,2011-2623-1,14B,Illinois,Hennepin,NA,NA,41.34414603458205,-89.55849691836283,-89.55849691836283,41.34414603458205,4.494366810369465,1.7090556653626248,23
Boltonia_234,0.0151955,-0.00185747,0.00241548,-0.00470998,-0.00643993,2.83219e-5,-2.24773e-4,0.00917281,-3.39936e-4,-2.55513e-4,B. decurrens,234,4-5-12,2011-2659-1,15A,Illinois,Frederick,NA,NA,40.07116308939078,-90.429571958886,-90.429571958886,40.07116308939078,4.494366810369465,1.7090556653626248,23
Boltonia_235,0.0158459,-0.00116488,0.00217067,-0.00668248,-0.00831249,5.34353e-4,-6.07581e-4,0.00838456,-0.00179395,6.47377e-4,B. decurrens,235,3-1-3,2011-2675-1,15B,Illinois,Schuyler,40.0672223,-90.4275,40.07010712467176,-90.42899627731744,-90.4275,40.0672223,4.494366810369465,1.7090556653626248,23
Boltonia_236,0.0160585,-0.00148971,0.00106011,-0.00324517,-0.00382314,1.05882e-4,-6.48549e-4,0.00751888,-8.31024e-4,-2.001e-4,B. decurrens,236,2-5-3,2011-2638-1,20C,Illinois,Scott,39.7852777,-90.5902777,39.786569766256626,-90.58910563509704,-90.5902777,39.7852777,4.494366810369465,1.7090556653626248,23
Boltonia_237,0.0159081,-0.0018187,9.6587e-4,-0.0064677,-0.00843041,9.85978e-4,-4.06601e-4,0.00909075,-5.55645e-5,-0.00137555,B. decurrens,237,4-6-1,2011-2659-1,2A,Illinois,Frederick,NA,NA,40.07116308939078,-90.429571958886,-90.429571958886,40.07116308939078,4.494366810369465,1.7090556653626248,23
Boltonia_238,0.0154431,-0.00178076,0.00186225,-0.00427315,-0.00747122,0.00157628,1.47761e-4,0.00701487,-5.57776e-4,0.00268319,B. decurrens,238,1-4-10,2011-2659-1,5A,Illinois,Frederick,NA,NA,40.07116308939078,-90.429571958886,-90.429571958886,40.07116308939078,4.494366810369465,1.7090556653626248,23
Boltonia_239,0.0152649,-0.00181756,0.00121944,-0.00495283,-0.00639635,6.11289e-4,-0.00182181,0.0123506,1.72346e-4,-4.71286e-4,B. decurrens,239,8-2-7,2011-2659-1,11A,Illinois,Frederick,NA,NA,40.07116308939078,-90.429571958886,-90.429571958886,40.07116308939078,4.494366810369465,1.7090556653626248,23
Boltonia_240,0.0177494,-0.00194135,0.00193125,-0.0127813,-0.0182465,0.00146962,-0.00457816,0.032993,-3.904e-4,2.75431e-4,B. decurrens,240,3-5-8,2011-2661-1,2A,Illinois,Tazewell,NA,NA,40.69584983597212,-89.54394792156027,-89.54394792156027,40.69584983597212,4.494366810369465,1.7090556653626248,23
Boltonia_241,0.0151352,-9.34816e-4,0.0012633,-0.0046931,-0.0065521,0.00108491,-7.74472e-4,0.0104297,8.43861e-4,3.58533e-4,B. decurrens,241,2-4-3,2011-2666-1,18A,Illinois,Fulton,40.4925,-89.9022222,40.46699902833787,-89.9485498557629,-89.9022222,40.4925,4.494366810369465,1.7090556653626248,23
Boltonia_242,0.0152713,-9.26706e-4,0.00171798,-0.00398846,-0.00733574,5.09656e-4,-9.60345e-4,0.00763142,-7.21216e-4,3.86207e-4,B. decurrens,242,7-4-10,2011-2659-1,9A,Illinois,Frederick,NA,NA,40.07116308939078,-90.429571958886,-90.429571958886,40.07116308939078,4.494366810369465,1.7090556653626248,23
Boltonia_243,0.0150778,-0.00119195,0.00127085,-0.00471228,-0.00470651,0.00113367,-0.00225269,0.00976977,6.62539e-4,2.10473e-4,B. decurrens,243,6-1-5,2011-2666-1,7B,Illinois,Fulton,40.4925,-89.9022222,40.46699902833787,-89.9485498557629,-89.9022222,40.4925,4.494366810369465,1.7090556653626248,23
Boltonia_244,0.0126656,-9.52556e-4,0.00122648,0.003083,0.00455294,-0.00140712,-8.91802e-5,0.00693324,-0.00182417,0.00185212,B. decurrens,244,8-5-1,2011-2620-1,12B,Illinois,Morgan,39.8672223,-90.5533333,39.87546015928839,-90.55308508241012,-90.5533333,39.8672223,4.494366810369465,1.7090556653626248,23
Boltonia_245,0.0123402,-0.00127068,8.87963e-4,0.00266518,0.00331271,3.2253e-6,-0.00134083,0.00929031,5.41525e-4,0.00170746,B. decurrens,245,10-5-2,2011-2620-1,27A,Illinois,Morgan,39.8672223,-90.5533333,39.87546015928839,-90.55308508241012,-90.5533333,39.8672223,4.494366810369465,1.7090556653626248,23
Boltonia_246,0.020086,-0.00216269,-1.43801e-4,-0.0203283,-0.0318151,0.00520799,0.0155984,-0.127992,-0.00150452,-7.54967e-4,B. decurrens,246,3-2-2,2011-2613-1,29A,Illinois,Fulton,40.2047222,-90.1994444,40.20813714639404,-90.18724497777134,-90.1994444,40.2047222,4.494366810369465,1.7090556653626248,23
Boltonia_247,-4.24196e-4,0.00168646,0.0012456,0.0728575,0.127248,-0.0236747,-0.00593888,-0.0265616,0.0102912,-0.0550528,B. decurrens,247,3-2-12,2011-2635-1,28,Illinois,Alton,NA,NA,38.86501904919102,-90.22302347588696,-90.22302347588696,38.86501904919102,4.494366810369465,1.7090556653626248,23
Boltonia_248,-0.00101152,0.00181283,4.93966e-4,0.0728897,0.123343,-0.0221994,-0.0050564,-0.0241566,0.00941875,-0.0511606,B. decurrens,248,8-4-1,2011-2635-1,26,Illinois,Alton,NA,NA,38.86501904919102,-90.22302347588696,-90.22302347588696,38.86501904919102,4.494366810369465,1.7090556653626248,23
Boltonia_249,0.0185771,-0.0028278,0.00306128,-0.0127889,-0.0173025,0.00240921,-0.00415278,0.034375,3.45727e-5,-8.98423e-4,B. decurrens,249,10-3-1,2011-2661-1,23A,Illinois,Tazewell,NA,NA,40.69584983597212,-89.54394792156027,-89.54394792156027,40.69584983597212,4.494366810369465,1.7090556653626248,23
Boltonia_250,0.0190149,-0.00152925,0.0023667,-0.00910666,-0.012621,0.00282558,-0.00120223,0.0115231,-0.00107286,-0.00117088,B. decurrens,250,8-5-7,2011-2598-1,S6B,Illinois,Jersey,NA,NA,38.961398423802066,-90.51481032460988,-90.51481032460988,38.961398423802066,4.494366810369465,1.7090556653626248,23
Boltonia_251,0.0153912,-5.36689e-4,0.00106176,-0.00363211,-0.00284868,-8.56529e-4,-6.59162e-4,0.0116132,-5.82568e-4,-3.5676e-4,B. decurrens,251,12-5-3,2011-2638-1,17A,Illinois,Scott,39.7852777,-90.5902777,39.786569766256626,-90.58910563509704,-90.5902777,39.7852777,4.494366810369465,1.7090556653626248,23
Boltonia_252,-0.139232,0.0978626,0.0422143,-0.0496957,0.00659842,0.0165474,0.00194653,1.63475e-4,0.0124333,0.007553,B. decurrens,252,6-6-4,2011-2636-1,10,Illinois,Cass,40.010555600000004,-90.4458333,40.0178975293398,-90.42445029519196,-90.4458333,40.010555600000004,4.494366810369465,1.7090556653626248,23
Boltonia_253,-0.00684895,0.00497765,5.46772e-4,0.0577628,0.071163100000000007,-0.0143616,0.00177053,-0.00342683,-8.60952e-4,0.0221384,B. decurrens,253,2-6-11,2011-2675-1,25A,Illinois,Schuyler,40.0672223,-90.4275,40.07010712467176,-90.42899627731744,-90.4275,40.0672223,4.494366810369465,1.7090556653626248,23
Boltonia_254,0.0168596,-0.00261074,0.00180732,-0.00631015,-0.00610751,6.21167e-4,-0.00202606,0.0100015,-0.00128483,-9.70008e-4,B. decurrens,254,2-5-2,2011-2638-1,20C,Illinois,Scott,39.7852777,-90.5902777,39.786569766256626,-90.58910563509704,-90.5902777,39.7852777,4.494366810369465,1.7090556653626248,23
Boltonia_255,-0.00497509,0.00358548,-0.00102403,0.0534731,0.0678221,-0.0124259,-8.842e-4,-0.0029888,-0.00124496,0.0142395,B. decurrens,255,10-4-3,2011-2599-1,27,Illinois,Saint Clair,38.6494444,-90.1161111,38.651507278988504,-90.10298738781108,-90.1161111,38.6494444,4.494366810369465,1.7090556653626248,23
Boltonia_256,0.016728,-0.00234525,0.00124308,-0.00520349,-0.00458132,1.26104e-5,-6.24693e-4,0.00971321,-0.00107715,-9.35848e-4,B. decurrens,256,2-5-1,2011-2638-1,20C,Illinois,Scott,39.7852777,-90.5902777,39.786569766256626,-90.58910563509704,-90.5902777,39.7852777,4.494366810369465,1.7090556653626248,23
Boltonia_257,0.0185588,-0.00220634,0.0018921,-0.0145344,-0.0193438,0.00343603,-0.00477567,0.0420854,5.59897e-4,-9.48601e-4,B. decurrens,257,2-3-9,2011-2650-1,1A,Illinois,Woodford,40.8852777,-89.4583333,40.84668797480775,-89.0297386240063,-89.4583333,40.8852777,4.494366810369465,1.7090556653626248,23
Boltonia_258,0.0183739,-0.00286547,8.11274e-4,-0.013142,-0.0180624,0.00185616,-0.00498802,0.0382746,0.00110044,-0.00201957,B. decurrens,258,5-2-2,2011-2623-1,19A,Illinois,Hennepin,NA,NA,41.34414603458205,-89.55849691836283,-89.55849691836283,41.34414603458205,4.494366810369465,1.7090556653626248,23
Boltonia_259,0.0179746,-0.00147674,0.00244345,-0.0102417,-0.0137502,0.00257486,-0.00104424,0.014696,-0.00116718,-8.15381e-4,B. decurrens,259,9-1-9,2011-2598-1,S10D,Illinois,Jersey,NA,NA,38.961398423802066,-90.51481032460988,-90.51481032460988,38.961398423802066,4.494366810369465,1.7090556653626248,23
Boltonia_260,0.0139343,1.46749e-4,0.00137073,-0.00291039,-0.00296799,3.70617e-4,-8.73317e-4,0.00714541,-0.00109385,5.80707e-4,B. decurrens,260,1-6-12,2011-2636-1,19,Illinois,Cass,40.010555600000004,-90.4458333,40.0178975293398,-90.42445029519196,-90.4458333,40.010555600000004,4.494366810369465,1.7090556653626248,23
Boltonia_261,-9.56596e-4,0.0019648,0.00179832,0.071372,0.122095,-0.0220211,-0.00465182,-0.0228022,0.0080559,-0.0522638,B. decurrens,261,12-5-11,2011-2635-1,13,Illinois,Alton,NA,NA,38.86501904919102,-90.22302347588696,-90.22302347588696,38.86501904919102,4.494366810369465,1.7090556653626248,23
Boltonia_262,-0.00374365,0.00156301,0.00137696,0.0599305,0.0794465,-0.014214,0.00122695,-0.00639369,-0.00115316,0.019980500000000002,B. decurrens,262,5-2-5,2011-2599-1,11,Illinois,Saint Clair,38.6494444,-90.1161111,38.651507278988504,-90.10298738781108,-90.1161111,38.6494444,4.494366810369465,1.7090556653626248,23
Boltonia_263,0.0174526,-0.00202989,0.00222349,-0.0102197,-0.0165999,0.00300744,-0.00456463,0.0334068,-8.44886e-4,-6.97861e-5,B. decurrens,263,9-4-9,2011-2618-1,20C,Illinois,Peoria,40.7222223,-89.5519444,40.69352232924267,-89.59142458669179,-89.5519444,40.7222223,4.494366810369465,1.7090556653626248,23
Boltonia_264,0.0180308,-8.37627e-4,0.00381336,-0.00919851,-0.0130665,0.00100279,-0.00159666,0.0148945,-8.3685e-4,-0.00115482,B. decurrens,264,5-4-10,2011-2598-1,S15B,Illinois,Jersey,NA,NA,38.961398423802066,-90.51481032460988,-90.51481032460988,38.961398423802066,4.494366810369465,1.7090556653626248,23
Boltonia_265,0.0158219,-0.00110957,0.00136555,-0.00649518,-0.00823985,0.00114211,6.13161e-4,0.00648528,4.34605e-4,0.00120178,B. decurrens,265,10-6-1,2011-2675-1,12B,Illinois,Schuyler,40.0672223,-90.4275,40.07010712467176,-90.42899627731744,-90.4275,40.0672223,4.494366810369465,1.7090556653626248,23
Boltonia_267,0.0173373,-8.2293e-4,0.00293311,-0.00823486,-0.0126642,0.00139203,-0.00144491,0.0137032,-0.00126489,-9.65277e-4,B. decurrens,267,2-1-12,2011-2598-1,S11C,Illinois,Jersey,NA,NA,38.961398423802066,-90.51481032460988,-90.51481032460988,38.961398423802066,4.494366810369465,1.7090556653626248,23
Boltonia_268,0.0198975,-0.00240619,0.00133771,-0.0149825,-0.0217562,0.0026083,-0.00623119,0.0501179,0.0019017,-0.00108667,B. decurrens,268,6-2-5,2011-2629-1,9A,Illinois,Marshal,41.045,-89.4311111,41.02868892611459,-89.43846248262098,-89.4311111,41.045,4.494366810369465,1.7090556653626248,23
Boltonia_269,0.0177953,-0.00289903,0.00159793,-0.0117395,-0.0178937,0.00184714,-0.00412459,0.041697,-2.4919e-4,9.21291e-5,B. decurrens,269,7-1-7,2011-2650-1,27B,Illinois,Woodford,40.8852777,-89.4583333,40.84668797480775,-89.0297386240063,-89.4583333,40.8852777,4.494366810369465,1.7090556653626248,23
Boltonia_270,0.0150449,-0.00174257,0.0013274,-0.0043714,-0.00723333,-8.19427e-5,-4.73796e-4,0.0100572,9.84157e-4,-0.00180183,B. decurrens,270,2-2-5,2011-2666-1,28A,Illinois,Fulton,40.4925,-89.9022222,40.46699902833787,-89.9485498557629,-89.9022222,40.4925,4.494366810369465,1.7090556653626248,23
Boltonia_271,0.0204889,-0.00223656,6.14552e-5,-0.0209214,-0.032815,0.00548761,0.0159818,-0.133882,-4.82209e-4,-2.29015e-4,B. decurrens,271,6-4-8,2011-2613-1,1A,Illinois,Fulton,40.2047222,-90.1994444,40.20813714639404,-90.18724497777134,-90.1994444,40.2047222,4.494366810369465,1.7090556653626248,23
Boltonia_272,0.0153263,-0.00118116,9.88478e-4,-0.00563044,-0.0063625900000000004,2.73284e-4,4.2166e-4,0.00661015,-4.12394e-5,0.00136939,B. decurrens,272,6-3-1,2011-2675-1,28C,Illinois,Schuyler,40.0672223,-90.4275,40.07010712467176,-90.42899627731744,-90.4275,40.0672223,4.494366810369465,1.7090556653626248,23
Boltonia_273,0.0124128,-0.00144139,6.00319e-4,0.00196249,0.00418169,-6.76848e-4,-8.63714e-4,0.00676845,-7.13572e-4,9.15179e-4,B. decurrens,273,7-4-11,2011-2620-1,4C,Illinois,Morgan,39.8672223,-90.5533333,39.87546015928839,-90.55308508241012,-90.5533333,39.8672223,4.494366810369465,1.7090556653626248,23
Boltonia_274,0.0203552,-0.00222798,-0.00100605,-0.0206454,-0.0320178,0.00601974,0.0165807,-0.136339,-0.0011918,3.78459e-4,B. decurrens,274,8-4-8,2011-2613-1,22A,Illinois,Fulton,40.2047222,-90.1994444,40.20813714639404,-90.18724497777134,-90.1994444,40.2047222,4.494366810369465,1.7090556653626248,23
Boltonia_275,0.0180732,-0.00184763,0.00196136,-0.0132156,-0.0177793,0.00216748,-0.00374712,0.0423981,0.00112347,-0.00127598,B. decurrens,275,2-1-11,2011-2650-1,15B,Illinois,Woodford,40.8852777,-89.4583333,40.84668797480775,-89.0297386240063,-89.4583333,40.8852777,4.494366810369465,1.7090556653626248,23
Boltonia_276,0.0162367,-0.00192505,8.61748e-4,-0.010024,-0.0154416,0.00197157,-0.00352551,0.0294236,-3.32404e-4,0.00189071,B. decurrens,276,3-5-6,2011-2661-1,4A,Illinois,Tazewell,NA,NA,40.69584983597212,-89.54394792156027,-89.54394792156027,40.69584983597212,4.494366810369465,1.7090556653626248,23
Boltonia_277,0.0170553,-0.00163914,9.0817e-4,-0.00548501,-0.00570005,2.65635e-4,-0.00135034,0.0127899,-8.62644e-4,-2.0306e-4,B. decurrens,277,3-1-9,2011-2638-1,15C,Illinois,Scott,39.7852777,-90.5902777,39.786569766256626,-90.58910563509704,-90.5902777,39.7852777,4.494366810369465,1.7090556653626248,23
Boltonia_278,0.0158902,-0.0023549,0.00064079199999999995,-0.00286718,-0.00372442,3.92198e-5,2.04093e-4,0.00555157,-2.86371e-4,-9.93268e-4,B. decurrens,278,8-1-9,2011-2638-1,18A,Illinois,Scott,39.7852777,-90.5902777,39.786569766256626,-90.58910563509704,-90.5902777,39.7852777,4.494366810369465,1.7090556653626248,23
Boltonia_279,0.0174279,-0.0012043,0.00190001,-0.00766418,-0.0106359,0.00144271,-0.00214596,0.0123303,-0.00122844,-0.00146903,B. decurrens,279,2-2-1,2011-2598-1,S11C,Illinois,Jersey,NA,NA,38.961398423802066,-90.51481032460988,-90.51481032460988,38.961398423802066,4.494366810369465,1.7090556653626248,23
Boltonia_280,0.019446,-0.00306247,-4.08515e-4,-0.0151162,-0.0216277,0.00250462,-0.00576018,0.0534667,7.25988e-4,-4.47888e-4,B. decurrens,280,6-1-1,2011-2623-1,30C,Illinois,Hennepin,NA,NA,41.34414603458205,-89.55849691836283,-89.55849691836283,41.34414603458205,4.494366810369465,1.7090556653626248,23
Boltonia_281,-7.99118e-5,0.00271637,6.08466e-4,0.0685549,0.117874,-0.0218606,-0.00419276,-0.0202586,0.00664896,-0.0495017,B. decurrens,281,5-3-12,2011-2635-1,17,Illinois,Alton,NA,NA,38.86501904919102,-90.22302347588696,-90.22302347588696,38.86501904919102,4.494366810369465,1.7090556653626248,23
Boltonia_282,0.0193387,-0.00207575,0.00152172,-0.0159733,-0.0217645,0.00229951,-0.00594461,0.0522123,0.00137547,-0.00213953,B. decurrens,282,4-6-6,2011-2623-1,4A,Illinois,Hennepin,NA,NA,41.34414603458205,-89.55849691836283,-89.55849691836283,41.34414603458205,4.494366810369465,1.7090556653626248,23
Boltonia_283,-0.00544176,0.00457836,-3.77859e-4,0.0601662,0.0791263,-0.0146597,0.00133419,-0.00730782,-0.00168861,0.0237992,B. decurrens,283,5-4-1,2011-2599-1,9,Illinois,Saint Clair,38.6494444,-90.1161111,38.651507278988504,-90.10298738781108,-90.1161111,38.6494444,4.494366810369465,1.7090556653626248,23
Boltonia_284,0.0146135,-0.00145822,0.00175279,-0.00362875,-0.00204336,-8.73049e-4,-0.00142456,0.0114607,-0.00111933,0.00116711,B. decurrens,284,9-2-3,2011-2638-1,24B,Illinois,Scott,39.7852777,-90.5902777,39.786569766256626,-90.58910563509704,-90.5902777,39.7852777,4.494366810369465,1.7090556653626248,23
Boltonia_285,0.0165328,-0.00117363,8.67648e-4,-0.00678148,-0.00866494,0.00171589,-3.75794e-4,0.00535922,-5.24551e-4,1.01495e-4,B. decurrens,285,10-2-12,2011-2675-1,9B,Illinois,Schuyler,40.0672223,-90.4275,40.07010712467176,-90.42899627731744,-90.4275,40.0672223,4.494366810369465,1.7090556653626248,23
Boltonia_286,0.0147826,-9.93846e-4,0.0010559,-0.00154054,-8.96e-4,-0.00134834,-0.00117051,0.00591355,9.59494e-4,-8.869e-5,B. decurrens,286,12-4-10,2011-2638-1,1C,Illinois,Scott,39.7852777,-90.5902777,39.786569766256626,-90.58910563509704,-90.5902777,39.7852777,4.494366810369465,1.7090556653626248,23
Boltonia_287,0.0152568,-8.72963e-4,0.00210102,-0.00435628,-0.00697631,4.70482e-5,-8.04122e-4,0.00828248,-0.00165853,5.35376e-5,B. decurrens,287,6-6-3,2011-2675-1,23A,Illinois,Schuyler,40.0672223,-90.4275,40.07010712467176,-90.42899627731744,-90.4275,40.0672223,4.494366810369465,1.7090556653626248,23
Boltonia_288,0.0175371,-0.00140064,0.00345807,-0.00946248,-0.0127367,0.00202236,-0.00136213,0.0133724,-0.00106347,-0.00160371,B. decurrens,288,1-3-10,2011-2598-1,L12A,Illinois,Jersey,NA,NA,38.961398423802066,-90.51481032460988,-90.51481032460988,38.961398423802066,4.494366810369465,1.7090556653626248,23
Boltonia_289,0.020727,-0.00264644,-7.2878e-4,-0.0220182,-0.0331797,0.00532026,0.0144933,-0.13155,-0.0012484,-0.00147397,B. decurrens,289,3-2-10,2011-2664-1,8,Illinois,Fulton,40.2047222,-90.1994444,40.207444479612775,-90.1871999885973,-90.1994444,40.2047222,4.494366810369465,1.7090556653626248,23
Boltonia_290,0.0185458,-0.00282343,0.00133534,-0.0149636,-0.0208959,0.00254311,-0.0041678,0.0410161,0.00165176,-0.00239647,B. decurrens,290,3-1-11,2011-2650-1,11B,Illinois,Woodford,40.8852777,-89.4583333,40.84668797480775,-89.0297386240063,-89.4583333,40.8852777,4.494366810369465,1.7090556653626248,23
Boltonia_291,0.0200387,-0.00277846,0.00110599,-0.014994,-0.0215721,0.00252035,-0.00560349,0.0479127,0.00150583,-9.64885e-4,B. decurrens,291,6-2-4,2011-2629-1,9A,Illinois,Marshal,41.045,-89.4311111,41.02868892611459,-89.43846248262098,-89.4311111,41.045,4.494366810369465,1.7090556653626248,23
Boltonia_292,0.0158575,-0.00225241,0.0015104,-0.00842659,-0.0119849,0.0020764,-0.00279874,0.0268809,-2.63243e-4,3.42899e-4,B. decurrens,292,7-1-10,2011-2661-1,18B,Illinois,Tazewell,NA,NA,40.69584983597212,-89.54394792156027,-89.54394792156027,40.69584983597212,4.494366810369465,1.7090556653626248,23
Boltonia_293,0.0154811,-0.00158304,8.92248e-4,-0.00360957,-0.00395222,-9.62871e-5,4.20854e-4,0.00851593,-1.39186e-4,-4.83815e-4,B. decurrens,293,2-2-10,2011-2638-1,13A,Illinois,Scott,39.7852777,-90.5902777,39.786569766256626,-90.58910563509704,-90.5902777,39.7852777,4.494366810369465,1.7090556653626248,23
Boltonia_294,0.0192358,-0.00327712,0.00217227,-0.0137104,-0.0199428,0.00250117,-0.00477747,0.0463863,0.00113162,-0.00146366,B. decurrens,294,6-1-11,2011-2629-1,6C,Illinois,Marshal,41.045,-89.4311111,41.02868892611459,-89.43846248262098,-89.4311111,41.045,4.494366810369465,1.7090556653626248,23
Boltonia_295,0.0153631,-2.94966e-4,6.46556e-4,-0.00191729,-0.00201637,-6.90679e-4,-4.74729e-4,0.00782641,-5.84364e-4,-7.67355e-5,B. decurrens,295,7-1-1,2011-2638-1,30B,Illinois,Scott,39.7852777,-90.5902777,39.786569766256626,-90.58910563509704,-90.5902777,39.7852777,4.494366810369465,1.7090556653626248,23
Boltonia_296,0.0158322,-0.00152866,0.00140829,-0.00888188,-0.0123237,0.00168931,-0.00273447,0.0246488,5.35688e-4,-2.39229e-4,B. decurrens,296,9-5-9,2011-2661-1,13A,Illinois,Tazewell,NA,NA,40.69584983597212,-89.54394792156027,-89.54394792156027,40.69584983597212,4.494366810369465,1.7090556653626248,23
Boltonia_298,-0.00183995,0.00338042,0.00238193,0.0711611,0.121902,-0.0219437,-0.00476913,-0.0241019,0.00659652,-0.0507663,B. decurrens,298,8-4-5,2011-2635-1,15,Illinois,Alton,NA,NA,38.86501904919102,-90.22302347588696,-90.22302347588696,38.86501904919102,4.494366810369465,1.7090556653626248,23
Boltonia_299,0.0190734,-0.00195911,0.00100059,-0.014991,-0.0204638,0.00214207,-0.00573395,0.0479975,0.00160175,-2.8e-4,B. decurrens,299,9-2-11,2011-2629-1,5A,Illinois,Marshal,41.045,-89.4311111,41.02868892611459,-89.43846248262098,-89.4311111,41.045,4.494366810369465,1.7090556653626248,23
Boltonia_301,0.0181723,-0.00158258,0.00204372,-0.0115339,-0.016258,0.00192212,-0.00399109,0.0324232,-2.66899e-4,-5.12564e-4,B. decurrens,301,10-3-2,2011-2661-1,23A,Illinois,Tazewell,NA,NA,40.69584983597212,-89.54394792156027,-89.54394792156027,40.69584983597212,4.494366810369465,1.7090556653626248,23
Boltonia_302,0.0169436,-9.56591e-4,0.00133122,-0.00548874,-0.00806856,0.00135292,-0.00108959,0.00812737,-3.18238e-4,-0.00104605,B. decurrens,302,9-2-1,2011-2659-1,1B,Illinois,Frederick,NA,NA,40.07116308939078,-90.429571958886,-90.429571958886,40.07116308939078,4.494366810369465,1.7090556653626248,23
Boltonia_303,-0.00390138,0.00254964,8.51897e-4,0.0695018,0.102537,-0.0213089,0.00525675,-0.0121984,-0.00329794,0.0441527,B. decurrens,303,8-6-7,2011-2609-1,X2,Illinois,Madison,38.6891666,-90.0972222,38.69652811427051,-90.085926104309,-90.0972222,38.6891666,4.494366810369465,1.7090556653626248,23
Boltonia_304,0.0191429,-0.00193026,0.00148029,-0.0139551,-0.0177497,0.00189631,-0.00458968,0.0408655,7.45056e-4,-0.00120153,B. decurrens,304,12-5-8,2011-2650-1,17A,Illinois,Woodford,40.8852777,-89.4583333,40.84668797480775,-89.0297386240063,-89.4583333,40.8852777,4.494366810369465,1.7090556653626248,23
Boltonia_305,0.0146983,-4.12644e-4,0.0019368,-0.00410677,-0.00490131,0.00206862,-6.1696e-4,0.0129422,3.73359e-4,9.59742e-4,B. decurrens,305,1-1-6,2011-2666-1,3A,Illinois,Fulton,40.4925,-89.9022222,40.46699902833787,-89.9485498557629,-89.9022222,40.4925,4.494366810369465,1.7090556653626248,23
Boltonia_306,0.0204611,-0.00343659,5.25279e-4,-0.0207208,-0.0327097,0.00513941,0.0161199,-0.132466,-0.00105779,2.98406e-4,B. decurrens,306,2-4-10,2011-2664-1,15,Illinois,Fulton,40.2047222,-90.1994444,40.207444479612775,-90.1871999885973,-90.1994444,40.2047222,4.494366810369465,1.7090556653626248,23
Boltonia_307,0.0155722,-6.21767e-4,0.00241817,-0.00379921,-0.00511886,-7.67469e-4,-7.55583e-4,0.0100311,2.51063e-4,8.86477e-4,B. decurrens,307,4-2-10,2011-2659-1,13A,Illinois,Frederick,NA,NA,40.07116308939078,-90.429571958886,-90.429571958886,40.07116308939078,4.494366810369465,1.7090556653626248,23
Boltonia_308,-9.59898e-4,0.00445974,0.00104653,0.0715785,0.124339,-0.0229951,-0.0058721,-0.0224052,0.00708852,-0.0515538,B. decurrens,308,2-5-6,2011-2635-1,4,Illinois,Alton,NA,NA,38.86501904919102,-90.22302347588696,-90.22302347588696,38.86501904919102,4.494366810369465,1.7090556653626248,23
Boltonia_309,0.0178809,-0.00126445,0.00184656,-0.0122857,-0.0170085,0.00168932,-0.00376495,0.0301597,-8.09422e-4,4.59079e-6,B. decurrens,309,3-5-9,2011-2661-1,2A,Illinois,Tazewell,NA,NA,40.69584983597212,-89.54394792156027,-89.54394792156027,40.69584983597212,4.494366810369465,1.7090556653626248,23
Boltonia_310,0.0186069,-0.00183483,0.00158538,-0.0124563,-0.0164155,0.00124523,-0.00383769,0.0330734,-0.00179283,-3.12045e-4,B. decurrens,310,9-6-7,2011-2661-1,25A,Illinois,Tazewell,NA,NA,40.69584983597212,-89.54394792156027,-89.54394792156027,40.69584983597212,4.494366810369465,1.7090556653626248,23
Boltonia_311,0.0212488,-0.00285367,-6.82533e-4,-0.0213485,-0.0322298,0.00546484,0.0148769,-0.132796,-0.00140225,5.85301e-4,B. decurrens,311,6-5-12,2011-2613-1,9A,Illinois,Fulton,40.2047222,-90.1994444,40.20813714639404,-90.18724497777134,-90.1994444,40.2047222,4.494366810369465,1.7090556653626248,23
Boltonia_312,0.0197338,-0.00227432,6.18266e-5,-0.0211066,-0.0317296,0.00555699,0.0153362,-0.123655,-4.58339e-4,1.30419e-4,B. decurrens,312,10-6-10,2011-2613-1,16A,Illinois,Fulton,40.2047222,-90.1994444,40.20813714639404,-90.18724497777134,-90.1994444,40.2047222,4.494366810369465,1.7090556653626248,23
Boltonia_313,0.0154147,-4.74806e-4,0.00230301,-0.00515066,-0.00596487,0.00114787,-8.41226e-4,0.00763546,-3.71627e-5,6.19771e-4,B. decurrens,313,2-3-8,2011-2666-1,11B,Illinois,Fulton,40.4925,-89.9022222,40.46699902833787,-89.9485498557629,-89.9022222,40.4925,4.494366810369465,1.7090556653626248,23
Boltonia_314,-0.147359,0.101164,0.0570658,-0.0447391,0.00440365,0.01966,0.00480267,-7.55652e-4,0.00554727,0.0263731,B. decurrens,314,6-4-2,2011-2636-1,5,Illinois,Cass,40.010555600000004,-90.4458333,40.0178975293398,-90.42445029519196,-90.4458333,40.010555600000004,4.494366810369465,1.7090556653626248,23
Boltonia_315,0.017098,-0.00188336,0.00143044,-0.00846304,-0.0123818,0.00141962,-0.0033771,0.0264169,-2.04439e-4,-1.02771e-4,B. decurrens,315,7-1-11,2011-2661-1,18B,Illinois,Tazewell,NA,NA,40.69584983597212,-89.54394792156027,-89.54394792156027,40.69584983597212,4.494366810369465,1.7090556653626248,23
Boltonia_316,0.0186969,-0.00195362,0.00196971,-0.0132671,-0.0174419,0.00197571,-0.00519487,0.0383112,9.45112e-4,1.52346e-4,B. decurrens,316,5-6-10,2011-2629-1,22B,Illinois,Marshal,41.045,-89.4311111,41.02868892611459,-89.43846248262098,-89.4311111,41.045,4.494366810369465,1.7090556653626248,23
Boltonia_317,0.0171442,-0.0011255,0.00130401,-0.00908448,-0.0149258,0.00127674,-0.00222613,0.0250141,-1.07862e-4,1.0442e-4,B. decurrens,317,5-5-12,2011-2618-1,30B,Illinois,Peoria,40.7222223,-89.5519444,40.69352232924267,-89.59142458669179,-89.5519444,40.7222223,4.494366810369465,1.7090556653626248,23
Boltonia_318,0.0151727,-9.67464e-4,0.00155785,-0.00401589,-0.00631829,0.00126168,-0.00112789,0.00905146,0.0014185,-2.55774e-4,B. decurrens,318,9-1-7,2011-2666-1,27A,Illinois,Fulton,40.4925,-89.9022222,40.46699902833787,-89.9485498557629,-89.9022222,40.4925,4.494366810369465,1.7090556653626248,23
Boltonia_319,-0.14163799999999999,0.100401,0.045695,-0.049925,0.00640409,0.0229279,5.76752e-4,-0.00114542,0.0102758,0.0156095,B. decurrens,319,9-6-12,2011-2636-1,15,Illinois,Cass,40.010555600000004,-90.4458333,40.0178975293398,-90.42445029519196,-90.4458333,40.010555600000004,4.494366810369465,1.7090556653626248,23
Boltonia_320,0.0183175,-7.83191e-4,0.00383096,-0.00850678,-0.0116953,0.00139422,-0.00164825,0.0137058,-9.78229e-4,-0.00154045,B. decurrens,320,6-4-10,2011-2598-1,S17A,Illinois,Jersey,NA,NA,38.961398423802066,-90.51481032460988,-90.51481032460988,38.961398423802066,4.494366810369465,1.7090556653626248,23
Boltonia_321,-0.00636583,0.00331417,0.00208562,0.0587386,0.0740867,-0.0137245,0.00227053,-0.0038643,-0.00220159,0.0253971,B. decurrens,321,10-3-9,2011-2599-1,16,Illinois,Saint Clair,38.6494444,-90.1161111,38.651507278988504,-90.10298738781108,-90.1161111,38.6494444,4.494366810369465,1.7090556653626248,23
Boltonia_322,0.0153734,-0.00147253,0.00208738,-0.00458735,-0.00631758,0.00136433,-0.0010749,0.00957671,1.13584e-4,-0.0012063,B. decurrens,322,4-3-6,2011-2666-1,19C,Illinois,Fulton,40.4925,-89.9022222,40.46699902833787,-89.9485498557629,-89.9022222,40.4925,4.494366810369465,1.7090556653626248,23
Boltonia_323,0.0157404,-3.79004e-4,0.00164456,-0.00564841,-0.00625501,7.89161e-4,7.30965e-5,0.00520232,-2.93084e-4,1.92181e-4,B. decurrens,323,10-6-3,2011-2675-1,12B,Illinois,Schuyler,40.0672223,-90.4275,40.07010712467176,-90.42899627731744,-90.4275,40.0672223,4.494366810369465,1.7090556653626248,23
Boltonia_324,-0.0036615800000000002,0.00349797,4.71676e-4,0.067676,0.0967541,-0.0187937,0.00569115,-0.0121468,-0.00256111,0.0384878,B. decurrens,324,8-2-9,2011-2609-1,5C,Illinois,Madison,38.6891666,-90.0972222,38.69652811427051,-90.085926104309,-90.0972222,38.6891666,4.494366810369465,1.7090556653626248,23
Boltonia_325,0.0192578,-0.00295802,0.00206385,-0.0136872,-0.0199085,0.00261759,-0.00450241,0.0419308,0.00107361,-0.00123373,B. decurrens,325,9-2-6,2011-2650-1,21A,Illinois,Woodford,40.8852777,-89.4583333,40.84668797480775,-89.0297386240063,-89.4583333,40.8852777,4.494366810369465,1.7090556653626248,23
Boltonia_326,-0.00299349,0.00461813,-0.00151956,0.0655538,0.097942,-0.016492,0.00489586,-0.0114963,-0.00352391,0.0397067,B. decurrens,326,8-4-9,2011-2609-1,7C,Illinois,Madison,38.6891666,-90.0972222,38.69652811427051,-90.085926104309,-90.0972222,38.6891666,4.494366810369465,1.7090556653626248,23
Boltonia_327,0.0184227,-0.00189909,0.00163476,-0.0136238,-0.0189376,0.00270343,-0.00549345,0.0433161,-1.41045e-4,-8.93959e-4,B. decurrens,327,9-3-6,2011-2638-1,8B,Illinois,Scott,39.7852777,-90.5902777,39.786569766256626,-90.58910563509704,-90.5902777,39.7852777,4.494366810369465,1.7090556653626248,23
Boltonia_328,-0.147855,0.107788,0.0511645,-0.0536509,0.0152751,0.0157139,0.00853702,4.41949e-5,0.00976526,0.0286384,B. decurrens,328,13-1-6,2011-2636-1,12,Illinois,Cass,40.010555600000004,-90.4458333,40.0178975293398,-90.42445029519196,-90.4458333,40.010555600000004,4.494366810369465,1.7090556653626248,23
Boltonia_329,0.0185282,-0.00169522,0.00108681,-0.0141255,-0.020551,0.00245733,-0.00425906,0.0405987,-7.21552e-4,-0.00145147,B. decurrens,329,5-6-3,2011-2629-1,28C,Illinois,Marshal,41.045,-89.4311111,41.02868892611459,-89.43846248262098,-89.4311111,41.045,4.494366810369465,1.7090556653626248,23
Boltonia_330,0.0176216,-0.00158475,8.03566e-4,-0.0117564,-0.0164871,0.00165385,-0.0043944,0.0426496,0.00263303,-6.00943e-4,B. decurrens,330,12-3-9,2011-2650-1,10C,Illinois,Woodford,40.8852777,-89.4583333,40.84668797480775,-89.0297386240063,-89.4583333,40.8852777,4.494366810369465,1.7090556653626248,23
Boltonia_331,0.0181314,-0.00144054,0.00211149,-0.0108624,-0.016048,0.00118387,-0.00371855,0.0335221,1.07752e-5,-0.00116939,B. decurrens,331,3-4-9,2011-2661-1,22A,Illinois,Tazewell,NA,NA,40.69584983597212,-89.54394792156027,-89.54394792156027,40.69584983597212,4.494366810369465,1.7090556653626248,23
Boltonia_332,0.0195163,-0.00250878,6.33189e-4,-0.0157146,-0.0214903,0.00255859,-0.00583108,0.051857,0.00169922,-0.00062461700000000005,B. decurrens,332,6-1-2,2011-2623-1,30C,Illinois,Hennepin,NA,NA,41.34414603458205,-89.55849691836283,-89.55849691836283,41.34414603458205,4.494366810369465,1.7090556653626248,23
Boltonia_334,0.0153433,-3.03862e-4,0.00213989,-0.00424679,-0.00601625,0.00110507,-0.00127469,0.0096526,1.48132e-4,5.70331e-4,B. decurrens,334,4-2-3,2011-2666-1,6B,Illinois,Fulton,40.4925,-89.9022222,40.46699902833787,-89.9485498557629,-89.9022222,40.4925,4.494366810369465,1.7090556653626248,23
Boltonia_335,0.0186611,-1.80073e-4,0.00233245,-0.00870266,-0.0110505,8.55341e-4,-9.14631e-4,0.0119564,-9.4163e-4,-0.00114162,B. decurrens,335,8-5-6,2011-2598-1,S6B,Illinois,Jersey,NA,NA,38.961398423802066,-90.51481032460988,-90.51481032460988,38.961398423802066,4.494366810369465,1.7090556653626248,23
Boltonia_336,0.0146253,-0.00118007,6.30987e-4,-0.00107158,-2.34064e-4,1.82205e-4,1.21367e-4,0.00621921,-8.60955e-4,-2.61417e-4,B. decurrens,336,10-5-7,2011-2638-1,4B,Illinois,Scott,39.7852777,-90.5902777,39.786569766256626,-90.58910563509704,-90.5902777,39.7852777,4.494366810369465,1.7090556653626248,23
Boltonia_337,0.0200897,-0.00187795,-0.00147734,-0.0201429,-0.0315298,0.00599922,0.0146797,-0.13137,-0.00132206,-4.38039e-4,B. decurrens,337,8-4-6,2011-2613-1,22A,Illinois,Fulton,40.2047222,-90.1994444,40.20813714639404,-90.18724497777134,-90.1994444,40.2047222,4.494366810369465,1.7090556653626248,23
Boltonia_338,0.0191658,-0.002599,0.00195776,-0.0147068,-0.0200566,0.00307014,-0.00485074,0.0416157,0.00192243,-0.00135096,B. decurrens,338,12-6-3,2011-2650-1,13C,Illinois,Woodford,40.8852777,-89.4583333,40.84668797480775,-89.0297386240063,-89.4583333,40.8852777,4.494366810369465,1.7090556653626248,23
Boltonia_339,0.020109,-0.00274491,-5.95114e-4,-0.019915,-0.0297232,0.00480662,0.0144243,-0.121137,-4.0638e-4,4.25558e-4,B. decurrens,339,12-5-12,2011-2613-1,3A,Illinois,Fulton,40.2047222,-90.1994444,40.20813714639404,-90.18724497777134,-90.1994444,40.2047222,4.494366810369465,1.7090556653626248,23
Boltonia_340,-0.148285,0.0996907,0.0481294,-0.045264,0.00511591,0.0127052,-0.00595589,0.00579671,-0.00670482,0.00419271,B. decurrens,340,3-4-2,2011-2636-1,4,Illinois,Cass,40.010555600000004,-90.4458333,40.0178975293398,-90.42445029519196,-90.4458333,40.010555600000004,4.494366810369465,1.7090556653626248,23
Boltonia_341,0.0186108,-0.00231168,-1.58485e-4,-0.0180941,-0.0267586,0.00476013,0.0130679,-0.108994,-8.83531e-4,2.23131e-4,B. decurrens,341,10-6-4,2011-2664-1,30,Illinois,Fulton,40.2047222,-90.1994444,40.207444479612775,-90.1871999885973,-90.1994444,40.2047222,4.494366810369465,1.7090556653626248,23
Boltonia_342,0.0174297,-0.00172349,0.00130362,-0.010752,-0.016399,0.00193092,-0.00400071,0.0365521,0.00123668,-0.00167877,B. decurrens,342,11-5-2,2011-2650-1,29B,Illinois,Woodford,40.8852777,-89.4583333,40.84668797480775,-89.0297386240063,-89.4583333,40.8852777,4.494366810369465,1.7090556653626248,23
Boltonia_343,0.0144731,2.66265e-4,0.00121157,-0.00195148,-2.88657e-4,5.11383e-4,-0.00142334,0.00643138,4.10311e-4,-2.46335e-4,B. decurrens,343,3-5-12,2011-2638-1,11B,Illinois,Scott,39.7852777,-90.5902777,39.786569766256626,-90.58910563509704,-90.5902777,39.7852777,4.494366810369465,1.7090556653626248,23
Boltonia_344,0.0188275,-0.00181852,0.00179793,-0.013551,-0.0181525,0.00234671,-0.0052939,0.042885,0.00133034,4.18914e-4,B. decurrens,344,9-2-12,2011-2629-1,5A,Illinois,Marshal,41.045,-89.4311111,41.02868892611459,-89.43846248262098,-89.4311111,41.045,4.494366810369465,1.7090556653626248,23
Boltonia_345,0.019147,-0.00226949,6.8748e-4,-0.0148602,-0.0201584,0.0027855,-0.00553368,0.0497662,0.00163233,-0.00100055,B. decurrens,345,11-1-8,2011-2623-1,6B,Illinois,Hennepin,NA,NA,41.34414603458205,-89.55849691836283,-89.55849691836283,41.34414603458205,4.494366810369465,1.7090556653626248,23
Boltonia_347,-0.14361,0.104421,0.0538764,-0.0524688,0.0148955,0.0211782,-0.00356593,0.00493442,0.00660642,0.0298741,B. decurrens,347,3-4-1,2011-2636-1,4,Illinois,Cass,40.010555600000004,-90.4458333,40.0178975293398,-90.42445029519196,-90.4458333,40.010555600000004,4.494366810369465,1.7090556653626248,23
Boltonia_349,0.013467,-2.39665e-4,0.00122181,-0.00425951,-0.00450578,0.00221908,-0.00108163,0.00870093,1.24891e-5,-4.34303e-4,B. decurrens,349,8-6-5,2011-2638-1,12C,Illinois,Scott,39.7852777,-90.5902777,39.786569766256626,-90.58910563509704,-90.5902777,39.7852777,4.494366810369465,1.7090556653626248,23
Boltonia_350,0.0192778,-0.0019404,-0.00101915,-0.0197278,-0.0289491,0.00545302,0.0137459,-0.113247,-3.64025e-4,-3.99169e-4,B. decurrens,350,7-3-7,2011-2664-1,28,Illinois,Fulton,40.2047222,-90.1994444,40.207444479612775,-90.1871999885973,-90.1994444,40.2047222,4.494366810369465,1.7090556653626248,23
Boltonia_351,0.0144067,-6.88693e-4,0.0013053,-0.00254185,-2.0214e-4,-6.83804e-5,-0.00136231,0.00816202,5.71027e-5,-0.00103724,B. decurrens,351,3-5-11,2011-2638-1,11B,Illinois,Scott,39.7852777,-90.5902777,39.786569766256626,-90.58910563509704,-90.5902777,39.7852777,4.494366810369465,1.7090556653626248,23
Boltonia_352,0.0171368,-0.00182689,8.38193e-4,-0.0105465,-0.0148406,0.00160863,-0.0031651,0.0289406,-9.78109e-4,-6.86485e-4,B. decurrens,352,6-3-3,2011-2618-1,7B,Illinois,Peoria,40.7222223,-89.5519444,40.69352232924267,-89.59142458669179,-89.5519444,40.7222223,4.494366810369465,1.7090556653626248,23
Boltonia_353,0.0185775,-0.00207821,0.00108553,-0.0149061,-0.0192218,0.00273859,-0.00540444,0.0473429,0.00101884,-0.00178938,B. decurrens,353,2-5-7,2011-2623-1,28C,Illinois,Hennepin,NA,NA,41.34414603458205,-89.55849691836283,-89.55849691836283,41.34414603458205,4.494366810369465,1.7090556653626248,23
Boltonia_354,0.0175174,-0.00221578,9.81501e-4,-0.0112329,-0.0160843,0.00195961,-0.00385917,0.0304567,-2.14062e-4,-9.13365e-4,B. decurrens,354,9-4-10,2011-2618-1,20C,Illinois,Peoria,40.7222223,-89.5519444,40.69352232924267,-89.59142458669179,-89.5519444,40.7222223,4.494366810369465,1.7090556653626248,23
Boltonia_355,0.020311,-0.00338433,4.66545e-5,-0.0190539,-0.0307281,0.00502201,0.015495,-0.120866,-8.24666e-4,5.54561e-4,B. decurrens,355,1-4-7,2011-2613-1,24A,Illinois,Fulton,40.2047222,-90.1994444,40.20813714639404,-90.18724497777134,-90.1994444,40.2047222,4.494366810369465,1.7090556653626248,23
Boltonia_356,0.0127534,-9.69193e-4,7.98447e-4,0.0025565,0.00497407,1.3639e-4,8.72692e-4,0.00333761,-5.42096e-4,0.00145129,B. decurrens,356,9-3-3,2011-2598-1,S16A,Illinois,Jersey,NA,NA,38.961398423802066,-90.51481032460988,-90.51481032460988,38.961398423802066,4.494366810369465,1.7090556653626248,23
Boltonia_357,-0.149957,0.107803,0.047166,-0.0551485,0.0101903,0.0153751,0.00486391,0.0021028,-0.0100137,0.016363,B. decurrens,357,2-6-1,2011-2636-1,7,Illinois,Cass,40.010555600000004,-90.4458333,40.0178975293398,-90.42445029519196,-90.4458333,40.010555600000004,4.494366810369465,1.7090556653626248,23
Boltonia_358,0.0121987,4.89924e-5,0.00129801,0.00275953,0.00648351,-2.87987e-4,-0.00214856,0.00726227,-7.85399e-4,5.74874e-4,B. decurrens,358,10-4-6,2011-2620-1,13A,Illinois,Morgan,39.8672223,-90.5533333,39.87546015928839,-90.55308508241012,-90.5533333,39.8672223,4.494366810369465,1.7090556653626248,23
Boltonia_359,-0.0015683,0.00405729,0.00135504,0.0733371,0.126101,-0.0224105,-0.00437674,-0.0223953,0.00777995,-0.0529008,B. decurrens,359,2-5-4,2011-2635-1,4,Illinois,Alton,NA,NA,38.86501904919102,-90.22302347588696,-90.22302347588696,38.86501904919102,4.494366810369465,1.7090556653626248,23
Boltonia_360,0.0185413,-5.51589e-4,0.00356806,-0.00844527,-0.0121093,0.00171391,-2.21731e-4,0.0129367,-4.67428e-4,-0.00114533,B. decurrens,360,2-6-9,2011-2598-1,L13B,Illinois,Jersey,NA,NA,38.961398423802066,-90.51481032460988,-90.51481032460988,38.961398423802066,4.494366810369465,1.7090556653626248,23
Boltonia_361,0.0181274,-3.6761e-5,0.00309884,-0.00911634,-0.0109106,0.00159983,-0.00117585,0.0149752,-5.54846e-5,-9.19271e-4,B. decurrens,361,9-3-2,2011-2598-1,S16A,Illinois,Jersey,NA,NA,38.961398423802066,-90.51481032460988,-90.51481032460988,38.961398423802066,4.494366810369465,1.7090556653626248,23
Boltonia_362,0.0198678,-0.00311526,0.00237163,-0.014776,-0.0208915,0.00226892,-0.00578875,0.0491555,0.00183249,-0.00234868,B. decurrens,362,6-1-8,2011-2629-1,7C,Illinois,Marshal,41.045,-89.4311111,41.02868892611459,-89.43846248262098,-89.4311111,41.045,4.494366810369465,1.7090556653626248,23
Boltonia_363,0.0121484,2.56197e-4,1.55915e-4,0.00188613,0.00376722,-0.00152184,-3.16519e-4,0.00579911,-0.00138542,2.36119e-4,B. decurrens,363,8-6-10,2011-2620-1,10A,Illinois,Morgan,39.8672223,-90.5533333,39.87546015928839,-90.55308508241012,-90.5533333,39.8672223,4.494366810369465,1.7090556653626248,23
Boltonia_364,0.0124289,-2.0828e-4,5.86986e-4,0.00313685,0.00493382,-0.00172661,-0.00104527,0.00220517,-0.00157984,0.00179261,B. decurrens,364,11-1-2,2011-2620-1,2C,Illinois,Morgan,39.8672223,-90.5533333,39.87546015928839,-90.55308508241012,-90.5533333,39.8672223,4.494366810369465,1.7090556653626248,23
Boltonia_365,0.0196536,-0.00257021,6.3666e-4,-0.0142331,-0.0205908,0.00296473,-0.00588213,0.0482424,0.00183391,-0.00129203,B. decurrens,365,4-2-9,2011-2623-1,18B,Illinois,Hennepin,NA,NA,41.34414603458205,-89.55849691836283,-89.55849691836283,41.34414603458205,4.494366810369465,1.7090556653626248,23
Boltonia_366,0.0199524,-0.0020721,-5.43097e-4,-0.0194477,-0.0295503,0.00518946,0.0136373,-0.119127,-0.00148908,-1.70807e-5,B. decurrens,366,2-2-9,2011-2644-1,30,Illinois,Tazewell,NA,NA,40.69971137108869,-89.54002817279506,-89.54002817279506,40.69971137108869,4.494366810369465,1.7090556653626248,23
Boltonia_367,0.0182844,-7.60978e-4,0.00293914,-0.00879017,-0.0117513,0.00244994,-0.00147862,0.0118841,-7.30478e-4,-9.54174e-4,B. decurrens,367,3-6-8,2011-2598-1,L14A,Illinois,Jersey,NA,NA,38.961398423802066,-90.51481032460988,-90.51481032460988,38.961398423802066,4.494366810369465,1.7090556653626248,23
Boltonia_368,-0.00625326,0.00361202,9.39619e-4,0.0612544,0.0793009,-0.0141499,0.00188924,-0.00650919,-0.00107243,0.0211659,B. decurrens,368,6-4-6,2011-2599-1,7,Illinois,Saint Clair,38.6494444,-90.1161111,38.651507278988504,-90.10298738781108,-90.1161111,38.6494444,4.494366810369465,1.7090556653626248,23
Boltonia_370,0.0186175,-0.00239208,0.00123415,-0.0144253,-0.0189707,0.00247703,-0.00405163,0.0412046,7.3963e-4,-0.00185884,B. decurrens,370,10-1-8,2011-2650-1,11B,Illinois,Woodford,40.8852777,-89.4583333,40.84668797480775,-89.0297386240063,-89.4583333,40.8852777,4.494366810369465,1.7090556653626248,23
Boltonia_371,0.0160015,-3.39026e-4,7.20693e-4,-0.00568033,-0.0108923,0.00247095,-7.65736e-4,0.00937167,-0.0012411,-3.81859e-4,B. decurrens,371,4-2-1,2011-2659-1,10C,Illinois,Frederick,NA,NA,40.07116308939078,-90.429571958886,-90.429571958886,40.07116308939078,4.494366810369465,1.7090556653626248,23
Boltonia_372,0.0166773,-0.00177288,0.00233699,-0.0075543,-0.00941889,7.93122e-4,-6.45547e-4,0.00995803,-4.7822e-4,-0.00119373,B. decurrens,372,1-4-11,2011-2659-1,1B,Illinois,Frederick,NA,NA,40.07116308939078,-90.429571958886,-90.429571958886,40.07116308939078,4.494366810369465,1.7090556653626248,23
Boltonia_373,0.0160413,-0.00185147,0.00185076,-0.00409895,-0.00316349,3.82577e-5,-2.47663e-4,0.00954627,-4.99761e-4,-1.96079e-4,B. decurrens,373,10-6-8,2011-2638-1,28A,Illinois,Scott,39.7852777,-90.5902777,39.786569766256626,-90.58910563509704,-90.5902777,39.7852777,4.494366810369465,1.7090556653626248,23
Boltonia_374,0.0201107,-0.00230368,3.13605e-4,-0.0188209,-0.0303909,0.0055126,0.0136467,-0.114865,-9.83681e-4,-6.53381e-4,B. decurrens,374,1-6-4,2011-2664-1,14,Illinois,Fulton,40.2047222,-90.1994444,40.207444479612775,-90.1871999885973,-90.1994444,40.2047222,4.494366810369465,1.7090556653626248,23
Boltonia_375,0.0182853,-0.00237269,0.00169884,-0.0134847,-0.019415,0.00301747,-0.00504447,0.0404119,0.0012127,-7.21431e-4,B. decurrens,375,5-6-4,2011-2629-1,28C,Illinois,Marshal,41.045,-89.4311111,41.02868892611459,-89.43846248262098,-89.4311111,41.045,4.494366810369465,1.7090556653626248,23
Boltonia_376,0.0145615,-0.00156631,0.00114949,-9.71308e-4,9.06249e-4,-6.51656e-4,-0.00110877,0.00735433,-1.72874e-4,-6.25383e-4,B. decurrens,376,10-3-7,2011-2638-1,21C,Illinois,Scott,39.7852777,-90.5902777,39.786569766256626,-90.58910563509704,-90.5902777,39.7852777,4.494366810369465,1.7090556653626248,23
Boltonia_377,0.0157248,-0.00139734,0.00229398,-0.00535091,-0.00576522,0.00119361,7.61586e-4,0.00649915,6.78553e-5,2.70111e-4,B. decurrens,377,2-5-10,2011-2675-1,5A,Illinois,Schuyler,40.0672223,-90.4275,40.07010712467176,-90.42899627731744,-90.4275,40.0672223,4.494366810369465,1.7090556653626248,23
Boltonia_378,0.0149726,-3.51012e-4,0.00152112,-0.00339659,-0.00412307,0.00108845,-0.00137443,0.010045,4.66429e-4,3.76402e-4,B. decurrens,378,5-1-3,2011-2636-1,18,Illinois,Cass,40.010555600000004,-90.4458333,40.0178975293398,-90.42445029519196,-90.4458333,40.010555600000004,4.494366810369465,1.7090556653626248,23
Boltonia_379,0.0152431,-0.00196213,0.00246881,-0.0033395,-0.00434193,8.85739e-4,-6.05543e-4,0.01133,-6.29927e-4,5.64771e-4,B. decurrens,379,10-4-11,2011-2666-1,26C,Illinois,Fulton,40.4925,-89.9022222,40.46699902833787,-89.9485498557629,-89.9022222,40.4925,4.494366810369465,1.7090556653626248,23
Boltonia_380,0.0128619,1.97424e-4,7.91936e-4,0.00264424,0.00544002,-8.20031e-4,1.43061e-6,0.00894474,-0.00121089,0.00164759,B. decurrens,380,10-1-11,2011-2620-1,6A,Illinois,Morgan,39.8672223,-90.5533333,39.87546015928839,-90.55308508241012,-90.5533333,39.8672223,4.494366810369465,1.7090556653626248,23
Boltonia_381,0.0120128,1.73263e-4,0.00176536,0.00205235,0.00401383,-0.00150602,-0.00151639,0.0105231,-4.34961e-4,0.0012403,B. decurrens,381,8-6-11,2011-2620-1,10A,Illinois,Morgan,39.8672223,-90.5533333,39.87546015928839,-90.55308508241012,-90.5533333,39.8672223,4.494366810369465,1.7090556653626248,23
Boltonia_382,0.0169502,-0.00177081,0.0020101,-0.00531535,-0.00561243,4.59925e-4,-3.72846e-4,0.0082586,-8.1376e-4,-6.35408e-5,B. decurrens,382,3-4-7,2011-2638-1,4B,Illinois,Scott,39.7852777,-90.5902777,39.786569766256626,-90.58910563509704,-90.5902777,39.7852777,4.494366810369465,1.7090556653626248,23
Boltonia_383,0.0175791,-0.00198151,0.00131791,-0.0117743,-0.0156313,0.00241106,-0.00363136,0.0279754,2.30286e-4,-2.69085e-5,B. decurrens,383,6-2-10,2011-2618-1,24B,Illinois,Peoria,40.7222223,-89.5519444,40.69352232924267,-89.59142458669179,-89.5519444,40.7222223,4.494366810369465,1.7090556653626248,23
Boltonia_384,0.017656,-9.95613e-4,0.00269699,-0.00840561,-0.0103301,0.00199328,-0.00210242,0.0130092,-7.80991e-4,-0.00176994,B. decurrens,384,4-4-10,2011-2598-1,S25D,Illinois,Jersey,NA,NA,38.961398423802066,-90.51481032460988,-90.51481032460988,38.961398423802066,4.494366810369465,1.7090556653626248,23
Boltonia_385,0.0152562,-8.47794e-4,0.00153928,-0.00305055,-0.00200305,3.66659e-4,-0.00232272,0.00906786,-2.60252e-4,7.17481e-4,B. decurrens,385,10-2-5,2011-2638-1,3A,Illinois,Scott,39.7852777,-90.5902777,39.786569766256626,-90.58910563509704,-90.5902777,39.7852777,4.494366810369465,1.7090556653626248,23
Boltonia_386,0.0192871,-0.00161354,0.0011599,-0.0142537,-0.0198102,0.0027691,-0.00522286,0.0477028,6.11656e-4,-8.1971e-4,B. decurrens,386,5-4-9,2011-2623-1,1B,Illinois,Hennepin,NA,NA,41.34414603458205,-89.55849691836283,-89.55849691836283,41.34414603458205,4.494366810369465,1.7090556653626248,23
Boltonia_387,0.0157779,-7.36962e-4,0.00208259,-0.00442571,-0.00551656,7.59109e-4,-6.67943e-4,0.00511508,7.04046e-4,-1.41182e-4,B. decurrens,387,4-6-11,2011-2659-1,12B,Illinois,Frederick,NA,NA,40.07116308939078,-90.429571958886,-90.429571958886,40.07116308939078,4.494366810369465,1.7090556653626248,23
Boltonia_388,0.0208812,-0.00278417,1.91603e-4,-0.021488,-0.0324468,0.00537803,0.0152992,-0.129389,-0.00146152,6.98566e-5,B. decurrens,388,9-6-2,2011-2664-1,14,Illinois,Fulton,40.2047222,-90.1994444,40.207444479612775,-90.1871999885973,-90.1994444,40.2047222,4.494366810369465,1.7090556653626248,23
Boltonia_389,0.0173298,-0.00217983,0.00151568,-0.0110196,-0.0151836,0.00117725,-0.00325898,0.0287595,6.20526e-7,0.0010415000000000001,B. decurrens,389,7-6-11,2011-2618-1,5A,Illinois,Peoria,40.7222223,-89.5519444,40.69352232924267,-89.59142458669179,-89.5519444,40.7222223,4.494366810369465,1.7090556653626248,23
Boltonia_390,0.0212586,-0.00374526,-6.90225e-5,-0.0226897,-0.0347917,0.00615788,0.015113,-0.134815,-9.84145e-4,-0.00108082,B. decurrens,390,3-2-8,2011-2664-1,8,Illinois,Fulton,40.2047222,-90.1994444,40.207444479612775,-90.1871999885973,-90.1994444,40.2047222,4.494366810369465,1.7090556653626248,23
Boltonia_392,0.0140619,-9.45085e-4,0.001833,-0.00220894,-0.00204769,7.81283e-4,-0.00129989,0.00445917,2.6268e-4,8.67658e-4,B. decurrens,392,10-2-6,2011-2638-1,3A,Illinois,Scott,39.7852777,-90.5902777,39.786569766256626,-90.58910563509704,-90.5902777,39.7852777,4.494366810369465,1.7090556653626248,23
Boltonia_393,0.0189416,-0.00265811,0.00224685,-0.0147038,-0.0194228,0.00335541,-0.00559851,0.0466959,0.00196167,-0.00205334,B. decurrens,393,2-1-10,2011-2650-1,15B,Illinois,Woodford,40.8852777,-89.4583333,40.84668797480775,-89.0297386240063,-89.4583333,40.8852777,4.494366810369465,1.7090556653626248,23
Boltonia_394,0.0196466,-0.00236954,-9.01252e-4,-0.0184836,-0.0285342,0.00508502,0.0135587,-0.119478,-6.77251e-4,7.22787e-4,B. decurrens,394,10-4-9,2011-2664-1,26,Illinois,Fulton,40.2047222,-90.1994444,40.207444479612775,-90.1871999885973,-90.1994444,40.2047222,4.494366810369465,1.7090556653626248,23
Boltonia_395,0.0196776,-0.00213379,0.00135221,-0.0149694,-0.0213836,0.00243639,-0.0055981,0.0487892,0.00168588,-5.31384e-4,B. decurrens,395,6-1-9,2011-2629-1,7C,Illinois,Marshal,41.045,-89.4311111,41.02868892611459,-89.43846248262098,-89.4311111,41.045,4.494366810369465,1.7090556653626248,23
Boltonia_396,-0.00548052,0.00285175,0.00289018,0.0604404,0.0797069,-0.0118111,-0.00240421,-0.00789709,-0.00119681,0.0203261,B. decurrens,396,3-5-2,2011-2599-1,3,Illinois,Saint Clair,38.6494444,-90.1161111,38.651507278988504,-90.10298738781108,-90.1161111,38.6494444,4.494366810369465,1.7090556653626248,23
Boltonia_397,0.0202667,-0.00316326,-7.3295e-5,-0.0212353,-0.033051,0.00567206,0.0155429,-0.131773,-4.35824e-4,3.03971e-4,B. decurrens,397,9-5-1,2011-2664-1,11,Illinois,Fulton,40.2047222,-90.1994444,40.207444479612775,-90.1871999885973,-90.1994444,40.2047222,4.494366810369465,1.7090556653626248,23
Boltonia_398,0.0151983,-0.00136504,0.00109195,-0.00501297,-0.0063703,6.74316e-4,-8.11947e-5,0.00640515,-0.0011803,1.8106e-4,B. decurrens,398,2-2-4,2011-2675-1,3C,Illinois,Schuyler,40.0672223,-90.4275,40.07010712467176,-90.42899627731744,-90.4275,40.0672223,4.494366810369465,1.7090556653626248,23
Boltonia_399,0.0181178,-0.00192639,0.00147946,-0.0130741,-0.0187412,0.00351682,-0.00479805,0.0396534,-2.40873e-4,1.20199e-4,B. decurrens,399,7-4-1,2011-2629-1,15A,Illinois,Marshal,41.045,-89.4311111,41.02868892611459,-89.43846248262098,-89.4311111,41.045,4.494366810369465,1.7090556653626248,23
Boltonia_400,0.0185611,-0.00147326,3.65194e-4,-0.0172263,-0.0258955,0.00350026,0.0133744,-0.102682,-4.68573e-4,5.1871e-4,B. decurrens,400,4-1-9,2011-2664-1,1,Illinois,Fulton,40.2047222,-90.1994444,40.207444479612775,-90.1871999885973,-90.1994444,40.2047222,4.494366810369465,1.7090556653626248,23
Boltonia_401,0.0171523,-0.00230219,0.00111421,-0.0105801,-0.0152746,0.00223796,-0.00341602,0.0251086,-6.95776e-4,2.64723e-4,B. decurrens,401,4-5-7,2011-2618-1,25A,Illinois,Peoria,40.7222223,-89.5519444,40.69352232924267,-89.59142458669179,-89.5519444,40.7222223,4.494366810369465,1.7090556653626248,23
Boltonia_402,0.0149406,-5.31847e-4,0.00357075,-0.00366652,-0.00561727,2.71195e-5,4.06325e-5,0.00827245,5.33754e-4,0.00107638,B. decurrens,402,2-3-7,2011-2666-1,11B,Illinois,Fulton,40.4925,-89.9022222,40.46699902833787,-89.9485498557629,-89.9022222,40.4925,4.494366810369465,1.7090556653626248,23
Boltonia_403,0.0152555,-0.00153941,0.00264493,-0.00488423,-0.00596888,1.99927e-4,0.00119729,0.00963051,-2.82059e-4,-7.10144e-4,B. decurrens,403,4-5-10,2011-2659-1,15A,Illinois,Frederick,NA,NA,40.07116308939078,-90.429571958886,-90.429571958886,40.07116308939078,4.494366810369465,1.7090556653626248,23
Boltonia_404,0.0157561,-0.00113155,8.53379e-4,-0.00831831,-0.0122094,0.00188534,-0.00222626,0.0214025,-3.37629e-4,2.10565e-4,B. decurrens,404,10-3-4,2011-2661-1,12A,Illinois,Tazewell,NA,NA,40.69584983597212,-89.54394792156027,-89.54394792156027,40.69584983597212,4.494366810369465,1.7090556653626248,23
Boltonia_405,0.0161289,-9.04189e-4,9.16632e-4,-0.00249098,-0.00175973,-3.26881e-4,-9.59789e-4,0.0102079,-0.00126634,-8.64078e-4,B. decurrens,405,3-1-7,2011-2638-1,26C,Illinois,Scott,39.7852777,-90.5902777,39.786569766256626,-90.58910563509704,-90.5902777,39.7852777,4.494366810369465,1.7090556653626248,23
Boltonia_406,-0.130727,0.096066,0.0298863,-0.0373254,0.00238542,0.0160352,-0.00660124,0.00123322,-0.00358596,-5.54072e-4,B. decurrens,406,3-3-12,2011-2636-1,4,Illinois,Cass,40.010555600000004,-90.4458333,40.0178975293398,-90.42445029519196,-90.4458333,40.010555600000004,4.494366810369465,1.7090556653626248,23
Boltonia_408,0.019976,-0.00346001,2.99595e-5,-0.0207128,-0.0310807,0.00561029,0.0146289,-0.122071,-0.00117595,3.09652e-4,B. decurrens,408,13-1-9,2011-2664-1,13,Illinois,Fulton,40.2047222,-90.1994444,40.207444479612775,-90.1871999885973,-90.1994444,40.2047222,4.494366810369465,1.7090556653626248,23
Boltonia_409,0.0157546,-0.00100059,8.12561e-4,-0.00803603,-0.0114125,0.00231602,-0.0025251,0.0211053,-3.42247e-4,-8.17108e-4,B. decurrens,409,11-6-4,2011-2661-1,8A,Illinois,Tazewell,NA,NA,40.69584983597212,-89.54394792156027,-89.54394792156027,40.69584983597212,4.494366810369465,1.7090556653626248,23
Boltonia_411,0.014327,-9.62166e-4,0.00191433,-0.00343096,-0.00369775,0.00180674,-0.00226247,0.00893621,1.06182e-4,3.55225e-5,B. decurrens,411,4-1-6,2011-2666-1,13C,Illinois,Fulton,40.4925,-89.9022222,40.46699902833787,-89.9485498557629,-89.9022222,40.4925,4.494366810369465,1.7090556653626248,23
Boltonia_412,0.0160201,-0.00113354,0.0010258,-0.00510642,-0.00794056,3.85992e-4,1.71831e-4,0.00431742,-0.00154272,7.97264e-4,B. decurrens,412,5-3-11,2011-2659-1,5A,Illinois,Frederick,NA,NA,40.07116308939078,-90.429571958886,-90.429571958886,40.07116308939078,4.494366810369465,1.7090556653626248,23
Boltonia_413,0.018136,-0.00147866,0.001346,-0.0130797,-0.0180271,0.00368653,-0.00484472,0.0434586,7.6662e-4,-0.00107708,B. decurrens,413,9-3-7,2011-2629-1,30A,Illinois,Marshal,41.045,-89.4311111,41.02868892611459,-89.43846248262098,-89.4311111,41.045,4.494366810369465,1.7090556653626248,23
Boltonia_415,0.0189427,-0.0019717,0.00058846600000000005,-0.0138615,-0.0194687,0.00221569,-0.00475776,0.0433909,7.44598e-4,-3.13092e-4,B. decurrens,415,2-2-8,2011-2629-1,2B,Illinois,Marshal,41.045,-89.4311111,41.02868892611459,-89.43846248262098,-89.4311111,41.045,4.494366810369465,1.7090556653626248,23
Boltonia_417,0.014612,2.53552e-5,0.00210558,-0.00444806,-0.00679026,0.00184151,-5.5008e-4,0.00470656,6.59937e-4,0.00119789,B. decurrens,417,3-3-2,2011-2636-1,26,Illinois,Cass,40.010555600000004,-90.4458333,40.0178975293398,-90.42445029519196,-90.4458333,40.010555600000004,4.494366810369465,1.7090556653626248,23
Boltonia_418,-0.0025079,0.00241104,2.05772e-4,0.058756,0.0960921,-0.0188356,-0.00372919,-0.0135353,0.00450773,-0.0352951,B. decurrens,418,4-3-12,2011-2635-1,31,Illinois,Alton,NA,NA,38.86501904919102,-90.22302347588696,-90.22302347588696,38.86501904919102,4.494366810369465,1.7090556653626248,23
Boltonia_419,-0.148888,0.101064,0.0389018,-0.0522618,0.0043511,0.00905491,0.00177278,0.00309742,0.0118116,-0.00639827,B. decurrens,419,6-6-5,2011-2636-1,10,Illinois,Cass,40.010555600000004,-90.4458333,40.0178975293398,-90.42445029519196,-90.4458333,40.010555600000004,4.494366810369465,1.7090556653626248,23
Boltonia_420,0.0158124,-2.82503e-4,0.00141468,-0.00643964,-0.00791772,9.22086e-4,-0.00141185,0.00757795,-5.93938e-4,-6.71237e-4,B. decurrens,420,4-6-7,2011-2659-1,14A,Illinois,Frederick,NA,NA,40.07116308939078,-90.429571958886,-90.429571958886,40.07116308939078,4.494366810369465,1.7090556653626248,23
Boltonia_421,0.0160819,-9.78418e-4,0.00150363,-0.00613178,-0.00774022,8.7248e-4,-0.00189949,0.00934928,-8.4499e-4,0.0011205,B. decurrens,421,4-1-2,2011-2675-1,16A,Illinois,Schuyler,40.0672223,-90.4275,40.07010712467176,-90.42899627731744,-90.4275,40.0672223,4.494366810369465,1.7090556653626248,23
Boltonia_422,-9.30585e-4,0.00395415,0.00129331,0.0713407,0.122015,-0.0220423,-0.00370851,-0.0194774,0.0103389,-0.050515,B. decurrens,422,12-5-9,2011-2635-1,13,Illinois,Alton,NA,NA,38.86501904919102,-90.22302347588696,-90.22302347588696,38.86501904919102,4.494366810369465,1.7090556653626248,23
Boltonia_423,-3.80086e-4,0.00298897,0.00119785,0.0702333,0.123811,-0.022935,-0.00444194,-0.0241242,0.00928743,-0.0519568,B. decurrens,423,3-2-11,2011-2635-1,28,Illinois,Alton,NA,NA,38.86501904919102,-90.22302347588696,-90.22302347588696,38.86501904919102,4.494366810369465,1.7090556653626248,23
Boltonia_424,0.0180924,-7.98922e-5,0.00265725,-0.00921936,-0.0127453,0.00199333,-0.0018487,0.0147204,-8.11519e-4,-7.33359e-4,B. decurrens,424,8-6-3,2011-2598-1,L1B,Illinois,Jersey,NA,NA,38.961398423802066,-90.51481032460988,-90.51481032460988,38.961398423802066,4.494366810369465,1.7090556653626248,23
Boltonia_425,0.0127813,2.43625e-4,9.62694e-4,0.00515741,0.00827791,-0.00123301,-0.00151972,0.00862995,-7.58437e-4,2.75101e-4,B. decurrens,425,11-6-8,2011-2620-1,20B,Illinois,Morgan,39.8672223,-90.5533333,39.87546015928839,-90.55308508241012,-90.5533333,39.8672223,4.494366810369465,1.7090556653626248,23
Boltonia_426,0.0162108,-0.00201395,0.00116772,-0.00871338,-0.0120151,0.00134482,-0.00328466,0.0286992,5.62657e-4,6.71932e-5,B. decurrens,426,7-1-12,2011-2661-1,18B,Illinois,Tazewell,NA,NA,40.69584983597212,-89.54394792156027,-89.54394792156027,40.69584983597212,4.494366810369465,1.7090556653626248,23
Boltonia_427,0.0200712,-0.00246842,-9.05712e-5,-0.0191394,-0.0296334,0.00564234,0.0144355,-0.123539,-0.00115659,-5.4984e-4,B. decurrens,427,10-4-8,2011-2664-1,26,Illinois,Fulton,40.2047222,-90.1994444,40.207444479612775,-90.1871999885973,-90.1994444,40.2047222,4.494366810369465,1.7090556653626248,23
Boltonia_428,0.0159704,9.69756e-5,0.00257574,-0.00442844,-0.00550467,3.05744e-4,6.21494e-4,0.0060712,-5.83366e-4,-5.05384e-4,B. decurrens,428,8-2-11,2011-2659-1,3C,Illinois,Frederick,NA,NA,40.07116308939078,-90.429571958886,-90.429571958886,40.07116308939078,4.494366810369465,1.7090556653626248,23
Boltonia_429,0.0122537,-5.63067e-4,0.0017268,0.00355827,0.00540101,-0.00149953,8.15295e-4,0.00442708,-0.00182533,6.88604e-4,B. decurrens,429,6-5-9,2011-2620-1,19A,Illinois,Morgan,39.8672223,-90.5533333,39.87546015928839,-90.55308508241012,-90.5533333,39.8672223,4.494366810369465,1.7090556653626248,23
Boltonia_430,0.0178087,1.33066e-4,0.00343965,-0.00840088,-0.011951,0.00218496,-0.00190541,0.0124662,-5.53663e-4,-0.00159961,B. decurrens,430,9-3-10,2011-2598-1,L3B,Illinois,Jersey,NA,NA,38.961398423802066,-90.51481032460988,-90.51481032460988,38.961398423802066,4.494366810369465,1.7090556653626248,23
Boltonia_431,0.0193839,-0.00198452,-3.83922e-4,-0.01626,-0.0266098,0.00526142,0.0134654,-0.107751,-9.14336e-4,7.12199e-4,B. decurrens,431,2-6-6,2011-2613-1,6A,Illinois,Fulton,40.2047222,-90.1994444,40.20813714639404,-90.18724497777134,-90.1994444,40.2047222,4.494366810369465,1.7090556653626248,23
Boltonia_432,0.01855,-0.00177036,-9.16062e-4,-0.0180713,-0.0281858,0.00417796,0.012513700000000001,-0.103008,9.58395e-5,-1.04416e-4,B. decurrens,432,4-2-6,2011-2664-1,9,Illinois,Fulton,40.2047222,-90.1994444,40.207444479612775,-90.1871999885973,-90.1994444,40.2047222,4.494366810369465,1.7090556653626248,23
Boltonia_433,0.0131547,-9.48677e-4,0.00283077,0.00349162,0.00664391,7.81212e-4,-3.23545e-4,0.00544763,-6.85751e-4,0.00182884,B. decurrens,433,11-6-9,2011-2620-1,20B,Illinois,Morgan,39.8672223,-90.5533333,39.87546015928839,-90.55308508241012,-90.5533333,39.8672223,4.494366810369465,1.7090556653626248,23
Boltonia_434,0.0210481,-0.00266553,-1.52419e-4,-0.022152,-0.0345057,0.00613741,0.0157629,-0.134386,-9.43347e-4,0.00105688,B. decurrens,434,2-3-1,2011-2664-1,12,Illinois,Fulton,40.2047222,-90.1994444,40.207444479612775,-90.1871999885973,-90.1994444,40.2047222,4.494366810369465,1.7090556653626248,23
Boltonia_435,0.0180772,6.42928e-4,0.00646336,-0.00808018,-0.0125132,8.42733e-4,-0.00134084,0.0136719,-0.00104048,-8.01546e-6,B. decurrens,435,3-6-6,2011-2598-1,S8A,Illinois,Jersey,NA,NA,38.961398423802066,-90.51481032460988,-90.51481032460988,38.961398423802066,4.494366810369465,1.7090556653626248,23
Boltonia_436,0.016538,-4.14124e-4,0.00148134,-0.00421576,-0.00312444,-1.0941e-4,-0.00130397,0.0121252,-0.00100579,-0.00101876,B. decurrens,436,12-5-4,2011-2638-1,17A,Illinois,Scott,39.7852777,-90.5902777,39.786569766256626,-90.58910563509704,-90.5902777,39.7852777,4.494366810369465,1.7090556653626248,23
Boltonia_437,0.0168723,-9.73954e-4,0.00126602,-0.00841008,-0.0105252,0.0013435,-0.00389462,0.0294444,3.91238e-4,9.7377e-5,B. decurrens,437,1-6-7,2011-2661-1,5A,Illinois,Tazewell,NA,NA,40.69584983597212,-89.54394792156027,-89.54394792156027,40.69584983597212,4.494366810369465,1.7090556653626248,23
Boltonia_438,0.0153388,1.26164e-5,9.60059e-4,-0.00551768,-0.0062731,0.00125839,-0.00160608,0.00755176,-0.00104654,2.4644e-4,B. decurrens,438,3-1-2,2011-2675-1,15B,Illinois,Schuyler,40.0672223,-90.4275,40.07010712467176,-90.42899627731744,-90.4275,40.0672223,4.494366810369465,1.7090556653626248,23
Boltonia_439,-0.147293,0.109564,0.061497,-0.0602543,0.0105023,0.0246912,0.00790876,-0.00416759,0.0176208,0.045529,B. decurrens,439,8-5-5,2011-2636-1,1,Illinois,Cass,40.010555600000004,-90.4458333,40.0178975293398,-90.42445029519196,-90.4458333,40.010555600000004,4.494366810369465,1.7090556653626248,23
Boltonia_441,0.0180687,-0.0010154,0.00268433,-0.00891675,-0.0119573,0.00206663,-8.5356e-4,0.0136466,-8.91875e-4,-0.00102643,B. decurrens,441,5-5-3,2011-2598-1,L7B,Illinois,Jersey,NA,NA,38.961398423802066,-90.51481032460988,-90.51481032460988,38.961398423802066,4.494366810369465,1.7090556653626248,23
Boltonia_442,0.0172899,-6.14648e-4,0.00476314,-0.00763531,-0.0109153,9.99522e-4,-0.0023047,0.0156589,-7.41807e-4,-6.0507e-4,B. decurrens,442,3-6-5,2011-2598-1,S8A,Illinois,Jersey,NA,NA,38.961398423802066,-90.51481032460988,-90.51481032460988,38.961398423802066,4.494366810369465,1.7090556653626248,23
Boltonia_443,-0.00146709,0.00311674,0.00160159,0.069153,0.118533,-0.0220864,-0.00393258,-0.0224749,0.00830869,-0.0497616,B. decurrens,443,5-1-12,2011-2635-1,11,Illinois,Alton,NA,NA,38.86501904919102,-90.22302347588696,-90.22302347588696,38.86501904919102,4.494366810369465,1.7090556653626248,23
Boltonia_444,0.0128995,-2.55446e-4,9.12349e-4,0.00251022,0.00576097,-6.34984e-4,3.65712e-4,0.00553943,-1.10046e-4,-0.00107482,B. decurrens,444,10-5-3,2011-2620-1,27A,Illinois,Morgan,39.8672223,-90.5533333,39.87546015928839,-90.55308508241012,-90.5533333,39.8672223,4.494366810369465,1.7090556653626248,23
Boltonia_445,0.0197471,-0.0019717100000000002,7.59935e-4,-0.0140005,-0.0207427,0.00263115,-0.00609694,0.0520169,0.00147256,-2.42179e-4,B. decurrens,445,6-5-8,2011-2623-1,7A,Illinois,Hennepin,NA,NA,41.34414603458205,-89.55849691836283,-89.55849691836283,41.34414603458205,4.494366810369465,1.7090556653626248,23
Boltonia_446,-9.12142e-4,0.00312774,0.00129086,0.0658218,0.110996,-0.0216316,-0.00311325,-0.021645,0.0065092,-0.0445301,B. decurrens,446,3-3-4,2011-2635-1,21,Illinois,Alton,NA,NA,38.86501904919102,-90.22302347588696,-90.22302347588696,38.86501904919102,4.494366810369465,1.7090556653626248,23
Boltonia_448,0.0178563,-0.00140133,0.00340045,-0.0093587,-0.0121756,0.00195703,-0.00205946,0.0141907,-0.00122531,-6.73599e-4,B. decurrens,448,6-4-11,2011-2598-1,S17A,Illinois,Jersey,NA,NA,38.961398423802066,-90.51481032460988,-90.51481032460988,38.961398423802066,4.494366810369465,1.7090556653626248,23
Boltonia_449,0.0172047,-0.00216073,0.00205519,-0.00924333,-0.0138168,0.0013715,-0.00343576,0.0259239,-5.61809e-4,4.02024e-4,B. decurrens,449,7-6-3,2011-2618-1,3C,Illinois,Peoria,40.7222223,-89.5519444,40.69352232924267,-89.59142458669179,-89.5519444,40.7222223,4.494366810369465,1.7090556653626248,23
Boltonia_451,-0.13276,0.0974557,0.0550294,-0.0567665,0.0101903,0.0235118,0.00247559,-0.00995634,0.0252322,0.0521004,B. decurrens,451,8-5-4,2011-2636-1,1,Illinois,Cass,40.010555600000004,-90.4458333,40.0178975293398,-90.42445029519196,-90.4458333,40.010555600000004,4.494366810369465,1.7090556653626248,23
Boltonia_452,-0.00235693,0.00336518,-6.05285e-4,0.0657847,0.0987791,-0.0187552,0.00462594,-0.0134355,-0.00290218,0.0415714,B. decurrens,452,9-6-3,2011-2609-1,9C,Illinois,Madison,38.6891666,-90.0972222,38.69652811427051,-90.085926104309,-90.0972222,38.6891666,4.494366810369465,1.7090556653626248,23
Boltonia_453,0.0183851,-7.56892e-4,0.00345024,-0.0082731,-0.011856,0.00191068,-0.0013091,0.0130564,-7.15096e-4,-8.6912e-4,B. decurrens,453,2-5-12,2011-2598-1,22C,Illinois,Jersey,NA,NA,38.961398423802066,-90.51481032460988,-90.51481032460988,38.961398423802066,4.494366810369465,1.7090556653626248,23
Boltonia_454,0.0168751,-0.00137583,0.00123671,-0.0112056,-0.0158937,0.00308814,-0.00385009,0.0296507,-4.72631e-4,0.0014797,B. decurrens,454,7-3-5,2011-2618-1,15A,Illinois,Peoria,40.7222223,-89.5519444,40.69352232924267,-89.59142458669179,-89.5519444,40.7222223,4.494366810369465,1.7090556653626248,23
Boltonia_455,0.0121778,5.92598e-4,5.67811e-4,0.00236747,0.00506984,-0.00118059,3.70992e-4,0.00400204,2.51657e-4,0.00255989,B. decurrens,455,5-3-4,2011-2620-1,26C,Illinois,Morgan,39.8672223,-90.5533333,39.87546015928839,-90.55308508241012,-90.5533333,39.8672223,4.494366810369465,1.7090556653626248,23
Boltonia_456,0.0184962,-9.47671e-4,0.00262094,-0.0087813,-0.012704,0.00223846,-0.00181422,0.0132636,-8.49124e-4,1.71725e-4,B. decurrens,456,6-5-1,2011-2598-1,L4B,Illinois,Jersey,NA,NA,38.961398423802066,-90.51481032460988,-90.51481032460988,38.961398423802066,4.494366810369465,1.7090556653626248,23
Boltonia_457,2.18625e-4,0.00366818,0.00184741,0.0694616,0.121997,-0.0234491,-0.00439058,-0.0233345,0.00808662,-0.0496723,B. decurrens,457,6-3-9,2011-2635-1,24,Illinois,Alton,NA,NA,38.86501904919102,-90.22302347588696,-90.22302347588696,38.86501904919102,4.494366810369465,1.7090556653626248,23
Boltonia_458,0.0182034,-0.00225905,0.00238172,-0.0113177,-0.0160346,0.00152209,-0.00378549,0.0330643,4.3918e-5,-3.27962e-4,B. decurrens,458,8-2-1,2011-2618-1,12A,Illinois,Peoria,40.7222223,-89.5519444,40.69352232924267,-89.59142458669179,-89.5519444,40.7222223,4.494366810369465,1.7090556653626248,23
Boltonia_459,0.0162,-0.00123317,0.00127299,-0.0083895,-0.0120542,0.00175954,-0.00115508,0.0224758,-2.02083e-4,-5.16753e-4,B. decurrens,459,5-1-9,2011-2661-1,29B,Illinois,Tazewell,NA,NA,40.69584983597212,-89.54394792156027,-89.54394792156027,40.69584983597212,4.494366810369465,1.7090556653626248,23
Boltonia_460,0.0155629,-0.00136959,0.00131207,-0.00413405,-0.00228167,-4.51612e-4,-2.23864e-4,0.0103636,-1.84142e-4,-5.67628e-4,B. decurrens,460,2-2-12,2011-2638-1,13A,Illinois,Scott,39.7852777,-90.5902777,39.786569766256626,-90.58910563509704,-90.5902777,39.7852777,4.494366810369465,1.7090556653626248,23
Boltonia_461,-0.00166517,0.00381613,-6.51565e-4,0.070213,0.118034,-0.0212703,-0.00608702,-0.0225933,0.00750193,-0.0491191,B. decurrens,461,8-4-4,2011-2599-1,6,Illinois,Saint Clair,38.6494444,-90.1161111,38.651507278988504,-90.10298738781108,-90.1161111,38.6494444,4.494366810369465,1.7090556653626248,23
Boltonia_462,0.0206513,-0.00213869,-9.45068e-4,-0.0219983,-0.033516,0.0058812,0.0147475,-0.13519,-0.00163413,-4.67909e-4,B. decurrens,462,12-3-5,2011-2664-1,10,Illinois,Fulton,40.2047222,-90.1994444,40.207444479612775,-90.1871999885973,-90.1994444,40.2047222,4.494366810369465,1.7090556653626248,23
Boltonia_463,0.0125854,-4.71911e-4,0.0014578,0.00185545,0.00315512,-6.78597e-4,-0.00111312,0.00897537,4.93783e-4,6.81833e-4,B. decurrens,463,5-3-6,2011-2620-1,14C,Illinois,Morgan,39.8672223,-90.5533333,39.87546015928839,-90.55308508241012,-90.5533333,39.8672223,4.494366810369465,1.7090556653626248,23
Boltonia_464,-0.13947,0.104976,0.0552474,-0.0530162,0.0091203,0.0246841,-7.55382e-4,-0.00552363,0.0260208,0.0553956,B. decurrens,464,2-6-5,2011-2636-1,2,Illinois,Cass,40.010555600000004,-90.4458333,40.0178975293398,-90.42445029519196,-90.4458333,40.010555600000004,4.494366810369465,1.7090556653626248,23
Boltonia_465,0.0162662,-0.00203556,0.00141825,-0.00512169,-0.007467,7.53425e-4,-7.33674e-4,0.00638615,-9.75153e-4,0.00162229,B. decurrens,465,8-3-5,2011-2659-1,4A,Illinois,Frederick,NA,NA,40.07116308939078,-90.429571958886,-90.429571958886,40.07116308939078,4.494366810369465,1.7090556653626248,23
Boltonia_466,-0.00526852,0.00462202,0.00180178,0.055938,0.072302,-0.0123063,7.59412e-4,-0.00685035,-0.002789,0.02285,B. decurrens,466,10-3-10,2011-2599-1,16,Illinois,Saint Clair,38.6494444,-90.1161111,38.651507278988504,-90.10298738781108,-90.1161111,38.6494444,4.494366810369465,1.7090556653626248,23
Boltonia_467,-0.00124122,0.00445039,9.78887e-4,0.0683654,0.12016,-0.0226873,-0.00597396,-0.0227726,0.00798383,-0.0521594,B. decurrens,467,5-4-6,2011-2635-1,6,Illinois,Alton,NA,NA,38.86501904919102,-90.22302347588696,-90.22302347588696,38.86501904919102,4.494366810369465,1.7090556653626248,23
Boltonia_468,0.0186598,-7.47938e-4,0.00310507,-0.00947335,-0.0136453,0.00222468,-0.00150926,0.0136464,-4.92129e-4,-3.7066e-4,B. decurrens,468,5-5-1,2011-2598-1,L7B,Illinois,Jersey,NA,NA,38.961398423802066,-90.51481032460988,-90.51481032460988,38.961398423802066,4.494366810369465,1.7090556653626248,23
Boltonia_469,-0.155238,-0.141368,-0.132334,-0.0328513,-0.0713852,-0.216157,-0.079254,-0.00681716,0.0227134,-0.368762,B. diffusa,469,MO5556235,B. diffusa,NA,NA,NA,NA,NA,NA,NA,NA,NA,4.494366810369465,1.7090556653626248,24
Boltonia_470,-0.150369,-0.148356,-0.193631,-0.0637836,-0.0316206,-0.217942,0.127792,0.0164506,0.0171904,-0.271328,B. diffusa,470,MO5651552,B. diffusa,NA,NA,NA,NA,NA,NA,NA,NA,NA,4.494366810369465,1.7090556653626248,24
Boltonia_471,-0.159444,0.0759924,-0.0183173,0.00559966,-0.0413433,-0.0287217,-0.018425,0.00513078,-0.0341679,-0.120727,B. diffusa,471,MO6335664,B. diffusa,NA,NA,NA,NA,NA,NA,NA,NA,NA,4.494366810369465,1.7090556653626248,24
Boltonia_472,-0.136262,-0.240698,-0.184587,-0.115954,0.113391,0.331335,-0.217858,-0.0234454,0.16827,0.0143918,B. caroliniana,472,MO5657434,B. caroliniana,NA,NA,NA,NA,NA,NA,NA,NA,NA,4.494366810369465,1.7090556653626248,22
Boltonia_473,-0.136228,-0.243859,-0.187286,-0.114118,0.113645,0.331572,-0.218962,-0.0222397,0.170962,0.00930378,B. caroliniana,473,MO5657436,B. caroliniana,NA,NA,NA,NA,NA,NA,NA,NA,NA,4.494366810369465,1.7090556653626248,22
Boltonia_474,-0.14234,-0.252967,-0.191091,-0.114324,0.114708,0.340406,-0.215027,-0.0216227,0.171981,0.00915842,B. caroliniana,474,MO3296052,B. caroliniana,NA,NA,NA,NA,NA,NA,NA,NA,NA,4.494366810369465,1.7090556653626248,22
Boltonia_475,-0.165782,0.0446074,-0.0481583,-2.38169e-4,-0.0483389,-0.0603283,-0.0207923,0.00360528,-0.0273336,-0.199501,B. asteroides var. recognita,475,MO6605549,B. asteroides var. recognita,NA,NA,NA,NA,NA,NA,NA,NA,NA,4.494366810369465,1.7090556653626248,21
Boltonia_476,-0.161393,0.0681018,-0.0374,0.0935151,-0.0920816,0.00649061,-0.00631426,0.00821707,-0.0299365,-0.233099,B. asteroides var. recognita,476,MO5550141,B. asteroides var. recognita,NA,NA,NA,NA,NA,NA,NA,NA,NA,4.494366810369465,1.7090556653626248,21
Boltonia_477,-0.0643581,0.0161876,-0.0802171,0.286621,-0.100391,0.0701796,0.0395812,2.98923e-4,0.0213589,0.25467,B. asteroides var. recognita,477,MO6445537,B. asteroides var. recognita,NA,NA,NA,NA,NA,NA,NA,NA,NA,4.494366810369465,1.7090556653626248,21
Boltonia_478,-0.135279,0.0777607,0.0172558,-0.0184265,-0.00997116,-0.00194995,0.00154241,-0.00358901,-0.0227999,-0.0417092,B. asteroides var. latisquama,478,MO3296042,B. asteroides var. latisquama,NA,NA,NA,NA,NA,NA,NA,NA,NA,4.494366810369465,1.7090556653626248,24
Boltonia_479,-0.12363,0.0170629,-0.131728,0.386476,-0.280909,0.117484,0.0290252,0.00533749,0.0450809,-0.399502,B. asteroides var. latisquama,479,MO04630815,B. asteroides var. latisquama,NA,NA,NA,NA,NA,NA,NA,NA,NA,4.494366810369465,1.7090556653626248,24
Boltonia_481,-0.141848,-0.101409,-0.217756,-0.0224381,-0.0850649,-0.476153,-0.294598,-0.0362962,0.0493949,0.198658,B. asteroides var. asteroides,481,MO5555289,B. asteroides var. asteroides,NA,NA,NA,NA,NA,NA,NA,NA,NA,4.494366810369465,1.7090556653626248,23
Boltonia_482,-0.141655,-0.0882309,-0.218551,-0.0283243,-0.0769537,-0.4644,-0.311306,-0.0369651,0.00995977,0.248635,B. asteroides var. asteroides,482,MO5670280,B. asteroides var. asteroides,NA,NA,NA,NA,NA,NA,NA,NA,NA,4.494366810369465,1.7090556653626248,23
Boltonia_483,-0.116555,0.0123943,-0.147094,0.460211,-0.297051,0.166251,0.0599887,0.0082478,0.0524404,0.447937,B. asteroides var. asteroides,483,MO6669048,B. asteroides var. asteroides,NA,NA,NA,NA,NA,NA,NA,NA,NA,4.494366810369465,1.7090556653626248,23
Boltonia_484,-0.144757,-0.205025,-0.210813,-0.120312,0.0641032,-0.0648192,0.56183,0.0660887,0.0461751,0.0993427,B. apalachicolensis,484,MO3228478,B. apalachicolensis,NA,NA,NA,NA,NA,NA,NA,NA,NA,4.494366810369465,1.7090556653626248,22
Boltonia_485,-0.141751,-0.199278,-0.215138,-0.122271,0.0710822,-0.0578487,0.555102,0.0634254,0.0476821,0.101378,B. apalachicolensis,485,MO3681612,B. apalachicolensis,NA,NA,NA,NA,NA,NA,NA,NA,NA,4.494366810369465,1.7090556653626248,22
Boltonia_486,-0.12925,-0.16224,-0.130588,-0.0372614,0.0551876,0.153876,-0.0756349,-0.0028793,-0.94292,0.0470293,B. montana,486,MO6182444,B. montana,NA,NA,NA,NA,NA,NA,NA,NA,NA,4.494366810369465,1.7090556653626248,21
Boltonia_489,-0.244748,-0.61866,0.714387,0.136379,-0.116222,-0.086705,0.00435851,-0.00746878,0.0161027,0.0240412,Chloracantha spinosa,489,MO5655792,Chloracantha spinosa,NA,NA,NA,NA,NA,NA,NA,NA,NA,4.494366810369465,1.7090556653626248,22
Boltonia_492,-0.118914,0.0198058,-0.122263,0.324408,-0.239061,0.0903333,0.0258512,0.0129784,-0.0197978,-0.149181,B. diffusa,492,Meg_1183_1,B. diffusa,NA,NA,NA,NA,NA,NA,NA,NA,NA,4.494366810369465,1.7090556653626248,24
