Orthogroup	Boltonia_decurrens_hap1_1.0_CDS	Arabidopsis_thaliana_GCF_000001735.4_CDS
OG0000137	g1630.t1, g24206.t1, g13198.t1	lcl|NC_003075.7_cds_NP_001329750.1_29773, lcl|NC_003075.7_cds_NP_001329749.1_29775, lcl|NC_003075.7_cds_NP_567160.1_29774, lcl|NC_003071.7_cds_NP_001324696.1_19047, lcl|NC_003071.7_cds_NP_565963.2_19046, lcl|NC_003075.7_cds_NP_192922.1_31419, lcl|NC_003075.7_cds_NP_192921.1_31417, lcl|NC_003075.7_cds_NP_001329644.1_31416, lcl|NC_003075.7_cds_NP_849539.1_31412, lcl|NC_003075.7_cds_NP_001328718.1_31414, lcl|NC_003075.7_cds_NP_001328719.1_31415, lcl|NC_003075.7_cds_NP_192920.3_31413
OG0000142	g13316.t1	lcl|NC_003075.7_cds_NP_001329561.1_34434
OG0000142	g3839.t1	lcl|NC_003075.7_cds_NP_194344.2_34432, lcl|NC_003075.7_cds_NP_001329560.1_34431, lcl|NC_003075.7_cds_NP_001329558.1_34433, lcl|NC_003075.7_cds_NP_001329555.1_34435, lcl|NC_003075.7_cds_NP_001329557.1_34437, lcl|NC_003075.7_cds_NP_001329554.1_34436, lcl|NC_003075.7_cds_NP_001329559.1_34429, lcl|NC_003075.7_cds_NP_001329556.1_34430, lcl|NC_003075.7_cds_NP_849553.1_34428, lcl|NC_003076.8_cds_NP_200498.1_46043, lcl|NC_003074.8_cds_NP_190852.2_27679, lcl|NC_003074.8_cds_NP_001325739.1_27678
OG0000164	g28239.t1, g23462.t1	lcl|NC_003074.8_cds_NP_001325644.1_28575, lcl|NC_003074.8_cds_NP_001325646.1_28572, lcl|NC_003074.8_cds_NP_001325649.1_28571, lcl|NC_003074.8_cds_NP_001325645.1_28566, lcl|NC_003074.8_cds_NP_001319779.1_28567, lcl|NC_003074.8_cds_NP_001325651.1_28568, lcl|NC_003074.8_cds_NP_001325647.1_28569, lcl|NC_003074.8_cds_NP_001325648.1_28570, lcl|NC_003074.8_cds_NP_567048.1_28573, lcl|NC_003071.7_cds_NP_001323674.1_18999, lcl|NC_003071.7_cds_NP_565958.1_19000, lcl|NC_003074.8_cds_NP_001325650.1_28574
OG0000169	g24528.t1, g1886.t1	lcl|NC_003076.8_cds_NP_196346.1_38331, lcl|NC_003076.8_cds_NP_001032122.1_47030, lcl|NC_003076.8_cds_NP_001330765.1_47027, lcl|NC_003076.8_cds_NP_001318861.1_47028, lcl|NC_003076.8_cds_NP_568946.1_47029, lcl|NC_003076.8_cds_NP_001330766.1_47023, lcl|NC_003076.8_cds_NP_001330767.1_47024, lcl|NC_003076.8_cds_NP_001330768.1_47021, lcl|NC_003076.8_cds_NP_001330764.1_47022, lcl|NC_003076.8_cds_NP_001330769.1_47020, lcl|NC_003076.8_cds_NP_001330771.1_47026, lcl|NC_003076.8_cds_NP_001330770.1_47025
OG0000193	g32777.t1	lcl|NC_003070.9_cds_NP_974037.1_8314, lcl|NC_003070.9_cds_NP_001323277.1_8312, lcl|NC_003070.9_cds_NP_175977.1_8313, lcl|NC_003070.9_cds_NP_974036.2_8315, lcl|NC_003070.9_cds_NP_001323278.1_8309, lcl|NC_003070.9_cds_NP_001323275.1_8311, lcl|NC_003070.9_cds_NP_001323276.1_8310
OG0000193	g14420.t1	lcl|NC_003075.7_cds_NP_849448.4_34506, lcl|NC_003075.7_cds_NP_567747.4_34505, lcl|NC_003075.7_cds_NP_001328772.1_34504, lcl|NC_003075.7_cds_NP_001320072.1_34503
OG0000198	g32183.t1, g32186.t1, g32184.t1, g20716.t1, g33896.t1, g32182.t1, g35100.t1, g32185.t2, g32185.t1, g1394.t1, g32190.t1, g32190.t2	lcl|NC_003071.7_cds_NP_179503.1_14637
OG0000205	g30592.t1	lcl|NC_003074.8_cds_NP_001319527.1_22395, lcl|NC_003074.8_cds_NP_001189866.1_22396, lcl|NC_003074.8_cds_NP_187809.3_22398, lcl|NC_003074.8_cds_NP_001325623.1_22397, lcl|NC_003076.8_cds_NP_001332376.1_38213, lcl|NC_003076.8_cds_NP_001332375.1_38212, lcl|NC_003076.8_cds_NP_001332377.1_38214, lcl|NC_003076.8_cds_NP_001332374.1_38211, lcl|NC_003076.8_cds_NP_001332372.1_38207, lcl|NC_003076.8_cds_NP_001332373.1_38208, lcl|NC_003076.8_cds_NP_001318493.1_38209, lcl|NC_003076.8_cds_NP_196285.5_38210
OG0000231	g18248.t1, g11952.t1, g31211.t1, g13766.t1	lcl|NC_003075.7_cds_NP_194071.1_33861, lcl|NC_003070.9_cds_NP_001077441.1_139, lcl|NC_003070.9_cds_NP_171668.1_138, lcl|NC_003071.7_cds_NP_001078066.1_19801, lcl|NC_003071.7_cds_NP_182120.1_19800, lcl|NC_003071.7_cds_NP_001078067.1_19799, lcl|NC_003074.8_cds_NP_001078323.1_29327, lcl|NC_003074.8_cds_NP_191702.1_29328
OG0000233	g12834.t1, g12832.t1, g12928.t1	lcl|NC_003070.9_cds_NP_563838.1_1735
OG0000233	g33789.t1, g33794.t1, g9609.t1, g9911.t1, g7754.t1	lcl|NC_003076.8_cds_NP_568228.1_38889, lcl|NC_003074.8_cds_NP_189372.1_25376, lcl|NC_003076.8_cds_NP_201338.1_47670
OG0000234	g13000.t1	lcl|NC_003070.9_cds_NP_001323226.1_2069, lcl|NC_003070.9_cds_NP_001323227.1_2070, lcl|NC_003070.9_cds_NP_172551.1_2068, lcl|NC_003070.9_cds_NP_176274.1_8894, lcl|NC_003070.9_cds_NP_001185274.1_8891, lcl|NC_003070.9_cds_NP_001319277.1_8892, lcl|NC_003070.9_cds_NP_176267.3_8883, lcl|NC_003070.9_cds_NP_001323339.1_8884, lcl|NC_003070.9_cds_NP_564761.1_8888, lcl|NC_003070.9_cds_NP_176268.1_8885, lcl|NC_003070.9_cds_NP_564762.2_8890
OG0000242	g25256.t1	lcl|NC_003070.9_cds_NP_001319430.1_12582, lcl|NC_003070.9_cds_NP_178181.1_12581, lcl|NC_003070.9_cds_NP_001320419.1_12584, lcl|NC_003070.9_cds_NP_001320420.1_12583
OG0000242	g33544.t1, g4895.t1	lcl|NC_003071.7_cds_NP_179486.1_14612, lcl|NC_003071.7_cds_NP_001324052.1_14613, lcl|NC_003071.7_cds_NP_001324051.1_14614, lcl|NC_003075.7_cds_NP_194748.1_35208, lcl|NC_003075.7_cds_NP_001190870.1_35209
OG0000244	g2854.t1	lcl|NC_003071.7_cds_NP_001077863.1_12700, lcl|NC_003071.7_cds_NP_178234.1_12699, lcl|NC_003074.8_cds_NP_001326491.1_22716, lcl|NC_003074.8_cds_NP_001326490.1_22715, lcl|NC_003074.8_cds_NP_001326488.1_22718, lcl|NC_003074.8_cds_NP_001326489.1_22717, lcl|NC_003074.8_cds_NP_974305.1_22723, lcl|NC_003074.8_cds_NP_001326487.1_22720, lcl|NC_003074.8_cds_NP_001326486.1_22719, lcl|NC_003074.8_cds_NP_187967.1_22721, lcl|NC_003074.8_cds_NP_974304.1_22722
OG0000252	g612.t2, g1009.t1, g1024.t1, g1024.t2, g1015.t1, g1028.t1, g1030.t1, g612.t1, g1028.t2, g1008.t1, g1016.t1	lcl|NC_003074.8_cds_NP_191196.1_28368
OG0000256	g21156.t1, g11133.t1, g5860.t1, g21155.t1, g3433.t1, g9217.t1, g3347.t1, g21153.t1, g21138.t1, g21151.t1, g21137.t1	lcl|NC_003075.7_cds_NP_567734.1_34390
OG0000285	g28830.t1	lcl|NC_003070.9_cds_NP_001030951.1_589, lcl|NC_003070.9_cds_NP_171880.1_590, lcl|NC_003076.8_cds_NP_201474.1_48000, lcl|NC_003074.8_cds_NP_190639.1_27287, lcl|NC_003074.8_cds_NP_001189882.1_22783, lcl|NC_003074.8_cds_NP_001189883.1_22785, lcl|NC_003074.8_cds_NP_001327023.1_22784, lcl|NC_003074.8_cds_NP_001327021.1_22782, lcl|NC_003074.8_cds_NP_187997.1_22781, lcl|NC_003074.8_cds_NP_001327022.1_22780
OG0000286	g10271.t1, g18904.t1	lcl|NC_003070.9_cds_NP_973757.1_618, lcl|NC_003070.9_cds_NP_001320291.1_616, lcl|NC_003070.9_cds_NP_001320288.1_617, lcl|NC_003070.9_cds_NP_171892.2_613, lcl|NC_003070.9_cds_NP_001320292.1_614, lcl|NC_003070.9_cds_NP_001320289.1_615, lcl|NC_003070.9_cds_NP_001320290.1_619, lcl|NC_003076.8_cds_NP_001332476.1_43657, lcl|NC_003076.8_cds_NP_199222.1_43656
OG0000292	g24636.t1	lcl|NC_003070.9_cds_NP_001319403.1_12121, lcl|NC_003070.9_cds_NP_177979.1_12124, lcl|NC_003070.9_cds_NP_001322932.1_12123, lcl|NC_003070.9_cds_NP_001322931.1_12122, lcl|NC_003075.7_cds_NP_194485.1_34702, lcl|NC_003075.7_cds_NP_001327998.1_34703, lcl|NC_003070.9_cds_NP_001321461.1_3257, lcl|NC_003070.9_cds_NP_173142.2_3256, lcl|NC_003070.9_cds_NP_173143.4_3258, lcl|NC_003075.7_cds_NP_001328875.1_34705
OG0000303	g3665.t1, g6385.t1, g27482.t1	lcl|NC_003070.9_cds_NP_175945.1_8242, lcl|NC_003070.9_cds_NP_849811.1_8243, lcl|NC_003070.9_cds_NP_001320637.1_8240, lcl|NC_003070.9_cds_NP_001320638.1_8239, lcl|NC_003070.9_cds_NP_001320639.1_8241, lcl|NC_003074.8_cds_NP_187956.1_22698, lcl|NC_003076.8_cds_NP_200461.4_45979, lcl|NC_003076.8_cds_NP_001032083.1_45980
OG0000307	g6731.t1, g13464.t1, g7979.t1	lcl|NC_003076.8_cds_NP_001154754.1_42552, lcl|NC_003076.8_cds_NP_001330399.1_42553, lcl|NC_003076.8_cds_NP_001154755.1_42551, lcl|NC_003076.8_cds_NP_198594.1_42550, lcl|NC_003070.9_cds_NP_176814.1_9961, lcl|NC_003070.9_cds_NP_001185330.1_9962, lcl|NC_003070.9_cds_NP_001320585.1_9964, lcl|NC_003070.9_cds_NP_001320584.1_9963
OG0000329	g20078.t1	lcl|NC_003075.7_cds_NP_001329108.1_34151, lcl|NC_003075.7_cds_NP_001329102.1_34150, lcl|NC_003075.7_cds_NP_001329106.1_34146, lcl|NC_003075.7_cds_NP_001329107.1_34152, lcl|NC_003075.7_cds_NP_001329103.1_34154, lcl|NC_003075.7_cds_NP_194205.1_34145, lcl|NC_003075.7_cds_NP_001329104.1_34153, lcl|NC_003075.7_cds_NP_974610.1_34149, lcl|NC_003075.7_cds_NP_001329109.1_34147, lcl|NC_003075.7_cds_NP_001329105.1_34148
OG0000330	g11830.t2, g13815.t1, g13816.t1, g31265.t1, g11830.t1	lcl|NC_003076.8_cds_NP_851181.1_45404, lcl|NC_003076.8_cds_NP_001190528.1_45405, lcl|NC_003076.8_cds_NP_568788.1_45403, lcl|NC_003075.7_cds_NP_567791.1_34787, lcl|NC_003075.7_cds_NP_849462.1_34788, lcl|NC_003076.8_cds_NP_001154776.1_45406
OG0000333	g29955.t1	lcl|NC_003076.8_cds_NP_001330880.1_38095, lcl|NC_003076.8_cds_NP_001330882.1_38098, lcl|NC_003076.8_cds_NP_001330877.1_38097, lcl|NC_003076.8_cds_NP_001330878.1_38096, lcl|NC_003076.8_cds_NP_001330879.1_38089, lcl|NC_003076.8_cds_NP_196230.2_38090, lcl|NC_003076.8_cds_NP_001190235.1_38091, lcl|NC_003076.8_cds_NP_001318488.1_38092, lcl|NC_003076.8_cds_NP_001190236.1_38094, lcl|NC_003076.8_cds_NP_001330881.1_38093
OG0000372	g13143.t1, g24318.t1	lcl|NC_003070.9_cds_NP_001117210.1_127, lcl|NC_003070.9_cds_NP_001322113.1_129, lcl|NC_003070.9_cds_NP_563631.2_130, lcl|NC_003070.9_cds_NP_001322112.1_128, lcl|NC_003075.7_cds_NP_192046.1_30009, lcl|NC_003071.7_cds_NP_001189755.1_19829, lcl|NC_003071.7_cds_NP_001325006.1_19827, lcl|NC_003071.7_cds_NP_182131.2_19828
OG0000373	g23855.t1, g23855.t2, g28829.t1	lcl|NC_003075.7_cds_NP_001319850.1_30278, lcl|NC_003075.7_cds_NP_192175.3_30279, lcl|NC_003075.7_cds_NP_001329387.1_30280, lcl|NC_003070.9_cds_NP_171805.1_437, lcl|NC_003070.9_cds_NP_001322129.1_435, lcl|NC_003070.9_cds_NP_001322130.1_436, lcl|NC_003070.9_cds_NP_001322128.1_434
OG0000378	g14872.t1, g22897.t1	lcl|NC_003070.9_cds_NP_001322882.1_9220, lcl|NC_003070.9_cds_NP_001322881.1_9219, lcl|NC_003070.9_cds_NP_001322880.1_9218, lcl|NC_003070.9_cds_NP_001322879.1_9217, lcl|NC_003070.9_cds_NP_176419.2_9215, lcl|NC_003070.9_cds_NP_001031219.1_9216, lcl|NC_003070.9_cds_NP_001322792.1_2307, lcl|NC_003070.9_cds_NP_172655.1_2308
OG0000380	g4630.t1	lcl|NC_003074.8_cds_NP_850744.1_25003, lcl|NC_003074.8_cds_NP_001030767.1_25004, lcl|NC_003074.8_cds_NP_189186.1_25002, lcl|NC_003074.8_cds_NP_001327446.1_25005, lcl|NC_003074.8_cds_NP_001327445.1_25006, lcl|NC_003074.8_cds_NP_001030766.1_25007, lcl|NC_003070.9_cds_NP_973817.1_2577, lcl|NC_003070.9_cds_NP_001323307.1_2578, lcl|NC_003070.9_cds_NP_172813.1_2576
OG0000390	g10560.t1, g1896.t1, g17082.t1	lcl|NC_003074.8_cds_NP_001325653.1_23989, lcl|NC_003074.8_cds_NP_188630.1_23991, lcl|NC_003074.8_cds_NP_001325654.1_23990, lcl|NC_003074.8_cds_NP_001325652.1_23992, lcl|NC_003070.9_cds_NP_175453.2_7290, lcl|NC_003074.8_cds_NP_001154628.2_23988, lcl|NC_003070.9_cds_NP_174989.2_6472
OG0000392	g11382.t1, g11381.t1	lcl|NC_003070.9_cds_NP_001322049.1_6857, lcl|NC_003070.9_cds_NP_175237.1_6860, lcl|NC_003070.9_cds_NP_001322048.1_6859, lcl|NC_003070.9_cds_NP_849782.1_6861, lcl|NC_003070.9_cds_NP_001322047.1_6858, lcl|NC_003074.8_cds_NP_566571.1_23469, lcl|NC_003074.8_cds_NP_566570.3_23468, lcl|NC_003074.8_cds_NP_851005.1_23467
OG0000393	g1278.t1	lcl|NC_003076.8_cds_NP_568566.1_42842, lcl|NC_003070.9_cds_NP_175638.1_7612, lcl|NC_003074.8_cds_NP_188231.1_23249, lcl|NC_003075.7_cds_NP_001154217.1_31046, lcl|NC_003075.7_cds_NP_001190694.1_31047, lcl|NC_003075.7_cds_NP_192710.1_31048, lcl|NC_003075.7_cds_NP_001319888.1_31049, lcl|NC_003075.7_cds_NP_001328831.1_31050, lcl|NC_003075.7_cds_NP_849347.1_31051
OG0000394	g2927.t1	lcl|NC_003074.8_cds_NP_683646.1_25984, lcl|NC_003071.7_cds_NP_850372.4_19165, lcl|NC_003071.7_cds_NP_001324501.1_19163, lcl|NC_003071.7_cds_NP_850373.4_19164, lcl|NC_003070.9_cds_NP_001031178.1_7805, lcl|NC_003070.9_cds_NP_175738.1_7804, lcl|NC_003070.9_cds_NP_001031179.1_7806, lcl|NC_003074.8_cds_NP_001326778.1_23008, lcl|NC_003074.8_cds_NP_188112.1_23009
OG0000398	g29733.t1, g33272.t1, g33273.t1	lcl|NC_003070.9_cds_NP_974116.1_10615, lcl|NC_003070.9_cds_NP_177142.1_10612, lcl|NC_003070.9_cds_NP_001077803.1_10611, lcl|NC_003070.9_cds_NP_001185358.1_10614, lcl|NC_003070.9_cds_NP_849870.1_10613, lcl|NC_003070.9_cds_NP_001077802.1_10610, lcl|NC_003070.9_cds_NP_974117.1_10616
OG0000400	g24192.t1	lcl|NC_003071.7_cds_NP_850486.2_13460, lcl|NC_003071.7_cds_NP_001325312.1_19719, lcl|NC_003071.7_cds_NP_001318429.1_19718, lcl|NC_003071.7_cds_NP_001325311.1_19721, lcl|NC_003071.7_cds_NP_182078.1_19722, lcl|NC_003071.7_cds_NP_001325313.1_19720, lcl|NC_003071.7_cds_NP_001189752.1_19723, lcl|NC_003074.8_cds_NP_191651.3_29221, lcl|NC_003074.8_cds_NP_001325702.1_29220
OG0000405	g33487.t1	lcl|NC_003075.7_cds_NP_195632.1_36986, lcl|NC_003075.7_cds_NP_001328715.1_36985, lcl|NC_003071.7_cds_NP_001324979.1_15120, lcl|NC_003071.7_cds_NP_001324980.1_15124, lcl|NC_003071.7_cds_NP_001324981.1_15123, lcl|NC_003071.7_cds_NP_001324982.1_15122, lcl|NC_003071.7_cds_NP_001324978.1_15121, lcl|NC_003071.7_cds_NP_001031391.1_15126, lcl|NC_003071.7_cds_NP_179753.1_15125
OG0000406	g19040.t1	lcl|NC_003071.7_cds_NP_850044.1_15493, lcl|NC_003071.7_cds_NP_001031404.1_15494, lcl|NC_003071.7_cds_NP_179956.1_15492, lcl|NC_003071.7_cds_NP_001324137.1_15495
OG0000406	g35421.t1	lcl|NC_003075.7_cds_NP_001031797.4_36566, lcl|NC_003075.7_cds_NP_195405.4_36565, lcl|NC_003075.7_cds_NP_001329338.1_36567, lcl|NC_003075.7_cds_NP_001329337.1_36568
OG0000409	g23746.t1, g28694.t1, g27381.t1, g24195.t1, g6616.t1	lcl|NC_003071.7_cds_NP_001031469.1_17303, lcl|NC_003071.7_cds_NP_180871.1_17302, lcl|NC_003071.7_cds_NP_001323822.1_17301, lcl|NC_003071.7_cds_NP_850201.1_17300, lcl|NC_003071.7_cds_NP_001189664.1_17304
OG0000410	g18084.t1	lcl|NC_003074.8_cds_NP_187645.1_22061
OG0000410	g12423.t1, g12422.t1, g4755.t1, g4754.t1, g4757.t1, g4756.t1	lcl|NC_003074.8_cds_NP_190894.1_27747, lcl|NC_003071.7_cds_NP_181241.1_18024
OG0000420	g16122.t1	lcl|NC_003076.8_cds_NP_197778.1_41222, lcl|NC_003074.8_cds_NP_001078261.1_26993, lcl|NC_003074.8_cds_NP_190465.1_26985, lcl|NC_003074.8_cds_NP_001327179.1_26995, lcl|NC_003074.8_cds_NP_001078260.1_26994, lcl|NC_003074.8_cds_NP_190470.1_26997, lcl|NC_003074.8_cds_NP_001327180.1_26996, lcl|NC_003074.8_cds_NP_001030831.1_26999, lcl|NC_003074.8_cds_NP_850672.1_26998
OG0000437	g5028.t1, g12712.t1	lcl|NC_003076.8_cds_NP_851058.1_41005, lcl|NC_003076.8_cds_NP_197669.1_41003, lcl|NC_003076.8_cds_NP_851057.1_41004, lcl|NC_003076.8_cds_NP_001330970.1_41001, lcl|NC_003076.8_cds_NP_001330969.1_41002, lcl|NC_003076.8_cds_NP_001330971.1_41000, lcl|NC_003076.8_cds_NP_001330127.1_41007, lcl|NC_003076.8_cds_NP_197670.1_41008
OG0000468	g13167.t1, g1658.t1	lcl|NC_003070.9_cds_NP_001184886.1_170, lcl|NC_003070.9_cds_NP_001322176.1_168, lcl|NC_003070.9_cds_NP_171679.1_169, lcl|NC_003070.9_cds_NP_001322177.1_172, lcl|NC_003070.9_cds_NP_001322178.1_171, lcl|NC_003075.7_cds_NP_191980.2_29876, lcl|NC_003075.7_cds_NP_001329175.1_29875
OG0000475	g4980.t1, g12775.t1	lcl|NC_003071.7_cds_NP_001154537.1_16380, lcl|NC_003071.7_cds_NP_850119.1_16382, lcl|NC_003071.7_cds_NP_850118.1_16381, lcl|NC_003070.9_cds_NP_001322760.1_1485, lcl|NC_003070.9_cds_NP_001030994.1_1488, lcl|NC_003070.9_cds_NP_563805.1_1487, lcl|NC_003070.9_cds_NP_001322761.1_1486
OG0000476	g28779.t1, g10262.t2, g10262.t1, g29547.t1, g21046.t1	lcl|NC_003070.9_cds_NP_001320715.1_8061, lcl|NC_003070.9_cds_NP_175858.1_8062, lcl|NC_003070.9_cds_NP_172349.2_1626, lcl|NC_003070.9_cds_NP_001321098.1_1627
OG0000477	g31815.t1, g178.t1	lcl|NC_003070.9_cds_NP_172414.1_1770, lcl|NC_003070.9_cds_NP_001320572.1_8906, lcl|NC_003070.9_cds_NP_176280.1_8907, lcl|NC_003070.9_cds_NP_172537.1_2037, lcl|NC_003070.9_cds_NP_001184954.1_2039, lcl|NC_003070.9_cds_NP_849634.1_2038, lcl|NC_003070.9_cds_NP_001184953.1_2036
OG0000481	g17010.t1, g31742.t1, g950.t1, g33537.t1, g23292.t1, g92.t1, g32746.t1, g11200.t1	lcl|NC_003070.9_cds_NP_172801.1_2558
OG0000483	g27252.t1, g28572.t1	lcl|NC_003070.9_cds_NP_564878.1_9994, lcl|NC_003070.9_cds_NP_563945.2_2726, lcl|NC_003070.9_cds_NP_001319000.1_2727
OG0000483	g11068.t1, g30698.t1	lcl|NC_003070.9_cds_NP_174013.1_4899, lcl|NC_003070.9_cds_NP_001322695.1_4900
OG0000485	g5260.t1	lcl|NC_003070.9_cds_NP_173084.1_3118, lcl|NC_003070.9_cds_NP_001077547.1_3117, lcl|NC_003070.9_cds_NP_001031055.1_3119, lcl|NC_003070.9_cds_NP_001185011.1_3120, lcl|NC_003070.9_cds_NP_001319415.1_12298, lcl|NC_003070.9_cds_NP_001319414.1_12297, lcl|NC_003070.9_cds_NP_001319413.1_12296, lcl|NC_003070.9_cds_NP_178068.1_12299
OG0000494	g33717.t1	lcl|NC_003070.9_cds_NP_564138.1_4031, lcl|NC_003070.9_cds_NP_001321323.1_11838, lcl|NC_003070.9_cds_NP_001321321.1_11837, lcl|NC_003070.9_cds_NP_177823.2_11840, lcl|NC_003070.9_cds_NP_001321322.1_11843, lcl|NC_003070.9_cds_NP_001321324.1_11841, lcl|NC_003070.9_cds_NP_001321326.1_11842, lcl|NC_003070.9_cds_NP_001321325.1_11839
OG0000497	g34146.t1, g18353.t1	lcl|NC_003075.7_cds_NP_192684.1_31006, lcl|NC_003070.9_cds_NP_849749.1_6314, lcl|NC_003071.7_cds_NP_179263.1_14198, lcl|NC_003075.7_cds_NP_195225.1_36195, lcl|NC_003070.9_cds_NP_564176.2_4248, lcl|NC_003070.9_cds_NP_001322405.1_4249, lcl|NC_003070.9_cds_NP_001322404.1_4250
OG0000499	g182.t1	lcl|NC_003070.9_cds_NP_564195.1_4423, lcl|NC_003070.9_cds_NP_001323063.1_10718, lcl|NC_003070.9_cds_NP_974120.1_10721, lcl|NC_003070.9_cds_NP_001323060.1_10715, lcl|NC_003070.9_cds_NP_001323061.1_10716, lcl|NC_003070.9_cds_NP_001323062.1_10717, lcl|NC_003070.9_cds_NP_850975.1_10720, lcl|NC_003070.9_cds_NP_177206.1_10719
OG0000507	g19342.t1, g33911.t1, g26539.t1, g17982.t1	lcl|NC_003075.7_cds_NP_001154216.1_30952, lcl|NC_003075.7_cds_NP_567344.1_30953, lcl|NC_003070.9_cds_NP_001185138.1_6249, lcl|NC_003070.9_cds_NP_564453.1_6250, lcl|NC_003070.9_cds_NP_565176.1_12084
OG0000508	g26559.t1, g18011.t1	lcl|NC_003070.9_cds_NP_001321748.1_6267, lcl|NC_003070.9_cds_NP_001321749.1_6268, lcl|NC_003070.9_cds_NP_001321750.1_6269, lcl|NC_003070.9_cds_NP_001321753.1_6270, lcl|NC_003070.9_cds_NP_001321751.1_6264, lcl|NC_003070.9_cds_NP_174756.2_6266, lcl|NC_003070.9_cds_NP_001321752.1_6265
OG0000509	g25132.t1, g23714.t2, g16645.t1, g23714.t1	lcl|NC_003070.9_cds_NP_001320794.1_6377, lcl|NC_003070.9_cds_NP_001117417.1_6378, lcl|NC_003070.9_cds_NP_001185143.1_6374, lcl|NC_003070.9_cds_NP_174849.2_6375, lcl|NC_003070.9_cds_NP_174850.4_6376
OG0000511	g33816.t1	lcl|NC_003070.9_cds_NP_001031146.1_6506, lcl|NC_003070.9_cds_NP_973966.1_6505, lcl|NC_003070.9_cds_NP_001185150.1_6502, lcl|NC_003070.9_cds_NP_001185149.1_6501, lcl|NC_003070.9_cds_NP_001185152.1_6504, lcl|NC_003070.9_cds_NP_001185151.1_6503, lcl|NC_003070.9_cds_NP_175009.1_6499, lcl|NC_003070.9_cds_NP_001185148.1_6500
OG0000514	g34815.t1, g17510.t1	lcl|NC_003074.8_cds_NP_001325745.1_23542, lcl|NC_003074.8_cds_NP_566806.1_25306, lcl|NC_003076.8_cds_NP_199358.1_43936, lcl|NC_003074.8_cds_NP_566584.1_23544, lcl|NC_003074.8_cds_NP_001325744.1_23543, lcl|NC_003070.9_cds_NP_564525.1_6938, lcl|NC_003070.9_cds_NP_001321378.1_6939
OG0000516	g30654.t1	lcl|NC_003071.7_cds_NP_973609.1_17823, lcl|NC_003071.7_cds_NP_001189687.1_17822, lcl|NC_003071.7_cds_NP_565828.1_17821, lcl|NC_003071.7_cds_NP_001325253.1_17820, lcl|NC_003070.9_cds_NP_175553.1_7467, lcl|NC_003070.9_cds_NP_001322121.1_7465, lcl|NC_003070.9_cds_NP_001322122.1_7466, lcl|NC_003070.9_cds_NP_001322120.1_7464
OG0000520	g27045.t1	lcl|NC_003074.8_cds_NP_187555.1_21892, lcl|NC_003074.8_cds_NP_001319509.1_21891, lcl|NC_003074.8_cds_NP_001189847.1_21893, lcl|NC_003076.8_cds_NP_195869.1_37426, lcl|NC_003070.9_cds_NP_176036.1_8437, lcl|NC_003076.8_cds_NP_195870.1_37428, lcl|NC_003076.8_cds_NP_001119156.1_37427, lcl|NC_003074.8_cds_NP_001319510.1_21890
OG0000523	g11885.t1, g31154.t1	lcl|NC_003070.9_cds_NP_974073.2_9338, lcl|NC_003070.9_cds_NP_001322578.1_9339, lcl|NC_003070.9_cds_NP_001322579.1_9340, lcl|NC_003070.9_cds_NP_001077763.1_9342, lcl|NC_003070.9_cds_NP_001077762.1_9341, lcl|NC_003070.9_cds_NP_001185297.1_9344, lcl|NC_003070.9_cds_NP_564807.2_9343
OG0000529	g2179.t1, g5667.t1, g35025.t1	lcl|NC_003071.7_cds_NP_178224.1_12677, lcl|NC_003071.7_cds_NP_001031387.1_15062, lcl|NC_003071.7_cds_NP_001031386.1_15064, lcl|NC_003071.7_cds_NP_565508.1_15063, lcl|NC_003075.7_cds_NP_568049.1_36943, lcl|NC_003075.7_cds_NP_974710.1_36944
OG0000537	g14921.t1	lcl|NC_003075.7_cds_NP_001320165.1_36971, lcl|NC_003075.7_cds_NP_195626.1_36972, lcl|NC_003075.7_cds_NP_001190960.1_36973, lcl|NC_003071.7_cds_NP_001324691.1_15104, lcl|NC_003071.7_cds_NP_001324690.1_15103, lcl|NC_003071.7_cds_NP_001324689.1_15102, lcl|NC_003071.7_cds_NP_179746.1_15101, lcl|NC_003071.7_cds_NP_001318262.1_15100
OG0000540	g35291.t1, g19536.t2, g19536.t1, g35290.t1, g35285.t1, g35285.t2, g5487.t1, g5487.t2	lcl|NC_003071.7_cds_NP_179879.1_15360
OG0000541	g21361.t1, g3409.t1	lcl|NC_003076.8_cds_NP_196136.1_37916
OG0000541	g34222.t2, g34222.t1, g31056.t2, g31056.t1	lcl|NC_003071.7_cds_NP_001318288.1_15844, lcl|NC_003075.7_cds_NP_194967.1_35657
OG0000543	g7949.t2, g7949.t1	lcl|NC_003071.7_cds_NP_001323441.1_16105, lcl|NC_003071.7_cds_NP_001323440.1_16104, lcl|NC_003071.7_cds_NP_001118394.1_16103, lcl|NC_003071.7_cds_NP_001323438.1_16102, lcl|NC_003071.7_cds_NP_001323439.1_16101, lcl|NC_003071.7_cds_NP_001118393.1_16100, lcl|NC_003071.7_cds_NP_180249.4_16099
OG0000546	g6687.t1	lcl|NC_003071.7_cds_NP_001324209.1_17330, lcl|NC_003071.7_cds_NP_001324214.1_17331, lcl|NC_003071.7_cds_NP_001324208.1_17332, lcl|NC_003071.7_cds_NP_001324211.1_17334, lcl|NC_003071.7_cds_NP_001324212.1_17335, lcl|NC_003071.7_cds_NP_001324213.1_17336, lcl|NC_003071.7_cds_NP_180882.2_17333, lcl|NC_003071.7_cds_NP_001324210.1_17329
OG0000561	g12362.t1, g30811.t1	lcl|NC_003076.8_cds_NP_568121.1_37613, lcl|NC_003076.8_cds_NP_001332165.1_37612, lcl|NC_003074.8_cds_NP_001326432.1_21982, lcl|NC_003074.8_cds_NP_001326433.1_21983, lcl|NC_003074.8_cds_NP_001189851.1_21981, lcl|NC_003074.8_cds_NP_001189850.1_21980, lcl|NC_003074.8_cds_NP_187602.1_21979
OG0000565	g10124.t1, g18054.t1	lcl|NC_003074.8_cds_NP_001326520.1_24314, lcl|NC_003074.8_cds_NP_188802.1_24315, lcl|NC_003075.7_cds_NP_001328412.1_32232, lcl|NC_003075.7_cds_NP_849390.1_32231, lcl|NC_003075.7_cds_NP_001319949.1_32228, lcl|NC_003075.7_cds_NP_567464.1_32230, lcl|NC_003075.7_cds_NP_001319948.1_32229
OG0000582	g13547.t1, g31400.t1	lcl|NC_003076.8_cds_NP_199521.1_44233, lcl|NC_003076.8_cds_NP_001330804.1_44234, lcl|NC_003075.7_cds_NP_567533.1_32732, lcl|NC_003075.7_cds_NP_001329535.1_32730, lcl|NC_003075.7_cds_NP_001329533.1_32729, lcl|NC_003075.7_cds_NP_001329534.1_32731, lcl|NC_003075.7_cds_NP_974566.1_32733
OG0000591	g30569.t1	lcl|NC_003076.8_cds_NP_195942.1_37551, lcl|NC_003076.8_cds_NP_001190215.1_37608, lcl|NC_003076.8_cds_NP_195970.2_37607, lcl|NC_003076.8_cds_NP_001330959.1_37605, lcl|NC_003076.8_cds_NP_001078525.1_37606, lcl|NC_003076.8_cds_NP_001330957.1_37603, lcl|NC_003076.8_cds_NP_001330956.1_37604, lcl|NC_003076.8_cds_NP_001330958.1_37602
OG0000594	g33082.t1	lcl|NC_003076.8_cds_NP_974978.1_47006, lcl|NC_003076.8_cds_NP_974979.1_47003, lcl|NC_003076.8_cds_NP_200997.2_47005, lcl|NC_003076.8_cds_NP_001190590.1_47000, lcl|NC_003076.8_cds_NP_568944.1_47001, lcl|NC_003076.8_cds_NP_974977.1_47002, lcl|NC_003076.8_cds_NP_568180.1_38332, lcl|NC_003076.8_cds_NP_001330552.1_47004
OG0000595	g14129.t1	lcl|NC_003076.8_cds_NP_001190283.1_38944, lcl|NC_003076.8_cds_NP_001318531.1_38945, lcl|NC_003076.8_cds_NP_196627.1_38946, lcl|NC_003076.8_cds_NP_197870.1_41432
OG0000595	g31702.t1	lcl|NC_003076.8_cds_NP_196629.1_38948, lcl|NC_003076.8_cds_NP_001318532.1_38947, lcl|NC_003076.8_cds_NP_196633.2_38958
OG0000662	g15868.t1	lcl|NC_003070.9_cds_NP_171973.1_769
OG0000662	g7436.t1, g617.t1, g616.t1, g13033.t1, g15869.t1	lcl|NC_003071.7_cds_NP_180832.1_17235
OG0000666	g26993.t1, g3223.t1, g26992.t1	lcl|NC_003070.9_cds_NP_849600.1_1098, lcl|NC_003070.9_cds_NP_172112.1_1097, lcl|NC_003070.9_cds_NP_001321282.1_1096, lcl|NC_003076.8_cds_NP_001318643.1_41482, lcl|NC_003076.8_cds_NP_197905.1_41483
OG0000667	g8843.t1	lcl|NC_003070.9_cds_NP_563766.3_1129, lcl|NC_003070.9_cds_NP_001321590.1_1127, lcl|NC_003070.9_cds_NP_001321589.1_1128, lcl|NC_003071.7_cds_NP_001323510.1_16877, lcl|NC_003071.7_cds_NP_001323509.1_16876, lcl|NC_003071.7_cds_NP_001323511.1_16878, lcl|NC_003071.7_cds_NP_850156.1_16879
OG0000677	g576.t1	lcl|NC_003070.9_cds_NP_001077529.1_2478, lcl|NC_003070.9_cds_NP_001117276.1_2476, lcl|NC_003070.9_cds_NP_001184977.1_2477, lcl|NC_003070.9_cds_NP_172750.1_2475, lcl|NC_003070.9_cds_NP_001321059.1_2474, lcl|NC_003074.8_cds_NP_566796.2_25211, lcl|NC_003070.9_cds_NP_174996.1_6476
OG0000682	g20265.t1	lcl|NC_003070.9_cds_NP_001077544.1_3042, lcl|NC_003070.9_cds_NP_001322097.1_3047, lcl|NC_003070.9_cds_NP_001322096.1_3046, lcl|NC_003070.9_cds_NP_001322095.1_3045, lcl|NC_003070.9_cds_NP_173047.1_3044, lcl|NC_003070.9_cds_NP_001319013.1_3043, lcl|NC_003070.9_cds_NP_001322098.1_3048
OG0000685	g5587.t1	lcl|NC_003070.9_cds_NP_973865.1_3676, lcl|NC_003070.9_cds_NP_973864.1_3675, lcl|NC_003070.9_cds_NP_564081.1_3674, lcl|NC_003070.9_cds_NP_001077562.1_3673, lcl|NC_003070.9_cds_NP_565099.1_11522, lcl|NC_003070.9_cds_NP_974145.1_11523, lcl|NC_003070.9_cds_NP_973863.1_3672
OG0000692	g11276.t1, g7727.t1, g7721.t1, g1595.t1	lcl|NC_003071.7_cds_NP_566095.1_20056, lcl|NC_003071.7_cds_NP_001189768.1_20057, lcl|NC_003074.8_cds_NP_191784.1_29493, lcl|NC_003070.9_cds_NP_173755.1_4409
OG0000694	g2088.t1	lcl|NC_003070.9_cds_NP_001320718.1_10411, lcl|NC_003070.9_cds_NP_001320717.1_10409, lcl|NC_003070.9_cds_NP_177038.1_10410, lcl|NC_003070.9_cds_NP_001319082.1_4751, lcl|NC_003070.9_cds_NP_001322420.1_4748, lcl|NC_003070.9_cds_NP_001322419.1_4749, lcl|NC_003070.9_cds_NP_001185096.1_4750
OG0000714	g2687.t1	lcl|NC_003074.8_cds_NP_001189932.1_23836, lcl|NC_003074.8_cds_NP_188548.2_23835, lcl|NC_003070.9_cds_NP_001320455.1_7172, lcl|NC_003070.9_cds_NP_001320454.1_7171, lcl|NC_003070.9_cds_NP_175386.2_7168, lcl|NC_003070.9_cds_NP_850962.1_7170, lcl|NC_003070.9_cds_NP_850961.1_7169
OG0000717	g1407.t1	lcl|NC_003070.9_cds_NP_175568.1_7485, lcl|NC_003076.8_cds_NP_196801.1_39313, lcl|NC_003074.8_cds_NP_001327706.1_28661, lcl|NC_003074.8_cds_NP_001327705.1_28660, lcl|NC_003074.8_cds_NP_191347.1_28663
OG0000717	g23412.t1	lcl|NC_003074.8_cds_NP_001327704.1_28662
OG0000722	g20812.t2, g20812.t1	lcl|NC_003070.9_cds_NP_849818.1_8370, lcl|NC_003070.9_cds_NP_001321034.1_8369, lcl|NC_003070.9_cds_NP_001321033.1_8368
OG0000722	g35282.t1	lcl|NC_003074.8_cds_NP_001154611.1_22558, lcl|NC_003074.8_cds_NP_001319534.1_22557
OG0000725	g11964.t1	lcl|NC_003070.9_cds_NP_001323361.1_9517, lcl|NC_003070.9_cds_NP_974084.1_9515, lcl|NC_003070.9_cds_NP_001185304.1_9514, lcl|NC_003070.9_cds_NP_001323360.1_9516, lcl|NC_003070.9_cds_NP_176568.1_9513, lcl|NC_003076.8_cds_NP_198955.2_43157, lcl|NC_003076.8_cds_NP_001119349.1_43158
OG0000731	g7079.t1, g18456.t1	lcl|NC_003070.9_cds_NP_001031306.2_12422, lcl|NC_003070.9_cds_NP_001117623.1_12423, lcl|NC_003070.9_cds_NP_178112.2_12421, lcl|NC_003070.9_cds_NP_001185445.1_12424, lcl|NC_003075.7_cds_NP_001328817.1_33424, lcl|NC_003075.7_cds_NP_567621.1_33423
OG0000737	g2073.t1	lcl|NC_003071.7_cds_NP_178475.2_13177, lcl|NC_003071.7_cds_NP_001324260.1_13174, lcl|NC_003071.7_cds_NP_001318194.1_13173, lcl|NC_003071.7_cds_NP_001118260.1_13176, lcl|NC_003071.7_cds_NP_001324261.1_13175, lcl|NC_003071.7_cds_NP_973412.1_13178, lcl|NC_003071.7_cds_NP_001030966.1_13179
OG0000752	g21376.t1, g30456.t1	lcl|NC_003075.7_cds_NP_194821.1_35350, lcl|NC_003075.7_cds_NP_194820.1_35348, lcl|NC_003075.7_cds_NP_001328632.1_35349, lcl|NC_003071.7_cds_NP_001189587.1_15603, lcl|NC_003071.7_cds_NP_179997.1_15604, lcl|NC_003071.7_cds_NP_001118375.1_15605
OG0000753	g9445.t1	lcl|NC_003071.7_cds_NP_565647.3_16208, lcl|NC_003071.7_cds_NP_001323821.1_16207, lcl|NC_003071.7_cds_NP_973543.1_16205, lcl|NC_003071.7_cds_NP_001077969.1_16204, lcl|NC_003071.7_cds_NP_001031431.1_16206, lcl|NC_003074.8_cds_NP_001030882.1_28703, lcl|NC_003074.8_cds_NP_191372.2_28702
OG0000756	g27119.t1, g27119.t2	lcl|NC_003071.7_cds_NP_001189625.1_16418, lcl|NC_003071.7_cds_NP_001323946.1_16419, lcl|NC_003071.7_cds_NP_565674.1_16417, lcl|NC_003071.7_cds_NP_001323947.1_16420, lcl|NC_003071.7_cds_NP_001323945.1_16422, lcl|NC_003071.7_cds_NP_001318304.1_16421
OG0000770	g4346.t1, g9868.t1	lcl|NC_003074.8_cds_NP_001118846.1_28213, lcl|NC_003074.8_cds_NP_191120.2_28212, lcl|NC_003071.7_cds_NP_001189714.1_18576, lcl|NC_003071.7_cds_NP_973641.1_18577, lcl|NC_003071.7_cds_NP_001189715.1_18574, lcl|NC_003071.7_cds_NP_181510.1_18575
OG0000778	g18753.t1, g18753.t2	lcl|NC_003076.8_cds_NP_196225.1_38078, lcl|NC_003074.8_cds_NP_187021.2_20792, lcl|NC_003071.7_cds_NP_182244.2_20075, lcl|NC_003074.8_cds_NP_186985.5_20742, lcl|NC_003074.8_cds_NP_001189799.2_20741, lcl|NC_003074.8_cds_NP_186983.2_20736
OG0000785	g12491.t1, g4827.t1, g27062.t1, g23309.t1, g28400.t1	lcl|NC_003076.8_cds_NP_195972.1_37610, lcl|NC_003076.8_cds_NP_001031827.1_37611, lcl|NC_003074.8_cds_NP_187601.1_21978
OG0000789	g14020.t1, g31612.t1	lcl|NC_003074.8_cds_NP_001326708.1_23388, lcl|NC_003074.8_cds_NP_001326707.1_23389, lcl|NC_003074.8_cds_NP_001326709.1_23384, lcl|NC_003074.8_cds_NP_188302.2_23385, lcl|NC_003074.8_cds_NP_001326711.1_23386, lcl|NC_003074.8_cds_NP_001326710.1_23387
OG0000795	g1614.t1, g13855.t1, g11800.t1, g31301.t1, g1613.t1	lcl|NC_003075.7_cds_NP_192834.1_31276, lcl|NC_003075.7_cds_NP_194123.1_33962, lcl|NC_003074.8_cds_NP_189494.1_25600
OG0000796	g9512.t1	lcl|NC_003076.8_cds_NP_851225.1_46588, lcl|NC_003076.8_cds_NP_200786.1_46586, lcl|NC_003076.8_cds_NP_851226.1_46587, lcl|NC_003074.8_cds_NP_001190018.1_26492, lcl|NC_003074.8_cds_NP_001030816.1_26493, lcl|NC_003074.8_cds_NP_001078249.1_26491, lcl|NC_003074.8_cds_NP_190199.2_26490
OG0000797	g22349.t1, g23298.t1	lcl|NC_003076.8_cds_NP_001331974.1_46495, lcl|NC_003076.8_cds_NP_001331973.1_46496, lcl|NC_003076.8_cds_NP_001078768.1_46493, lcl|NC_003076.8_cds_NP_200737.1_46494, lcl|NC_003074.8_cds_NP_190228.1_26543, lcl|NC_003074.8_cds_NP_001030820.1_26544
OG0000798	g13284.t1	lcl|NC_003076.8_cds_NP_001119327.1_42575, lcl|NC_003076.8_cds_NP_198620.1_42587, lcl|NC_003076.8_cds_NP_198617.1_42583, lcl|NC_003076.8_cds_NP_198611.1_42574
OG0000798	g33406.t1	lcl|NC_003074.8_cds_NP_190251.1_26600, lcl|NC_003074.8_cds_NP_566885.1_26598
OG0000800	g362.t1	lcl|NC_003074.8_cds_NP_001190041.1_27078, lcl|NC_003074.8_cds_NP_001325877.1_27077, lcl|NC_003074.8_cds_NP_001325876.1_27076, lcl|NC_003074.8_cds_NP_001325875.1_27075, lcl|NC_003074.8_cds_NP_001325874.1_27074, lcl|NC_003074.8_cds_NP_190512.3_27079, lcl|NC_003074.8_cds_NP_001078264.1_27080
OG0000826	g25936.t1	lcl|NC_003075.7_cds_NP_001078517.1_37138, lcl|NC_003075.7_cds_NP_001328124.1_37137, lcl|NC_003075.7_cds_NP_195713.1_37139, lcl|NC_003075.7_cds_NP_001078516.1_37136, lcl|NC_003075.7_cds_NP_849529.1_37141, lcl|NC_003075.7_cds_NP_001031816.1_37142, lcl|NC_003075.7_cds_NP_001329167.1_37140
OG0000838	g12181.t1, g12177.t1, g12178.t1, g12180.t1, g12179.t1	lcl|NC_003076.8_cds_NP_197907.1_41485, lcl|NC_003076.8_cds_NP_197908.1_41486, lcl|NC_003076.8_cds_NP_201292.1_47569
OG0000840	g18747.t1	lcl|NC_003076.8_cds_NP_001119317.1_42353, lcl|NC_003076.8_cds_NP_001119316.1_42350, lcl|NC_003076.8_cds_NP_001119318.1_42369, lcl|NC_003076.8_cds_NP_001190428.1_42370, lcl|NC_003076.8_cds_NP_001190427.1_42352, lcl|NC_003076.8_cds_NP_198485.2_42351, lcl|NC_003076.8_cds_NP_198495.1_42368
OG0000844	g9545.t1	lcl|NC_003076.8_cds_NP_851174.1_45164, lcl|NC_003076.8_cds_NP_200017.2_45163, lcl|NC_003076.8_cds_NP_001154774.1_45166, lcl|NC_003076.8_cds_NP_001330349.1_45167, lcl|NC_003076.8_cds_NP_001154773.1_45165, lcl|NC_003076.8_cds_NP_001330348.1_45168, lcl|NC_003076.8_cds_NP_001330347.1_45169
OG0000846	g19229.t1, g1941.t1, g20030.t1, g34479.t1, g17459.t1, g33739.t1, g1942.t1	lcl|NC_003076.8_cds_NP_201377.2_47770
OG0000848	g35721.t3, g35969.t1, g35968.t2, g35968.t1, g35721.t1, g35721.t2, g35696.t1	lcl|NC_037304.1_cds_YP_009472114.2_48165
OG0000909	g28843.t1	lcl|NC_003071.7_cds_NP_001324864.1_17083, lcl|NC_003071.7_cds_NP_180761.2_17086, lcl|NC_003071.7_cds_NP_001189654.1_17085, lcl|NC_003071.7_cds_NP_001324865.1_17084, lcl|NC_003070.9_cds_NP_001322092.1_911, lcl|NC_003070.9_cds_NP_172038.4_912
OG0000910	g30297.t1	lcl|NC_003070.9_cds_NP_563741.1_917, lcl|NC_003075.7_cds_NP_974544.1_31897, lcl|NC_003075.7_cds_NP_849541.2_31895, lcl|NC_003075.7_cds_NP_193152.2_31896, lcl|NC_003074.8_cds_NP_001189956.1_24675, lcl|NC_003074.8_cds_NP_189008.1_24674
OG0000913	g30697.t1	lcl|NC_003070.9_cds_NP_172258.1_1425, lcl|NC_003074.8_cds_NP_190189.1_26475, lcl|NC_003074.8_cds_NP_190184.1_26467, lcl|NC_003076.8_cds_NP_200799.1_46610, lcl|NC_003071.7_cds_NP_181283.1_18127, lcl|NC_003074.8_cds_NP_001319739.1_27833
OG0000914	g29976.t1, g6831.t1, g13448.t1	lcl|NC_003071.7_cds_NP_180289.3_16180, lcl|NC_003071.7_cds_NP_001189614.1_16181, lcl|NC_003070.9_cds_NP_001184935.1_1561, lcl|NC_003070.9_cds_NP_172318.1_1560
OG0000916	g34482.t1	lcl|NC_003070.9_cds_NP_172364.3_1659, lcl|NC_003070.9_cds_NP_001321042.1_1663, lcl|NC_003070.9_cds_NP_001077496.1_1662, lcl|NC_003070.9_cds_NP_001321041.1_1664, lcl|NC_003070.9_cds_NP_563828.2_1661, lcl|NC_003070.9_cds_NP_001077495.1_1660
OG0000917	g22269.t1	lcl|NC_003070.9_cds_NP_001322908.1_1799, lcl|NC_003070.9_cds_NP_172428.1_1801, lcl|NC_003070.9_cds_NP_001322909.1_1798, lcl|NC_003070.9_cds_NP_001322907.1_1800, lcl|NC_003070.9_cds_NP_001322906.1_1797, lcl|NC_003070.9_cds_NP_001117256.1_1802
OG0000918	g31251.t1, g35482.t1, g18288.t1, g35055.t1, g35055.t2, g35482.t2	lcl|NC_003070.9_cds_NP_172433.2_1809
OG0000925	g18020.t1	lcl|NC_003070.9_cds_NP_973812.1_2298, lcl|NC_003070.9_cds_NP_001321932.1_2297, lcl|NC_003070.9_cds_NP_172651.1_2295, lcl|NC_003070.9_cds_NP_001321930.1_2299, lcl|NC_003070.9_cds_NP_849647.1_2294, lcl|NC_003070.9_cds_NP_001321931.1_2296
OG0000926	g4109.t1	lcl|NC_003070.9_cds_NP_001323303.1_9282
OG0000926	g23352.t1	lcl|NC_003070.9_cds_NP_001323301.1_9280, lcl|NC_003070.9_cds_NP_563901.1_2362, lcl|NC_003070.9_cds_NP_564798.1_9279, lcl|NC_003070.9_cds_NP_001323302.1_9281
OG0000932	g2329.t1	lcl|NC_003070.9_cds_NP_973825.1_2746, lcl|NC_003070.9_cds_NP_563951.1_2745, lcl|NC_003071.7_cds_NP_565289.1_12985, lcl|NC_003071.7_cds_NP_001325163.1_12982, lcl|NC_003071.7_cds_NP_001325162.1_12983, lcl|NC_003071.7_cds_NP_001325164.1_12984
OG0000937	g28029.t1	lcl|NC_003070.9_cds_NP_565195.1_12195, lcl|NC_003070.9_cds_NP_001117619.1_12196, lcl|NC_003070.9_cds_NP_001322698.1_12194, lcl|NC_003070.9_cds_NP_001323031.1_3213, lcl|NC_003070.9_cds_NP_001323032.1_3214, lcl|NC_003070.9_cds_NP_001319021.1_3212
OG0000952	g32363.t1	lcl|NC_003070.9_cds_NP_173830.1_4554, lcl|NC_003070.9_cds_NP_001323064.1_10641, lcl|NC_003070.9_cds_NP_177163.3_10642, lcl|NC_003070.9_cds_NP_001185080.1_4552, lcl|NC_003070.9_cds_NP_173829.3_4553, lcl|NC_003070.9_cds_NP_001323398.1_4551
OG0000954	g1973.t1, g10686.t1, g32636.t1	lcl|NC_003070.9_cds_NP_176973.1_10295, lcl|NC_003070.9_cds_NP_001322233.1_4645, lcl|NC_003070.9_cds_NP_173873.5_4644, lcl|NC_003070.9_cds_NP_001322232.1_4643
OG0000959	g1852.t1	lcl|NC_003070.9_cds_NP_001154385.1_5426, lcl|NC_003071.7_cds_NP_180995.1_17580, lcl|NC_003071.7_cds_NP_001323764.1_17579, lcl|NC_003070.9_cds_NP_849729.1_5424, lcl|NC_003070.9_cds_NP_001077626.1_5423, lcl|NC_003070.9_cds_NP_564343.1_5425
OG0000967	g33838.t1	lcl|NC_003075.7_cds_NP_001328904.1_31072, lcl|NC_003070.9_cds_NP_564433.1_6102, lcl|NC_003070.9_cds_NP_001321551.1_6101, lcl|NC_003070.9_cds_NP_001321552.1_6100, lcl|NC_003075.7_cds_NP_001328903.1_31073, lcl|NC_003075.7_cds_NP_192719.1_31071
OG0000970	g22859.t1, g5656.t1, g19410.t1, g35050.t1	lcl|NC_003070.9_cds_NP_175127.1_6659
OG0000970	g12795.t1	lcl|NC_003070.9_cds_NP_001320473.1_6660
OG0000972	g18765.t1, g9188.t1	lcl|NC_003074.8_cds_NP_188412.2_23584, lcl|NC_003070.9_cds_NP_001323023.1_6967, lcl|NC_003070.9_cds_NP_001031155.4_6966, lcl|NC_003070.9_cds_NP_564529.4_6965, lcl|NC_003070.9_cds_NP_001154409.1_6964
OG0000973	g1472.t1	lcl|NC_003071.7_cds_NP_001324851.1_19672, lcl|NC_003070.9_cds_NP_175317.1_7043, lcl|NC_003070.9_cds_NP_973996.1_7044, lcl|NC_003071.7_cds_NP_001318428.1_19673, lcl|NC_003071.7_cds_NP_001324852.1_19674, lcl|NC_003071.7_cds_NP_182055.1_19675
OG0000975	g14969.t1, g2725.t1	lcl|NC_003070.9_cds_NP_850960.1_7118, lcl|NC_003070.9_cds_NP_175359.2_7117, lcl|NC_003070.9_cds_NP_001323160.1_7120, lcl|NC_003070.9_cds_NP_001323161.1_7119, lcl|NC_003070.9_cds_NP_175516.1_7392
OG0000976	g24914.t2, g24914.t1	lcl|NC_003074.8_cds_NP_188676.1_24098, lcl|NC_003074.8_cds_NP_001327803.1_24097, lcl|NC_003070.9_cds_NP_175485.1_7348, lcl|NC_003070.9_cds_NP_001320604.1_7349, lcl|NC_003070.9_cds_NP_001320603.1_7347
OG0000978	g3824.t1, g20327.t1, g3754.t1, g959.t1	lcl|NC_003070.9_cds_NP_001322920.1_7679, lcl|NC_003070.9_cds_NP_175666.1_7680, lcl|NC_003070.9_cds_NP_001322921.1_7678
OG0000980	g32814.t1	lcl|NC_003070.9_cds_NP_001319223.1_8005, lcl|NC_003070.9_cds_NP_001322413.1_8006, lcl|NC_003070.9_cds_NP_175830.1_8007, lcl|NC_003074.8_cds_NP_001327739.1_22804, lcl|NC_003074.8_cds_NP_001327738.1_22803, lcl|NC_003074.8_cds_NP_188006.4_22802
OG0000983	g33124.t1	lcl|NC_003070.9_cds_NP_849808.1_8113, lcl|NC_003070.9_cds_NP_974030.1_8114, lcl|NC_003070.9_cds_NP_175880.1_8112, lcl|NC_003076.8_cds_NP_201152.1_47309, lcl|NC_003076.8_cds_NP_001032130.1_47310, lcl|NC_003074.8_cds_NP_190428.1_26929
OG0000985	g14922.t1	lcl|NC_003070.9_cds_NP_175948.1_8252, lcl|NC_003070.9_cds_NP_001321103.1_8251, lcl|NC_003070.9_cds_NP_849812.1_8253, lcl|NC_003070.9_cds_NP_001321102.1_8254, lcl|NC_003074.8_cds_NP_187953.1_22691, lcl|NC_003074.8_cds_NP_001030688.1_22692
OG0000986	g14397.t1	lcl|NC_003070.9_cds_NP_001321918.1_8355, lcl|NC_003070.9_cds_NP_001319248.1_8353, lcl|NC_003070.9_cds_NP_175996.2_8357, lcl|NC_003070.9_cds_NP_001323306.1_8358, lcl|NC_003070.9_cds_NP_175994.3_8354, lcl|NC_003075.7_cds_NP_001320126.1_35924
OG0000996	g24584.t1	lcl|NC_003075.7_cds_NP_001328560.1_34184, lcl|NC_003075.7_cds_NP_001328559.1_34185, lcl|NC_003070.9_cds_NP_001322281.1_9193, lcl|NC_003070.9_cds_NP_176404.3_9192, lcl|NC_003075.7_cds_NP_194217.2_34183, lcl|NC_003075.7_cds_NP_001328558.1_34182
OG0000997	g24922.t1, g955.t1	lcl|NC_003070.9_cds_NP_001185293.1_9198, lcl|NC_003070.9_cds_NP_176409.1_9199, lcl|NC_003075.7_cds_NP_192370.1_30558, lcl|NC_003075.7_cds_NP_001190795.1_33589, lcl|NC_003075.7_cds_NP_193930.1_33588
OG0001003	g5915.t1, g34746.t1	lcl|NC_003070.9_cds_NP_001185327.1_9927, lcl|NC_003070.9_cds_NP_001031240.1_9928, lcl|NC_003070.9_cds_NP_176794.1_9926, lcl|NC_003076.8_cds_NP_198576.1_42525, lcl|NC_003074.8_cds_NP_188409.1_23581
OG0001006	g19019.t1	lcl|NC_003076.8_cds_NP_001331680.1_42694, lcl|NC_003076.8_cds_NP_568558.1_42692, lcl|NC_003070.9_cds_NP_564890.1_10110, lcl|NC_003070.9_cds_NP_974099.1_10111, lcl|NC_003070.9_cds_NP_001322827.1_10112, lcl|NC_003076.8_cds_NP_001331681.1_42693
OG0001009	g5144.t1	lcl|NC_003070.9_cds_NP_974100.1_10237, lcl|NC_003070.9_cds_NP_564907.1_10236, lcl|NC_003070.9_cds_NP_001077787.1_10235, lcl|NC_003070.9_cds_NP_001319339.1_10234, lcl|NC_003070.9_cds_NP_849857.1_10233, lcl|NC_003070.9_cds_NP_001321682.1_10238
OG0001031	g8097.t1	lcl|NC_003071.7_cds_NP_179324.2_14330, lcl|NC_003071.7_cds_NP_001323667.1_14331, lcl|NC_003071.7_cds_NP_565412.1_14332, lcl|NC_003075.7_cds_NP_001328326.1_36288, lcl|NC_003075.7_cds_NP_001328325.1_36286, lcl|NC_003075.7_cds_NP_567984.1_36287
OG0001032	g5711.t1, g34924.t1, g17308.t1	lcl|NC_003075.7_cds_NP_195309.2_36387, lcl|NC_003075.7_cds_NP_001329491.1_36386, lcl|NC_003071.7_cds_NP_179364.2_14400, lcl|NC_003071.7_cds_NP_001189544.1_14399
OG0001036	g34099.t1, g19474.t1	lcl|NC_003071.7_cds_NP_565477.1_14887
OG0001036	g3252.t1	lcl|NC_003075.7_cds_NP_192554.1_30814
OG0001036	g17131.t1	lcl|NC_003075.7_cds_NP_194576.5_34889
OG0001039	g26431.t1, g33815.t1, g1776.t1	lcl|NC_003071.7_cds_NP_179768.1_15151, lcl|NC_003075.7_cds_NP_195645.1_37017, lcl|NC_003076.8_cds_NP_201279.1_47545, lcl|NC_003076.8_cds_NP_196549.1_38776
OG0001042	g13550.t1, g31399.t1, g35389.t1, g19065.t1, g33906.t2, g33906.t1	lcl|NC_003071.7_cds_NP_179885.1_15381
OG0001045	g33050.t1, g14275.t1	lcl|NC_003075.7_cds_NP_001329796.1_35547, lcl|NC_003075.7_cds_NP_974656.1_35548, lcl|NC_003075.7_cds_NP_194914.1_35546, lcl|NC_003071.7_cds_NP_180079.1_15756, lcl|NC_003071.7_cds_NP_001324497.1_15755
OG0001048	g28431.t1	lcl|NC_003071.7_cds_NP_180478.1_16527, lcl|NC_003071.7_cds_NP_001324547.1_16533, lcl|NC_003071.7_cds_NP_180483.1_16534, lcl|NC_003071.7_cds_NP_180482.1_16531, lcl|NC_003071.7_cds_NP_001189630.1_16532, lcl|NC_003071.7_cds_NP_001324126.1_16526
OG0001049	g26984.t1	lcl|NC_003071.7_cds_NP_001077974.1_16568, lcl|NC_003071.7_cds_NP_001318311.1_16567, lcl|NC_003071.7_cds_NP_973559.1_16565, lcl|NC_003071.7_cds_NP_565681.1_16564, lcl|NC_003071.7_cds_NP_850133.1_16563, lcl|NC_003071.7_cds_NP_001077975.1_16566
OG0001058	g30875.t1, g8016.t1	lcl|NC_003074.8_cds_NP_566973.2_27687, lcl|NC_003074.8_cds_NP_850687.1_27688, lcl|NC_003074.8_cds_NP_001327649.1_27686, lcl|NC_003074.8_cds_NP_001319733.1_27685, lcl|NC_003071.7_cds_NP_181176.1_17906
OG0001059	g16303.t1, g20803.t1, g18582.t1, g7108.t1, g30849.t1	lcl|NC_003071.7_cds_NP_001324936.1_17936, lcl|NC_003071.7_cds_NP_181192.1_17935
OG0001060	g33269.t1, g35588.t1, g35588.t2, g33269.t2, g23586.t1, g13075.t1	lcl|NC_003071.7_cds_NP_565866.1_18145
OG0001066	g9713.t1	lcl|NC_003074.8_cds_NP_191203.2_28380, lcl|NC_003074.8_cds_NP_001326816.1_28381, lcl|NC_003074.8_cds_NP_001326815.1_28382, lcl|NC_003071.7_cds_NP_181613.2_18788, lcl|NC_003071.7_cds_NP_973650.1_18789, lcl|NC_003071.7_cds_NP_001324652.1_18790
OG0001075	g35362.t1	lcl|NC_003071.7_cds_NP_001325100.1_19226, lcl|NC_003071.7_cds_NP_001325098.1_19225, lcl|NC_003074.8_cds_NP_191470.1_28873, lcl|NC_003071.7_cds_NP_001318408.1_19224, lcl|NC_003071.7_cds_NP_181825.1_19227, lcl|NC_003071.7_cds_NP_001325099.1_19228
OG0001078	g26599.t1	lcl|NC_003074.8_cds_NP_850724.1_29044, lcl|NC_003074.8_cds_NP_850723.1_29045
OG0001078	g12645.t1, g24325.t1	lcl|NC_003071.7_cds_NP_566011.1_19482, lcl|NC_003074.8_cds_NP_191556.1_29043
OG0001084	g23947.t1, g28985.t1	lcl|NC_003071.7_cds_NP_566106.1_20139, lcl|NC_003071.7_cds_NP_001323716.1_20141, lcl|NC_003071.7_cds_NP_001323717.1_20140, lcl|NC_003074.8_cds_NP_191845.2_29595, lcl|NC_003074.8_cds_NP_001327461.1_29596
OG0001087	g30994.t1	lcl|NC_003074.8_cds_NP_001189832.1_21430, lcl|NC_003074.8_cds_NP_187324.2_21428, lcl|NC_003074.8_cds_NP_001118594.1_21429, lcl|NC_003074.8_cds_NP_001030651.1_21434, lcl|NC_003074.8_cds_NP_001030650.1_21433, lcl|NC_003074.8_cds_NP_187326.1_21432
OG0001088	g23732.t1	lcl|NC_003074.8_cds_NP_187367.1_21504, lcl|NC_003074.8_cds_NP_001030654.1_21503, lcl|NC_003074.8_cds_NP_189127.1_24878, lcl|NC_003075.7_cds_NP_193053.1_31692, lcl|NC_003076.8_cds_NP_001078737.1_44575, lcl|NC_003076.8_cds_NP_199687.1_44576
OG0001090	g1392.t1, g30416.t1, g30415.t1, g30414.t2, g30414.t1	lcl|NC_003074.8_cds_NP_187470.1_21714, lcl|NC_003074.8_cds_NP_850541.1_21715
OG0001091	g8705.t1	lcl|NC_003076.8_cds_NP_001119148.1_37222, lcl|NC_003076.8_cds_NP_001154690.1_37221, lcl|NC_003076.8_cds_NP_001318451.1_37224, lcl|NC_003076.8_cds_NP_195759.1_37223, lcl|NC_003074.8_cds_NP_187503.1_21783, lcl|NC_003075.7_cds_NP_001078458.1_34891
OG0001094	g28133.t1, g3714.t1	lcl|NC_003074.8_cds_NP_001319516.1_22048, lcl|NC_003074.8_cds_NP_001327896.1_22047, lcl|NC_003076.8_cds_NP_850762.1_37734, lcl|NC_003076.8_cds_NP_001318477.1_37733, lcl|NC_003076.8_cds_NP_568133.1_37732
OG0001102	g23082.t1	lcl|NC_003076.8_cds_NP_001318522.1_38793, lcl|NC_003076.8_cds_NP_196557.1_38794, lcl|NC_003076.8_cds_NP_001330962.1_38792, lcl|NC_003075.7_cds_NP_193101.2_31790, lcl|NC_003074.8_cds_NP_188527.2_23799, lcl|NC_003074.8_cds_NP_188784.3_24285
OG0001110	g10755.t1	lcl|NC_003074.8_cds_NP_001327701.1_25023, lcl|NC_003074.8_cds_NP_001189974.1_25024, lcl|NC_003074.8_cds_NP_001189975.1_25026, lcl|NC_003074.8_cds_NP_001327703.1_25021, lcl|NC_003074.8_cds_NP_001327702.1_25022, lcl|NC_003074.8_cds_NP_189197.2_25025
OG0001138	g29279.t2, g29279.t1, g16017.t1, g29277.t1, g29259.t1, g29329.t1	lcl|NC_003075.7_cds_NP_001328999.1_30708
OG0001145	g31312.t2, g31312.t1	lcl|NC_003075.7_cds_NP_001190698.1_31269, lcl|NC_003075.7_cds_NP_567369.1_31267, lcl|NC_003075.7_cds_NP_849357.1_31268, lcl|NC_003075.7_cds_NP_001328452.1_31265, lcl|NC_003075.7_cds_NP_001328453.1_31266
OG0001147	g13772.t1, g11961.t1, g31225.t1	lcl|NC_003075.7_cds_NP_001328014.1_33881, lcl|NC_003075.7_cds_NP_194077.1_33880, lcl|NC_003075.7_cds_NP_001190701.1_31334, lcl|NC_003075.7_cds_NP_192877.1_31335
OG0001148	g3342.t1	lcl|NC_003076.8_cds_NP_001331204.1_46145, lcl|NC_003076.8_cds_NP_200545.1_46146, lcl|NC_003076.8_cds_NP_001190559.1_46147, lcl|NC_003076.8_cds_NP_001331203.1_46148
OG0001148	g14439.t1	lcl|NC_003075.7_cds_NP_192910.1_31396
OG0001151	g27276.t1	lcl|NC_003075.7_cds_NP_849369.1_31606, lcl|NC_003075.7_cds_NP_001154226.1_31605, lcl|NC_003075.7_cds_NP_567393.1_31604, lcl|NC_003075.7_cds_NP_001078378.1_31603, lcl|NC_003075.7_cds_NP_001328223.1_31602, lcl|NC_003075.7_cds_NP_001031621.1_31607
OG0001156	g9816.t1	lcl|NC_003075.7_cds_NP_193548.7_32827, lcl|NC_003075.7_cds_NP_001031661.2_32826, lcl|NC_003075.7_cds_NP_001190760.1_32828, lcl|NC_003075.7_cds_NP_001328767.1_32829, lcl|NC_003075.7_cds_NP_001328766.1_32830, lcl|NC_003075.7_cds_NP_001328768.1_32831
OG0001159	g14176.t1, g11593.t1	lcl|NC_003075.7_cds_NP_001078408.1_33020, lcl|NC_003075.7_cds_NP_849407.1_33019, lcl|NC_003075.7_cds_NP_567574.1_33018, lcl|NC_003076.8_cds_NP_568646.1_43933, lcl|NC_003076.8_cds_NP_001190473.1_43934
OG0001160	g19944.t1, g19945.t1, g31752.t1, g14174.t1	lcl|NC_003075.7_cds_NP_001329718.1_33023, lcl|NC_003075.7_cds_NP_849408.1_33022, lcl|NC_003075.7_cds_NP_567575.1_33021
OG0001168	g13907.t1, g168.t1, g33152.t1	lcl|NC_003075.7_cds_NP_001031708.1_34169, lcl|NC_003075.7_cds_NP_001329945.1_34166, lcl|NC_003075.7_cds_NP_567708.1_34167, lcl|NC_003075.7_cds_NP_001190828.1_34168
OG0001169	g33110.t1, g25372.t1, g29670.t1	lcl|NC_003076.8_cds_NP_001331718.1_44938, lcl|NC_003076.8_cds_NP_001331717.1_44937, lcl|NC_003076.8_cds_NP_199891.4_44936, lcl|NC_003075.7_cds_NP_194227.2_34200
OG0001172	g23243.t1, g14555.t1	lcl|NC_003076.8_cds_NP_195876.1_37441, lcl|NC_003076.8_cds_NP_001190208.1_37440, lcl|NC_003076.8_cds_NP_200275.1_45628, lcl|NC_003075.7_cds_NP_001190852.1_34640, lcl|NC_003075.7_cds_NP_194453.1_34639
OG0001175	g22263.t1	lcl|NC_003075.7_cds_NP_001078465.1_34984, lcl|NC_003075.7_cds_NP_194615.2_34983, lcl|NC_003075.7_cds_NP_001329055.1_34988, lcl|NC_003075.7_cds_NP_001329054.1_34987, lcl|NC_003075.7_cds_NP_001329056.1_34986, lcl|NC_003075.7_cds_NP_194617.2_34989
OG0001177	g23731.t1, g26725.t1, g21981.t1, g29348.t1	lcl|NC_003075.7_cds_NP_001329355.1_35383, lcl|NC_003075.7_cds_NP_194840.3_35382, lcl|NC_003075.7_cds_NP_194839.2_35381
OG0001182	g16679.t1, g16671.t1, g15358.t1, g16681.t1, g16781.t1, g16782.t1	lcl|NC_003075.7_cds_NP_567921.1_35896
OG0001183	g8528.t1, g15367.t1, g5381.t1, g35423.t1	lcl|NC_003075.7_cds_NP_001328324.1_36563, lcl|NC_003075.7_cds_NP_195404.6_36562, lcl|NC_003075.7_cds_NP_001328323.1_36564
OG0001189	g12942.t1	lcl|NC_003076.8_cds_NP_001331217.1_47348, lcl|NC_003076.8_cds_NP_001318514.1_38596, lcl|NC_003076.8_cds_NP_001331120.1_38597, lcl|NC_003076.8_cds_NP_196474.1_38598, lcl|NC_003076.8_cds_NP_001331216.1_47347, lcl|NC_003076.8_cds_NP_201173.1_47349
OG0001199	g17093.t1, g32764.t1, g17092.t1	lcl|NC_003076.8_cds_NP_974780.1_39586, lcl|NC_003076.8_cds_NP_196946.1_39583, lcl|NC_003076.8_cds_NP_850818.1_39584, lcl|NC_003076.8_cds_NP_974779.1_39585
OG0001204	g31204.t1, g11928.t1, g28008.t1	lcl|NC_003076.8_cds_NP_001190373.1_41214, lcl|NC_003076.8_cds_NP_568437.1_41213, lcl|NC_003076.8_cds_NP_199247.1_43708, lcl|NC_003076.8_cds_NP_568959.1_47164
OG0001205	g1744.t1, g24384.t1, g13125.t1	lcl|NC_003076.8_cds_NP_568602.3_43276, lcl|NC_003076.8_cds_NP_001190448.1_43273, lcl|NC_003076.8_cds_NP_851120.1_43275, lcl|NC_003076.8_cds_NP_001331306.1_43274
OG0001206	g13400.t1, g13399.t1, g13401.t1	lcl|NC_003076.8_cds_NP_199150.1_43498, lcl|NC_003076.8_cds_NP_199149.1_43497, lcl|NC_003076.8_cds_NP_199151.1_43499, lcl|NC_003076.8_cds_NP_001190462.1_43500
OG0001213	g18632.t1	lcl|NC_003076.8_cds_NP_001332079.1_45459, lcl|NC_003076.8_cds_NP_001332080.1_45454, lcl|NC_003076.8_cds_NP_200167.2_45457, lcl|NC_003076.8_cds_NP_001190532.1_45458, lcl|NC_003076.8_cds_NP_001332081.1_45455, lcl|NC_003076.8_cds_NP_001332078.1_45456
OG0001216	g12655.t1, g12653.t1, g12651.t1, g12649.t1, g12650.t1, g12652.t1	lcl|NC_003076.8_cds_NP_200647.1_46337
OG0001219	g26104.t1	lcl|NC_003076.8_cds_NP_568961.3_47177, lcl|NC_003076.8_cds_NP_001332400.1_47178, lcl|NC_003076.8_cds_NP_001332401.1_47179, lcl|NC_003076.8_cds_NP_851250.1_47176, lcl|NC_003076.8_cds_NP_001190599.1_47175, lcl|NC_003076.8_cds_NP_001190598.1_47174
OG0001326	g24288.t1, g1670.t1	lcl|NC_003070.9_cds_NP_001323100.1_145, lcl|NC_003070.9_cds_NP_001030930.1_146, lcl|NC_003070.9_cds_NP_001318903.1_144, lcl|NC_003070.9_cds_NP_171671.2_143
OG0001327	g24262.t1, g13182.t1	lcl|NC_003070.9_cds_NP_001320631.1_181, lcl|NC_003070.9_cds_NP_171684.2_182, lcl|NC_003075.7_cds_NP_191972.6_29858, lcl|NC_003075.7_cds_NP_001190645.1_29859
OG0001339	g27384.t1, g27384.t2, g23750.t1	lcl|NC_003070.9_cds_NP_001320432.1_752, lcl|NC_003070.9_cds_NP_171964.1_751, lcl|NC_003070.9_cds_NP_001320433.1_750
OG0001346	g12688.t1	lcl|NC_003070.9_cds_NP_172303.5_1530, lcl|NC_003070.9_cds_NP_001322767.1_1531, lcl|NC_003071.7_cds_NP_001325160.1_16161, lcl|NC_003071.7_cds_NP_001325161.1_16159, lcl|NC_003071.7_cds_NP_180280.2_16160
OG0001347	g28349.t1	lcl|NC_003071.7_cds_NP_565654.1_16246, lcl|NC_003071.7_cds_NP_850104.1_16247, lcl|NC_003070.9_cds_NP_563813.2_1553, lcl|NC_003076.8_cds_NP_001078612.1_40929, lcl|NC_003076.8_cds_NP_197636.1_40930
OG0001369	g3580.t1, g20583.t1	lcl|NC_003070.9_cds_NP_173173.3_3318, lcl|NC_003070.9_cds_NP_001185380.1_11020, lcl|NC_003070.9_cds_NP_001077811.1_11022, lcl|NC_003070.9_cds_NP_565040.2_11021
OG0001372	g7139.t1, g7139.t2, g9005.t1	lcl|NC_003070.9_cds_NP_001185026.1_3458, lcl|NC_003070.9_cds_NP_173247.1_3456, lcl|NC_003070.9_cds_NP_001031063.1_3457
OG0001373	g5362.t1, g5363.t1, g19021.t1, g5364.t1, g24816.t1	lcl|NC_003070.9_cds_NP_173267.1_3492
OG0001379	g35061.t1, g19400.t1	lcl|NC_003070.9_cds_NP_177675.1_11582, lcl|NC_003070.9_cds_NP_001320303.1_11583, lcl|NC_003070.9_cds_NP_001320304.1_11584, lcl|NC_003070.9_cds_NP_173401.1_3738
OG0001380	g19534.t1	lcl|NC_003070.9_cds_NP_174105.2_5073, lcl|NC_003070.9_cds_NP_001031099.1_5074, lcl|NC_003070.9_cds_NP_173405.2_3745, lcl|NC_003070.9_cds_NP_001320698.1_3746, lcl|NC_003070.9_cds_NP_001031098.1_5072
OG0001383	g10454.t1	lcl|NC_003076.8_cds_NP_196786.1_39239, lcl|NC_003070.9_cds_NP_001321446.1_11633, lcl|NC_003075.7_cds_NP_193821.1_33366, lcl|NC_003070.9_cds_NP_564101.1_3789, lcl|NC_003070.9_cds_NP_177706.1_11632
OG0001387	g7550.t1	lcl|NC_003071.7_cds_NP_001318203.1_13458, lcl|NC_003070.9_cds_NP_001322805.1_3918, lcl|NC_003070.9_cds_NP_173495.5_3917, lcl|NC_003070.9_cds_NP_173498.3_3923, lcl|NC_003071.7_cds_NP_973426.1_13459
OG0001390	g10299.t2, g7810.t1, g10298.t1, g10299.t1	lcl|NC_003070.9_cds_NP_173517.1_3965, lcl|NC_003070.9_cds_NP_177780.1_11765
OG0001394	g26314.t1	lcl|NC_003070.9_cds_NP_001320855.1_4077, lcl|NC_003070.9_cds_NP_173578.2_4076, lcl|NC_003070.9_cds_NP_001319394.1_11901, lcl|NC_003070.9_cds_NP_001321002.1_11902, lcl|NC_003076.8_cds_NP_201199.1_47394
OG0001399	g10897.t1	lcl|NC_003070.9_cds_NP_849700.1_4345, lcl|NC_003070.9_cds_NP_001077584.1_4344, lcl|NC_003070.9_cds_NP_001319066.1_4343, lcl|NC_003070.9_cds_NP_564189.1_4346, lcl|NC_003070.9_cds_NP_177250.1_10816
OG0001417	g5269.t1	lcl|NC_003075.7_cds_NP_194265.2_34270, lcl|NC_003070.9_cds_NP_001320956.1_6293, lcl|NC_003070.9_cds_NP_174768.2_6292, lcl|NC_003070.9_cds_NP_001321974.1_4863, lcl|NC_003070.9_cds_NP_173995.1_4862
OG0001425	g24565.t1	lcl|NC_003071.7_cds_NP_001324371.1_17611, lcl|NC_003071.7_cds_NP_001189675.1_17610, lcl|NC_003071.7_cds_NP_181013.1_17609, lcl|NC_003070.9_cds_NP_001031116.1_5489, lcl|NC_003070.9_cds_NP_174329.1_5488
OG0001426	g30.t1, g11125.t1	lcl|NC_003070.9_cds_NP_001323337.1_5502, lcl|NC_003070.9_cds_NP_849732.1_5501, lcl|NC_003070.9_cds_NP_849731.1_5500, lcl|NC_003070.9_cds_NP_174333.2_5499
OG0001427	g24541.t1, g19703.t1, g25754.t1	lcl|NC_003070.9_cds_NP_001185115.2_5508, lcl|NC_003070.9_cds_NP_174335.4_5507, lcl|NC_003070.9_cds_NP_001185116.1_5509
OG0001432	g13961.t1	lcl|NC_003070.9_cds_NP_174500.1_5820, lcl|NC_003070.9_cds_NP_001320444.1_5821, lcl|NC_003071.7_cds_NP_001318358.1_17754, lcl|NC_003071.7_cds_NP_850247.1_17753, lcl|NC_003071.7_cds_NP_565807.1_17755
OG0001436	g11563.t1	lcl|NC_003070.9_cds_NP_001322672.1_6082, lcl|NC_003076.8_cds_NP_197371.2_40350, lcl|NC_003070.9_cds_NP_001154391.1_6081, lcl|NC_003070.9_cds_NP_174656.1_6080, lcl|NC_003076.8_cds_NP_001330599.1_40351
OG0001441	g11748.t1	lcl|NC_003070.9_cds_NP_001322227.1_6398, lcl|NC_003075.7_cds_NP_001328058.1_35722, lcl|NC_003075.7_cds_NP_974666.1_35720, lcl|NC_003075.7_cds_NP_194992.1_35719, lcl|NC_003075.7_cds_NP_001031774.1_35721
OG0001445	g26357.t1, g19432.t1	lcl|NC_003070.9_cds_NP_175088.1_6599, lcl|NC_003070.9_cds_NP_973969.1_6601, lcl|NC_003070.9_cds_NP_973970.1_6602, lcl|NC_003070.9_cds_NP_001321683.1_6600
OG0001446	g33468.t1, g951.t1, g19586.t1, g25706.t1	lcl|NC_003076.8_cds_NP_568620.1_43441, lcl|NC_003070.9_cds_NP_564497.1_6735
OG0001448	g11387.t1	lcl|NC_003076.8_cds_NP_199773.1_44731, lcl|NC_003076.8_cds_NP_001190502.1_44732, lcl|NC_003075.7_cds_NP_195574.1_36885, lcl|NC_003074.8_cds_NP_186802.1_20378, lcl|NC_003070.9_cds_NP_564519.1_6854
OG0001454	g22816.t1, g2729.t1, g22088.t1	lcl|NC_003070.9_cds_NP_175355.1_7112, lcl|NC_003070.9_cds_NP_001031161.1_7113, lcl|NC_003074.8_cds_NP_188512.1_23765
OG0001458	g24970.t1	lcl|NC_003070.9_cds_NP_001321848.1_7306, lcl|NC_003070.9_cds_NP_001321847.1_7307, lcl|NC_003070.9_cds_NP_564569.1_7303, lcl|NC_003070.9_cds_NP_001117462.1_7304, lcl|NC_003070.9_cds_NP_849790.1_7305
OG0001461	g25094.t1	lcl|NC_003074.8_cds_NP_001326929.1_24257, lcl|NC_003074.8_cds_NP_566682.1_24258, lcl|NC_003074.8_cds_NP_001326930.1_24259, lcl|NC_003070.9_cds_NP_001077699.1_7522, lcl|NC_003070.9_cds_NP_175588.2_7521
OG0001466	g23157.t1, g2977.t1	lcl|NC_003070.9_cds_NP_001319212.1_7779, lcl|NC_003070.9_cds_NP_001185209.1_7778, lcl|NC_003070.9_cds_NP_175724.2_7780, lcl|NC_003074.8_cds_NP_188140.1_23059
OG0001474	g20847.t1, g14373.t1, g14374.t1	lcl|NC_003070.9_cds_NP_001117503.1_8397, lcl|NC_003074.8_cds_NP_187884.1_22540, lcl|NC_003070.9_cds_NP_176015.1_8396
OG0001485	g22483.t1	lcl|NC_003070.9_cds_NP_001031215.1_8948, lcl|NC_003070.9_cds_NP_849835.1_8947, lcl|NC_003070.9_cds_NP_176297.1_8946, lcl|NC_003070.9_cds_NP_001321253.1_8945, lcl|NC_003070.9_cds_NP_001319278.1_8944
OG0001498	g25837.t1	lcl|NC_003070.9_cds_NP_176802.1_9943, lcl|NC_003070.9_cds_NP_849848.1_9941, lcl|NC_003070.9_cds_NP_176801.1_9942, lcl|NC_003074.8_cds_NP_187537.1_21859, lcl|NC_003076.8_cds_NP_198203.1_42012
OG0001505	g11229.t1, g160.t1	lcl|NC_003070.9_cds_NP_001031262.1_10741, lcl|NC_003070.9_cds_NP_001031263.1_10742, lcl|NC_003070.9_cds_NP_974122.1_10740, lcl|NC_003070.9_cds_NP_177215.1_10739
OG0001507	g25064.t1, g27385.t1, g20510.t1	lcl|NC_003076.8_cds_NP_199329.1_43867, lcl|NC_003070.9_cds_NP_001321991.1_11145, lcl|NC_003070.9_cds_NP_177439.2_11144
OG0001511	g24500.t1	lcl|NC_003070.9_cds_NP_001321898.1_12332, lcl|NC_003070.9_cds_NP_001321899.1_12329, lcl|NC_003070.9_cds_NP_178080.2_12328, lcl|NC_003070.9_cds_NP_001321901.1_12331, lcl|NC_003070.9_cds_NP_001321900.1_12330
OG0001530	g5960.t1, g17852.t1	lcl|NC_003076.8_cds_NP_001332624.1_42669, lcl|NC_003076.8_cds_NP_568557.1_42671, lcl|NC_003076.8_cds_NP_001318697.1_42670, lcl|NC_003071.7_cds_NP_565347.1_13705
OG0001536	g5770.t1	lcl|NC_003071.7_cds_NP_001189542.1_14367, lcl|NC_003071.7_cds_NP_179344.1_14366, lcl|NC_003071.7_cds_NP_001077907.1_14368, lcl|NC_003075.7_cds_NP_974689.1_36312, lcl|NC_003075.7_cds_NP_195275.1_36313
OG0001542	g23796.t2, g23796.t1, g23796.t3	lcl|NC_003071.7_cds_NP_179637.2_14858, lcl|NC_003071.7_cds_NP_001318254.1_14857, lcl|NC_003071.7_cds_NP_001325157.1_14859
OG0001545	g4635.t1, g10237.t1	lcl|NC_003071.7_cds_NP_001031390.1_15119, lcl|NC_003071.7_cds_NP_179752.1_15118, lcl|NC_003075.7_cds_NP_001119144.1_36984, lcl|NC_003075.7_cds_NP_195631.1_36983
OG0001556	g301.t1, g14310.t1, g31641.t1	lcl|NC_003071.7_cds_NP_180178.1_15956, lcl|NC_003075.7_cds_NP_195027.1_35804, lcl|NC_003075.7_cds_NP_001119106.1_35805
OG0001557	g24607.t1	lcl|NC_003071.7_cds_NP_001318295.1_16135, lcl|NC_003071.7_cds_NP_850092.1_16134, lcl|NC_003071.7_cds_NP_850095.2_16131, lcl|NC_003071.7_cds_NP_850094.1_16132, lcl|NC_003071.7_cds_NP_001031427.1_16133
OG0001566	g30725.t1, g28376.t1, g23330.t1	lcl|NC_003071.7_cds_NP_180430.2_16444, lcl|NC_003071.7_cds_NP_001323773.1_16442, lcl|NC_003071.7_cds_NP_001323772.1_16443
OG0001577	g18832.t1	lcl|NC_003071.7_cds_NP_973608.1_17798, lcl|NC_003071.7_cds_NP_001323450.1_17797, lcl|NC_003075.7_cds_NP_193393.4_32474, lcl|NC_003071.7_cds_NP_565817.2_17795, lcl|NC_003071.7_cds_NP_973607.1_17796
OG0001580	g18634.t1, g34091.t1, g34092.t1, g34093.t1	lcl|NC_003074.8_cds_NP_190826.1_27636, lcl|NC_003071.7_cds_NP_181158.1_17875
OG0001584	g29154.t1	lcl|NC_003071.7_cds_NP_181352.1_18253, lcl|NC_003074.8_cds_NP_190754.2_27487, lcl|NC_003074.8_cds_NP_001327590.1_27488, lcl|NC_003071.7_cds_NP_973630.1_18254, lcl|NC_003071.7_cds_NP_850292.2_18255
OG0001587	g27474.t1, g27475.t1, g28767.t1	lcl|NC_003074.8_cds_NP_191030.3_28030, lcl|NC_003074.8_cds_NP_001319749.1_28029, lcl|NC_003071.7_cds_NP_181428.1_18417
OG0001590	g23315.t1, g9938.t1, g4428.t1	lcl|NC_003071.7_cds_NP_181480.1_18515, lcl|NC_003071.7_cds_NP_001324134.1_18516, lcl|NC_003074.8_cds_NP_191092.1_28167
OG0001596	g1923.t1, g1924.t1, g33473.t1, g1922.t1, g1917.t1	lcl|NC_003071.7_cds_NP_181679.4_18941
OG0001599	g26904.t1, g22731.t1, g3814.t1, g1893.t1, g10559.t1	lcl|NC_003071.7_cds_NP_181819.1_19216
OG0001600	g30324.t1, g12978.t1	lcl|NC_003074.8_cds_NP_567083.1_28923, lcl|NC_003074.8_cds_NP_850721.1_28924, lcl|NC_003071.7_cds_NP_181853.3_19286, lcl|NC_003071.7_cds_NP_001118506.1_19285
OG0001605	g29990.t1, g24068.t1	lcl|NC_003074.8_cds_NP_567094.1_29091, lcl|NC_003071.7_cds_NP_850420.1_19555, lcl|NC_003071.7_cds_NP_850419.1_19553, lcl|NC_003071.7_cds_NP_850418.1_19554
OG0001609	g22421.t1	lcl|NC_003071.7_cds_NP_001031548.1_19927, lcl|NC_003071.7_cds_NP_182176.2_19926, lcl|NC_003071.7_cds_NP_973701.1_19928, lcl|NC_003074.8_cds_NP_567119.1_29413, lcl|NC_003074.8_cds_NP_001327870.1_29414
OG0001613	g27779.t1, g20016.t1, g33211.t1	lcl|NC_003074.8_cds_NP_191786.1_29497, lcl|NC_003071.7_cds_NP_850469.1_20064, lcl|NC_003071.7_cds_NP_001078071.1_20065
OG0001615	g25918.t1, g33431.t1, g19784.t1, g29141.t1	lcl|NC_003074.8_cds_NP_191846.1_29597, lcl|NC_003071.7_cds_NP_182283.1_20136
OG0001617	g28972.t1	lcl|NC_003071.7_cds_NP_001031557.1_20164, lcl|NC_003071.7_cds_NP_001324356.1_20161, lcl|NC_003071.7_cds_NP_001031556.1_20162, lcl|NC_003071.7_cds_NP_182297.1_20163, lcl|NC_003071.7_cds_NP_001318442.1_20160
OG0001624	g35172.t1, g19954.t1	lcl|NC_003074.8_cds_NP_186905.1_20589, lcl|NC_003074.8_cds_NP_850504.1_20590, lcl|NC_003074.8_cds_NP_001319452.1_20588, lcl|NC_003076.8_cds_NP_197117.1_39897
OG0001638	g14242.t1, g31724.t1	lcl|NC_003074.8_cds_NP_187288.2_21346, lcl|NC_003074.8_cds_NP_001327379.1_21344, lcl|NC_003074.8_cds_NP_001327377.1_21345, lcl|NC_003074.8_cds_NP_001327378.1_21347
OG0001646	g23643.t1	lcl|NC_003074.8_cds_NP_001078148.1_22811, lcl|NC_003074.8_cds_NP_566469.1_22810, lcl|NC_003074.8_cds_NP_001189885.1_22809, lcl|NC_003074.8_cds_NP_001327653.1_22807, lcl|NC_003074.8_cds_NP_001319547.1_22808
OG0001654	g2288.t1, g15226.t1, g22864.t1, g14896.t1, g22227.t1	lcl|NC_003074.8_cds_NP_188686.2_24116
OG0001663	g30289.t2, g30289.t1, g30291.t1, g30293.t1	lcl|NC_003074.8_cds_NP_189021.2_24693, lcl|NC_003075.7_cds_NP_193143.2_31873
OG0001668	g32690.t1	lcl|NC_003074.8_cds_NP_189309.2_25245, lcl|NC_003074.8_cds_NP_001030774.1_25246, lcl|NC_003074.8_cds_NP_001327171.1_25247, lcl|NC_003074.8_cds_NP_001327170.1_25248, lcl|NC_003074.8_cds_NP_001030776.2_25244
OG0001670	g27561.t1, g17107.t1	lcl|NC_003074.8_cds_NP_189374.1_25377, lcl|NC_003074.8_cds_NP_001118718.1_25378, lcl|NC_003076.8_cds_NP_001332094.1_43015, lcl|NC_003076.8_cds_NP_198881.1_43014
OG0001679	g18307.t1, g9907.t1	lcl|NC_003074.8_cds_NP_001325532.1_26549, lcl|NC_003074.8_cds_NP_001325533.1_26550, lcl|NC_003074.8_cds_NP_566884.1_26548, lcl|NC_003076.8_cds_NP_568902.3_46497
OG0001691	g4391.t1, g4391.t2	lcl|NC_003076.8_cds_NP_198191.2_41997, lcl|NC_003074.8_cds_NP_001327786.1_27648, lcl|NC_003074.8_cds_NP_001030849.1_27650, lcl|NC_003074.8_cds_NP_190834.1_27649
OG0001692	g30709.t1	lcl|NC_003074.8_cds_NP_974425.1_27821, lcl|NC_003074.8_cds_NP_001327608.1_27820, lcl|NC_003074.8_cds_NP_001030853.1_27819, lcl|NC_003074.8_cds_NP_190925.1_27817, lcl|NC_003074.8_cds_NP_850695.2_27818
OG0001699	g18882.t1	lcl|NC_003074.8_cds_NP_001327764.1_28709, lcl|NC_003074.8_cds_NP_001327762.1_28710, lcl|NC_003074.8_cds_NP_001327763.1_28708, lcl|NC_003074.8_cds_NP_191375.1_28707, lcl|NC_003074.8_cds_NP_001319790.1_28706
OG0001702	g7573.t1, g11477.t1	lcl|NC_003074.8_cds_NP_001327362.1_29123, lcl|NC_003074.8_cds_NP_001190141.1_29122, lcl|NC_003074.8_cds_NP_191592.5_29121, lcl|NC_003074.8_cds_NP_001327363.1_29124
OG0001711	g28991.t1	lcl|NC_003076.8_cds_NP_196477.1_38604, lcl|NC_003076.8_cds_NP_001190265.1_38603, lcl|NC_003075.7_cds_NP_567232.3_30216, lcl|NC_003076.8_cds_NP_001331282.1_38605, lcl|NC_003076.8_cds_NP_198514.1_42402
OG0001712	g23899.t1, g27606.t1	lcl|NC_003075.7_cds_NP_001328398.1_30330, lcl|NC_003075.7_cds_NP_001328396.1_30329, lcl|NC_003075.7_cds_NP_192199.1_30328, lcl|NC_003075.7_cds_NP_001328397.1_30331
OG0001717	g10796.t1, g2162.t1, g32563.t1, g18767.t1, g11979.t1	lcl|NC_003075.7_cds_NP_192419.1_30669
OG0001726	g3475.t1	lcl|NC_003075.7_cds_NP_001329372.1_31923, lcl|NC_003075.7_cds_NP_193165.7_31924, lcl|NC_003075.7_cds_NP_001329373.1_31925, lcl|NC_003075.7_cds_NP_001329371.1_31926, lcl|NC_003075.7_cds_NP_001329374.1_31927
OG0001735	g29379.t1	lcl|NC_003075.7_cds_NP_001190783.1_33385, lcl|NC_003075.7_cds_NP_001031683.1_33386, lcl|NC_003075.7_cds_NP_001031684.1_33387, lcl|NC_003075.7_cds_NP_193830.1_33384, lcl|NC_003076.8_cds_NP_199245.1_43706
OG0001738	g13931.t1, g20756.t1, g13862.t1, g13946.t1, g13934.t1	lcl|NC_003075.7_cds_NP_567691.1_33965
OG0001739	g31323.t1	lcl|NC_003075.7_cds_NP_194132.3_33977, lcl|NC_003075.7_cds_NP_001329694.1_33974, lcl|NC_003075.7_cds_NP_194130.3_33973, lcl|NC_003075.7_cds_NP_567692.2_33975, lcl|NC_003075.7_cds_NP_001328486.1_33976
OG0001745	g20704.t1	lcl|NC_003075.7_cds_NP_194386.1_34520, lcl|NC_003076.8_cds_NP_200410.1_45891, lcl|NC_003076.8_cds_NP_001332655.1_45890, lcl|NC_003075.7_cds_NP_001320073.1_34522, lcl|NC_003075.7_cds_NP_194387.1_34521
OG0001746	g952.t1	lcl|NC_003076.8_cds_NP_200318.1_45695, lcl|NC_003076.8_cds_NP_001330709.1_45694, lcl|NC_003075.7_cds_NP_849453.1_34589, lcl|NC_003075.7_cds_NP_849452.1_34587, lcl|NC_003075.7_cds_NP_567761.1_34588
OG0001750	g23547.t1, g3291.t1, g21341.t1, g23546.t1, g24382.t1	lcl|NC_003075.7_cds_NP_194537.7_34822
OG0001755	g15186.t1, g15185.t1, g15185.t2, g2554.t1	lcl|NC_003075.7_cds_NP_001190906.1_35933, lcl|NC_003075.7_cds_NP_567931.1_35934
OG0001761	g17313.t1, g17311.t1, g5714.t1	lcl|NC_003075.7_cds_NP_849502.1_36378, lcl|NC_003075.7_cds_NP_849501.1_36376, lcl|NC_003075.7_cds_NP_567989.1_36377
OG0001766	g23319.t1	lcl|NC_003076.8_cds_NP_195882.2_37456, lcl|NC_003076.8_cds_NP_001331980.1_37454, lcl|NC_003076.8_cds_NP_001331983.1_37455, lcl|NC_003076.8_cds_NP_001331981.1_37452, lcl|NC_003076.8_cds_NP_001331982.1_37453
OG0001767	g18863.t1, g18864.t1, g10246.t1	lcl|NC_003076.8_cds_NP_195974.2_37615, lcl|NC_003076.8_cds_NP_001190216.1_37614, lcl|NC_003076.8_cds_NP_001119162.1_37616
OG0001772	g28545.t1	lcl|NC_003076.8_cds_NP_001331975.1_38295, lcl|NC_003076.8_cds_NP_001331976.1_38294, lcl|NC_003076.8_cds_NP_196327.1_38293, lcl|NC_003076.8_cds_NP_001331977.1_38296, lcl|NC_003076.8_cds_NP_974746.1_38297
OG0001775	g29524.t1, g26350.t1	lcl|NC_003076.8_cds_NP_001331457.1_38567, lcl|NC_003076.8_cds_NP_001331458.1_38565, lcl|NC_003076.8_cds_NP_196464.2_38564, lcl|NC_003076.8_cds_NP_001331459.1_38566
OG0001780	g6904.t1, g13481.t1	lcl|NC_003076.8_cds_NP_001330907.1_40491, lcl|NC_003076.8_cds_NP_197443.3_40490, lcl|NC_003076.8_cds_NP_001190338.1_40489, lcl|NC_003076.8_cds_NP_568268.3_39258
OG0001781	g26863.t1, g28255.t1	lcl|NC_003076.8_cds_NP_850853.1_40500, lcl|NC_003076.8_cds_NP_568281.1_39287, lcl|NC_003076.8_cds_NP_001078576.1_39286, lcl|NC_003076.8_cds_NP_197446.1_40499
OG0001782	g24558.t1, g24559.t1, g24557.t1	lcl|NC_003076.8_cds_NP_196854.1_39401, lcl|NC_003076.8_cds_NP_850813.1_39402, lcl|NC_003076.8_cds_NP_974777.1_39403
OG0001784	g30695.t1	lcl|NC_003076.8_cds_NP_001318562.1_39657, lcl|NC_003076.8_cds_NP_001331689.1_39661, lcl|NC_003076.8_cds_NP_001331686.1_39658, lcl|NC_003076.8_cds_NP_001331687.1_39659, lcl|NC_003076.8_cds_NP_001331688.1_39660
OG0001788	g12865.t1	lcl|NC_003076.8_cds_NP_001318605.1_40571, lcl|NC_003076.8_cds_NP_001331939.1_40574, lcl|NC_003076.8_cds_NP_001331938.1_40573, lcl|NC_003076.8_cds_NP_197490.1_40575, lcl|NC_003076.8_cds_NP_001331937.1_40572
OG0001812	g29191.t1	lcl|NC_003076.8_cds_NP_851149.1_44327, lcl|NC_003076.8_cds_NP_001190485.1_44328, lcl|NC_003076.8_cds_NP_974899.2_44329, lcl|NC_003076.8_cds_NP_568685.1_44326, lcl|NC_003076.8_cds_NP_001330287.1_44325
OG0001813	g23066.t1, g2800.t1	lcl|NC_003076.8_cds_NP_001190488.1_44450, lcl|NC_003076.8_cds_NP_199633.1_44449, lcl|NC_003076.8_cds_NP_001078734.1_44452, lcl|NC_003076.8_cds_NP_001318761.1_44451
OG0001817	g26152.t1, g25483.t1, g20205.t1, g33192.t1, g25480.t1	lcl|NC_003076.8_cds_NP_568746.1_44960
OG0001826	g14424.t1, g19319.t1	lcl|NC_003076.8_cds_NP_200411.1_45892, lcl|NC_003076.8_cds_NP_200412.1_45893, lcl|NC_003076.8_cds_NP_001190553.1_45896, lcl|NC_003076.8_cds_NP_200414.1_45897
OG0001992	g12492.t1	lcl|NC_003070.9_cds_NP_001322481.1_12, lcl|NC_003070.9_cds_NP_171613.1_13, lcl|NC_003075.7_cds_NP_001329345.1_30033, lcl|NC_003075.7_cds_NP_192057.1_30034
OG0001995	g4983.t1	lcl|NC_003075.7_cds_NP_192010.2_29945, lcl|NC_003070.9_cds_NP_001184885.1_82, lcl|NC_003070.9_cds_NP_563625.1_83, lcl|NC_003075.7_cds_NP_001319839.1_29944
OG0002006	g28915.t1	lcl|NC_003070.9_cds_NP_001321394.1_478, lcl|NC_003070.9_cds_NP_001184897.1_476, lcl|NC_003070.9_cds_NP_563680.1_475, lcl|NC_003070.9_cds_NP_001321395.1_477
OG0002021	g27008.t2, g27008.t1, g27230.t1, g27231.t1	lcl|NC_003070.9_cds_NP_172173.2_1235
OG0002037	g32348.t1	lcl|NC_003070.9_cds_NP_172501.1_1954, lcl|NC_003070.9_cds_NP_001322862.1_1953, lcl|NC_003070.9_cds_NP_001322861.1_1955, lcl|NC_003070.9_cds_NP_175505.1_7374
OG0002039	g4598.t1	lcl|NC_003074.8_cds_NP_191353.2_28671, lcl|NC_003070.9_cds_NP_001318971.1_1989, lcl|NC_003070.9_cds_NP_172519.1_1990, lcl|NC_003074.8_cds_NP_001190121.1_28672
OG0002045	g26873.t1	lcl|NC_003076.8_cds_NP_200075.1_45268
OG0002045	g4438.t1, g30424.t1	lcl|NC_003070.9_cds_NP_172596.1_2173
OG0002046	g29340.t1	lcl|NC_003070.9_cds_NP_172619.1_2226, lcl|NC_003075.7_cds_NP_001190789.1_33522, lcl|NC_003075.7_cds_NP_001328547.1_33521, lcl|NC_003075.7_cds_NP_193897.2_33520
OG0002047	g972.t1	lcl|NC_003070.9_cds_NP_001322126.1_2254, lcl|NC_003070.9_cds_NP_172631.2_2253, lcl|NC_003070.9_cds_NP_001322125.1_2251, lcl|NC_003070.9_cds_NP_001322127.1_2252
OG0002048	g967.t1	lcl|NC_003070.9_cds_NP_172632.1_2255, lcl|NC_003070.9_cds_NP_001321717.1_9155, lcl|NC_003070.9_cds_NP_001321716.1_9154, lcl|NC_003070.9_cds_NP_564787.1_9153
OG0002054	g16634.t1	lcl|NC_003076.8_cds_NP_001032029.1_44387, lcl|NC_003076.8_cds_NP_199599.1_44386, lcl|NC_003070.9_cds_NP_172752.1_2480, lcl|NC_003074.8_cds_NP_189295.3_25207
OG0002055	g140.t1, g11243.t1, g31833.t1	lcl|NC_003070.9_cds_NP_172759.2_2487, lcl|NC_003070.9_cds_NP_176955.1_10258
OG0002056	g11182.t1	lcl|NC_003074.8_cds_NP_189265.1_25152, lcl|NC_003070.9_cds_NP_001184978.1_2501, lcl|NC_003070.9_cds_NP_001323153.1_2500, lcl|NC_003070.9_cds_NP_172765.1_2502
OG0002058	g19778.t1	lcl|NC_003070.9_cds_NP_177690.1_11605, lcl|NC_003070.9_cds_NP_172794.1_2549, lcl|NC_003070.9_cds_NP_173418.1_3773, lcl|NC_003076.8_cds_NP_196659.1_38997
OG0002064	g33017.t1	lcl|NC_003070.9_cds_NP_001031050.1_3001, lcl|NC_003070.9_cds_NP_563981.1_2999, lcl|NC_003070.9_cds_NP_849672.1_3000, lcl|NC_003070.9_cds_NP_001031051.1_3002
OG0002071	g20852.t1, g14370.t1	lcl|NC_003070.9_cds_NP_001185010.1_3108, lcl|NC_003070.9_cds_NP_001321701.1_3106, lcl|NC_003070.9_cds_NP_173077.1_3107
OG0002074	g20254.t1	lcl|NC_003070.9_cds_NP_001322037.1_3224, lcl|NC_003070.9_cds_NP_001185016.1_3223, lcl|NC_003070.9_cds_NP_173126.1_3222, lcl|NC_003070.9_cds_NP_001322038.1_3225
OG0002085	g26131.t1, g33264.t1	lcl|NC_003070.9_cds_NP_001321622.1_3611, lcl|NC_003070.9_cds_NP_173329.2_3613, lcl|NC_003070.9_cds_NP_001321623.1_3612
OG0002090	g39.t1	lcl|NC_003070.9_cds_NP_001322693.1_11771, lcl|NC_003070.9_cds_NP_001322692.1_11770, lcl|NC_003070.9_cds_NP_001319389.1_11769, lcl|NC_003070.9_cds_NP_173522.1_3971
OG0002093	g19464.t1	lcl|NC_003070.9_cds_NP_001185060.1_4102, lcl|NC_003070.9_cds_NP_849695.1_4103, lcl|NC_003070.9_cds_NP_564148.1_4101, lcl|NC_003070.9_cds_NP_001185061.1_4100
OG0002097	g2209.t1	lcl|NC_003070.9_cds_NP_173722.1_4347, lcl|NC_003070.9_cds_NP_001320231.1_4350, lcl|NC_003070.9_cds_NP_001320230.1_4349, lcl|NC_003070.9_cds_NP_001320232.1_4348
OG0002101	g32338.t1, g236.t1	lcl|NC_003070.9_cds_NP_849701.1_4494, lcl|NC_003070.9_cds_NP_001322140.1_4495, lcl|NC_003070.9_cds_NP_173802.1_4493
OG0002104	g31883.t1	lcl|NC_003070.9_cds_NP_176916.2_10169, lcl|NC_003070.9_cds_NP_001031247.1_10168, lcl|NC_003070.9_cds_NP_173842.2_4579, lcl|NC_003070.9_cds_NP_001321649.1_4578
OG0002121	g19941.t1, g14396.t1, g1865.t1	lcl|NC_003070.9_cds_NP_174304.1_5446, lcl|NC_003071.7_cds_NP_181006.1_17600
OG0002128	g24232.t1	lcl|NC_003070.9_cds_NP_174468.1_5764, lcl|NC_003070.9_cds_NP_001319125.1_5763, lcl|NC_003070.9_cds_NP_849736.1_5765, lcl|NC_003070.9_cds_NP_973949.1_5766
OG0002129	g15600.t1, g15601.t1, g31505.t1	lcl|NC_003070.9_cds_NP_174494.2_5811, lcl|NC_003071.7_cds_NP_850248.2_17756
OG0002134	g31816.t1	lcl|NC_003070.9_cds_NP_177328.1_10936
OG0002134	g33817.t1	lcl|NC_003070.9_cds_NP_174683.1_6140, lcl|NC_003070.9_cds_NP_001320467.1_6139
OG0002136	g22477.t1, g15436.t1, g244.t1	lcl|NC_003075.7_cds_NP_192702.2_31035, lcl|NC_003070.9_cds_NP_564447.1_6187
OG0002137	g19468.t1	lcl|NC_003075.7_cds_NP_001328159.1_31034, lcl|NC_003075.7_cds_NP_192701.1_31033, lcl|NC_003070.9_cds_NP_001323111.1_6195, lcl|NC_003070.9_cds_NP_174715.2_6194
OG0002143	g2764.t1, g14916.t1	lcl|NC_003070.9_cds_NP_175120.1_6645, lcl|NC_003070.9_cds_NP_001117440.1_6646, lcl|NC_003076.8_cds_NP_199115.1_43436
OG0002146	g19566.t1	lcl|NC_003070.9_cds_NP_175155.1_6740, lcl|NC_003070.9_cds_NP_564500.1_6739, lcl|NC_003070.9_cds_NP_564499.3_6738, lcl|NC_003071.7_cds_NP_001318175.1_12717
OG0002147	g25802.t1	lcl|NC_003070.9_cds_NP_001185163.1_6794, lcl|NC_003070.9_cds_NP_175186.2_6795
OG0002147	g19662.t1	lcl|NC_003070.9_cds_NP_175187.3_6796
OG0002149	g9154.t1, g7140.t1	lcl|NC_003070.9_cds_NP_001185169.1_6950, lcl|NC_003070.9_cds_NP_849784.1_6949, lcl|NC_003070.9_cds_NP_175274.1_6948
OG0002161	g28570.t1, g7054.t1	lcl|NC_003074.8_cds_NP_001078192.1_24019, lcl|NC_003074.8_cds_NP_566653.1_24018, lcl|NC_003070.9_cds_NP_564572.1_7314
OG0002166	g3662.t2, g3662.t1	lcl|NC_003070.9_cds_NP_175627.1_7593, lcl|NC_003070.9_cds_NP_001077702.1_7595, lcl|NC_003070.9_cds_NP_849795.1_7594
OG0002186	g35670.t1	lcl|NC_003074.8_cds_NP_566453.1_22662, lcl|NC_003070.9_cds_NP_564699.1_8282, lcl|NC_003074.8_cds_NP_001189878.1_22663, lcl|NC_003074.8_cds_NP_001319539.1_22661
OG0002193	g6189.t1	lcl|NC_003076.8_cds_NP_850879.1_41700, lcl|NC_003076.8_cds_NP_001332393.1_41701, lcl|NC_003070.9_cds_NP_176068.1_8499, lcl|NC_003070.9_cds_NP_001323229.1_8500
OG0002195	g22620.t1	lcl|NC_003070.9_cds_NP_176124.2_8620, lcl|NC_003070.9_cds_NP_001185263.1_8622, lcl|NC_003070.9_cds_NP_001154435.1_8619, lcl|NC_003070.9_cds_NP_849826.2_8621
OG0002197	g5455.t1, g19154.t1	lcl|NC_003075.7_cds_NP_195455.1_36650, lcl|NC_003070.9_cds_NP_176159.1_8690, lcl|NC_003071.7_cds_NP_179898.1_15410
OG0002198	g281.t1, g284.t1, g286.t1, g282.t1	lcl|NC_003070.9_cds_NP_176185.1_8740
OG0002203	g3017.t1	lcl|NC_003070.9_cds_NP_176772.1_9896, lcl|NC_003070.9_cds_NP_564763.1_8893, lcl|NC_003070.9_cds_NP_001319329.1_9898, lcl|NC_003070.9_cds_NP_176773.1_9897
OG0002205	g14742.t1, g23034.t1	lcl|NC_003070.9_cds_NP_001031217.1_9082, lcl|NC_003070.9_cds_NP_176347.1_9080, lcl|NC_003070.9_cds_NP_001185280.1_9081
OG0002213	g11949.t1, g31208.t1, g4738.t1	lcl|NC_003070.9_cds_NP_176553.1_9478, lcl|NC_003070.9_cds_NP_974081.1_9479
OG0002220	g19611.t1	lcl|NC_003074.8_cds_NP_190181.1_26462
OG0002220	g9210.t1	lcl|NC_003070.9_cds_NP_564859.2_9848, lcl|NC_003075.7_cds_NP_568017.1_36616
OG0002225	g20084.t1	lcl|NC_003070.9_cds_NP_176862.2_10039, lcl|NC_003076.8_cds_NP_001031978.1_42618, lcl|NC_003076.8_cds_NP_198638.2_42617, lcl|NC_003076.8_cds_NP_974859.1_42619
OG0002232	g25020.t1	lcl|NC_003070.9_cds_NP_001031270.1_11092, lcl|NC_003070.9_cds_NP_001031271.1_11093, lcl|NC_003070.9_cds_NP_001320411.1_11094, lcl|NC_003070.9_cds_NP_177410.1_11091
OG0002251	g2021.t1, g10634.t1	lcl|NC_003071.7_cds_NP_001030949.2_12840, lcl|NC_003071.7_cds_NP_001077868.1_12839, lcl|NC_003071.7_cds_NP_178303.2_12838
OG0002254	g22226.t1	lcl|NC_003071.7_cds_NP_001030955.1_12953, lcl|NC_003071.7_cds_NP_001077871.1_12954, lcl|NC_003071.7_cds_NP_849927.1_12956, lcl|NC_003071.7_cds_NP_178361.2_12955
OG0002263	g25017.t1	lcl|NC_003071.7_cds_NP_001031340.1_13479, lcl|NC_003071.7_cds_NP_001324458.1_13480, lcl|NC_003071.7_cds_NP_178641.1_13478, lcl|NC_003076.8_cds_NP_198409.1_42208
OG0002276	g5743.t1, g8132.t1	lcl|NC_003071.7_cds_NP_179304.1_14300, lcl|NC_003071.7_cds_NP_849963.1_14299, lcl|NC_003075.7_cds_NP_195252.1_36256
OG0002277	g5776.t1	lcl|NC_003071.7_cds_NP_565417.1_14358, lcl|NC_003071.7_cds_NP_849964.1_14359, lcl|NC_003071.7_cds_NP_973479.1_14360, lcl|NC_003071.7_cds_NP_001031363.1_14361
OG0002279	g5680.t1	lcl|NC_003071.7_cds_NP_179383.3_14437, lcl|NC_003075.7_cds_NP_680770.2_36447, lcl|NC_003075.7_cds_NP_001190934.1_36446, lcl|NC_003075.7_cds_NP_001190933.1_36445
OG0002281	g12107.t1, g31069.t1	lcl|NC_003075.7_cds_NP_193360.1_32398, lcl|NC_003071.7_cds_NP_179469.1_14585, lcl|NC_003071.7_cds_NP_001325249.1_14586
OG0002284	g20508.t1	lcl|NC_003071.7_cds_NP_565456.2_14693, lcl|NC_003075.7_cds_NP_194702.2_35117, lcl|NC_003075.7_cds_NP_001329131.1_35119, lcl|NC_003075.7_cds_NP_001329130.1_35118
OG0002286	g14996.t1, g14997.t1	lcl|NC_003071.7_cds_NP_849993.5_14761, lcl|NC_003071.7_cds_NP_001324722.1_14763, lcl|NC_003071.7_cds_NP_565461.5_14762
OG0002293	g14893.t1, g22875.t1	lcl|NC_003075.7_cds_NP_195616.2_36955, lcl|NC_003071.7_cds_NP_001324300.1_15072, lcl|NC_003071.7_cds_NP_565510.1_15073
OG0002297	g3685.t1	lcl|NC_003071.7_cds_NP_001118357.1_15166, lcl|NC_003071.7_cds_NP_565521.1_15167, lcl|NC_003071.7_cds_NP_001323598.1_15168, lcl|NC_003071.7_cds_NP_001323597.1_15169
OG0002312	g15913.t1	lcl|NC_003071.7_cds_NP_180137.3_15868, lcl|NC_003071.7_cds_NP_001324007.1_15867, lcl|NC_003071.7_cds_NP_001324008.1_15865, lcl|NC_003071.7_cds_NP_001324009.1_15866
OG0002319	g5017.t1, g12724.t1, g12723.t1	lcl|NC_003071.7_cds_NP_180357.2_16302, lcl|NC_003071.7_cds_NP_001031433.1_16303
OG0002326	g27853.t1, g29076.t1, g22126.t1	lcl|NC_003071.7_cds_NP_180588.1_16722, lcl|NC_003071.7_cds_NP_001189637.1_16721
OG0002330	g35657.t1, g6448.t1, g6453.t1	lcl|NC_003071.7_cds_NP_180760.2_17081, lcl|NC_003071.7_cds_NP_001031463.1_17082
OG0002337	g29195.t1	lcl|NC_003071.7_cds_NP_181117.1_17805, lcl|NC_003075.7_cds_NP_001328029.1_32445, lcl|NC_003075.7_cds_NP_001328028.1_32444, lcl|NC_003075.7_cds_NP_193381.1_32446
OG0002338	g27097.t1, g27099.t1, g27102.t1	lcl|NC_003071.7_cds_NP_181162.2_17879, lcl|NC_003071.7_cds_NP_001189688.1_17880
OG0002342	g9533.t1, g4040.t1, g18527.t1	lcl|NC_003074.8_cds_NP_190870.1_27708, lcl|NC_003071.7_cds_NP_565851.1_17945
OG0002345	g12628.t1	lcl|NC_003071.7_cds_NP_181264.1_18081, lcl|NC_003071.7_cds_NP_001031502.1_18082, lcl|NC_003074.8_cds_NP_187800.1_22376, lcl|NC_003074.8_cds_NP_850564.1_22377
OG0002347	g26788.t1	lcl|NC_003071.7_cds_NP_001031504.1_18153, lcl|NC_003071.7_cds_NP_001324518.1_18151, lcl|NC_003071.7_cds_NP_850284.1_18152, lcl|NC_003071.7_cds_NP_001324519.1_18150
OG0002349	g24549.t1	lcl|NC_003071.7_cds_NP_001318375.1_18349, lcl|NC_003071.7_cds_NP_973635.2_18348, lcl|NC_003071.7_cds_NP_001154563.1_18347, lcl|NC_003071.7_cds_NP_001325101.1_18350
OG0002350	g18873.t1	lcl|NC_003076.8_cds_NP_196107.1_37869, lcl|NC_003074.8_cds_NP_001326044.1_22125, lcl|NC_003074.8_cds_NP_187677.1_22126, lcl|NC_003071.7_cds_NP_181425.1_18410
OG0002351	g14740.t1, g23027.t1	lcl|NC_003071.7_cds_NP_973637.1_18421, lcl|NC_003071.7_cds_NP_181430.2_18420, lcl|NC_003071.7_cds_NP_001189708.1_18419
OG0002353	g7520.t1, g7520.t2, g4430.t1	lcl|NC_003071.7_cds_NP_001154565.1_18511, lcl|NC_003071.7_cds_NP_181478.1_18510
OG0002354	g4357.t1, g18281.t1	lcl|NC_003071.7_cds_NP_565913.1_18555, lcl|NC_003071.7_cds_NP_850321.1_18557, lcl|NC_003071.7_cds_NP_850320.1_18556
OG0002355	g28447.t1, g20986.t1, g18891.t1, g4342.t1	lcl|NC_003071.7_cds_NP_181514.1_18587
OG0002360	g26797.t1	lcl|NC_003071.7_cds_NP_181642.1_18859
OG0002360	g26798.t1	lcl|NC_003071.7_cds_NP_001189724.1_18868, lcl|NC_003071.7_cds_NP_850344.1_18869
OG0002362	g30591.t1, g6261.t1	lcl|NC_003071.7_cds_NP_181727.1_19038, lcl|NC_003074.8_cds_NP_001319788.1_28691, lcl|NC_003074.8_cds_NP_001325475.1_28690
OG0002366	g1352.t1	lcl|NC_003074.8_cds_NP_191429.1_28793, lcl|NC_003076.8_cds_NP_568649.2_43996, lcl|NC_003076.8_cds_NP_851137.1_43997, lcl|NC_003071.7_cds_NP_850376.2_19187
OG0002372	g30157.t1	lcl|NC_003074.8_cds_NP_191542.2_29018, lcl|NC_003071.7_cds_NP_181913.3_19420, lcl|NC_003071.7_cds_NP_973683.1_19421, lcl|NC_003071.7_cds_NP_001324760.1_19422
OG0002377	g24164.t1	lcl|NC_003071.7_cds_NP_566041.2_19671, lcl|NC_003071.7_cds_NP_001324258.1_19670, lcl|NC_003074.8_cds_NP_001190145.1_29196, lcl|NC_003074.8_cds_NP_567103.1_29195
OG0002381	g24370.t2, g24370.t1	lcl|NC_003074.8_cds_NP_567115.1_29367, lcl|NC_003074.8_cds_NP_850733.1_29368, lcl|NC_003071.7_cds_NP_566069.1_19859
OG0002390	g31667.t1, g13525.t1	lcl|NC_003071.7_cds_NP_001323508.1_20152, lcl|NC_003071.7_cds_NP_001118542.1_20151, lcl|NC_003071.7_cds_NP_182291.1_20150
OG0002391	g28958.t1	lcl|NC_003071.7_cds_NP_001323622.1_20179, lcl|NC_003071.7_cds_NP_182306.2_20177, lcl|NC_003071.7_cds_NP_001078078.1_20176, lcl|NC_003071.7_cds_NP_001078077.1_20178
OG0002393	g23903.t1, g27617.t1	lcl|NC_003071.7_cds_NP_182327.6_20218, lcl|NC_003071.7_cds_NP_001323908.1_20220, lcl|NC_003071.7_cds_NP_001323909.1_20219
OG0002400	g19972.t1, g5315.t1, g18988.t1	lcl|NC_003074.8_cds_NP_186881.2_20537, lcl|NC_003076.8_cds_NP_197085.3_39845
OG0002407	g9308.t1, g18678.t1	lcl|NC_003076.8_cds_NP_197204.1_40054, lcl|NC_003076.8_cds_NP_001190324.1_40055, lcl|NC_003074.8_cds_NP_566193.2_20702
OG0002408	g18677.t1	lcl|NC_003074.8_cds_NP_001326842.1_20704, lcl|NC_003074.8_cds_NP_186962.1_20703, lcl|NC_003076.8_cds_NP_001331669.1_40060, lcl|NC_003076.8_cds_NP_197208.1_40061
OG0002412	g25366.t1	lcl|NC_003074.8_cds_NP_187056.1_20866, lcl|NC_003076.8_cds_NP_200206.1_45521, lcl|NC_003076.8_cds_NP_197328.3_40264, lcl|NC_003076.8_cds_NP_974800.1_40265
OG0002413	g5968.t1	lcl|NC_003074.8_cds_NP_001319474.1_21015, lcl|NC_003074.8_cds_NP_001319473.1_21016, lcl|NC_003074.8_cds_NP_187138.1_21017, lcl|NC_003074.8_cds_NP_974222.1_21018
OG0002417	g28988.t1	lcl|NC_003074.8_cds_NP_001078112.1_21165, lcl|NC_003074.8_cds_NP_187207.1_21166, lcl|NC_003074.8_cds_NP_974229.1_21167, lcl|NC_003076.8_cds_NP_198129.1_41900
OG0002438	g21938.t1	lcl|NC_003076.8_cds_NP_195749.2_37207, lcl|NC_003074.8_cds_NP_974263.1_21829, lcl|NC_003074.8_cds_NP_187522.2_21830, lcl|NC_003076.8_cds_NP_198173.1_41977
OG0002446	g30626.t1, g12570.t1	lcl|NC_003074.8_cds_NP_187769.1_22315, lcl|NC_003076.8_cds_NP_568166.1_38143, lcl|NC_003076.8_cds_NP_001331225.1_38144
OG0002452	g20515.t1	lcl|NC_003074.8_cds_NP_187996.2_22777, lcl|NC_003074.8_cds_NP_001319545.1_22776, lcl|NC_003074.8_cds_NP_001078146.1_22779, lcl|NC_003074.8_cds_NP_001325740.1_22778
OG0002464	g7206.t1	lcl|NC_003074.8_cds_NP_188399.1_23568, lcl|NC_003074.8_cds_NP_188403.1_23573, lcl|NC_003074.8_cds_NP_001154621.1_23574, lcl|NC_003074.8_cds_NP_001326634.1_23572
OG0002470	g1944.t1, g10539.t1	lcl|NC_003074.8_cds_NP_001319595.1_23959, lcl|NC_003074.8_cds_NP_188616.1_23960, lcl|NC_003074.8_cds_NP_850616.1_23961
OG0002474	g12826.t1, g13210.t1, g13211.t1, g17743.t1	lcl|NC_003074.8_cds_NP_188720.2_24166
OG0002486	g5063.t1	lcl|NC_003074.8_cds_NP_850634.1_25215, lcl|NC_003074.8_cds_NP_189301.1_25214, lcl|NC_003074.8_cds_NP_001326342.1_25213, lcl|NC_003074.8_cds_NP_974367.1_25216
OG0002491	g5110.t1, g17163.t1	lcl|NC_003074.8_cds_NP_189353.1_25334, lcl|NC_003076.8_cds_NP_001031990.1_43064, lcl|NC_003076.8_cds_NP_198905.1_43063
OG0002495	g5176.t1, g17017.t1	lcl|NC_003074.8_cds_NP_001326010.1_25505, lcl|NC_003074.8_cds_NP_001326009.1_25507, lcl|NC_003074.8_cds_NP_189435.1_25506
OG0002506	g20534.t1	lcl|NC_003076.8_cds_NP_001331722.1_40705, lcl|NC_003076.8_cds_NP_197551.2_40704, lcl|NC_003076.8_cds_NP_001331723.1_40706, lcl|NC_003074.8_cds_NP_189865.1_25997
OG0002510	g23572.t1	lcl|NC_003074.8_cds_NP_001326524.1_26092, lcl|NC_003074.8_cds_NP_001326522.1_26093, lcl|NC_003074.8_cds_NP_189967.1_26091, lcl|NC_003074.8_cds_NP_001326523.1_26090
OG0002514	g12680.t1	lcl|NC_003074.8_cds_NP_001326052.1_26207, lcl|NC_003074.8_cds_NP_001319681.1_26206, lcl|NC_003074.8_cds_NP_190039.2_26205, lcl|NC_003074.8_cds_NP_001326053.1_26208
OG0002516	g12717.t1, g5019.t1	lcl|NC_003074.8_cds_NP_566977.1_27709, lcl|NC_003076.8_cds_NP_197675.1_41025, lcl|NC_003074.8_cds_NP_190071.1_26284
OG0002519	g30432.t1, g4955.t1	lcl|NC_003074.8_cds_NP_566877.1_26358, lcl|NC_003074.8_cds_NP_001327332.1_26357, lcl|NC_003076.8_cds_NP_195935.2_37537
OG0002526	g19337.t1, g35296.t1	lcl|NC_003074.8_cds_NP_190297.1_26679, lcl|NC_003074.8_cds_NP_190298.1_26680, lcl|NC_003074.8_cds_NP_190299.2_26681
OG0002527	g11463.t1	lcl|NC_003074.8_cds_NP_566891.1_26718, lcl|NC_003074.8_cds_NP_001327852.1_26717, lcl|NC_003074.8_cds_NP_001327853.1_26716, lcl|NC_003075.7_cds_NP_193488.2_32715
OG0002530	g19992.t1	lcl|NC_003076.8_cds_NP_201093.1_47195, lcl|NC_003076.8_cds_NP_001331034.1_47196, lcl|NC_003074.8_cds_NP_566897.1_26830, lcl|NC_003074.8_cds_NP_001327655.1_26831
OG0002536	g35237.t1, g19239.t1	lcl|NC_003076.8_cds_NP_201371.1_47753, lcl|NC_003076.8_cds_NP_001190624.1_47754, lcl|NC_003074.8_cds_NP_190536.1_27127
OG0002538	g29355.t1	lcl|NC_003074.8_cds_NP_190695.2_27373, lcl|NC_003074.8_cds_NP_001190051.1_27374, lcl|NC_003074.8_cds_NP_001326514.1_27372, lcl|NC_003074.8_cds_NP_001326515.1_27371
OG0002544	g12426.t1	lcl|NC_003074.8_cds_NP_001190078.1_27796, lcl|NC_003074.8_cds_NP_190914.1_27794, lcl|NC_003074.8_cds_NP_850692.2_27795, lcl|NC_003074.8_cds_NP_001190079.1_27797
OG0002552	g9985.t1	lcl|NC_003074.8_cds_NP_001327611.1_28150, lcl|NC_003074.8_cds_NP_567015.1_28151, lcl|NC_003074.8_cds_NP_001319757.1_28149, lcl|NC_003074.8_cds_NP_567016.1_28153
OG0002557	g28208.t1, g23496.t2, g23496.t1	lcl|NC_003074.8_cds_NP_191273.1_28520, lcl|NC_003074.8_cds_NP_974449.1_28521
OG0002564	g34218.t1	lcl|NC_003074.8_cds_NP_191656.2_29230, lcl|NC_003074.8_cds_NP_001327769.1_29087, lcl|NC_003074.8_cds_NP_001327770.1_29088, lcl|NC_003074.8_cds_NP_191575.2_29086
OG0002570	g28837.t1	lcl|NC_003074.8_cds_NP_001326587.1_29664, lcl|NC_003074.8_cds_NP_001118899.1_29665, lcl|NC_003074.8_cds_NP_001326588.1_29663, lcl|NC_003074.8_cds_NP_191887.2_29666
OG0002586	g26699.t2, g26699.t1, g34025.t1	lcl|NC_003075.7_cds_NP_192536.1_30803, lcl|NC_003075.7_cds_NP_001328773.1_30802
OG0002594	g31150.t1, g11882.t1	lcl|NC_003075.7_cds_NP_192919.1_31409, lcl|NC_003075.7_cds_NP_849361.1_31411, lcl|NC_003075.7_cds_NP_001319906.1_31410
OG0002595	g25378.t1	lcl|NC_003075.7_cds_NP_192925.1_31423, lcl|NC_003075.7_cds_NP_001319907.1_31422, lcl|NC_003075.7_cds_NP_001329520.1_31425, lcl|NC_003075.7_cds_NP_001329521.1_31424
OG0002602	g13030.t1	lcl|NC_003075.7_cds_NP_001328389.1_31796, lcl|NC_003075.7_cds_NP_001328391.1_31794, lcl|NC_003075.7_cds_NP_193103.2_31793, lcl|NC_003075.7_cds_NP_001328390.1_31795
OG0002603	g13070.t1, g6678.t1, g30242.t1	lcl|NC_003075.7_cds_NP_567409.1_31801, lcl|NC_003075.7_cds_NP_001190720.1_31802
OG0002605	g13420.t1	lcl|NC_003075.7_cds_NP_001078388.1_31943, lcl|NC_003075.7_cds_NP_001329677.1_31944, lcl|NC_003075.7_cds_NP_849380.1_31946, lcl|NC_003075.7_cds_NP_193171.2_31945
OG0002606	g15119.t1, g16905.t1, g30571.t1, g12627.t1	lcl|NC_003075.7_cds_NP_193232.1_32105
OG0002609	g22514.t1	lcl|NC_003075.7_cds_NP_001329006.1_32282, lcl|NC_003075.7_cds_NP_001329007.1_32283, lcl|NC_003075.7_cds_NP_001329005.1_32280, lcl|NC_003075.7_cds_NP_193292.3_32281
OG0002618	g31493.t1	lcl|NC_003075.7_cds_NP_193506.2_32749, lcl|NC_003076.8_cds_NP_001318750.1_44200, lcl|NC_003076.8_cds_NP_001330010.1_44201, lcl|NC_003076.8_cds_NP_199499.3_44202
OG0002619	g1867.t1	lcl|NC_003075.7_cds_NP_193570.1_32867, lcl|NC_003075.7_cds_NP_001329914.1_32866, lcl|NC_003075.7_cds_NP_001078406.1_32868, lcl|NC_003075.7_cds_NP_001329915.1_32869
OG0002625	g31507.t1	lcl|NC_003076.8_cds_NP_001154763.1_43871, lcl|NC_003076.8_cds_NP_001329973.1_43873, lcl|NC_003076.8_cds_NP_199332.2_43872, lcl|NC_003075.7_cds_NP_193695.2_33110
OG0002633	g31228.t1	lcl|NC_003075.7_cds_NP_001328267.1_33885, lcl|NC_003075.7_cds_NP_001031702.1_33883, lcl|NC_003075.7_cds_NP_194078.2_33882, lcl|NC_003075.7_cds_NP_974597.1_33884
OG0002638	g31945.t1	lcl|NC_003076.8_cds_NP_001330558.1_44799, lcl|NC_003076.8_cds_NP_001190503.1_44798, lcl|NC_003075.7_cds_NP_194194.2_34123, lcl|NC_003076.8_cds_NP_199813.2_44800
OG0002649	g20471.t1	lcl|NC_003076.8_cds_NP_200475.1_46006, lcl|NC_003076.8_cds_NP_001332424.1_46007, lcl|NC_003075.7_cds_NP_001190844.1_34455, lcl|NC_003075.7_cds_NP_194356.2_34456
OG0002653	g13804.t1	lcl|NC_003075.7_cds_NP_194529.4_34800, lcl|NC_003076.8_cds_NP_001078747.1_45310, lcl|NC_003075.7_cds_NP_001328776.1_34799, lcl|NC_003075.7_cds_NP_001328775.1_34801
OG0002656	g28580.t1, g27304.t1	lcl|NC_003076.8_cds_NP_200635.1_46311, lcl|NC_003075.7_cds_NP_567813.1_34920, lcl|NC_003075.7_cds_NP_194591.1_34919
OG0002657	g21191.t1, g16052.t1	lcl|NC_003075.7_cds_NP_001328167.1_35214, lcl|NC_003075.7_cds_NP_194750.1_35216, lcl|NC_003075.7_cds_NP_849472.2_35215
OG0002659	g35486.t1, g3277.t1, g3277.t2, g35485.t1	lcl|NC_003075.7_cds_NP_194801.4_35293
OG0002660	g12166.t1	lcl|NC_003075.7_cds_NP_001190885.1_35572, lcl|NC_003075.7_cds_NP_849483.1_35571, lcl|NC_003075.7_cds_NP_194927.1_35570, lcl|NC_003075.7_cds_NP_001031767.1_35569
OG0002663	g27967.t1, g27965.t1	lcl|NC_003075.7_cds_NP_195033.1_35817, lcl|NC_003076.8_cds_NP_195753.1_37214, lcl|NC_003076.8_cds_NP_195752.1_37213
OG0002669	g8292.t1, g26206.t1	lcl|NC_003075.7_cds_NP_195212.1_36176, lcl|NC_003075.7_cds_NP_001031790.1_36177, lcl|NC_003075.7_cds_NP_001329737.1_36175
OG0002672	g19137.t1, g5438.t1, g4520.t1	lcl|NC_003075.7_cds_NP_195407.2_36570, lcl|NC_003076.8_cds_NP_201524.1_48074
OG0002674	g32320.t1, g674.t1	lcl|NC_003075.7_cds_NP_849517.1_36812, lcl|NC_003075.7_cds_NP_195537.2_36811, lcl|NC_003075.7_cds_NP_001190951.1_36810
OG0002676	g19453.t1	lcl|NC_003075.7_cds_NP_001031807.1_36861, lcl|NC_003075.7_cds_NP_001031808.1_36862, lcl|NC_003075.7_cds_NP_195563.1_36859, lcl|NC_003075.7_cds_NP_974707.1_36860
OG0002678	g8213.t1, g475.t1	lcl|NC_003075.7_cds_NP_195572.2_36884, lcl|NC_003075.7_cds_NP_001329354.1_36882, lcl|NC_003075.7_cds_NP_849567.2_36883
OG0002683	g29257.t1, g29258.t1	lcl|NC_003076.8_cds_NP_001031824.1_37555, lcl|NC_003076.8_cds_NP_851029.1_37553, lcl|NC_003076.8_cds_NP_568112.2_37554
OG0002686	g7094.t1, g30833.t1	lcl|NC_003076.8_cds_NP_680370.1_43057, lcl|NC_003076.8_cds_NP_568147.1_37894, lcl|NC_003076.8_cds_NP_001031836.1_37895
OG0002693	g25942.t1, g33416.t1, g11724.t1	lcl|NC_003076.8_cds_NP_196433.1_38508, lcl|NC_003076.8_cds_NP_850792.1_38507
OG0002695	g2185.t1, g2186.t1, g10850.t1, g19298.t1	lcl|NC_003076.8_cds_NP_680155.1_38620
OG0002700	g14124.t1	lcl|NC_003076.8_cds_NP_001331098.1_38974, lcl|NC_003076.8_cds_NP_196641.2_38972, lcl|NC_003076.8_cds_NP_568464.1_41459, lcl|NC_003076.8_cds_NP_001331099.1_38973
OG0002714	g5575.t1, g5577.t1	lcl|NC_003076.8_cds_NP_568328.1_39900, lcl|NC_003076.8_cds_NP_974787.1_39902, lcl|NC_003076.8_cds_NP_850828.1_39901
OG0002722	g3171.t1	lcl|NC_003076.8_cds_NP_001031910.1_40647, lcl|NC_003076.8_cds_NP_197525.1_40646, lcl|NC_003076.8_cds_NP_001190347.1_40645, lcl|NC_003076.8_cds_NP_851044.2_40648
OG0002736	g10817.t1	lcl|NC_003076.8_cds_NP_001331025.1_41606, lcl|NC_003076.8_cds_NP_001318653.1_41605, lcl|NC_003076.8_cds_NP_197969.2_41607, lcl|NC_003076.8_cds_NP_197971.1_41611
OG0002752	g17175.t1, g32710.t1	lcl|NC_003076.8_cds_NP_001331151.1_43086, lcl|NC_003076.8_cds_NP_198916.2_43084, lcl|NC_003076.8_cds_NP_001331152.1_43085
OG0002753	g32704.t1	lcl|NC_003076.8_cds_NP_001331237.1_43097, lcl|NC_003076.8_cds_NP_001331236.1_43096, lcl|NC_003076.8_cds_NP_001078687.1_43095, lcl|NC_003076.8_cds_NP_198922.1_43094
OG0002754	g31396.t1	lcl|NC_003076.8_cds_NP_001031991.1_43120, lcl|NC_003076.8_cds_NP_001330264.1_43119, lcl|NC_003076.8_cds_NP_001330263.1_43118, lcl|NC_003076.8_cds_NP_198931.1_43117
OG0002756	g23549.t1, g19669.t1, g25812.t1	lcl|NC_003076.8_cds_NP_568608.2_43362, lcl|NC_003076.8_cds_NP_001190451.1_43361
OG0002762	g1952.t1	lcl|NC_003076.8_cds_NP_974891.1_43987, lcl|NC_003076.8_cds_NP_001331801.1_43986, lcl|NC_003076.8_cds_NP_199383.1_43985, lcl|NC_003076.8_cds_NP_001331800.1_43984
OG0002763	g7613.t1	lcl|NC_003076.8_cds_NP_851139.1_44061, lcl|NC_003076.8_cds_NP_568657.1_44060, lcl|NC_003076.8_cds_NP_001330145.1_44062, lcl|NC_003076.8_cds_NP_001330146.1_44063
OG0002769	g14216.t1	lcl|NC_003076.8_cds_NP_001032042.1_44625, lcl|NC_003076.8_cds_NP_199714.2_44624, lcl|NC_003076.8_cds_NP_001190497.1_44623, lcl|NC_003076.8_cds_NP_199715.1_44626
OG0002773	g20201.t1	lcl|NC_003076.8_cds_NP_851163.1_44957, lcl|NC_003076.8_cds_NP_568745.1_44956, lcl|NC_003076.8_cds_NP_001331173.1_44959, lcl|NC_003076.8_cds_NP_001331172.1_44958
OG0002787	g27922.t1, g27922.t2, g30184.t1, g6504.t1	lcl|NC_003076.8_cds_NP_200650.1_46342
OG0002795	g9594.t1, g4098.t1, g4098.t2, g34001.t1	lcl|NC_003076.8_cds_NP_201037.1_47108
OG0002796	g33237.t1	lcl|NC_003076.8_cds_NP_201094.1_47198, lcl|NC_003076.8_cds_NP_001032127.2_47197, lcl|NC_003076.8_cds_NP_001078782.1_47200, lcl|NC_003076.8_cds_NP_851251.2_47199
OG0002798	g33122.t1, g20165.t1, g25379.t1	lcl|NC_003076.8_cds_NP_001331166.1_47313, lcl|NC_003076.8_cds_NP_201154.1_47314
OG0002801	g16049.t1	lcl|NC_003076.8_cds_NP_201354.5_47709, lcl|NC_003076.8_cds_NP_001318882.1_47708, lcl|NC_003076.8_cds_NP_001330268.1_47710, lcl|NC_003076.8_cds_NP_001330267.1_47711
OG0002804	g19090.t1	lcl|NC_003076.8_cds_NP_001330745.1_48012, lcl|NC_003076.8_cds_NP_201482.2_48009, lcl|NC_003076.8_cds_NP_001330744.1_48011, lcl|NC_003076.8_cds_NP_001330743.1_48010
OG0002805	g30740.t1	lcl|NC_003076.8_cds_NP_001332131.1_48069, lcl|NC_003076.8_cds_NP_001332132.1_48067, lcl|NC_003076.8_cds_NP_201519.1_48066, lcl|NC_003076.8_cds_NP_001332130.1_48068
OG0003065	g734.t1	lcl|NC_003075.7_cds_NP_001328883.1_30200, lcl|NC_003075.7_cds_NP_192138.1_30199, lcl|NC_003070.9_cds_NP_171779.1_362
OG0003070	g13486.t1	lcl|NC_003070.9_cds_NP_171847.4_522, lcl|NC_003075.7_cds_NP_567257.2_30394, lcl|NC_003075.7_cds_NP_567256.3_30393
OG0003072	g28755.t1	lcl|NC_003076.8_cds_NP_001330873.1_43658, lcl|NC_003076.8_cds_NP_199223.1_43659, lcl|NC_003070.9_cds_NP_563695.2_610
OG0003073	g28720.t1	lcl|NC_003070.9_cds_NP_001322077.1_647, lcl|NC_003070.9_cds_NP_171908.1_649, lcl|NC_003070.9_cds_NP_001184906.1_648
OG0003074	g7898.t1	lcl|NC_003076.8_cds_NP_199183.1_43564, lcl|NC_003070.9_cds_NP_171920.1_669, lcl|NC_003070.9_cds_NP_001322162.1_668
OG0003081	g14516.t1	lcl|NC_003070.9_cds_NP_001077462.1_839, lcl|NC_003070.9_cds_NP_001318925.1_840, lcl|NC_003071.7_cds_NP_180802.1_17173
OG0003093	g32040.t1, g1958.t1	lcl|NC_003070.9_cds_NP_001322002.1_1139, lcl|NC_003070.9_cds_NP_172136.2_1138
OG0003103	g9849.t1, g28465.t1	lcl|NC_003070.9_cds_NP_172217.1_1320, lcl|NC_003071.7_cds_NP_180517.1_16596
OG0003123	g31248.t2, g31248.t1	lcl|NC_003070.9_cds_NP_172366.3_1665, lcl|NC_003076.8_cds_NP_198973.3_43180
OG0003127	g28639.t1	lcl|NC_003070.9_cds_NP_001031199.1_8426, lcl|NC_003070.9_cds_NP_176030.1_8427, lcl|NC_003070.9_cds_NP_172392.1_1736
OG0003128	g25719.t1, g19595.t1	lcl|NC_003070.9_cds_NP_001321827.1_1771, lcl|NC_003070.9_cds_NP_172415.2_1772
OG0003134	g34000.t1	lcl|NC_003071.7_cds_NP_180683.1_16938, lcl|NC_003070.9_cds_NP_176125.1_8623, lcl|NC_003070.9_cds_NP_172465.1_1886
OG0003148	g2423.t1, g15429.t1	lcl|NC_003070.9_cds_NP_176289.7_8925, lcl|NC_003070.9_cds_NP_172562.2_2099
OG0003156	g24923.t1	lcl|NC_003070.9_cds_NP_001323381.1_2280, lcl|NC_003070.9_cds_NP_172647.2_2279, lcl|NC_003070.9_cds_NP_001184967.1_2278
OG0003158	g24929.t1	lcl|NC_003070.9_cds_NP_001318983.1_2291, lcl|NC_003070.9_cds_NP_172650.1_2292, lcl|NC_003070.9_cds_NP_849646.1_2293
OG0003174	g32400.t1	lcl|NC_003070.9_cds_NP_172889.1_2736, lcl|NC_003071.7_cds_NP_178383.1_12998, lcl|NC_003071.7_cds_NP_973403.1_12999
OG0003189	g25192.t1, g20350.t1	lcl|NC_003070.9_cds_NP_178146.1_12514, lcl|NC_003070.9_cds_NP_173003.1_2967
OG0003193	g15286.t1, g22539.t1	lcl|NC_003070.9_cds_NP_178182.1_12585, lcl|NC_003070.9_cds_NP_173037.1_3026
OG0003197	g32419.t1, g2305.t1	lcl|NC_003070.9_cds_NP_178023.2_12224, lcl|NC_003070.9_cds_NP_173113.2_3185
OG0003200	g2887.t1	lcl|NC_003070.9_cds_NP_564014.1_3277, lcl|NC_003070.9_cds_NP_001185019.1_3278, lcl|NC_003070.9_cds_NP_001322494.1_3276
OG0003204	g24972.t1	lcl|NC_003070.9_cds_NP_564034.1_3403, lcl|NC_003070.9_cds_NP_001031061.2_3402, lcl|NC_003070.9_cds_NP_001117302.1_3404
OG0003207	g9115.t1	lcl|NC_003070.9_cds_NP_177479.1_11226, lcl|NC_003070.9_cds_NP_001323262.1_3429, lcl|NC_003070.9_cds_NP_564041.2_3430
OG0003215	g20877.t2, g20877.t1	lcl|NC_003070.9_cds_NP_001319038.1_3598, lcl|NC_003070.9_cds_NP_176982.1_10314
OG0003218	g25714.t1	lcl|NC_003070.9_cds_NP_173355.3_3654, lcl|NC_003076.8_cds_NP_680184.1_40845, lcl|NC_003070.9_cds_NP_177631.1_11503
OG0003220	g25809.t1	lcl|NC_003074.8_cds_NP_190645.3_27293
OG0003220	g27775.t1	lcl|NC_003070.9_cds_NP_564077.1_3665
OG0003227	g7476.t1, g16735.t1, g32747.t1	lcl|NC_003070.9_cds_NP_173479.3_3876
OG0003238	g22488.t1	lcl|NC_003070.9_cds_NP_001323098.1_4152, lcl|NC_003070.9_cds_NP_173621.1_4153, lcl|NC_003070.9_cds_NP_564473.1_6390
OG0003253	g32359.t1	lcl|NC_003070.9_cds_NP_001117576.1_10646, lcl|NC_003070.9_cds_NP_564983.1_10645, lcl|NC_003070.9_cds_NP_173827.1_4549
OG0003254	g32360.t1	lcl|NC_003070.9_cds_NP_001321393.1_8766, lcl|NC_003070.9_cds_NP_176198.1_8765, lcl|NC_003070.9_cds_NP_173828.1_4550
OG0003258	g10767.t1	lcl|NC_003070.9_cds_NP_173927.1_4737, lcl|NC_003070.9_cds_NP_001185352.1_10435, lcl|NC_003070.9_cds_NP_564947.1_10434
OG0003277	g10.t1	lcl|NC_003070.9_cds_NP_174233.2_5324, lcl|NC_003070.9_cds_NP_849727.1_5325, lcl|NC_003070.9_cds_NP_001320501.1_5323
OG0003283	g24618.t1	lcl|NC_003070.9_cds_NP_174323.1_5481, lcl|NC_003070.9_cds_NP_001320924.1_5482, lcl|NC_003070.9_cds_NP_001031115.1_5483
OG0003300	g19514.t1	lcl|NC_003070.9_cds_NP_849744.1_5985, lcl|NC_003070.9_cds_NP_174599.1_5984, lcl|NC_003070.9_cds_NP_001321305.1_5986
OG0003316	g4093.t1, g7522.t1, g34355.t1	lcl|NC_003070.9_cds_NP_001319159.1_6458
OG0003319	g20217.t1	lcl|NC_003070.9_cds_NP_175008.1_6498
OG0003319	g26441.t1	lcl|NC_003075.7_cds_NP_194524.2_34786
OG0003338	g18105.t1	lcl|NC_003070.9_cds_NP_564534.1_7040, lcl|NC_003070.9_cds_NP_001031158.1_7042, lcl|NC_003070.9_cds_NP_001031157.1_7041
OG0003344	g25715.t1, g2658.t1	lcl|NC_003070.9_cds_NP_564554.1_7195, lcl|NC_003070.9_cds_NP_001185184.1_7196
OG0003345	g32793.t1	lcl|NC_003070.9_cds_NP_001323380.1_7266, lcl|NC_003070.9_cds_NP_564562.1_7265, lcl|NC_003070.9_cds_NP_001323379.1_7267
OG0003346	g34037.t1, g30507.t1	lcl|NC_003070.9_cds_NP_001319189.1_7273, lcl|NC_003070.9_cds_NP_001321239.1_7274
OG0003347	g7448.t1, g10364.t1	lcl|NC_003070.9_cds_NP_564563.1_7275, lcl|NC_003076.8_cds_NP_568604.1_43304
OG0003352	g12829.t1, g12829.t2, g4912.t1	lcl|NC_003070.9_cds_NP_564583.1_7403
OG0003354	g12823.t1, g26891.t1, g2121.t1	lcl|NC_003070.9_cds_NP_175533.1_7416
OG0003359	g3657.t1, g25093.t1	lcl|NC_003070.9_cds_NP_175589.1_7523, lcl|NC_003070.9_cds_NP_175587.1_7520
OG0003362	g20392.t1	lcl|NC_003074.8_cds_NP_188233.1_23253, lcl|NC_003074.8_cds_NP_001325583.1_23252, lcl|NC_003070.9_cds_NP_001154419.1_7609
OG0003364	g20371.t1	lcl|NC_003070.9_cds_NP_175651.1_7650, lcl|NC_003074.8_cds_NP_001189906.1_23212, lcl|NC_003074.8_cds_NP_188215.1_23211
OG0003375	g3628.t1	lcl|NC_003074.8_cds_NP_566470.1_22812, lcl|NC_003070.9_cds_NP_001031186.1_7998, lcl|NC_003070.9_cds_NP_564654.1_7997
OG0003381	g12797.t1	lcl|NC_003070.9_cds_NP_001322628.1_8153, lcl|NC_003070.9_cds_NP_001322629.1_8154, lcl|NC_003070.9_cds_NP_175907.2_8155
OG0003383	g4882.t1, g4883.t1	lcl|NC_003070.9_cds_NP_564684.1_8194, lcl|NC_003070.9_cds_NP_001320632.1_8195
OG0003394	g26016.t1, g26016.t2, g33339.t1	lcl|NC_003070.9_cds_NP_176083.2_8526
OG0003401	g221.t1, g7661.t1	lcl|NC_003070.9_cds_NP_564753.1_8786, lcl|NC_003070.9_cds_NP_001323128.1_8787
OG0003412	g32937.t1	lcl|NC_003075.7_cds_NP_194433.1_34606, lcl|NC_003070.9_cds_NP_176410.1_9200, lcl|NC_003071.7_cds_NP_179874.1_15347
OG0003414	g11116.t1	lcl|NC_003070.9_cds_NP_176457.1_9290, lcl|NC_003070.9_cds_NP_001319296.1_9289, lcl|NC_003074.8_cds_NP_191750.1_29429
OG0003419	g4027.t1	lcl|NC_003070.9_cds_NP_176575.1_9537, lcl|NC_003074.8_cds_NP_001078147.1_22799, lcl|NC_003074.8_cds_NP_566467.2_22800
OG0003423	g13127.t1	lcl|NC_003070.9_cds_NP_176622.1_9624, lcl|NC_003075.7_cds_NP_194116.1_33945, lcl|NC_003075.7_cds_NP_192841.1_31287
OG0003427	g31374.t1	lcl|NC_003070.9_cds_NP_001323423.1_9681, lcl|NC_003070.9_cds_NP_176652.3_9679, lcl|NC_003070.9_cds_NP_001077773.1_9680
OG0003428	g12919.t1	lcl|NC_003070.9_cds_NP_176654.1_9683, lcl|NC_003076.8_cds_NP_197479.1_40555, lcl|NC_003076.8_cds_NP_197478.1_40554
OG0003449	g11191.t1, g31877.t1	lcl|NC_003070.9_cds_NP_001154456.1_10197, lcl|NC_003070.9_cds_NP_176925.1_10196
OG0003451	g32289.t1	lcl|NC_003070.9_cds_NP_001320607.1_10286, lcl|NC_003070.9_cds_NP_176968.1_10285, lcl|NC_003070.9_cds_NP_001185349.1_10284
OG0003455	g20509.t1, g10749.t1, g2099.t1	lcl|NC_003070.9_cds_NP_177043.2_10418
OG0003461	g2310.t1, g11081.t1	lcl|NC_003070.9_cds_NP_177120.1_10571, lcl|NC_003074.8_cds_NP_189532.1_25663
OG0003463	g7654.t1, g7654.t2	lcl|NC_003076.8_cds_NP_196992.1_39677, lcl|NC_003070.9_cds_NP_177187.2_10683
OG0003467	g3583.t1, g2200.t1, g10887.t1	lcl|NC_003070.9_cds_NP_177257.3_10827
OG0003469	g15422.t1	lcl|NC_003070.9_cds_NP_001185370.1_10858, lcl|NC_003070.9_cds_NP_001323059.1_10857, lcl|NC_003070.9_cds_NP_177278.3_10859
OG0003479	g3444.t1, g21910.t1	lcl|NC_003070.9_cds_NP_001321871.1_11119, lcl|NC_003070.9_cds_NP_565048.1_11120
OG0003493	g16960.t1	lcl|NC_003070.9_cds_NP_177629.1_11497, lcl|NC_003070.9_cds_NP_849886.1_11498, lcl|NC_003070.9_cds_NP_849887.1_11499
OG0003494	g19974.t1	lcl|NC_003070.9_cds_NP_001185399.1_11500, lcl|NC_003070.9_cds_NP_565094.1_11501, lcl|NC_003074.8_cds_NP_190400.1_26853
OG0003510	g26515.t2, g26518.t1, g26515.t1	lcl|NC_003070.9_cds_NP_177929.1_12046
OG0003512	g3535.t1, g3530.t1	lcl|NC_003070.9_cds_NP_001031299.1_12188, lcl|NC_003070.9_cds_NP_178011.1_12187
OG0003520	g20297.t1	lcl|NC_003070.9_cds_NP_001319429.1_12550, lcl|NC_003070.9_cds_NP_178164.3_12549, lcl|NC_003070.9_cds_NP_849913.2_12551
OG0003526	g10642.t1	lcl|NC_003071.7_cds_NP_001323556.1_12829, lcl|NC_003071.7_cds_NP_178299.1_12828, lcl|NC_003071.7_cds_NP_001323555.1_12827
OG0003527	g30543.t1, g5827.t1, g5826.t1	lcl|NC_003071.7_cds_NP_178306.1_12843
OG0003528	g15558.t1	lcl|NC_003071.7_cds_NP_001323685.1_12939, lcl|NC_003071.7_cds_NP_001325418.1_12941, lcl|NC_003071.7_cds_NP_565286.1_12942
OG0003533	g29924.t1	lcl|NC_003071.7_cds_NP_973414.1_13193, lcl|NC_003076.8_cds_NP_200464.1_45988, lcl|NC_003076.8_cds_NP_001190555.1_45989
OG0003543	g1823.t1, g1822.t1	lcl|NC_003071.7_cds_NP_849940.1_13489, lcl|NC_003071.7_cds_NP_565331.1_13488
OG0003544	g3904.t1, g23638.t1	lcl|NC_003071.7_cds_NP_001324346.1_13528, lcl|NC_003071.7_cds_NP_565336.1_13527
OG0003545	g19329.t1, g19204.t1, g3402.t1	lcl|NC_003071.7_cds_NP_565338.1_13549
OG0003548	g11435.t1, g2360.t1	lcl|NC_003071.7_cds_NP_001189515.1_13572, lcl|NC_003071.7_cds_NP_178746.2_13571
OG0003552	g35718.t1, g35972.t1	lcl|NC_037304.1_cds_YP_009472097.2_48148, lcl|NC_003071.7_cds_NP_973438.1_13583
OG0003563	g6104.t2, g6104.t1, g1574.t1	lcl|NC_003071.7_cds_NP_849953.2_13844
OG0003582	g14563.t1, g32964.t1	lcl|NC_003071.7_cds_NP_179393.1_14461, lcl|NC_003075.7_cds_NP_195336.1_36459
OG0003584	g11749.t1, g13924.t1	lcl|NC_003071.7_cds_NP_179415.1_14499, lcl|NC_003074.8_cds_NP_190930.1_27829
OG0003595	g27393.t1, g28708.t1	lcl|NC_003071.7_cds_NP_179604.1_14796, lcl|NC_003075.7_cds_NP_194633.1_35012
OG0003599	g8686.t1, g30292.t1	lcl|NC_003075.7_cds_NP_194561.1_34861, lcl|NC_003071.7_cds_NP_179660.2_14917
OG0003611	g30678.t1, g12507.t1	lcl|NC_003071.7_cds_NP_001324818.1_15144, lcl|NC_003071.7_cds_NP_179764.4_15145
OG0003615	g5873.t1, g5869.t1, g5956.t1	lcl|NC_003071.7_cds_NP_565540.4_15279
OG0003618	g19121.t1, g5428.t1	lcl|NC_003071.7_cds_NP_001324816.1_15440, lcl|NC_003071.7_cds_NP_179919.1_15439
OG0003624	g21445.t1, g3238.t1	lcl|NC_003071.7_cds_NP_180009.2_15631, lcl|NC_003071.7_cds_NP_001324569.1_15630
OG0003643	g16311.t1, g16328.t1	lcl|NC_003071.7_cds_NP_565627.1_16064, lcl|NC_003071.7_cds_NP_850082.1_16065
OG0003644	g21611.t1	lcl|NC_003071.7_cds_NP_850084.1_16075, lcl|NC_003071.7_cds_NP_001324098.1_16076, lcl|NC_003071.7_cds_NP_001324099.1_16077
OG0003647	g3082.t2, g3082.t1, g3083.t1	lcl|NC_003071.7_cds_NP_180259.1_16122
OG0003655	g30479.t1, g12763.t1	lcl|NC_003071.7_cds_NP_001318302.1_16333, lcl|NC_003071.7_cds_NP_850111.1_16334
OG0003656	g294.t1, g4972.t1, g30449.t1	lcl|NC_003071.7_cds_NP_029426.1_16394
OG0003660	g28421.t1, g27019.t1	lcl|NC_003071.7_cds_NP_973556.1_16493, lcl|NC_003071.7_cds_NP_850128.1_16494
OG0003668	g2018.t1, g34657.t1, g10638.t1	lcl|NC_003071.7_cds_NP_180724.2_17012
OG0003681	g11299.t1, g8094.t1, g11695.t1	lcl|NC_003071.7_cds_NP_181048.1_17667
OG0003684	g24804.t1, g2560.t1	lcl|NC_003071.7_cds_NP_565811.2_17777, lcl|NC_003071.7_cds_NP_001325149.1_17778
OG0003691	g4737.t1, g12344.t1	lcl|NC_003071.7_cds_NP_181225.1_17988, lcl|NC_003071.7_cds_NP_001118458.1_17989
OG0003693	g4746.t1	lcl|NC_003071.7_cds_NP_001189693.1_18004, lcl|NC_003071.7_cds_NP_850273.1_18006, lcl|NC_003071.7_cds_NP_001318368.1_18005
OG0003697	g4400.t1, g9905.t1	lcl|NC_003071.7_cds_NP_973625.1_18143, lcl|NC_003071.7_cds_NP_565864.1_18142
OG0003704	g27801.t1	lcl|NC_003071.7_cds_NP_001323491.1_18335, lcl|NC_003071.7_cds_NP_001189702.1_18334, lcl|NC_003071.7_cds_NP_565893.1_18333
OG0003709	g9872.t1, g4354.t1	lcl|NC_003071.7_cds_NP_030521.1_18561, lcl|NC_003076.8_cds_NP_196224.1_38077
OG0003711	g4348.t1	lcl|NC_003071.7_cds_NP_001325272.1_18566, lcl|NC_003071.7_cds_NP_181507.1_18567, lcl|NC_003071.7_cds_NP_001189713.1_18568
OG0003715	g9840.t1	lcl|NC_003071.7_cds_NP_001323814.1_18639, lcl|NC_003071.7_cds_NP_181536.3_18637, lcl|NC_003071.7_cds_NP_001078028.1_18638
OG0003722	g4211.t1	lcl|NC_003071.7_cds_NP_973649.1_18705, lcl|NC_003071.7_cds_NP_001318389.1_18706, lcl|NC_003074.8_cds_NP_567036.1_28328
OG0003735	g28312.t1, g26941.t1	lcl|NC_003071.7_cds_NP_001324958.1_19040, lcl|NC_003071.7_cds_NP_181728.1_19039
OG0003741	g6316.t1	lcl|NC_003074.8_cds_NP_191467.1_28865, lcl|NC_003071.7_cds_NP_181826.1_19230, lcl|NC_003074.8_cds_NP_001030891.1_28866
OG0003748	g30132.t1	lcl|NC_003071.7_cds_NP_001078054.1_19470, lcl|NC_003071.7_cds_NP_181938.1_19469, lcl|NC_003074.8_cds_NP_191551.1_29031
OG0003751	g24039.t1	lcl|NC_003071.7_cds_NP_001318425.1_19587, lcl|NC_003071.7_cds_NP_850426.1_19589, lcl|NC_003071.7_cds_NP_001324885.1_19588
OG0003753	g1609.t1	lcl|NC_003071.7_cds_NP_182075.1_19715, lcl|NC_003071.7_cds_NP_850427.2_19604, lcl|NC_003071.7_cds_NP_001189747.1_19603
OG0003755	g24132.t1, g12043.t1	lcl|NC_003074.8_cds_NP_191622.1_29177, lcl|NC_003071.7_cds_NP_182041.1_19650
OG0003761	g24205.t1, g1629.t1	lcl|NC_003071.7_cds_NP_566051.1_19743, lcl|NC_003071.7_cds_NP_566052.1_19744
OG0003763	g11923.t1	lcl|NC_003071.7_cds_NP_182105.1_19766, lcl|NC_003074.8_cds_NP_974472.1_29288, lcl|NC_003074.8_cds_NP_191683.1_29287
OG0003777	g34075.t1	lcl|NC_003074.8_cds_NP_191562.1_29055, lcl|NC_003071.7_cds_NP_001325109.1_20050, lcl|NC_003071.7_cds_NP_850468.1_20049
OG0003778	g11377.t1	lcl|NC_003071.7_cds_NP_182239.1_20068, lcl|NC_003071.7_cds_NP_001324311.1_20067, lcl|NC_003071.7_cds_NP_001324310.1_20066
OG0003780	g23969.t1	lcl|NC_003071.7_cds_NP_001078075.1_20125, lcl|NC_003071.7_cds_NP_182273.1_20126, lcl|NC_003071.7_cds_NP_001324328.1_20124
OG0003782	g5469.t1	lcl|NC_003071.7_cds_NP_001189778.1_20239, lcl|NC_003071.7_cds_NP_001189777.1_20240, lcl|NC_003075.7_cds_NP_195467.1_36674
OG0003788	g25446.t1, g33167.t1	lcl|NC_003074.8_cds_NP_186814.1_20401, lcl|NC_003074.8_cds_NP_001325948.1_20400
OG0003790	g17154.t1	lcl|NC_003074.8_cds_NP_001189790.1_20428, lcl|NC_003074.8_cds_NP_186830.1_20427, lcl|NC_003074.8_cds_NP_001319444.1_20426
OG0003793	g35490.t1	lcl|NC_003074.8_cds_NP_001327088.1_20504, lcl|NC_003074.8_cds_NP_566165.2_20502, lcl|NC_003074.8_cds_NP_001327087.1_20503
OG0003795	g20172.t1, g19839.t1, g33394.t1	lcl|NC_003074.8_cds_NP_186872.1_20513
OG0003804	g18684.t1, g13063.t1	lcl|NC_003074.8_cds_NP_186955.1_20695, lcl|NC_003076.8_cds_NP_001318575.1_40035
OG0003805	g18683.t2, g18683.t1	lcl|NC_003074.8_cds_NP_186956.2_20696, lcl|NC_003076.8_cds_NP_197195.2_40037
OG0003814	g30206.t1, g28734.t1	lcl|NC_003074.8_cds_NP_187090.1_20924, lcl|NC_003074.8_cds_NP_001189805.1_20925
OG0003818	g373.t1	lcl|NC_003074.8_cds_NP_001118576.1_21028, lcl|NC_003074.8_cds_NP_001030637.1_21027, lcl|NC_003074.8_cds_NP_187142.1_21026
OG0003830	g9254.t1	lcl|NC_003074.8_cds_NP_850529.1_21487, lcl|NC_003074.8_cds_NP_566297.2_21488, lcl|NC_003074.8_cds_NP_001326118.1_21489
OG0003831	g28627.t1	lcl|NC_003076.8_cds_NP_199664.2_44507, lcl|NC_003074.8_cds_NP_187400.1_21567, lcl|NC_003074.8_cds_NP_001327656.1_21566
OG0003836	g32858.t1, g33030.t1	lcl|NC_003074.8_cds_NP_850539.1_21658, lcl|NC_003074.8_cds_NP_566321.1_21659
OG0003841	g5314.t1	lcl|NC_003076.8_cds_NP_199888.1_44933, lcl|NC_003076.8_cds_NP_197069.1_39814, lcl|NC_003074.8_cds_NP_187502.2_21782
OG0003845	g18252.t1	lcl|NC_003074.8_cds_NP_001078125.1_21847, lcl|NC_003074.8_cds_NP_187531.1_21848, lcl|NC_003074.8_cds_NP_187734.1_22235
OG0003848	g18164.t1	lcl|NC_003074.8_cds_NP_187561.1_21900, lcl|NC_003076.8_cds_NP_195881.1_37451, lcl|NC_003076.8_cds_NP_001190209.1_37450
OG0003877	g34649.t1, g6198.t1, g6198.t2	lcl|NC_003074.8_cds_NP_187873.1_22522
OG0003879	g14453.t1	lcl|NC_003074.8_cds_NP_187919.1_22615, lcl|NC_003074.8_cds_NP_001189875.1_22616, lcl|NC_003074.8_cds_NP_001325784.1_22614
OG0003885	g23759.t1	lcl|NC_003074.8_cds_NP_566466.1_22793
OG0003885	g27396.t1	lcl|NC_003074.8_cds_NP_189041.1_24729
OG0003888	g20566.t1	lcl|NC_003074.8_cds_NP_188028.2_22851, lcl|NC_003074.8_cds_NP_850581.1_22852, lcl|NC_003074.8_cds_NP_001189889.1_22850
OG0003891	g14671.t1, g2940.t1	lcl|NC_003074.8_cds_NP_001078156.1_23027, lcl|NC_003074.8_cds_NP_188120.1_23026
OG0003900	g20433.t1, g20433.t2	lcl|NC_003074.8_cds_NP_566543.1_23297, lcl|NC_003074.8_cds_NP_001189911.1_23298
OG0003905	g34140.t1	lcl|NC_003075.7_cds_NP_567487.5_32377, lcl|NC_003074.8_cds_NP_001078165.1_23419, lcl|NC_003074.8_cds_NP_566562.1_23420
OG0003917	g19608.t1	lcl|NC_003075.7_cds_NP_195066.1_35883
OG0003917	g22746.t1	lcl|NC_003074.8_cds_NP_188555.1_23850
OG0003923	g1940.t1, g1940.t2	lcl|NC_003074.8_cds_NP_566650.1_23976, lcl|NC_003074.8_cds_NP_001327924.1_23977
OG0003929	g14564.t1	lcl|NC_003074.8_cds_NP_001326771.1_24142, lcl|NC_003074.8_cds_NP_974346.1_24140, lcl|NC_003074.8_cds_NP_188701.2_24141
OG0003933	g3563.t1, g3576.t1	lcl|NC_003074.8_cds_NP_001319606.1_24229, lcl|NC_003074.8_cds_NP_188759.1_24230
OG0003937	g22913.t1	lcl|NC_003074.8_cds_NP_188799.1_24311, lcl|NC_003075.7_cds_NP_193278.4_32237, lcl|NC_003075.7_cds_NP_001154237.1_32238
OG0003943	g1929.t1	lcl|NC_003075.7_cds_NP_193216.1_32070, lcl|NC_003074.8_cds_NP_188902.1_24482, lcl|NC_003075.7_cds_NP_001190731.1_32069
OG0003944	g8229.t1	lcl|NC_003074.8_cds_NP_001326902.1_24490, lcl|NC_003074.8_cds_NP_188908.2_24489, lcl|NC_003074.8_cds_NP_001189950.1_24491
OG0003945	g370.t1	lcl|NC_003075.7_cds_NP_001329676.1_32025, lcl|NC_003075.7_cds_NP_193204.1_32026, lcl|NC_003074.8_cds_NP_188929.1_24520
OG0003952	g3164.t1, g34199.t1	lcl|NC_003074.8_cds_NP_189057.1_24755, lcl|NC_003074.8_cds_NP_001327395.1_24754
OG0003953	g13028.t1, g6528.t1	lcl|NC_003074.8_cds_NP_001030757.1_24761, lcl|NC_003074.8_cds_NP_189060.2_24760
OG0003957	g27270.t1, g28608.t1	lcl|NC_003074.8_cds_NP_189177.1_24978, lcl|NC_003074.8_cds_NP_001326334.1_24977
OG0003963	g6093.t1	lcl|NC_003074.8_cds_NP_001326780.1_25258, lcl|NC_003074.8_cds_NP_189317.1_25257, lcl|NC_003074.8_cds_NP_566801.1_25260
OG0003966	g12597.t1	lcl|NC_003074.8_cds_NP_001189986.1_25363, lcl|NC_003074.8_cds_NP_001325762.1_25362, lcl|NC_003074.8_cds_NP_189368.5_25364
OG0003969	g32768.t1, g5150.t1, g17088.t1	lcl|NC_003074.8_cds_NP_189391.1_25423
OG0003972	g16914.t1	lcl|NC_003074.8_cds_NP_189510.2_25628, lcl|NC_003074.8_cds_NP_001030790.3_25626, lcl|NC_003074.8_cds_NP_001154651.1_25627
OG0003973	g1401.t1, g5230.t2, g5230.t1	lcl|NC_003074.8_cds_NP_189515.1_25637
OG0003974	g5250.t1, g16909.t1, g18964.t1	lcl|NC_003074.8_cds_NP_189528.1_25656
OG0003975	g35556.t1	lcl|NC_003074.8_cds_NP_683601.1_25670, lcl|NC_003076.8_cds_NP_001190492.1_44522, lcl|NC_003076.8_cds_NP_199671.1_44523
OG0003978	g35458.t1, g18996.t1	lcl|NC_003074.8_cds_NP_189657.1_25866, lcl|NC_003074.8_cds_NP_001154655.1_25867
OG0003983	g7711.t1, g31803.t1	lcl|NC_003076.8_cds_NP_197617.1_40895, lcl|NC_003074.8_cds_NP_190012.1_26153
OG0003991	g30084.t1	lcl|NC_003074.8_cds_NP_566874.1_26329, lcl|NC_003074.8_cds_NP_850658.1_26330, lcl|NC_003074.8_cds_NP_001326667.1_26328
OG0004005	g3268.t1	lcl|NC_003074.8_cds_NP_190330.1_26724, lcl|NC_003074.8_cds_NP_001325474.1_26723, lcl|NC_003076.8_cds_NP_201047.1_47119
OG0004008	g33270.t1	lcl|NC_003074.8_cds_NP_190378.2_26816, lcl|NC_003074.8_cds_NP_001325714.1_26815, lcl|NC_003076.8_cds_NP_201073.1_47162
OG0004011	g20169.t1	lcl|NC_003076.8_cds_NP_201156.1_47317, lcl|NC_003074.8_cds_NP_190437.1_26943, lcl|NC_003076.8_cds_NP_001190608.1_47316
OG0004017	g30800.t1, g21246.t1, g16066.t1	lcl|NC_003074.8_cds_NP_190538.1_27130
OG0004027	g19081.t2, g19081.t1	lcl|NC_003074.8_cds_NP_190628.6_27270, lcl|NC_003074.8_cds_NP_001326234.1_27271
OG0004028	g19398.t1	lcl|NC_003074.8_cds_NP_190665.2_27326, lcl|NC_003074.8_cds_NP_001325881.1_27325, lcl|NC_003076.8_cds_NP_569033.1_47913
OG0004040	g7115.t1, g30861.t1, g30859.t1	lcl|NC_003074.8_cds_NP_190861.1_27694
OG0004047	g4333.t1, g18259.t1	lcl|NC_003074.8_cds_NP_001325478.1_28229, lcl|NC_003074.8_cds_NP_191125.1_28228
OG0004056	g26880.t1	lcl|NC_003074.8_cds_NP_974452.1_28613, lcl|NC_003074.8_cds_NP_001327768.1_28614, lcl|NC_003074.8_cds_NP_191322.3_28615
OG0004065	g30177.t1, g13109.t1	lcl|NC_003074.8_cds_NP_001326850.1_28990, lcl|NC_003074.8_cds_NP_191528.1_28991
OG0004080	g27662.t1, g27663.t1, g28951.t1	lcl|NC_003074.8_cds_NP_567135.1_29617
OG0004085	g1688.t1	lcl|NC_003075.7_cds_NP_567212.1_29998, lcl|NC_003075.7_cds_NP_001329597.1_30000, lcl|NC_003075.7_cds_NP_001329598.1_29999
OG0004089	g27795.t1	lcl|NC_003075.7_cds_NP_001190653.1_30093, lcl|NC_003075.7_cds_NP_192089.1_30095, lcl|NC_003075.7_cds_NP_001328302.1_30094
OG0004102	g993.t1	lcl|NC_003075.7_cds_NP_001328400.1_30612, lcl|NC_003075.7_cds_NP_192397.2_30611, lcl|NC_003075.7_cds_NP_001328399.1_30613
OG0004103	g1204.t1	lcl|NC_003075.7_cds_NP_001190676.1_30622, lcl|NC_003075.7_cds_NP_001329057.1_30621, lcl|NC_003075.7_cds_NP_192401.5_30620
OG0004108	g24568.t1	lcl|NC_003075.7_cds_NP_193842.1_33405, lcl|NC_003075.7_cds_NP_192451.1_30723, lcl|NC_003075.7_cds_NP_001118940.1_30724
OG0004115	g31287.t1	lcl|NC_003075.7_cds_NP_001328090.1_31292, lcl|NC_003075.7_cds_NP_001328091.1_31290, lcl|NC_003075.7_cds_NP_192843.2_31291
OG0004116	g11975.t1	lcl|NC_003075.7_cds_NP_567683.1_33886, lcl|NC_003075.7_cds_NP_192874.2_31329, lcl|NC_003075.7_cds_NP_001031617.1_31330
OG0004118	g33552.t1	lcl|NC_003075.7_cds_NP_001328245.1_33778, lcl|NC_003075.7_cds_NP_194031.6_33777, lcl|NC_003075.7_cds_NP_192917.3_31405
OG0004126	g16211.t1	lcl|NC_003075.7_cds_NP_001328647.1_32056, lcl|NC_003075.7_cds_NP_001328646.1_32055, lcl|NC_003075.7_cds_NP_193211.2_32057
OG0004128	g15729.t1	lcl|NC_003075.7_cds_NP_567450.1_32101, lcl|NC_003075.7_cds_NP_974551.1_32103, lcl|NC_003075.7_cds_NP_974552.1_32102
OG0004129	g30640.t1, g30642.t1, g30641.t1	lcl|NC_003075.7_cds_NP_193247.2_32147
OG0004133	g31001.t1, g1556.t1	lcl|NC_003075.7_cds_NP_001154239.1_32372, lcl|NC_003075.7_cds_NP_567485.4_32373
OG0004141	g13621.t1, g13621.t2	lcl|NC_003075.7_cds_NP_001328216.1_32646, lcl|NC_003075.7_cds_NP_193462.1_32647
OG0004144	g11427.t1, g13560.t1	lcl|NC_003076.8_cds_NP_199522.2_44235, lcl|NC_003075.7_cds_NP_567532.1_32725
OG0004145	g11430.t1	lcl|NC_003075.7_cds_NP_001329532.1_32728, lcl|NC_003075.7_cds_NP_001319976.1_32727, lcl|NC_003075.7_cds_NP_001329531.1_32726
OG0004146	g32965.t1, g31473.t1	lcl|NC_003075.7_cds_NP_001329809.1_32760, lcl|NC_003075.7_cds_NP_567538.1_32761
OG0004149	g2670.t1, g33290.t1, g19905.t1	lcl|NC_003075.7_cds_NP_193537.2_32809
OG0004152	g24622.t1	lcl|NC_003076.8_cds_NP_199436.1_44076, lcl|NC_003075.7_cds_NP_193563.3_32855, lcl|NC_003075.7_cds_NP_001329801.1_32854
OG0004154	g1349.t1, g29431.t1	lcl|NC_003075.7_cds_NP_193605.1_32937, lcl|NC_003076.8_cds_NP_199393.1_44004
OG0004167	g27956.t1, g1280.t1, g27958.t1	lcl|NC_003075.7_cds_NP_193898.3_33523
OG0004168	g31260.t1, g69.t1, g24781.t1	lcl|NC_003075.7_cds_NP_193902.1_33528
OG0004173	g18481.t1, g4013.t1	lcl|NC_003075.7_cds_NP_194065.3_33851, lcl|NC_003075.7_cds_NP_974595.1_33852
OG0004183	g18511.t1	lcl|NC_003075.7_cds_NP_001328550.1_34322, lcl|NC_003075.7_cds_NP_194286.1_34321, lcl|NC_003076.8_cds_NP_200039.1_45209
OG0004187	g22530.t1	lcl|NC_003075.7_cds_NP_567736.3_34398, lcl|NC_003076.8_cds_NP_200529.4_46111, lcl|NC_003076.8_cds_NP_001330975.1_46112
OG0004192	g14504.t1	lcl|NC_003075.7_cds_NP_194414.1_34579, lcl|NC_003076.8_cds_NP_001154779.1_45724, lcl|NC_003076.8_cds_NP_200327.1_45723
OG0004193	g32900.t1, g20674.t1	lcl|NC_003076.8_cds_NP_200323.1_45712, lcl|NC_003075.7_cds_NP_567759.1_34580
OG0004204	g16460.t2, g16460.t1, g3802.t1	lcl|NC_003075.7_cds_NP_194579.1_34895
OG0004209	g16395.t1, g16456.t1	lcl|NC_003075.7_cds_NP_001329182.1_35068, lcl|NC_003075.7_cds_NP_194667.1_35067
OG0004215	g21370.t1, g28743.t1	lcl|NC_003075.7_cds_NP_194789.1_35274, lcl|NC_003075.7_cds_NP_001329356.1_35273
OG0004218	g14043.t1	lcl|NC_003075.7_cds_NP_001329161.1_35531, lcl|NC_003075.7_cds_NP_001320109.1_35533, lcl|NC_003075.7_cds_NP_194906.1_35532
OG0004219	g7987.t1	lcl|NC_003075.7_cds_NP_001190884.1_35559, lcl|NC_003075.7_cds_NP_194918.2_35557, lcl|NC_003075.7_cds_NP_001328314.1_35558
OG0004220	g20014.t1	lcl|NC_003075.7_cds_NP_194945.3_35603, lcl|NC_003075.7_cds_NP_001031768.1_35605, lcl|NC_003075.7_cds_NP_001119092.1_35604
OG0004223	g21568.t1, g21566.t1	lcl|NC_003075.7_cds_NP_001078479.1_35618, lcl|NC_003075.7_cds_NP_001190887.1_35619
OG0004227	g31712.t1, g11711.t1	lcl|NC_003075.7_cds_NP_001329839.1_35702, lcl|NC_003075.7_cds_NP_194986.2_35703
OG0004234	g15000.t1, g22774.t1	lcl|NC_003075.7_cds_NP_567945.1_35989, lcl|NC_003075.7_cds_NP_001320129.1_35990
OG0004240	g2736.t1, g22822.t1	lcl|NC_003075.7_cds_NP_001329504.1_36112, lcl|NC_003075.7_cds_NP_195175.1_36113
OG0004248	g19412.t1	lcl|NC_003075.7_cds_NP_195350.5_36480, lcl|NC_003075.7_cds_NP_568000.1_36482, lcl|NC_003075.7_cds_NP_195351.2_36481
OG0004256	g19684.t1, g8794.t1, g19261.t1	lcl|NC_003075.7_cds_NP_195506.1_36743
OG0004286	g4683.t1	lcl|NC_003076.8_cds_NP_001119179.1_38197, lcl|NC_003076.8_cds_NP_568171.1_38196, lcl|NC_003076.8_cds_NP_850783.1_38195
OG0004289	g5467.t1	lcl|NC_003076.8_cds_NP_568174.1_38230, lcl|NC_003076.8_cds_NP_001119181.1_38231, lcl|NC_003076.8_cds_NP_001119180.1_38229
OG0004290	g12668.t1	lcl|NC_003076.8_cds_NP_001078538.1_38251, lcl|NC_003076.8_cds_NP_850784.1_38252, lcl|NC_003076.8_cds_NP_001190244.1_38250
OG0004298	g33371.t1	lcl|NC_003076.8_cds_NP_200921.2_46845, lcl|NC_003076.8_cds_NP_001332606.1_38470, lcl|NC_003076.8_cds_NP_196417.1_38469
OG0004308	g26201.t1	lcl|NC_003076.8_cds_NP_001078558.1_38752, lcl|NC_003076.8_cds_NP_201266.1_47523, lcl|NC_003076.8_cds_NP_196536.1_38753
OG0004309	g19603.t1, g3464.t1	lcl|NC_003076.8_cds_NP_568221.1_38779, lcl|NC_003076.8_cds_NP_001031863.1_38780
OG0004313	g25478.t1, g25482.t1	lcl|NC_003076.8_cds_NP_196590.1_38855, lcl|NC_003076.8_cds_NP_201326.1_47652
OG0004315	g33901.t1, g18016.t1	lcl|NC_003076.8_cds_NP_001190274.1_38884, lcl|NC_003076.8_cds_NP_196598.1_38885
OG0004321	g34209.t1	lcl|NC_003076.8_cds_NP_568245.1_39041, lcl|NC_003076.8_cds_NP_001154707.1_39040, lcl|NC_003076.8_cds_NP_001154706.1_39039
OG0004322	g3124.t1, g16359.t1, g21610.t1	lcl|NC_003076.8_cds_NP_196684.1_39054
OG0004332	g32681.t1, g32682.t1	lcl|NC_003076.8_cds_NP_196848.1_39390, lcl|NC_003076.8_cds_NP_568288.1_39389
OG0004334	g25040.t1	lcl|NC_003076.8_cds_NP_196868.1_39425, lcl|NC_003076.8_cds_NP_001331241.1_39426, lcl|NC_003076.8_cds_NP_001331240.1_39427
OG0004342	g18927.t1, g35509.t1, g5295.t1	lcl|NC_003076.8_cds_NP_197053.1_39781
OG0004350	g32496.t1	lcl|NC_003076.8_cds_NP_197229.1_40091, lcl|NC_003076.8_cds_NP_001331720.1_40092, lcl|NC_003076.8_cds_NP_198529.3_42414
OG0004357	g31722.t1	lcl|NC_003076.8_cds_NP_197362.1_40330, lcl|NC_003076.8_cds_NP_001190331.1_40331, lcl|NC_003076.8_cds_NP_001318594.1_40329
OG0004362	g3098.t1	lcl|NC_003076.8_cds_NP_568389.1_40592, lcl|NC_003076.8_cds_NP_001318606.1_40591, lcl|NC_003076.8_cds_NP_001331019.1_40593
OG0004368	g27499.t1	lcl|NC_003076.8_cds_NP_001154724.1_40702, lcl|NC_003076.8_cds_NP_001318612.1_40700, lcl|NC_003076.8_cds_NP_001318611.1_40701
OG0004369	g29288.t1, g29326.t1	lcl|NC_003076.8_cds_NP_568397.1_40721, lcl|NC_003076.8_cds_NP_001332370.1_40720
OG0004400	g22327.t1, g34469.t1, g23304.t1	lcl|NC_003076.8_cds_NP_198119.1_41877
OG0004401	g4691.t1	lcl|NC_003076.8_cds_NP_001332660.1_42029, lcl|NC_003076.8_cds_NP_198216.2_42028, lcl|NC_003076.8_cds_NP_001332659.1_42030
OG0004411	g34818.t1	lcl|NC_003076.8_cds_NP_198518.1_42405, lcl|NC_003076.8_cds_NP_001331077.1_42407, lcl|NC_003076.8_cds_NP_001078672.1_42406
OG0004420	g28396.t1, g25947.t1, g25805.t1	lcl|NC_003076.8_cds_NP_198801.1_42879
OG0004424	g31873.t1	lcl|NC_003076.8_cds_NP_001332682.1_43036, lcl|NC_003076.8_cds_NP_001318716.1_43035, lcl|NC_003076.8_cds_NP_851109.1_43034
OG0004426	g31226.t1	lcl|NC_003076.8_cds_NP_568591.1_43154, lcl|NC_003076.8_cds_NP_568592.1_43155, lcl|NC_003076.8_cds_NP_001331083.1_43153
OG0004436	g12609.t1	lcl|NC_003076.8_cds_NP_001332727.1_43645, lcl|NC_003076.8_cds_NP_199216.2_43646, lcl|NC_003076.8_cds_NP_001332726.1_43647
OG0004437	g4776.t1, g20514.t1	lcl|NC_003076.8_cds_NP_199229.1_43670, lcl|NC_003076.8_cds_NP_001330762.1_43671
OG0004451	g27335.t1, g28640.t1	lcl|NC_003076.8_cds_NP_001330141.1_44516, lcl|NC_003076.8_cds_NP_199667.1_44515
OG0004466	g18471.t1, g9494.t1	lcl|NC_003076.8_cds_NP_568772.3_45239, lcl|NC_003076.8_cds_NP_001119418.1_45240
OG0004468	g12332.t2, g12332.t1	lcl|NC_003076.8_cds_NP_001318791.1_45323, lcl|NC_003076.8_cds_NP_568781.1_45324
OG0004469	g6487.t1, g3954.t1, g9449.t1	lcl|NC_003076.8_cds_NP_568787.1_45378
OG0004470	g18422.t1	lcl|NC_003076.8_cds_NP_001190530.1_45436, lcl|NC_003076.8_cds_NP_001190529.1_45435, lcl|NC_003076.8_cds_NP_200158.2_45434
OG0004475	g14485.t1, g32880.t1	lcl|NC_003076.8_cds_NP_200337.1_45741, lcl|NC_003076.8_cds_NP_001330655.1_45740
OG0004476	g2801.t1	lcl|NC_003076.8_cds_NP_001318805.1_45863, lcl|NC_003076.8_cds_NP_200396.2_45862, lcl|NC_003076.8_cds_NP_001154782.1_45861
OG0004491	g26907.t1, g27081.t1	lcl|NC_003076.8_cds_NP_200812.2_46640, lcl|NC_003076.8_cds_NP_001190573.1_46639
OG0004494	g12804.t1, g4951.t1	lcl|NC_003076.8_cds_NP_001331788.1_46729, lcl|NC_003076.8_cds_NP_200853.1_46730
OG0004500	g26051.t1, g33331.t1	lcl|NC_003076.8_cds_NP_200949.1_46909, lcl|NC_003076.8_cds_NP_851240.1_46910
OG0004504	g28260.t1, g23442.t1	lcl|NC_003076.8_cds_NP_201036.1_47107, lcl|NC_003076.8_cds_NP_001078781.1_47106
OG0004505	g21856.t1, g19919.t2, g19919.t1	lcl|NC_003076.8_cds_NP_568955.1_47136
OG0004510	g28103.t1	lcl|NC_003076.8_cds_NP_568985.1_47422, lcl|NC_003076.8_cds_NP_001032134.1_47421, lcl|NC_003076.8_cds_NP_001078792.1_47423
OG0004514	g3375.t1	lcl|NC_003076.8_cds_NP_001078802.1_47758, lcl|NC_003076.8_cds_NP_001318886.1_47756, lcl|NC_003076.8_cds_NP_201373.1_47757
OG0004524	g19124.t1	lcl|NC_003076.8_cds_NP_201518.2_48064, lcl|NC_003076.8_cds_NP_001318894.1_48063, lcl|NC_003076.8_cds_NP_001330571.1_48065
OG0004526	g15085.t1	lcl|NC_003076.8_cds_NP_001119515.1_48116, lcl|NC_003076.8_cds_NP_201545.1_48115, lcl|NC_003076.8_cds_NP_001331087.1_48114
OG0005085	g13263.t1, g24112.t1	lcl|NC_003070.9_cds_NP_563644.1_238
OG0005092	g30802.t1	lcl|NC_003070.9_cds_NP_849577.1_315, lcl|NC_003070.9_cds_NP_171751.1_314
OG0005094	g27777.t1	lcl|NC_003070.9_cds_NP_171777.1_360, lcl|NC_003075.7_cds_NP_192132.1_30190
OG0005101	g28839.t1	lcl|NC_003070.9_cds_NP_849583.1_444, lcl|NC_003070.9_cds_NP_563674.1_445
OG0005111	g25179.t1	lcl|NC_003070.9_cds_NP_171921.1_670, lcl|NC_003074.8_cds_NP_187124.1_20993
OG0005144	g27167.t1, g28504.t1	lcl|NC_003070.9_cds_NP_172191.1_1268
OG0005158	g5040.t1, g17959.t1	lcl|NC_003070.9_cds_NP_563809.1_1529
OG0005173	g22405.t1	lcl|NC_003070.9_cds_NP_172390.1_1718, lcl|NC_003070.9_cds_NP_176029.1_8425
OG0005174	g11424.t1	lcl|NC_003076.8_cds_NP_199557.1_44300, lcl|NC_003070.9_cds_NP_172393.2_1737
OG0005177	g28141.t1	lcl|NC_003070.9_cds_NP_001322308.1_1757, lcl|NC_003070.9_cds_NP_172405.1_1756
OG0005187	g26710.t1	lcl|NC_003070.9_cds_NP_563862.1_1930, lcl|NC_003070.9_cds_NP_564742.1_8691
OG0005197	g6085.t1	lcl|NC_003070.9_cds_NP_973808.1_2077, lcl|NC_003070.9_cds_NP_563880.1_2076
OG0005200	g658.t1	lcl|NC_003070.9_cds_NP_564773.1_8990, lcl|NC_003070.9_cds_NP_001184959.1_2135
OG0005211	g931.t1, g14856.t1	lcl|NC_003070.9_cds_NP_172664.1_2326
OG0005218	g31137.t1	lcl|NC_003070.9_cds_NP_001184972.1_2397, lcl|NC_003070.9_cds_NP_563908.1_2396
OG0005224	g11904.t1	lcl|NC_003070.9_cds_NP_001322372.1_2437, lcl|NC_003070.9_cds_NP_172731.1_2436
OG0005232	g10742.t1	lcl|NC_003070.9_cds_NP_172780.1_2523, lcl|NC_003074.8_cds_NP_189189.1_25011
OG0005234	g2111.t1	lcl|NC_003070.9_cds_NP_172784.1_2530, lcl|NC_003074.8_cds_NP_189201.1_25035
OG0005242	g21373.t1	lcl|NC_003070.9_cds_NP_172851.1_2670, lcl|NC_003070.9_cds_NP_001184991.1_2671
OG0005244	g32433.t1, g11046.t1	lcl|NC_003070.9_cds_NP_172853.1_2675
OG0005264	g3196.t1	lcl|NC_003070.9_cds_NP_173021.1_2992, lcl|NC_003070.9_cds_NP_001077542.1_2993
OG0005269	g19658.t1	lcl|NC_003070.9_cds_NP_173064.1_3083, lcl|NC_003070.9_cds_NP_001319018.1_3084
OG0005274	g23022.t1	lcl|NC_003070.9_cds_NP_001117297.1_3168, lcl|NC_003070.9_cds_NP_173105.1_3167
OG0005277	g14964.t1	lcl|NC_003070.9_cds_NP_173114.1_3186, lcl|NC_003070.9_cds_NP_178022.1_12223
OG0005303	g19848.t1	lcl|NC_003070.9_cds_NP_001320464.1_3544, lcl|NC_003070.9_cds_NP_973858.1_3543
OG0005310	g33260.t1	lcl|NC_003070.9_cds_NP_177621.2_11487, lcl|NC_003070.9_cds_NP_173333.1_3618
OG0005315	g3412.t1, g15931.t1	lcl|NC_003070.9_cds_NP_173356.1_3655
OG0005329	g7474.t1	lcl|NC_003070.9_cds_NP_173478.2_3875, lcl|NC_003070.9_cds_NP_177753.1_11709
OG0005348	g26493.t1	lcl|NC_003070.9_cds_NP_173625.1_4158, lcl|NC_003070.9_cds_NP_001323297.1_4157
OG0005363	g10882.t1	lcl|NC_003070.9_cds_NP_001323007.1_4321, lcl|NC_003070.9_cds_NP_173713.1_4322
OG0005367	g20045.t1	lcl|NC_003070.9_cds_NP_177217.1_10744, lcl|NC_003070.9_cds_NP_173743.1_4391
OG0005382	g2126.t1	lcl|NC_003070.9_cds_NP_176932.1_10206, lcl|NC_003070.9_cds_NP_564217.1_4592
OG0005383	g11225.t1	lcl|NC_003070.9_cds_NP_001154364.1_4610, lcl|NC_003070.9_cds_NP_173858.5_4609
OG0005393	g2264.t1, g10994.t1	lcl|NC_003070.9_cds_NP_564249.1_4821
OG0005396	g5251.t1, g5252.t1	lcl|NC_003070.9_cds_NP_174005.1_4885
OG0005401	g32364.t2, g32364.t1	lcl|NC_003070.9_cds_NP_564272.1_4953
OG0005417	g29763.t1	lcl|NC_003070.9_cds_NP_174161.1_5177, lcl|NC_003070.9_cds_NP_001185106.1_5176
OG0005439	g3985.t1, g9487.t1	lcl|NC_003070.9_cds_NP_564359.1_5555
OG0005446	g33414.t1	lcl|NC_003070.9_cds_NP_174428.1_5696, lcl|NC_003070.9_cds_NP_001319122.1_5695
OG0005484	g26484.t1	lcl|NC_003070.9_cds_NP_973961.1_6141, lcl|NC_003070.9_cds_NP_174684.2_6142
OG0005508	g16736.t2, g16736.t1	lcl|NC_003070.9_cds_NP_174971.5_6455
OG0005519	g31948.t1	lcl|NC_003070.9_cds_NP_175112.2_6633, lcl|NC_003070.9_cds_NP_001185154.1_6634
OG0005535	g10462.t1, g16800.t1	lcl|NC_003070.9_cds_NP_175219.1_6835
OG0005540	g21052.t1	lcl|NC_003070.9_cds_NP_001321802.1_6918, lcl|NC_003070.9_cds_NP_175261.1_6919
OG0005560	g22743.t1	lcl|NC_003074.8_cds_NP_188559.1_23856, lcl|NC_003070.9_cds_NP_175393.1_7183
OG0005565	g17310.t1	lcl|NC_003070.9_cds_NP_001117459.1_7247, lcl|NC_003070.9_cds_NP_175425.2_7248
OG0005576	g5867.t1, g34682.t1	lcl|NC_003070.9_cds_NP_175530.2_7410
OG0005586	g3036.t1	lcl|NC_003070.9_cds_NP_001323214.1_7614, lcl|NC_003070.9_cds_NP_175639.1_7613
OG0005589	g20315.t1	lcl|NC_003070.9_cds_NP_001322752.1_7673, lcl|NC_003070.9_cds_NP_564609.3_7672
OG0005590	g32998.t1	lcl|NC_003070.9_cds_NP_564616.1_7728, lcl|NC_003070.9_cds_NP_564615.3_7727
OG0005592	g6125.t1	lcl|NC_003070.9_cds_NP_175708.2_7743, lcl|NC_003070.9_cds_NP_001322925.1_7742
OG0005596	g2931.t1	lcl|NC_003070.9_cds_NP_175736.2_7802, lcl|NC_003074.8_cds_NP_188114.1_23011
OG0005600	g2900.t1	lcl|NC_003070.9_cds_NP_974018.3_7859, lcl|NC_003070.9_cds_NP_564636.2_7858
OG0005612	g34659.t1	lcl|NC_003070.9_cds_NP_001321327.1_8050, lcl|NC_003070.9_cds_NP_175851.1_8049
OG0005629	g35654.t1	lcl|NC_003070.9_cds_NP_564711.1_8394, lcl|NC_003070.9_cds_NP_001320440.1_8395
OG0005667	g12821.t1, g30418.t1	lcl|NC_003070.9_cds_NP_176533.1_9433
OG0005668	g26977.t1	lcl|NC_003076.8_cds_NP_198942.1_43135, lcl|NC_003070.9_cds_NP_176539.4_9448
OG0005672	g31250.t2, g31250.t1	lcl|NC_003070.9_cds_NP_564821.1_9561
OG0005690	g33671.t1	lcl|NC_003070.9_cds_NP_564846.1_9770, lcl|NC_003070.9_cds_NP_001322349.1_9771
OG0005702	g35205.t1	lcl|NC_003076.8_cds_NP_198627.1_42598, lcl|NC_003070.9_cds_NP_176846.1_10013
OG0005712	g62.t1	lcl|NC_003070.9_cds_NP_001185343.1_10156, lcl|NC_003070.9_cds_NP_176910.1_10155
OG0005724	g2093.t1	lcl|NC_003070.9_cds_NP_564940.1_10416, lcl|NC_003070.9_cds_NP_001322237.1_10417
OG0005726	g33405.t1, g25951.t1	lcl|NC_003070.9_cds_NP_177064.1_10470
OG0005728	g10977.t1	lcl|NC_003070.9_cds_NP_849865.1_10497, lcl|NC_003070.9_cds_NP_564955.1_10498
OG0005736	g18159.t1	lcl|NC_003070.9_cds_NP_001323365.1_10599, lcl|NC_003070.9_cds_NP_177137.2_10598
OG0005739	g19281.t1, g32362.t1	lcl|NC_003070.9_cds_NP_177164.1_10643
OG0005741	g5650.t1	lcl|NC_003070.9_cds_NP_001185360.1_10668, lcl|NC_003070.9_cds_NP_564986.1_10667
OG0005762	g33060.t1	lcl|NC_003070.9_cds_NP_001322213.1_11169, lcl|NC_003070.9_cds_NP_177454.1_11168
OG0005768	g12838.t1	lcl|NC_003070.9_cds_NP_177514.1_11287, lcl|NC_003070.9_cds_NP_001322105.1_11288
OG0005803	g33668.t1	lcl|NC_003070.9_cds_NP_177854.6_11906, lcl|NC_003070.9_cds_NP_001077836.1_11907
OG0005813	g14722.t1	lcl|NC_003070.9_cds_NP_974171.1_12131, lcl|NC_003070.9_cds_NP_565184.1_12130
OG0005821	g14359.t2, g14359.t1	lcl|NC_003070.9_cds_NP_178053.4_12277
OG0005832	g12888.t1, g25220.t1	lcl|NC_003070.9_cds_NP_178124.2_12461
OG0005851	g32471.t1	lcl|NC_003071.7_cds_NP_178282.2_12792, lcl|NC_003071.7_cds_NP_001325256.1_12793
OG0005855	g34330.t1	lcl|NC_003071.7_cds_NP_178316.1_12863, lcl|NC_003071.7_cds_NP_001324413.1_12862
OG0005863	g15543.t1	lcl|NC_003071.7_cds_NP_001318182.1_12947, lcl|NC_003071.7_cds_NP_178358.1_12948
OG0005864	g22223.t1	lcl|NC_003071.7_cds_NP_001030954.1_12952, lcl|NC_003071.7_cds_NP_178360.2_12951
OG0005871	g2257.t1	lcl|NC_003071.7_cds_NP_178463.1_13151, lcl|NC_003071.7_cds_NP_001325037.1_13152
OG0005876	g22624.t1, g2571.t1	lcl|NC_003071.7_cds_NP_178511.2_13266
OG0005889	g19438.t1	lcl|NC_003071.7_cds_NP_178722.1_13553, lcl|NC_003071.7_cds_NP_001325220.1_13554
OG0005892	g35738.t1, g35711.t1	lcl|NC_003071.7_cds_NP_671807.1_13614
OG0005908	g1628.t1	lcl|NC_003071.7_cds_NP_001324071.1_13896, lcl|NC_003071.7_cds_NP_179033.1_13895
OG0005909	g22608.t1, g26076.t1	lcl|NC_003071.7_cds_NP_973453.2_13898
OG0005923	g2768.t1	lcl|NC_003071.7_cds_NP_849960.1_14154, lcl|NC_003071.7_cds_NP_179235.1_14153
OG0005927	g32293.t1	lcl|NC_003071.7_cds_NP_179275.1_14214, lcl|NC_003071.7_cds_NP_179277.1_14215
OG0005928	g34453.t1	lcl|NC_003071.7_cds_NP_001324377.1_14234, lcl|NC_003071.7_cds_NP_179284.1_14235
OG0005932	g18154.t1	lcl|NC_003071.7_cds_NP_001077906.1_14323, lcl|NC_003071.7_cds_NP_179320.1_14324
OG0005938	g5775.t1	lcl|NC_003071.7_cds_NP_565418.1_14363, lcl|NC_003071.7_cds_NP_001189541.1_14362
OG0005943	g521.t1	lcl|NC_003075.7_cds_NP_195303.2_36368, lcl|NC_003071.7_cds_NP_179361.1_14394
OG0005945	g34982.t1, g5690.t1	lcl|NC_003071.7_cds_NP_565424.1_14422
OG0005954	g25853.t1	lcl|NC_003075.7_cds_NP_195363.1_36496, lcl|NC_003071.7_cds_NP_179409.1_14486
OG0005956	g35127.t1	lcl|NC_003071.7_cds_NP_179435.1_14530, lcl|NC_003076.8_cds_NP_201477.1_48003
OG0005971	g25045.t1	lcl|NC_003075.7_cds_NP_192620.1_30922, lcl|NC_003071.7_cds_NP_179537.1_14686
OG0005978	g3796.t1	lcl|NC_003071.7_cds_NP_179567.1_14731, lcl|NC_003075.7_cds_NP_194663.1_35062
OG0005994	g28052.t1, g21955.t1	lcl|NC_003071.7_cds_NP_179701.1_15005
OG0005997	g448.t1	lcl|NC_003071.7_cds_NP_565501.1_15027, lcl|NC_003075.7_cds_NP_568047.1_36906
OG0005999	g14895.t1	lcl|NC_003075.7_cds_NP_568051.1_36958, lcl|NC_003071.7_cds_NP_179736.1_15084
OG0006019	g22429.t1	lcl|NC_003071.7_cds_NP_179920.1_15441, lcl|NC_003071.7_cds_NP_001323779.1_15442
OG0006026	g3275.t1, g3274.t1	lcl|NC_003071.7_cds_NP_179983.1_15578
OG0006028	g10715.t1	lcl|NC_003071.7_cds_NP_179989.1_15586, lcl|NC_003071.7_cds_NP_973525.2_15587
OG0006029	g3266.t1	lcl|NC_003071.7_cds_NP_001324043.1_15597, lcl|NC_003071.7_cds_NP_179994.2_15596
OG0006041	g21268.t1	lcl|NC_003071.7_cds_NP_850057.1_15722, lcl|NC_003071.7_cds_NP_001077955.1_15723
OG0006052	g12214.t1	lcl|NC_003071.7_cds_NP_180123.1_15842, lcl|NC_003071.7_cds_NP_001324719.1_15843
OG0006059	g3426.t1	lcl|NC_003071.7_cds_NP_180198.1_15999, lcl|NC_003071.7_cds_NP_001325056.1_15998
OG0006066	g13439.t1, g13438.t1	lcl|NC_003071.7_cds_NP_180260.1_16123
OG0006074	g28606.t1	lcl|NC_003071.7_cds_NP_565644.1_16196, lcl|NC_003071.7_cds_NP_565643.1_16195
OG0006084	g28354.t1	lcl|NC_003071.7_cds_NP_001031437.2_16415, lcl|NC_003071.7_cds_NP_180421.3_16416
OG0006086	g27047.t1	lcl|NC_003071.7_cds_NP_001324474.1_16468, lcl|NC_003071.7_cds_NP_180445.1_16469
OG0006088	g23583.t1	lcl|NC_003071.7_cds_NP_180469.3_16506, lcl|NC_003071.7_cds_NP_001077973.1_16507
OG0006095	g20439.t2, g20439.t1	lcl|NC_003071.7_cds_NP_180555.2_16667
OG0006099	g6691.t1	lcl|NC_003071.7_cds_NP_180598.1_16738, lcl|NC_003071.7_cds_NP_001189639.1_16739
OG0006108	g1947.t1	lcl|NC_003071.7_cds_NP_001118421.1_16882, lcl|NC_003071.7_cds_NP_180654.1_16881
OG0006112	g35538.t1, g5268.t1	lcl|NC_003071.7_cds_NP_180676.1_16928
OG0006114	g31995.t1	lcl|NC_003074.8_cds_NP_190955.1_27874, lcl|NC_003071.7_cds_NP_180719.1_17009
OG0006126	g9460.t1, g9463.t1	lcl|NC_003071.7_cds_NP_180842.1_17254
OG0006134	g29687.t1	lcl|NC_003071.7_cds_NP_180994.1_17577, lcl|NC_003071.7_cds_NP_001031481.1_17578
OG0006136	g24539.t1	lcl|NC_003071.7_cds_NP_181029.1_17638, lcl|NC_003071.7_cds_NP_001324223.1_17637
OG0006137	g30375.t1	lcl|NC_003071.7_cds_NP_001078004.1_17645, lcl|NC_003071.7_cds_NP_181032.1_17646
OG0006139	g20461.t1	lcl|NC_003071.7_cds_NP_001189681.1_17671, lcl|NC_003071.7_cds_NP_850240.1_17670
OG0006158	g4740.t1, g30795.t1	lcl|NC_003071.7_cds_NP_181228.1_18000
OG0006170	g28084.t1	lcl|NC_003071.7_cds_NP_181304.2_18165, lcl|NC_003071.7_cds_NP_001324308.1_18164
OG0006175	g27938.t1	lcl|NC_003071.7_cds_NP_001325125.1_18231, lcl|NC_003071.7_cds_NP_181341.2_18232
OG0006177	g4294.t1	lcl|NC_003071.7_cds_NP_565882.1_18240, lcl|NC_003071.7_cds_NP_001324970.1_18241
OG0006181	g28814.t1	lcl|NC_003071.7_cds_NP_181418.3_18386, lcl|NC_003071.7_cds_NP_001323678.1_18387
OG0006193	g4263.t1, g4262.t1	lcl|NC_003071.7_cds_NP_850327.2_18653
OG0006195	g9790.t1	lcl|NC_003074.8_cds_NP_187714.1_22199, lcl|NC_003071.7_cds_NP_181563.2_18687
OG0006203	g16237.t1, g16237.t2	lcl|NC_003071.7_cds_NP_181637.2_18843
OG0006213	g23517.t1	lcl|NC_003074.8_cds_NP_191294.5_28556, lcl|NC_003071.7_cds_NP_565951.1_18974
OG0006215	g26824.t1	lcl|NC_003071.7_cds_NP_850353.1_18981, lcl|NC_003071.7_cds_NP_001323473.1_18982
OG0006216	g26827.t1	lcl|NC_003071.7_cds_NP_850354.2_18985, lcl|NC_003071.7_cds_NP_001031526.1_18986
OG0006218	g29811.t1	lcl|NC_003071.7_cds_NP_181711.1_19007, lcl|NC_003071.7_cds_NP_181712.1_19008
OG0006244	g14849.t1	lcl|NC_003071.7_cds_NP_850410.1_19474, lcl|NC_003071.7_cds_NP_850411.1_19473
OG0006247	g1563.t2, g1563.t1	lcl|NC_003071.7_cds_NP_566024.1_19567
OG0006253	g13250.t1	lcl|NC_003071.7_cds_NP_001323472.1_19655, lcl|NC_003071.7_cds_NP_566037.1_19654
OG0006254	g24168.t2, g24168.t1	lcl|NC_003071.7_cds_NP_850432.1_19677
OG0006285	g325.t1	lcl|NC_003071.7_cds_NP_001325363.1_20123, lcl|NC_003071.7_cds_NP_850475.2_20122
OG0006308	g19030.t1	lcl|NC_003076.8_cds_NP_197102.2_39872, lcl|NC_003074.8_cds_NP_186898.1_20571
OG0006310	g19341.t1	lcl|NC_003076.8_cds_NP_197111.2_39887, lcl|NC_003074.8_cds_NP_186902.1_20581
OG0006325	g5547.t1	lcl|NC_003074.8_cds_NP_001326670.1_20747, lcl|NC_003074.8_cds_NP_566204.2_20746
OG0006326	g17100.t1	lcl|NC_003074.8_cds_NP_566205.1_20751, lcl|NC_003074.8_cds_NP_001325856.1_20752
OG0006331	g32254.t1	lcl|NC_003074.8_cds_NP_187031.2_20819, lcl|NC_003074.8_cds_NP_001325638.1_20818
OG0006374	g12692.t1	lcl|NC_003074.8_cds_NP_001327514.1_21374, lcl|NC_003074.8_cds_NP_187302.2_21373
OG0006381	g23723.t1	lcl|NC_003074.8_cds_NP_566299.1_21508, lcl|NC_003074.8_cds_NP_850530.1_21509
OG0006397	g28619.t2, g28619.t1	lcl|NC_003074.8_cds_NP_187456.1_21692
OG0006406	g27955.t1, g27955.t2	lcl|NC_003074.8_cds_NP_187514.1_21808
OG0006419	g4781.t1	lcl|NC_003076.8_cds_NP_195916.1_37511, lcl|NC_003074.8_cds_NP_566351.1_21938
OG0006426	g30829.t1, g12387.t1	lcl|NC_003074.8_cds_NP_187616.1_22009
OG0006429	g25009.t1	lcl|NC_003074.8_cds_NP_001078131.1_22037, lcl|NC_003074.8_cds_NP_187634.1_22036
OG0006431	g9880.t1, g9880.t2	lcl|NC_003074.8_cds_NP_187647.2_22064
OG0006432	g23657.t1, g6734.t1	lcl|NC_003074.8_cds_NP_187664.2_22101
OG0006440	g4245.t1, g4961.t1	lcl|NC_003074.8_cds_NP_187724.2_22212
OG0006442	g22546.t1	lcl|NC_003074.8_cds_NP_001189859.1_22238, lcl|NC_003074.8_cds_NP_187736.1_22237
OG0006450	g31817.t1	lcl|NC_003076.8_cds_NP_568173.2_38220, lcl|NC_003074.8_cds_NP_187813.1_22404
OG0006451	g12861.t1	lcl|NC_003074.8_cds_NP_001327732.1_22418, lcl|NC_003074.8_cds_NP_566412.1_22417
OG0006454	g18285.t1	lcl|NC_003074.8_cds_NP_001189870.1_22469, lcl|NC_003074.8_cds_NP_566422.4_22468
OG0006456	g20909.t1, g20910.t1	lcl|NC_003074.8_cds_NP_187864.1_22506
OG0006468	g4889.t1, g30374.t1	lcl|NC_003074.8_cds_NP_187977.1_22735
OG0006472	g23749.t1	lcl|NC_003074.8_cds_NP_188003.1_22794, lcl|NC_003074.8_cds_NP_974308.1_22795
OG0006481	g23147.t1, g2970.t1	lcl|NC_003074.8_cds_NP_188135.1_23053
OG0006484	g23192.t1	lcl|NC_003074.8_cds_NP_566517.1_23136, lcl|NC_003074.8_cds_NP_850590.1_23137
OG0006491	g11789.t1, g2675.t1	lcl|NC_003074.8_cds_NP_188299.1_23382
OG0006499	g34076.t1, g11365.t1	lcl|NC_003074.8_cds_NP_188365.1_23497
OG0006509	g26012.t1	lcl|NC_003074.8_cds_NP_188474.1_23693, lcl|NC_003074.8_cds_NP_188475.1_23694
OG0006512	g34421.t1	lcl|NC_003074.8_cds_NP_188508.1_23760, lcl|NC_003074.8_cds_NP_001327851.1_23759
OG0006517	g22725.t1, g15035.t1	lcl|NC_003074.8_cds_NP_188573.1_23881
OG0006536	g29850.t1, g29849.t1	lcl|NC_003074.8_cds_NP_188724.2_24173
OG0006566	g11099.t1, g11098.t1	lcl|NC_003074.8_cds_NP_566738.1_24686
OG0006569	g6651.t1, g6648.t1	lcl|NC_003074.8_cds_NP_566745.1_24762
OG0006591	g158.t1	lcl|NC_003074.8_cds_NP_001327909.1_25204, lcl|NC_003074.8_cds_NP_189292.1_25203
OG0006594	g254.t1	lcl|NC_003074.8_cds_NP_189337.1_25305, lcl|NC_003074.8_cds_NP_001327814.1_25304
OG0006621	g5232.t1	lcl|NC_003074.8_cds_NP_001326785.1_25635, lcl|NC_003074.8_cds_NP_189514.1_25636
OG0006623	g5248.t1	lcl|NC_003074.8_cds_NP_189527.1_25653, lcl|NC_003076.8_cds_NP_680368.1_42881
OG0006625	g16871.t1, g16870.t1	lcl|NC_003074.8_cds_NP_189549.2_25718
OG0006653	g27060.t1, g27061.t1	lcl|NC_003074.8_cds_NP_190190.1_26476
OG0006679	g25384.t1, g25406.t1	lcl|NC_003074.8_cds_NP_190423.2_26921
OG0006680	g20156.t1, g17960.t1	lcl|NC_003074.8_cds_NP_190425.1_26924
OG0006685	g33097.t1	lcl|NC_003076.8_cds_NP_197757.1_41179, lcl|NC_003074.8_cds_NP_190449.1_26958
OG0006695	g5517.t1, g5518.t1	lcl|NC_003074.8_cds_NP_190535.1_27126
OG0006700	g19048.t1	lcl|NC_003076.8_cds_NP_201458.1_47947, lcl|NC_003074.8_cds_NP_190651.1_27304
OG0006710	g28042.t1	lcl|NC_003074.8_cds_NP_190749.1_27478, lcl|NC_003074.8_cds_NP_001326558.1_27479
OG0006713	g18874.t1	lcl|NC_003074.8_cds_NP_190805.1_27605, lcl|NC_003074.8_cds_NP_001325578.1_27604
OG0006714	g12549.t1	lcl|NC_003074.8_cds_NP_974418.1_27608, lcl|NC_003074.8_cds_NP_190807.3_27607
OG0006716	g8045.t1	lcl|NC_003074.8_cds_NP_001154674.1_27684, lcl|NC_003074.8_cds_NP_190856.1_27683
OG0006717	g30836.t1	lcl|NC_003074.8_cds_NP_001078275.1_27705, lcl|NC_003074.8_cds_NP_566976.1_27704
OG0006718	g8983.t1, g8988.t1	lcl|NC_003074.8_cds_NP_190886.4_27731
OG0006728	g2145.t1	lcl|NC_003074.8_cds_NP_001326764.1_27923, lcl|NC_003074.8_cds_NP_190982.1_27924
OG0006741	g4443.t1	lcl|NC_003074.8_cds_NP_191074.2_28136, lcl|NC_003074.8_cds_NP_974439.1_28137
OG0006749	g9777.t1	lcl|NC_003074.8_cds_NP_001325935.1_28307, lcl|NC_003074.8_cds_NP_001319765.1_28306
OG0006752	g18354.t1	lcl|NC_003074.8_cds_NP_191190.2_28355, lcl|NC_003074.8_cds_NP_974447.1_28356
OG0006768	g12599.t1, g6253.t1	lcl|NC_003074.8_cds_NP_191416.1_28771
OG0006771	g15348.t1, g32396.t1	lcl|NC_003074.8_cds_NP_191432.1_28800
OG0006774	g13472.t1	lcl|NC_003074.8_cds_NP_191481.1_28891, lcl|NC_003074.8_cds_NP_191485.1_28896
OG0006779	g15373.t1	lcl|NC_003074.8_cds_NP_191524.1_28984, lcl|NC_003074.8_cds_NP_001190137.1_28983
OG0006785	g11441.t1, g31404.t1	lcl|NC_003074.8_cds_NP_567096.1_29098
OG0006795	g24182.t1, g1488.t1	lcl|NC_003074.8_cds_NP_191644.1_29209
OG0006796	g13227.t1, g1601.t1	lcl|NC_003074.8_cds_NP_191645.1_29210
OG0006798	g1619.t1	lcl|NC_003074.8_cds_NP_001030908.1_29248, lcl|NC_003074.8_cds_NP_191664.1_29247
OG0006829	g4289.t1	lcl|NC_003075.7_cds_NP_567178.1_29814, lcl|NC_003075.7_cds_NP_974489.1_29815
OG0006842	g1701.t1, g24327.t1	lcl|NC_003075.7_cds_NP_192034.1_29989
OG0006856	g23963.t1, g28999.t1	lcl|NC_003075.7_cds_NP_192137.1_30198
OG0006859	g27709.t1	lcl|NC_003075.7_cds_NP_567239.1_30237, lcl|NC_003075.7_cds_NP_001319847.1_30236
OG0006861	g11659.t1	lcl|NC_003075.7_cds_NP_192176.1_30282, lcl|NC_003075.7_cds_NP_001328388.1_30281
OG0006867	g914.t1	lcl|NC_003075.7_cds_NP_680579.2_30499, lcl|NC_003075.7_cds_NP_193956.2_33639
OG0006870	g22898.t1	lcl|NC_003075.7_cds_NP_192354.1_30534, lcl|NC_003075.7_cds_NP_001328851.1_30535
OG0006885	g6365.t1, g12906.t1	lcl|NC_003075.7_cds_NP_192621.1_30923
OG0006889	g27771.t1, g29941.t1	lcl|NC_003075.7_cds_NP_192633.2_30943
OG0006898	g25636.t1	lcl|NC_003075.7_cds_NP_001329933.1_31162, lcl|NC_003075.7_cds_NP_192773.1_31161
OG0006900	g31353.t1	lcl|NC_003075.7_cds_NP_001328971.1_31234, lcl|NC_003075.7_cds_NP_192811.4_31233
OG0006904	g13851.t1, g13851.t2	lcl|NC_003075.7_cds_NP_192839.1_31285
OG0006909	g18000.t1, g13800.t1	lcl|NC_003075.7_cds_NP_567375.1_31316
OG0006911	g27085.t1, g23338.t1	lcl|NC_003075.7_cds_NP_567378.4_31327
OG0006913	g11942.t1	lcl|NC_003075.7_cds_NP_192894.1_31371, lcl|NC_003075.7_cds_NP_849359.1_31372
OG0006921	g4937.t1	lcl|NC_003075.7_cds_NP_567440.1_32031, lcl|NC_003075.7_cds_NP_192999.1_31567
OG0006928	g3063.t2, g3063.t1	lcl|NC_003075.7_cds_NP_193072.2_31739
OG0006933	g6503.t1, g6502.t1	lcl|NC_003075.7_cds_NP_193129.1_31844
OG0006936	g34316.t1	lcl|NC_003075.7_cds_NP_193141.2_31870, lcl|NC_003075.7_cds_NP_001329428.1_31871
OG0006940	g27459.t1	lcl|NC_003075.7_cds_NP_193170.1_31939, lcl|NC_003075.7_cds_NP_001328596.1_31940
OG0006956	g2880.t1, g24498.t1	lcl|NC_003075.7_cds_NP_680717.2_32531
OG0006975	g29483.t1	lcl|NC_003075.7_cds_NP_193606.1_32938, lcl|NC_003075.7_cds_NP_001319987.1_32939
OG0006976	g589.t1, g589.t2	lcl|NC_003075.7_cds_NP_567563.1_32941
OG0006977	g21075.t2, g21075.t1	lcl|NC_003075.7_cds_NP_193610.1_32946
OG0006982	g31536.t1	lcl|NC_003075.7_cds_NP_001154253.1_33008, lcl|NC_003076.8_cds_NP_199368.1_43959
OG0006983	g31766.t1	lcl|NC_003075.7_cds_NP_001329651.1_33017, lcl|NC_003075.7_cds_NP_974571.1_33016
OG0006988	g24434.t1	lcl|NC_003075.7_cds_NP_849409.2_33080, lcl|NC_003075.7_cds_NP_193684.4_33079
OG0006996	g24615.t1	lcl|NC_003075.7_cds_NP_001031681.1_33300, lcl|NC_003075.7_cds_NP_193773.2_33299
OG0007001	g13181.t1, g24269.t1	lcl|NC_003075.7_cds_NP_567626.1_33470
OG0007007	g10997.t1	lcl|NC_003075.7_cds_NP_193907.2_33538, lcl|NC_003075.7_cds_NP_001328261.1_33539
OG0007009	g8991.t1	lcl|NC_003075.7_cds_NP_193911.1_33546, lcl|NC_003075.7_cds_NP_974586.1_33547
OG0007025	g13814.t1	lcl|NC_003075.7_cds_NP_194105.1_33931, lcl|NC_003075.7_cds_NP_001328543.1_33930
OG0007027	g13884.t1, g31341.t1	lcl|NC_003075.7_cds_NP_567693.1_33986
OG0007029	g10449.t1	lcl|NC_003075.7_cds_NP_194150.1_34014, lcl|NC_003075.7_cds_NP_974606.1_34015
OG0007045	g18121.t1	lcl|NC_003075.7_cds_NP_194233.1_34211, lcl|NC_003075.7_cds_NP_974613.1_34212
OG0007074	g14565.t1	lcl|NC_003075.7_cds_NP_194456.1_34645, lcl|NC_003076.8_cds_NP_200262.1_45608
OG0007083	g32124.t1	lcl|NC_003075.7_cds_NP_001328222.1_34829, lcl|NC_003075.7_cds_NP_194540.1_34828
OG0007100	g29565.t1, g33349.t1	lcl|NC_003075.7_cds_NP_194713.1_35140
OG0007101	g3360.t1	lcl|NC_003075.7_cds_NP_194719.1_35147, lcl|NC_003075.7_cds_NP_001327988.1_35146
OG0007103	g3362.t1	lcl|NC_003075.7_cds_NP_194764.1_35238, lcl|NC_003076.8_cds_NP_568849.2_46096
OG0007118	g5964.t1	lcl|NC_003075.7_cds_NP_194898.1_35515, lcl|NC_003075.7_cds_NP_001078475.1_35516
OG0007123	g3239.t2, g3239.t1	lcl|NC_003075.7_cds_NP_194920.1_35561
OG0007128	g33540.t1	lcl|NC_003075.7_cds_NP_194969.2_35664, lcl|NC_003075.7_cds_NP_001328428.1_35665
OG0007130	g30988.t1	lcl|NC_003075.7_cds_NP_001329230.1_35686, lcl|NC_003075.7_cds_NP_194980.1_35687
OG0007136	g14339.t1, g11696.t1	lcl|NC_003075.7_cds_NP_195010.1_35756
OG0007137	g12248.t1, g12248.t2	lcl|NC_003075.7_cds_NP_195014.1_35776
OG0007151	g5464.t1, g5464.t2	lcl|NC_003075.7_cds_NP_195154.2_36065
OG0007157	g14120.t1, g14123.t1	lcl|NC_003075.7_cds_NP_567979.1_36249
OG0007158	g31855.t1	lcl|NC_003075.7_cds_NP_567983.1_36284, lcl|NC_003075.7_cds_NP_974687.1_36285
OG0007160	g24995.t1	lcl|NC_003075.7_cds_NP_195305.2_36380, lcl|NC_003075.7_cds_NP_001329346.1_36379
OG0007165	g19385.t1	lcl|NC_003075.7_cds_NP_195371.1_36507, lcl|NC_003075.7_cds_NP_849507.1_36508
OG0007167	g35359.t1, g5419.t1	lcl|NC_003075.7_cds_NP_195412.3_36578
OG0007174	g12281.t1	lcl|NC_003075.7_cds_NP_001328951.1_36758, lcl|NC_003075.7_cds_NP_195513.2_36757
OG0007179	g8199.t1	lcl|NC_003075.7_cds_NP_001320160.1_36878, lcl|NC_003075.7_cds_NP_195570.1_36879
OG0007191	g5991.t1	lcl|NC_003075.7_cds_NP_195692.2_37096, lcl|NC_003075.7_cds_NP_001329425.1_37095
OG0007195	g1755.t1	lcl|NC_003076.8_cds_NP_001332650.1_37188, lcl|NC_003076.8_cds_NP_195739.2_37187
OG0007207	g19828.t1	lcl|NC_003076.8_cds_NP_201362.1_47721, lcl|NC_003076.8_cds_NP_195866.1_37421
OG0007217	g30756.t1, g30753.t1	lcl|NC_003076.8_cds_NP_195927.2_37527
OG0007218	g30770.t1, g2875.t1	lcl|NC_003076.8_cds_NP_568113.1_37562
OG0007224	g17006.t1	lcl|NC_003076.8_cds_NP_195999.2_37667, lcl|NC_003076.8_cds_NP_001330319.1_37668
OG0007236	g28571.t1, g21898.t1	lcl|NC_003076.8_cds_NP_196135.1_37915
OG0007246	g31581.t1	lcl|NC_003076.8_cds_NP_001190233.1_38031, lcl|NC_003076.8_cds_NP_196197.1_38030
OG0007248	g27201.t1, g26508.t1	lcl|NC_003076.8_cds_NP_196242.1_38120
OG0007249	g10466.t1, g7388.t1	lcl|NC_003076.8_cds_NP_196248.3_38145
OG0007255	g20232.t1	lcl|NC_003076.8_cds_NP_196351.1_38337, lcl|NC_003076.8_cds_NP_001190249.1_38336
OG0007262	g18600.t1	lcl|NC_003076.8_cds_NP_196383.1_38410, lcl|NC_003076.8_cds_NP_200954.1_46919
OG0007270	g24637.t2, g24637.t1	lcl|NC_003076.8_cds_NP_196463.1_38563
OG0007275	g32519.t1	lcl|NC_003076.8_cds_NP_568204.1_38621, lcl|NC_003076.8_cds_NP_568203.2_38619
OG0007282	g15147.t1, g22609.t1	lcl|NC_003076.8_cds_NP_196527.1_38722
OG0007287	g17576.t1	lcl|NC_003076.8_cds_NP_201289.1_47566, lcl|NC_003076.8_cds_NP_196555.2_38790
OG0007295	g4911.t1	lcl|NC_003076.8_cds_NP_201339.1_47671, lcl|NC_003076.8_cds_NP_568227.1_38888
OG0007308	g34310.t1	lcl|NC_003076.8_cds_NP_196711.1_39112, lcl|NC_003076.8_cds_NP_001190291.1_39113
OG0007313	g8957.t1, g7135.t1	lcl|NC_003076.8_cds_NP_196746.2_39172
OG0007317	g30425.t1	lcl|NC_003076.8_cds_NP_568283.2_39295, lcl|NC_003076.8_cds_NP_001119216.1_39294
OG0007318	g29914.t1	lcl|NC_003076.8_cds_NP_196804.6_39317, lcl|NC_003076.8_cds_NP_001154712.2_39316
OG0007320	g30388.t1, g12851.t1	lcl|NC_003076.8_cds_NP_196807.2_39322
OG0007321	g25.t1	lcl|NC_003076.8_cds_NP_001190300.1_39333, lcl|NC_003076.8_cds_NP_196817.2_39334
OG0007325	g29848.t1	lcl|NC_003076.8_cds_NP_196853.1_39399, lcl|NC_003076.8_cds_NP_001031876.1_39400
OG0007326	g24553.t1	lcl|NC_003076.8_cds_NP_001190303.1_39407, lcl|NC_003076.8_cds_NP_196857.2_39406
OG0007327	g9891.t1	lcl|NC_003076.8_cds_NP_001330208.1_39462, lcl|NC_003076.8_cds_NP_196886.1_39463
OG0007334	g5163.t1	lcl|NC_003076.8_cds_NP_001329975.1_39624, lcl|NC_003076.8_cds_NP_196968.2_39625
OG0007336	g32809.t1	lcl|NC_003076.8_cds_NP_001331344.1_39632, lcl|NC_003076.8_cds_NP_001331345.1_39631
OG0007340	g33274.t1	lcl|NC_003076.8_cds_NP_001331284.1_39723, lcl|NC_003076.8_cds_NP_197017.1_39722
OG0007346	g11583.t1	lcl|NC_003076.8_cds_NP_001330614.1_39861, lcl|NC_003076.8_cds_NP_568323.1_39860
OG0007347	g29788.t2, g29788.t1	lcl|NC_003076.8_cds_NP_197096.1_39862
OG0007353	g5557.t1, g5556.t1	lcl|NC_003076.8_cds_NP_197240.1_40112
OG0007361	g12513.t1	lcl|NC_003076.8_cds_NP_001078599.1_40209, lcl|NC_003076.8_cds_NP_197294.1_40210
OG0007391	g3431.t1	lcl|NC_003076.8_cds_NP_001318616.1_40832, lcl|NC_003076.8_cds_NP_680180.1_40831
OG0007404	g25909.t1, g19807.t1	lcl|NC_003076.8_cds_NP_197701.1_41076
OG0007422	g14034.t1	lcl|NC_003076.8_cds_NP_001330252.1_41470, lcl|NC_003076.8_cds_NP_197897.3_41469
OG0007430	g34306.t1	lcl|NC_003076.8_cds_NP_680223.1_41575, lcl|NC_003076.8_cds_NP_680222.1_41571
OG0007431	g22054.t1	lcl|NC_003076.8_cds_NP_568476.1_41576, lcl|NC_003076.8_cds_NP_001031939.1_41577
OG0007439	g22372.t1	lcl|NC_003076.8_cds_NP_198055.3_41769, lcl|NC_003076.8_cds_NP_001190409.1_41770
OG0007444	g22328.t1	lcl|NC_003076.8_cds_NP_001330700.1_41875, lcl|NC_003076.8_cds_NP_001318664.1_41876
OG0007445	g28706.t1	lcl|NC_003076.8_cds_NP_001318667.1_41958, lcl|NC_003076.8_cds_NP_198156.1_41959
OG0007449	g13329.t1	lcl|NC_003076.8_cds_NP_198236.1_42054, lcl|NC_003076.8_cds_NP_001190417.1_42055
OG0007455	g31723.t1, g32234.t1	lcl|NC_003076.8_cds_NP_198403.1_42199
OG0007460	g2999.t1, g31701.t1	lcl|NC_003076.8_cds_NP_001318682.1_42403
OG0007478	g18588.t1, g4107.t1	lcl|NC_003076.8_cds_NP_198798.2_42875
OG0007489	g13876.t1, g31330.t1	lcl|NC_003076.8_cds_NP_851119.1_43262
OG0007498	g31880.t2, g31880.t1	lcl|NC_003076.8_cds_NP_199137.2_43471
OG0007500	g31913.t1	lcl|NC_003076.8_cds_NP_001330568.1_43486, lcl|NC_003076.8_cds_NP_199144.3_43485
OG0007505	g690.t1	lcl|NC_003076.8_cds_NP_199232.1_43676, lcl|NC_003076.8_cds_NP_001331906.1_43677
OG0007506	g5649.t1	lcl|NC_003076.8_cds_NP_199236.1_43682, lcl|NC_003076.8_cds_NP_001332652.1_43683
OG0007507	g8695.t1, g8695.t2	lcl|NC_003076.8_cds_NP_199240.1_43690
OG0007524	g14660.t1, g2955.t1	lcl|NC_003076.8_cds_NP_199387.1_43992
OG0007525	g24669.t1	lcl|NC_003076.8_cds_NP_974892.1_43994, lcl|NC_003076.8_cds_NP_568648.1_43993
OG0007537	g11446.t2, g11446.t1	lcl|NC_003076.8_cds_NP_199513.2_44218
OG0007538	g13703.t1, g11445.t1	lcl|NC_003076.8_cds_NP_568675.1_44220
OG0007547	g29886.t1, g29884.t1	lcl|NC_003076.8_cds_NP_568689.1_44420
OG0007549	g33821.t1, g33822.t1	lcl|NC_003076.8_cds_NP_199621.2_44429
OG0007562	g12154.t1	lcl|NC_003076.8_cds_NP_199734.2_44663, lcl|NC_003076.8_cds_NP_001332206.1_44662
OG0007566	g15497.t1, g2395.t1	lcl|NC_003076.8_cds_NP_199802.1_44778
OG0007584	g4031.t1	lcl|NC_003076.8_cds_NP_200037.1_45207, lcl|NC_003076.8_cds_NP_001190521.1_45206
OG0007589	g3995.t1, g29673.t1	lcl|NC_003076.8_cds_NP_200076.2_45269
OG0007592	g13812.t1	lcl|NC_003076.8_cds_NP_001032067.1_45411, lcl|NC_003076.8_cds_NP_568791.1_45412
OG0007597	g9344.t1, g3916.t1	lcl|NC_003076.8_cds_NP_200227.1_45555
OG0007598	g33004.t1, g23182.t1	lcl|NC_003076.8_cds_NP_200231.1_45561
OG0007612	g14448.t1	lcl|NC_003076.8_cds_NP_200378.1_45824, lcl|NC_003076.8_cds_NP_001190548.1_45823
OG0007625	g16494.t1, g3837.t1	lcl|NC_003076.8_cds_NP_200497.1_46042
OG0007629	g21072.t1	lcl|NC_003076.8_cds_NP_001332576.1_46104, lcl|NC_003076.8_cds_NP_568851.2_46103
OG0007632	g16061.t1	lcl|NC_003076.8_cds_NP_200561.1_46171, lcl|NC_003076.8_cds_NP_200562.1_46173
OG0007633	g3310.t1	lcl|NC_003076.8_cds_NP_001332540.1_46214, lcl|NC_003076.8_cds_NP_200585.3_46213
OG0007636	g3253.t1	lcl|NC_003076.8_cds_NP_200612.2_46268, lcl|NC_003076.8_cds_NP_001332116.1_46269
OG0007637	g3386.t1	lcl|NC_003076.8_cds_NP_200618.3_46277, lcl|NC_003076.8_cds_NP_001318823.1_46276
OG0007666	g30483.t1	lcl|NC_003076.8_cds_NP_200888.2_46788, lcl|NC_003076.8_cds_NP_001190582.1_46787
OG0007667	g5262.t1, g11067.t1	lcl|NC_003076.8_cds_NP_200893.1_46796
OG0007670	g33370.t1	lcl|NC_003076.8_cds_NP_001190584.1_46846, lcl|NC_003076.8_cds_NP_200922.2_46847
OG0007677	g9654.t1	lcl|NC_003076.8_cds_NP_001032120.1_46950, lcl|NC_003076.8_cds_NP_200966.2_46949
OG0007679	g33079.t1, g33079.t2	lcl|NC_003076.8_cds_NP_200987.1_46984
OG0007684	g19930.t1	lcl|NC_003076.8_cds_NP_201077.2_47166, lcl|NC_003076.8_cds_NP_001330949.1_47167
OG0007702	g6053.t1	lcl|NC_003076.8_cds_NP_201299.2_47581, lcl|NC_003076.8_cds_NP_851271.1_47582
OG0007706	g26622.t1	lcl|NC_003076.8_cds_NP_001332735.1_47694, lcl|NC_003076.8_cds_NP_201348.1_47695
OG0007708	g19245.t1	lcl|NC_003076.8_cds_NP_001318885.1_47734, lcl|NC_003076.8_cds_NP_851275.1_47733
OG0007727	g2597.t1	lcl|NC_003076.8_cds_NP_201559.1_48139, lcl|NC_003076.8_cds_NP_851286.1_48140
OG0007728	g35705.t1, g35745.t1	lcl|NC_037304.1_cds_YP_009472102.2_48153
OG0008898	g24188.t1	lcl|NC_003070.9_cds_NP_171698.1_217
OG0008924	g10825.t1	lcl|NC_003070.9_cds_NP_563678.1_460
OG0008962	g13081.t1	lcl|NC_003070.9_cds_NP_171954.1_735
OG0008966	g13052.t1	lcl|NC_003070.9_cds_NP_171976.1_774
OG0008970	g6613.t1	lcl|NC_003070.9_cds_NP_171984.2_785
OG0008998	g11680.t1	lcl|NC_003070.9_cds_NP_563749.1_997
OG0009006	g8741.t1	lcl|NC_003070.9_cds_NP_172114.2_1104
OG0009045	g12656.t1	lcl|NC_003070.9_cds_NP_172310.1_1548
OG0009059	g22537.t1	lcl|NC_003070.9_cds_NP_563840.1_1748
OG0009066	g9862.t1	lcl|NC_003070.9_cds_NP_172434.1_1811
OG0009101	g22484.t1	lcl|NC_003070.9_cds_NP_563881.1_2102
OG0009139	g20200.t1	lcl|NC_003070.9_cds_NP_563916.1_2464
OG0009147	g109.t1	lcl|NC_003070.9_cds_NP_172777.1_2518
OG0009245	g3641.t1	lcl|NC_003070.9_cds_NP_564029.1_3383
OG0009254	g15116.t1	lcl|NC_003070.9_cds_NP_173229.1_3423
OG0009262	g8999.t1	lcl|NC_003070.9_cds_NP_173248.1_3459
OG0009281	g26073.t1	lcl|NC_003070.9_cds_NP_001077560.1_3593
OG0009285	g33252.t1	lcl|NC_003070.9_cds_NP_173339.1_3628
OG0009316	g33708.t1	lcl|NC_003070.9_cds_NP_173451.5_3840
OG0009346	g19456.t1	lcl|NC_003070.9_cds_NP_173592.3_4109
OG0009352	g33625.t1	lcl|NC_003070.9_cds_NP_173605.1_4131
OG0009364	g33900.t1	lcl|NC_003070.9_cds_NP_173657.1_4217
OG0009368	g33576.t1	lcl|NC_003070.9_cds_NP_173675.1_4245
OG0009369	g26202.t1	lcl|NC_003070.9_cds_NP_173676.2_4246
OG0009371	g33835.t1	lcl|NC_003070.9_cds_NP_564180.1_4275
OG0009386	g2231.t1	lcl|NC_003070.9_cds_NP_173736.1_4377
OG0009390	g31812.t1	lcl|NC_003070.9_cds_NP_173754.2_4408
OG0009426	g2110.t1	lcl|NC_003070.9_cds_NP_564237.2_4738
OG0009433	g26008.t1	lcl|NC_003070.9_cds_NP_173983.1_4840
OG0009436	g2291.t1	lcl|NC_003070.9_cds_NP_564255.1_4850
OG0009453	g11142.t1	lcl|NC_003070.9_cds_NP_564278.1_4967
OG0009455	g20140.t1	lcl|NC_003070.9_cds_NP_174060.1_4990
OG0009479	g24745.t1	lcl|NC_003070.9_cds_NP_174164.2_5187
OG0009492	g24691.t1	lcl|NC_003070.9_cds_NP_174220.1_5299
OG0009519	g1821.t1	lcl|NC_003070.9_cds_NP_174346.1_5538
OG0009558	g5523.t1	lcl|NC_003070.9_cds_NP_174536.1_5892
OG0009587	g26245.t1	lcl|NC_003070.9_cds_NP_174703.1_6176
OG0009612	g17354.t1	lcl|NC_003070.9_cds_NP_174901.1_6423
OG0009620	g31019.t1	lcl|NC_003070.9_cds_NP_174998.1_6478
OG0009639	g32567.t1	lcl|NC_003070.9_cds_NP_564490.1_6624
OG0009689	g20309.t1	lcl|NC_003070.9_cds_NP_564535.1_7049
OG0009730	g23276.t1	lcl|NC_003070.9_cds_NP_175502.2_7370
OG0009772	g23316.t1	lcl|NC_003070.9_cds_NP_175673.1_7689
OG0009780	g14612.t1	lcl|NC_003070.9_cds_NP_175706.1_7739
OG0009783	g26395.t1	lcl|NC_003070.9_cds_NP_175716.1_7761
OG0009821	g7137.t1	lcl|NC_003070.9_cds_NP_175835.2_8013
OG0009831	g13877.t1	lcl|NC_003070.9_cds_NP_175906.1_8152
OG0009844	g6381.t1	lcl|NC_003070.9_cds_NP_175933.1_8224
OG0009911	g32339.t1	lcl|NC_003070.9_cds_NP_176222.2_8806
OG0009963	g15549.t1	lcl|NC_003070.9_cds_NP_176613.1_9608
OG0009971	g11778.t1	lcl|NC_003070.9_cds_NP_176636.1_9646
OG0009987	g18758.t1	lcl|NC_003070.9_cds_NP_564851.1_9797
OG0009988	g19156.t1	lcl|NC_003070.9_cds_NP_176722.2_9799
OG0010005	g34667.t1	lcl|NC_003070.9_cds_NP_176789.1_9920
OG0010011	g31223.t1	lcl|NC_003070.9_cds_NP_176808.3_9951
OG0010017	g19300.t1	lcl|NC_003070.9_cds_NP_176845.2_10012
OG0010088	g16889.t1	lcl|NC_003070.9_cds_NP_177118.1_10567
OG0010097	g2356.t1	lcl|NC_003070.9_cds_NP_177154.1_10629
OG0010119	g2189.t1	lcl|NC_003070.9_cds_NP_177267.2_10841
OG0010148	g23644.t1	lcl|NC_003070.9_cds_NP_177415.1_11101
OG0010149	g3861.t1	lcl|NC_003070.9_cds_NP_177417.1_11103
OG0010154	g25294.t1	lcl|NC_003070.9_cds_NP_565054.1_11161
OG0010182	g5894.t1	lcl|NC_003070.9_cds_NP_177605.2_11459
OG0010191	g11651.t1	lcl|NC_003070.9_cds_NP_177667.1_11562
OG0010197	g19715.t1	lcl|NC_003070.9_cds_NP_177679.1_11590
OG0010202	g7389.t1	lcl|NC_003070.9_cds_NP_565114.1_11610
OG0010203	g7372.t1	lcl|NC_003070.9_cds_NP_177700.1_11619
OG0010221	g10282.t1	lcl|NC_003070.9_cds_NP_177796.1_11791
OG0010227	g33754.t1	lcl|NC_003070.9_cds_NP_177838.2_11878
OG0010236	g23633.t1	lcl|NC_003070.9_cds_NP_177879.3_11949
OG0010240	g9312.t1	lcl|NC_003070.9_cds_NP_565164.1_12023
OG0010265	g1424.t1	lcl|NC_003070.9_cds_NP_178051.1_12275
OG0010267	g20865.t1	lcl|NC_003070.9_cds_NP_178062.1_12287
OG0010268	g20854.t1	lcl|NC_003070.9_cds_NP_178071.1_12306
OG0010270	g26840.t1	lcl|NC_003070.9_cds_NP_178079.2_12327
OG0010279	g21608.t1	lcl|NC_003070.9_cds_NP_178131.1_12472
OG0010328	g32446.t1	lcl|NC_003071.7_cds_NP_178442.2_13104
OG0010330	g16386.t1	lcl|NC_003071.7_cds_NP_027544.1_13113
OG0010331	g32458.t1	lcl|NC_003071.7_cds_NP_027545.1_13118
OG0010370	g14519.t1	lcl|NC_003071.7_cds_NP_178634.2_13464
OG0010477	g8109.t1	lcl|NC_003071.7_cds_NP_179316.2_14319
OG0010480	g20202.t1	lcl|NC_003071.7_cds_NP_179349.2_14379
OG0010559	g32256.t1	lcl|NC_003071.7_cds_NP_179711.2_15019
OG0010588	g5862.t1	lcl|NC_003071.7_cds_NP_179842.2_15276
OG0010598	g35268.t1	lcl|NC_003071.7_cds_NP_565543.1_15345
OG0010600	g5478.t1	lcl|NC_003071.7_cds_NP_179889.1_15387
OG0010676	g21650.t1	lcl|NC_003071.7_cds_NP_180239.1_16081
OG0010683	g3075.t1	lcl|NC_003071.7_cds_NP_180257.3_16120
OG0010702	g12737.t1	lcl|NC_003071.7_cds_NP_565666.1_16352
OG0010708	g12781.t1	lcl|NC_003071.7_cds_NP_180407.1_16395
OG0010719	g4318.t1	lcl|NC_003071.7_cds_NP_180511.1_16581
OG0010720	g28464.t1	lcl|NC_003071.7_cds_NP_180515.1_16594
OG0010722	g27089.t1	lcl|NC_003071.7_cds_NP_565684.1_16618
OG0010840	g31550.t1	lcl|NC_003071.7_cds_NP_850250.1_17770
OG0010853	g8009.t1	lcl|NC_003071.7_cds_NP_181181.1_17919
OG0010854	g30863.t1	lcl|NC_003071.7_cds_NP_181186.1_17926
OG0010863	g20100.t1	lcl|NC_003071.7_cds_NP_850271.5_17984
OG0010871	g30767.t1	lcl|NC_003071.7_cds_NP_181258.2_18072
OG0010872	g28485.t1	lcl|NC_003071.7_cds_NP_181268.1_18096
OG0010903	g22058.t1	lcl|NC_003071.7_cds_NP_181381.2_18305
OG0010908	g1830.t1	lcl|NC_003071.7_cds_NP_850297.1_18362
OG0010923	g20856.t1	lcl|NC_003071.7_cds_NP_181477.1_18509
OG0010944	g30886.t1	lcl|NC_003071.7_cds_NP_181581.1_18721
OG0010949	g18366.t1	lcl|NC_003071.7_cds_NP_181607.1_18775
OG0011017	g30163.t1	lcl|NC_003071.7_cds_NP_181907.1_19410
OG0011018	g30161.t1	lcl|NC_003071.7_cds_NP_181908.1_19413
OG0011034	g1585.t1	lcl|NC_003071.7_cds_NP_181990.1_19558
OG0011052	g31136.t1	lcl|NC_003071.7_cds_NP_182067.1_19697
OG0011075	g31370.t1	lcl|NC_003071.7_cds_NP_182200.2_19970
OG0011090	g6058.t1	lcl|NC_003071.7_cds_NP_182302.1_20169
OG0011146	g19334.t1	lcl|NC_003074.8_cds_NP_566175.1_20585
OG0011150	g17536.t1	lcl|NC_003074.8_cds_NP_186921.1_20626
OG0011168	g32247.t1	lcl|NC_003074.8_cds_NP_187018.1_20788
OG0011204	g22306.t1	lcl|NC_003074.8_cds_NP_187186.5_21123
OG0011207	g8440.t1	lcl|NC_003074.8_cds_NP_187198.1_21149
OG0011240	g9803.t1	lcl|NC_003074.8_cds_NP_187346.1_21469
OG0011242	g28692.t1	lcl|NC_003074.8_cds_NP_187361.1_21496
OG0011252	g6447.t1	lcl|NC_003074.8_cds_NP_187397.1_21561
OG0011262	g14481.t1	lcl|NC_003074.8_cds_NP_187445.1_21668
OG0011264	g29829.t1	lcl|NC_003074.8_cds_NP_187454.2_21688
OG0011267	g1775.t1	lcl|NC_003074.8_cds_NP_187463.1_21701
OG0011268	g28217.t1	lcl|NC_003074.8_cds_NP_187467.1_21711
OG0011308	g23466.t1	lcl|NC_003074.8_cds_NP_187644.1_22060
OG0011311	g10118.t1	lcl|NC_003074.8_cds_NP_683545.2_22073
OG0011350	g30566.t1	lcl|NC_003074.8_cds_NP_187805.1_22391
OG0011356	g9898.t1	lcl|NC_003074.8_cds_NP_187818.1_22414
OG0011377	g14410.t1	lcl|NC_003074.8_cds_NP_001319538.1_22660
OG0011409	g9797.t1	lcl|NC_003074.8_cds_NP_188110.1_23004
OG0011417	g2978.t1	lcl|NC_003074.8_cds_NP_001078158.1_23060
OG0011435	g3690.t1	lcl|NC_003074.8_cds_NP_566534.1_23244
OG0011446	g29003.t1	lcl|NC_003074.8_cds_NP_188300.1_23383
OG0011464	g7147.t1	lcl|NC_003074.8_cds_NP_188405.1_23576
OG0011468	g18676.t1	lcl|NC_003074.8_cds_NP_188439.2_23636
OG0011474	g23434.t1	lcl|NC_003074.8_cds_NP_188490.1_23724
OG0011498	g32010.t1	lcl|NC_003074.8_cds_NP_188610.1_23946
OG0011513	g14577.t1	lcl|NC_003074.8_cds_NP_566666.2_24135
OG0011515	g12839.t1	lcl|NC_003074.8_cds_NP_188715.2_24157
OG0011531	g7931.t1	lcl|NC_003074.8_cds_NP_188817.1_24335
OG0011545	g14199.t1	lcl|NC_003074.8_cds_NP_188876.1_24439
OG0011552	g33882.t1	lcl|NC_003074.8_cds_NP_188898.1_24479
OG0011558	g7866.t1	lcl|NC_003074.8_cds_NP_566720.1_24532
OG0011572	g13107.t1	lcl|NC_003074.8_cds_NP_188985.2_24626
OG0011575	g13006.t1	lcl|NC_003074.8_cds_NP_189011.2_24680
OG0011584	g24749.t1	lcl|NC_003074.8_cds_NP_001319627.1_24730
OG0011592	g15003.t1	lcl|NC_003074.8_cds_NP_189076.1_24788
OG0011608	g33348.t1	lcl|NC_003074.8_cds_NP_189167.2_24963
OG0011623	g2972.t1	lcl|NC_003074.8_cds_NP_189297.1_25209
OG0011662	g12437.t1	lcl|NC_003074.8_cds_NP_189546.1_25714
OG0011671	g35517.t1	lcl|NC_003074.8_cds_NP_189578.1_25771
OG0011712	g19138.t1	lcl|NC_003074.8_cds_NP_190057.1_26247
OG0011740	g28434.t1	lcl|NC_003074.8_cds_NP_190258.1_26609
OG0011789	g35250.t1	lcl|NC_003074.8_cds_NP_001154669.1_27136
OG0011797	g2490.t1	lcl|NC_003074.8_cds_NP_190565.1_27173
OG0011799	g5468.t1	lcl|NC_003074.8_cds_NP_190569.2_27179
OG0011818	g33939.t1	lcl|NC_003074.8_cds_NP_190658.1_27315
OG0011830	g16820.t1	lcl|NC_003074.8_cds_NP_190699.3_27380
OG0011857	g27093.t1	lcl|NC_003074.8_cds_NP_566969.1_27637
OG0011873	g4762.t1	lcl|NC_003074.8_cds_NP_190913.1_27793
OG0011899	g4866.t1	lcl|NC_003074.8_cds_NP_567007.1_28032
OG0011919	g4278.t1	lcl|NC_003074.8_cds_NP_191139.1_28256
OG0011935	g22157.t1	lcl|NC_003074.8_cds_NP_191250.1_28478
OG0011950	g23431.t1	lcl|NC_003074.8_cds_NP_191320.1_28611
OG0011952	g4927.t1	lcl|NC_003074.8_cds_NP_191326.1_28620
OG0011994	g30138.t1	lcl|NC_003074.8_cds_NP_191546.1_29024
OG0012007	g1474.t1	lcl|NC_003074.8_cds_NP_567104.1_29198
OG0012039	g29018.t1	lcl|NC_003074.8_cds_NP_191819.1_29541
OG0012074	g24291.t1	lcl|NC_003075.7_cds_NP_567175.2_29802
OG0012082	g24676.t1	lcl|NC_003075.7_cds_NP_191981.1_29877
OG0012129	g28853.t1	lcl|NC_003075.7_cds_NP_192181.2_30290
OG0012150	g933.t1	lcl|NC_003075.7_cds_NP_192344.1_30527
OG0012170	g29280.t1	lcl|NC_003075.7_cds_NP_974516.4_30705
OG0012187	g23104.t1	lcl|NC_003075.7_cds_NP_567342.1_30945
OG0012207	g3377.t1	lcl|NC_003075.7_cds_NP_192756.2_31141
OG0012214	g11755.t1	lcl|NC_003075.7_cds_NP_192801.1_31219
OG0012217	g11769.t1	lcl|NC_003075.7_cds_NP_192817.1_31243
OG0012245	g24166.t1	lcl|NC_003075.7_cds_NP_192962.1_31499
OG0012254	g14751.t1	lcl|NC_003075.7_cds_NP_193004.2_31575
OG0012265	g30221.t1	lcl|NC_003075.7_cds_NP_193084.1_31759
OG0012279	g6499.t1	lcl|NC_003075.7_cds_NP_193130.1_31846
OG0012301	g8420.t1	lcl|NC_003075.7_cds_NP_193259.2_32188
OG0012318	g12142.t1	lcl|NC_003075.7_cds_NP_567486.1_32375
OG0012356	g3029.t1	lcl|NC_003075.7_cds_NP_193510.1_32757
OG0012365	g11408.t1	lcl|NC_003075.7_cds_NP_193530.1_32790
OG0012369	g2271.t1	lcl|NC_003075.7_cds_NP_193551.1_32834
OG0012381	g24672.t1	lcl|NC_003075.7_cds_NP_567564.1_32949
OG0012442	g24913.t1	lcl|NC_003075.7_cds_NP_567641.1_33584
OG0012443	g24926.t1	lcl|NC_003075.7_cds_NP_193932.1_33591
OG0012507	g35191.t1	lcl|NC_003075.7_cds_NP_194207.1_34156
OG0012576	g33003.t1	lcl|NC_003075.7_cds_NP_567774.1_34678
OG0012617	g16423.t1	lcl|NC_003075.7_cds_NP_194629.1_35004
OG0012635	g25895.t1	lcl|NC_003075.7_cds_NP_194715.2_35142
OG0012645	g3295.t1	lcl|NC_003075.7_cds_NP_194781.2_35261
OG0012721	g2752.t1	lcl|NC_003075.7_cds_NP_195180.1_36118
OG0012735	g1489.t1	lcl|NC_003075.7_cds_NP_567980.1_36250
OG0012745	g5719.t1	lcl|NC_003075.7_cds_NP_195300.1_36359
OG0012770	g19115.t1	lcl|NC_003075.7_cds_NP_568010.1_36577
OG0012784	g35275.t1	lcl|NC_003075.7_cds_NP_195480.1_36698
OG0012786	g19219.t1	lcl|NC_003075.7_cds_NP_195488.2_36715
OG0012823	g16657.t1	lcl|NC_003075.7_cds_NP_195688.1_37090
OG0012824	g17861.t1	lcl|NC_003075.7_cds_NP_195694.1_37101
OG0012828	g3395.t1	lcl|NC_003076.8_cds_NP_195722.2_37161
OG0012841	g27197.t1	lcl|NC_003076.8_cds_NP_195791.1_37283
OG0012847	g23540.t1	lcl|NC_003076.8_cds_NP_195821.1_37349
OG0012855	g22052.t1	lcl|NC_003076.8_cds_NP_195848.1_37397
OG0012857	g23484.t1	lcl|NC_003076.8_cds_NP_568100.1_37425
OG0012861	g4463.t1	lcl|NC_003076.8_cds_NP_195900.2_37480
OG0012863	g12462.t1	lcl|NC_003076.8_cds_NP_195902.1_37483
OG0012881	g7088.t1	lcl|NC_003076.8_cds_NP_195985.3_37641
OG0012906	g4590.t1	lcl|NC_003076.8_cds_NP_196072.1_37812
OG0012914	g34580.t1	lcl|NC_003076.8_cds_NP_568146.1_37878
OG0012933	g35736.t1	lcl|NC_003076.8_cds_NP_001031841.1_38076
OG0012937	g19630.t1	lcl|NC_003076.8_cds_NP_196261.1_38160
OG0012939	g6226.t1	lcl|NC_003076.8_cds_NP_196279.1_38198
OG0012960	g19878.t1	lcl|NC_003076.8_cds_NP_196389.1_38418
OG0012987	g30034.t1	lcl|NC_003076.8_cds_NP_680157.1_38625
OG0012997	g6102.t1	lcl|NC_003076.8_cds_NP_196543.1_38763
OG0012999	g6020.t1	lcl|NC_003076.8_cds_NP_196554.1_38789
OG0013024	g31043.t1	lcl|NC_003076.8_cds_NP_568244.2_39034
OG0013035	g34307.t1	lcl|NC_003076.8_cds_NP_196713.1_39119
OG0013042	g14320.t1	lcl|NC_003076.8_cds_NP_196738.1_39160
OG0013058	g28261.t1	lcl|NC_003076.8_cds_NP_196789.1_39293
OG0013059	g12835.t1	lcl|NC_003076.8_cds_NP_196794.1_39299
OG0013062	g4925.t1	lcl|NC_003076.8_cds_NP_196811.1_39326
OG0013063	g31901.t1	lcl|NC_003076.8_cds_NP_196812.1_39327
OG0013069	g16.t1	lcl|NC_003076.8_cds_NP_196834.3_39367
OG0013105	g5201.t1	lcl|NC_003076.8_cds_NP_196999.1_39689
OG0013146	g34710.t1	lcl|NC_003076.8_cds_NP_568337.4_39996
OG0013167	g29936.t1	lcl|NC_003076.8_cds_NP_568354.1_40159
OG0013178	g10275.t1	lcl|NC_003076.8_cds_NP_197319.1_40245
OG0013182	g14252.t1	lcl|NC_003076.8_cds_NP_197358.2_40324
OG0013198	g18100.t1	lcl|NC_003076.8_cds_NP_197430.1_40462
OG0013209	g30363.t1	lcl|NC_003076.8_cds_NP_568381.1_40563
OG0013235	g13446.t1	lcl|NC_003076.8_cds_NP_197606.1_40799
OG0013252	g6208.t1	lcl|NC_003076.8_cds_NP_197628.1_40913
OG0013285	g9356.t1	lcl|NC_003076.8_cds_NP_568446.2_41349
OG0013288	g15650.t1	lcl|NC_003076.8_cds_NP_197859.4_41401
OG0013293	g31064.t1	lcl|NC_003076.8_cds_NP_001318647.1_41519
OG0013316	g23980.t1	lcl|NC_003076.8_cds_NP_198045.1_41753
OG0013333	g13415.t1	lcl|NC_003076.8_cds_NP_198201.1_42008
OG0013339	g1945.t1	lcl|NC_003076.8_cds_NP_198386.1_42174
OG0013347	g3893.t1	lcl|NC_003076.8_cds_NP_568528.2_42205
OG0013387	g5349.t1	lcl|NC_003076.8_cds_NP_198689.1_42712
OG0013419	g5126.t1	lcl|NC_003076.8_cds_NP_568585.1_43029
OG0013434	g11812.t1	lcl|NC_003076.8_cds_NP_199002.1_43241
OG0013453	g25799.t1	lcl|NC_003076.8_cds_NP_199079.1_43367
OG0013460	g19709.t1	lcl|NC_003076.8_cds_NP_199109.1_43427
OG0013461	g25829.t1	lcl|NC_003076.8_cds_NP_199111.1_43432
OG0013513	g1873.t1	lcl|NC_003076.8_cds_NP_199430.1_44067
OG0013542	g13455.t1	lcl|NC_003076.8_cds_NP_199596.1_44383
OG0013544	g2796.t1	lcl|NC_003076.8_cds_NP_199636.1_44458
OG0013563	g26930.t1	lcl|NC_003076.8_cds_NP_199745.1_44687
OG0013573	g31082.t1	lcl|NC_003076.8_cds_NP_199804.1_44780
OG0013580	g1905.t1	lcl|NC_003076.8_cds_NP_568722.1_44843
OG0013593	g31915.t1	lcl|NC_003076.8_cds_NP_199898.1_44948
OG0013609	g11866.t1	lcl|NC_003076.8_cds_NP_568765.1_45109
OG0013634	g9469.t1	lcl|NC_003076.8_cds_NP_200104.1_45316
OG0013645	g9433.t1	lcl|NC_003076.8_cds_NP_568792.1_45413
OG0013649	g18631.t1	lcl|NC_003076.8_cds_NP_200166.1_45453
OG0013655	g23152.t1	lcl|NC_003076.8_cds_NP_200205.1_45520
OG0013659	g16700.t1	lcl|NC_003076.8_cds_NP_200234.1_45566
OG0013668	g32948.t1	lcl|NC_003076.8_cds_NP_200288.1_45652
OG0013673	g28043.t1	lcl|NC_003076.8_cds_NP_200307.1_45680
OG0013678	g16382.t1	lcl|NC_003076.8_cds_NP_200330.1_45730
OG0013691	g23930.t1	lcl|NC_003076.8_cds_NP_200385.1_45834
OG0013709	g20525.t1	lcl|NC_003076.8_cds_NP_568846.1_46066
OG0013710	g16509.t1	lcl|NC_003076.8_cds_NP_200513.1_46067
OG0013723	g3324.t1	lcl|NC_003076.8_cds_NP_200558.1_46168
OG0013724	g12756.t1	lcl|NC_003076.8_cds_NP_200570.1_46190
OG0013738	g22503.t1	lcl|NC_003076.8_cds_NP_200631.1_46304
OG0013772	g4973.t1	lcl|NC_003076.8_cds_NP_200877.1_46774
OG0013781	g33392.t1	lcl|NC_003076.8_cds_NP_200904.1_46817
OG0013804	g9562.t1	lcl|NC_003076.8_cds_NP_201025.1_47089
OG0013824	g33202.t1	lcl|NC_003076.8_cds_NP_201105.1_47223
OG0013830	g7774.t1	lcl|NC_003076.8_cds_NP_568967.1_47258
OG0013834	g33148.t1	lcl|NC_003076.8_cds_NP_201134.1_47274
OG0013849	g13116.t1	lcl|NC_003076.8_cds_NP_201195.1_47387
OG0013861	g2501.t1	lcl|NC_003076.8_cds_NP_201226.2_47436
OG0013878	g2514.t1	lcl|NC_003076.8_cds_NP_201329.1_47656
OG0013912	g19591.t1	lcl|NC_003076.8_cds_NP_201520.1_48070
OG0013918	g18769.t1	lcl|NC_003076.8_cds_NP_201564.1_48146
OG0013919	g32715.t1	lcl|NC_037304.1_cds_YP_009472108.1_48159
