#CHROM	POS	bin_Name	bin_id	ID	REF	ALT	IF_peak	QUAL	FILTER	POS_APP	REF_AF	ALT_AF	GENE	snpEFF_1	snpEFF_2	GWAS_BETA	GWAS_P	GWAS_SE	GWAS_TRAIT	LOF	FORMAT	Boltonia_001	Boltonia_002	Boltonia_004	Boltonia_005	Boltonia_006	Boltonia_007	Boltonia_008	Boltonia_009	Boltonia_012	Boltonia_013	Boltonia_014	Boltonia_015	Boltonia_016	Boltonia_017	Boltonia_019	Boltonia_020	Boltonia_021	Boltonia_022	Boltonia_023	Boltonia_024	Boltonia_025	Boltonia_026	Boltonia_027	Boltonia_028	Boltonia_029	Boltonia_030	Boltonia_031	Boltonia_032	Boltonia_033	Boltonia_034	Boltonia_035	Boltonia_036	Boltonia_037	Boltonia_038	Boltonia_039	Boltonia_040	Boltonia_042	Boltonia_043	Boltonia_044	Boltonia_045	Boltonia_046	Boltonia_047	Boltonia_048	Boltonia_050	Boltonia_051	Boltonia_052	Boltonia_053	Boltonia_054	Boltonia_055	Boltonia_056	Boltonia_057	Boltonia_058	Boltonia_059	Boltonia_060	Boltonia_061	Boltonia_062	Boltonia_063	Boltonia_064	Boltonia_065	Boltonia_066	Boltonia_067	Boltonia_070	Boltonia_071	Boltonia_072	Boltonia_073	Boltonia_074	Boltonia_075	Boltonia_076	Boltonia_077	Boltonia_078	Boltonia_079	Boltonia_080	Boltonia_081	Boltonia_083	Boltonia_084	Boltonia_085	Boltonia_086	Boltonia_087	Boltonia_088	Boltonia_089	Boltonia_090	Boltonia_091	Boltonia_092	Boltonia_093	Boltonia_094	Boltonia_095	Boltonia_096	Boltonia_097	Boltonia_098	Boltonia_099	Boltonia_100	Boltonia_101	Boltonia_102	Boltonia_103	Boltonia_105	Boltonia_106	Boltonia_107	Boltonia_108	Boltonia_109	Boltonia_110	Boltonia_111	Boltonia_112	Boltonia_113	Boltonia_114	Boltonia_115	Boltonia_116	Boltonia_117	Boltonia_118	Boltonia_119	Boltonia_120	Boltonia_121	Boltonia_123	Boltonia_124	Boltonia_125	Boltonia_126	Boltonia_127	Boltonia_128	Boltonia_129	Boltonia_130	Boltonia_131	Boltonia_132	Boltonia_133	Boltonia_134	Boltonia_135	Boltonia_136	Boltonia_137	Boltonia_138	Boltonia_139	Boltonia_140	Boltonia_141	Boltonia_142	Boltonia_143	Boltonia_144	Boltonia_145	Boltonia_146	Boltonia_147	Boltonia_148	Boltonia_149	Boltonia_150	Boltonia_151	Boltonia_152	Boltonia_153	Boltonia_154	Boltonia_155	Boltonia_157	Boltonia_158	Boltonia_159	Boltonia_160	Boltonia_161	Boltonia_162	Boltonia_163	Boltonia_164	Boltonia_165	Boltonia_167	Boltonia_168	Boltonia_169	Boltonia_170	Boltonia_171	Boltonia_172	Boltonia_173	Boltonia_174	Boltonia_175	Boltonia_176	Boltonia_177	Boltonia_178	Boltonia_179	Boltonia_180	Boltonia_181	Boltonia_182	Boltonia_183	Boltonia_184	Boltonia_185	Boltonia_186	Boltonia_187	Boltonia_188	Boltonia_189	Boltonia_190	Boltonia_191	Boltonia_192	Boltonia_193	Boltonia_194	Boltonia_195	Boltonia_196	Boltonia_197	Boltonia_198	Boltonia_200	Boltonia_201	Boltonia_202	Boltonia_203	Boltonia_204	Boltonia_205	Boltonia_207	Boltonia_208	Boltonia_209	Boltonia_210	Boltonia_211	Boltonia_212	Boltonia_213	Boltonia_214	Boltonia_215	Boltonia_217	Boltonia_218	Boltonia_219	Boltonia_220	Boltonia_221	Boltonia_222	Boltonia_224	Boltonia_225	Boltonia_226	Boltonia_227	Boltonia_228	Boltonia_229	Boltonia_230	Boltonia_231	Boltonia_232	Boltonia_233	Boltonia_234	Boltonia_235	Boltonia_236	Boltonia_237	Boltonia_238	Boltonia_239	Boltonia_240	Boltonia_241	Boltonia_242	Boltonia_243	Boltonia_244	Boltonia_245	Boltonia_246	Boltonia_247	Boltonia_248	Boltonia_249	Boltonia_250	Boltonia_251	Boltonia_253	Boltonia_254	Boltonia_255	Boltonia_256	Boltonia_257	Boltonia_258	Boltonia_259	Boltonia_260	Boltonia_261	Boltonia_262	Boltonia_263	Boltonia_264	Boltonia_265	Boltonia_267	Boltonia_268	Boltonia_269	Boltonia_270	Boltonia_271	Boltonia_272	Boltonia_273	Boltonia_274	Boltonia_275	Boltonia_276	Boltonia_277	Boltonia_278	Boltonia_279	Boltonia_280	Boltonia_281	Boltonia_282	Boltonia_283	Boltonia_284	Boltonia_285	Boltonia_286	Boltonia_287	Boltonia_288	Boltonia_289	Boltonia_290	Boltonia_291	Boltonia_292	Boltonia_293	Boltonia_294	Boltonia_295	Boltonia_296	Boltonia_298	Boltonia_299	Boltonia_301	Boltonia_302	Boltonia_303	Boltonia_304	Boltonia_305	Boltonia_306	Boltonia_307	Boltonia_308	Boltonia_309	Boltonia_310	Boltonia_311	Boltonia_312	Boltonia_313	Boltonia_315	Boltonia_316	Boltonia_317	Boltonia_318	Boltonia_320	Boltonia_321	Boltonia_322	Boltonia_323	Boltonia_324	Boltonia_325	Boltonia_326	Boltonia_327	Boltonia_329	Boltonia_330	Boltonia_331	Boltonia_332	Boltonia_334	Boltonia_335	Boltonia_336	Boltonia_337	Boltonia_338	Boltonia_339	Boltonia_341	Boltonia_342	Boltonia_343	Boltonia_344	Boltonia_345	Boltonia_349	Boltonia_350	Boltonia_351	Boltonia_352	Boltonia_353	Boltonia_354	Boltonia_355	Boltonia_356	Boltonia_358	Boltonia_359	Boltonia_360	Boltonia_361	Boltonia_362	Boltonia_363	Boltonia_364	Boltonia_365	Boltonia_366	Boltonia_367	Boltonia_368	Boltonia_370	Boltonia_371	Boltonia_372	Boltonia_373	Boltonia_374	Boltonia_375	Boltonia_376	Boltonia_377	Boltonia_378	Boltonia_379	Boltonia_380	Boltonia_381	Boltonia_382	Boltonia_383	Boltonia_384	Boltonia_385	Boltonia_386	Boltonia_387	Boltonia_388	Boltonia_389	Boltonia_390	Boltonia_392	Boltonia_393	Boltonia_394	Boltonia_395	Boltonia_396	Boltonia_397	Boltonia_398	Boltonia_399	Boltonia_400	Boltonia_401	Boltonia_402	Boltonia_403	Boltonia_404	Boltonia_405	Boltonia_408	Boltonia_409	Boltonia_411	Boltonia_412	Boltonia_413	Boltonia_415	Boltonia_417	Boltonia_418	Boltonia_420	Boltonia_421	Boltonia_422	Boltonia_423	Boltonia_424	Boltonia_425	Boltonia_426	Boltonia_427	Boltonia_428	Boltonia_429	Boltonia_430	Boltonia_431	Boltonia_432	Boltonia_433	Boltonia_434	Boltonia_435	Boltonia_436	Boltonia_437	Boltonia_438	Boltonia_441	Boltonia_442	Boltonia_443	Boltonia_444	Boltonia_445	Boltonia_446	Boltonia_448	Boltonia_449	Boltonia_452	Boltonia_453	Boltonia_454	Boltonia_455	Boltonia_456	Boltonia_457	Boltonia_458	Boltonia_459	Boltonia_460	Boltonia_461	Boltonia_462	Boltonia_463	Boltonia_465	Boltonia_466	Boltonia_467	Boltonia_468	KEEP	win_start	win_end	POS_100K
1	21500000.5	1	1:21000001-22000000	Chr_1_21435540	T	C	TRUE	.	.	214	0.5577830188679245	0.44221698113207547	g1366	C|upstream_gene_variant|MODIFIER|g1366|g1366|transcript|g1366.t1|protein_coding||c.-1203A>G|||||1203|	C|downstream_gene_variant|MODIFIER|g1365|g1365|transcript|g1365.t1|protein_coding||c.*3154T>C|||||3154|,C|downstream_gene_variant|MODIFIER|g1367|g1367|transcript|g1367.t1|protein_coding||c.*1372A>G|||||1372|,C|intergenic_region|MODIFIER|g1366-g1367|g1366-g1367|intergenic_region|g1366-g1367|||n.21435540T>C||||||	-9.68612	4.7618e-8	1.74133	FlowerDays_2025	NA	GT	0|0	0|0	1|1	1|1	0|0	0|0	0|1	0|1	1|1	0|1	1|1	1|1	1|1	0|0	1|1	1|0	1|1	0|0	0|0	0|1	1|1	1|1	0|0	0|0	0|1	0|0	1|1	0|0	0|1	0|1	1|0	0|1	0|0	0|0	0|0	1|0	1|1	0|0	1|1	0|0	1|0	0|0	1|0	1|1	1|1	1|1	0|1	1|0	0|0	1|0	1|0	0|1	1|1	0|1	0|0	0|0	1|0	0|1	0|0	1|0	1|1	1|1	1|1	0|0	1|0	0|0	0|0	1|1	0|0	1|0	1|1	0|0	0|1	0|0	1|1	0|1	0|0	0|1	0|0	0|0	0|0	0|1	0|0	0|1	0|0	1|0	1|1	0|0	1|0	0|1	0|0	1|1	1|1	0|0	1|1	1|0	1|1	0|0	1|1	1|0	0|0	0|0	0|1	0|1	1|0	1|1	0|0	0|0	1|1	1|0	0|0	1|0	0|1	0|1	0|0	1|0	0|0	0|1	0|1	1|0	1|0	0|0	0|0	0|1	0|0	0|0	1|0	0|1	0|0	0|1	0|1	0|0	0|0	1|1	0|1	0|0	1|0	0|1	1|1	0|0	1|0	0|0	0|1	0|0	1|0	0|1	0|0	0|0	0|0	0|0	0|0	1|1	0|1	1|1	0|1	0|1	0|1	1|1	0|0	0|0	1|1	0|1	0|1	1|0	0|1	0|0	0|1	1|0	0|1	0|1	1|1	1|0	0|0	1|1	1|1	0|1	0|1	0|0	0|0	0|0	0|1	1|0	0|0	1|1	1|1	0|0	0|1	1|0	1|0	1|1	0|0	1|0	0|1	0|1	0|1	0|0	1|1	0|0	1|1	0|0	1|1	0|1	0|1	0|1	1|0	0|1	0|0	1|0	0|0	1|0	0|0	0|0	0|0	1|1	0|1	1|0	0|0	0|1	0|0	1|0	0|0	1|0	0|1	1|1	1|1	0|1	1|1	0|0	1|0	0|1	1|0	0|1	0|1	0|0	0|0	0|0	0|0	0|0	1|1	1|0	1|1	0|0	1|1	0|0	1|1	1|1	0|1	0|0	1|0	0|1	0|1	0|1	1|0	0|1	0|0	1|1	1|0	0|0	0|0	0|0	1|1	1|1	0|0	1|1	0|0	0|1	1|1	1|0	1|1	0|0	1|0	0|1	1|0	0|0	0|0	0|0	1|0	1|1	1|0	0|1	0|0	0|1	1|1	0|1	0|0	1|1	1|0	0|0	0|0	0|0	0|0	1|1	1|1	1|1	1|0	1|1	1|1	1|0	0|0	0|1	0|0	0|1	0|1	0|1	0|1	0|0	1|1	1|1	1|1	1|0	0|0	1|0	0|1	0|0	0|0	1|0	0|0	1|1	0|1	1|0	0|0	1|1	1|1	0|1	1|1	0|1	0|1	0|1	0|1	1|1	1|1	1|1	1|1	0|0	0|1	0|0	0|0	1|0	1|1	0|1	1|0	0|0	0|0	1|0	0|0	1|1	0|1	1|1	1|1	0|0	0|0	1|1	1|1	0|0	0|1	0|1	0|0	1|1	0|0	0|0	0|1	0|0	1|1	0|0	0|0	1|1	0|1	1|1	0|0	0|0	0|0	0|0	0|0	0|0	1|0	1|1	0|1	1|0	1|1	1|0	0|0	0|0	0|1	1|1	0|0	1|0	1|1	1|0	0|0	0|0	1|0	1|0	1|1	0|1	1|1	0|0	0|0	0|0	1|1	1|1	0|0	0|0	0|1	1|0	1|0	1|0	1|1	0|1	0|0	1|0	0|1	0|0	1|1	1|0	0|0	0|1	0|0	1|1	0|0	1|0	0|1	0|1	0|1	1|0	TRUE	21000001	22000000	21000.001
1	24500000.5	2	1:24000001-25000000	Chr_1_24806577	A	G	TRUE	.	.	248	0.9091981132075472	0.09080188679245282	g1642	G|synonymous_variant|LOW|g1642|g1642|transcript|g1642.t1|protein_coding|9/11|c.1030T>C|p.Leu344Leu|1030/1224|1030/1224|344/407||	G|downstream_gene_variant|MODIFIER|g1641|g1641|transcript|g1641.t1|protein_coding||c.*3484A>G|||||3484|	-17.4218	4.86869e-8	3.13437	FlowerDays_2025	NA	GT	0|0	0|0	0|0	1|0	0|0	0|0	0|1	0|0	0|0	0|0	1|0	0|0	1|1	0|1	0|0	0|0	0|0	0|0	0|0	0|0	0|0	0|0	0|0	0|0	0|0	0|0	0|0	0|0	0|0	0|0	0|0	0|0	0|0	0|0	0|0	0|0	1|0	1|0	0|0	0|0	1|0	0|0	0|1	0|0	1|1	1|0	0|0	0|0	0|0	0|0	0|0	0|0	0|1	0|0	0|0	0|0	0|0	0|0	0|0	0|0	0|0	0|0	0|0	0|0	0|0	0|0	0|0	0|0	0|0	0|0	0|0	0|0	0|0	0|0	0|0	0|0	0|0	0|0	0|0	0|0	0|0	0|0	0|0	1|0	0|0	0|0	0|0	0|0	0|0	0|0	0|0	0|0	0|0	0|0	0|0	0|0	0|0	0|0	0|1	0|0	0|0	0|0	0|1	0|0	0|0	0|0	0|0	0|0	0|0	0|1	0|0	0|0	0|0	0|0	0|0	0|0	0|0	0|0	0|0	0|0	0|0	0|0	0|0	0|0	0|0	0|0	0|0	0|0	0|0	1|1	0|0	0|0	0|0	0|0	0|1	0|0	1|0	0|0	0|0	0|0	0|0	0|0	0|0	0|0	0|0	1|0	0|0	0|0	0|0	0|0	0|0	0|0	0|0	1|0	0|0	0|0	0|0	0|0	0|0	0|0	0|0	0|0	0|0	0|0	0|0	0|0	0|0	0|0	0|0	0|0	1|1	0|0	0|0	1|1	0|0	0|0	0|0	0|0	0|0	0|0	0|0	0|0	0|1	0|0	0|0	0|0	0|0	0|0	0|0	1|1	0|0	0|0	0|0	0|0	0|0	0|0	0|0	0|0	1|0	0|0	0|0	0|0	1|0	0|0	0|0	0|0	0|0	0|0	0|0	1|0	0|0	0|0	0|0	0|0	0|0	0|0	0|0	0|1	0|0	0|0	0|0	0|0	0|0	0|0	0|0	0|0	1|0	0|0	0|0	0|1	1|0	0|0	0|0	0|0	0|0	0|0	0|1	0|0	0|0	0|0	0|0	0|0	0|0	0|0	0|0	0|0	0|1	0|0	0|0	0|0	0|0	0|1	0|0	0|0	0|0	0|0	0|0	0|0	0|0	0|0	0|0	0|1	0|0	0|0	0|0	0|0	0|0	0|0	0|0	0|0	0|0	0|0	0|0	0|0	0|0	0|0	0|0	0|1	0|0	0|0	0|0	0|1	0|0	0|0	0|0	0|0	1|0	0|0	1|0	0|0	0|0	0|0	0|0	0|0	0|0	0|0	0|0	0|0	0|0	1|0	1|0	0|0	0|0	0|0	0|0	0|0	1|0	0|0	0|0	0|0	0|0	0|1	0|0	0|1	0|0	0|0	0|0	0|0	0|0	0|0	0|0	0|0	0|0	0|0	0|0	0|1	0|0	1|0	1|0	0|0	0|0	0|0	0|0	0|0	0|0	0|0	0|0	0|0	0|0	0|0	0|1	0|1	0|0	0|0	0|0	0|0	0|0	0|1	1|0	1|0	0|0	0|0	0|0	0|0	0|0	0|0	0|0	0|0	0|0	0|0	0|0	0|0	0|0	0|0	0|0	1|0	0|0	1|0	0|0	0|0	0|0	0|0	0|0	0|0	0|0	0|0	0|0	0|0	0|0	0|0	0|0	0|0	1|1	0|0	1|0	0|0	0|1	0|0	0|0	0|0	0|0	0|0	1|1	1|0	0|1	0|0	0|0	0|0	0|0	0|0	0|0	0|0	1|1	0|0	0|0	1|1	0|0	0|0	1|0	0|0	0|0	0|0	0|0	0|0	0|0	0|0	0|0	0|1	0|0	0|0	0|0	0|0	1|1	0|0	TRUE	24000001	25000000	24000.001
1	25500000.5	3	1:25000001-26000000	Chr_1_25639974	AAT	A	TRUE	.	.	256	0.05188679245283023	0.9481132075471698	g1735	A|downstream_gene_variant|MODIFIER|g1735|g1735|transcript|g1735.t1|protein_coding||c.*581_*582delAT|||||581|	A|downstream_gene_variant|MODIFIER|g1736|g1736|transcript|g1736.t1|protein_coding||c.*1962_*1963delAT|||||1963|,A|intergenic_region|MODIFIER|g1735-g1736|g1735-g1736|intergenic_region|g1735-g1736|||n.25639975_25639976delAT||||||	21.5807	3.2648e-8	3.83122	FlowerDays_2025	NA	GT	1|1	1|1	1|1	1|1	1|1	1|1	1|1	1|0	1|1	1|1	1|1	1|1	1|1	1|1	1|1	1|1	1|1	1|1	1|1	1|1	1|1	1|1	0|1	1|0	1|1	1|1	1|1	1|1	1|1	1|1	1|1	1|1	1|1	1|1	1|1	1|1	1|1	1|1	1|1	1|1	1|1	1|1	1|1	1|1	1|1	1|1	1|1	1|1	1|1	1|1	1|1	1|1	1|1	1|1	1|1	1|1	1|1	1|1	1|1	1|1	1|1	1|1	1|1	1|1	1|1	1|1	1|1	1|1	1|1	1|1	1|0	1|1	1|1	1|1	1|1	1|0	1|1	1|1	1|1	1|1	1|1	1|1	1|1	1|1	1|1	1|1	1|1	1|1	1|1	1|1	1|1	0|1	1|1	1|1	1|1	1|1	0|0	1|1	1|1	1|1	1|1	1|1	1|1	1|1	1|1	1|1	1|1	1|1	1|1	1|1	1|1	1|1	1|1	1|1	0|1	1|1	1|1	1|1	1|1	1|1	1|1	1|1	1|1	1|1	1|1	1|1	1|1	1|1	1|1	1|0	1|1	1|1	1|1	1|1	1|1	1|1	1|1	1|1	1|1	1|1	1|1	1|1	1|1	1|1	0|1	1|1	1|1	1|1	1|1	1|1	1|1	1|1	0|1	1|1	1|1	1|0	1|1	1|1	1|1	1|1	1|1	1|1	0|0	1|1	1|0	1|1	1|1	1|1	1|1	1|1	1|1	0|1	1|1	1|1	1|1	1|1	1|1	1|1	1|1	1|1	1|1	1|1	1|0	1|0	1|1	1|1	1|1	1|1	1|1	1|1	1|1	1|1	1|1	1|1	1|1	1|1	1|1	1|0	1|0	1|1	1|1	1|1	1|1	1|1	1|1	1|1	1|1	0|1	1|1	1|1	1|1	1|1	1|1	1|1	1|1	1|1	0|1	1|1	1|1	1|1	1|0	1|1	1|1	1|1	1|1	1|1	1|1	1|1	1|1	1|1	1|1	1|1	1|0	1|1	1|1	1|1	1|1	1|1	0|1	1|1	1|1	1|1	1|1	0|0	1|0	1|1	1|1	1|1	1|1	1|1	1|1	1|1	1|1	1|1	1|1	1|1	1|1	1|1	1|1	1|1	1|1	1|1	1|1	1|1	1|1	1|1	1|1	0|1	1|1	1|1	1|1	1|1	1|1	1|1	1|1	1|1	1|1	1|1	1|1	1|1	1|1	1|1	1|1	1|1	1|1	1|0	1|1	1|1	1|1	1|1	1|1	1|1	1|1	1|1	1|1	1|0	1|1	1|0	1|1	1|1	1|1	1|1	1|1	1|1	1|1	1|1	1|1	1|1	1|1	1|0	1|1	1|1	1|1	1|1	1|1	1|1	1|1	1|1	1|1	1|1	1|1	1|1	1|1	1|1	0|1	1|1	1|1	1|1	1|1	1|1	1|1	1|1	1|1	1|1	1|1	1|1	1|1	1|1	1|1	1|1	1|1	1|1	1|1	1|1	1|1	1|1	1|1	1|1	1|1	1|1	1|1	1|1	1|1	1|1	1|1	0|1	1|1	1|1	1|1	1|1	1|1	1|1	1|1	1|1	1|1	1|1	1|1	1|1	1|1	1|1	1|1	1|1	1|1	1|1	1|1	1|1	1|1	1|1	1|1	1|1	1|1	1|1	1|1	1|1	1|1	1|1	1|1	1|1	1|1	1|1	1|1	0|0	1|1	1|1	1|1	1|1	1|0	1|0	1|1	1|1	1|0	1|1	1|1	1|1	1|1	1|1	1|1	1|1	1|1	1|1	1|1	1|1	1|1	1|1	0|1	1|0	1|1	1|1	1|1	1|1	1|1	1|0	1|1	1|1	TRUE	25000001	26000000	25000.001
1	26500000.5	4	1:26000001-27000000	Chr_1_26897781	G	C	TRUE	.	.	268	0.5106132075471699	0.4893867924528302	g1860-g1861	C|intergenic_region|MODIFIER|g1860-g1861|g1860-g1861|intergenic_region|g1860-g1861|||n.26897781G>C||||||	NA	-10.6026	1.21669e-8	1.82374	FlowerDays_2025	NA	GT	0|0	0|1	0|1	1|0	0|0	0|0	1|1	0|1	0|1	1|1	1|0	0|1	1|1	0|1	1|1	1|1	1|1	0|1	0|0	0|0	0|0	0|0	0|1	0|0	0|0	1|0	1|1	0|1	1|0	1|0	1|0	0|1	0|0	0|1	0|1	0|0	0|1	1|0	1|1	0|0	0|0	1|0	0|0	1|1	1|1	0|0	0|1	0|0	0|0	1|0	0|1	1|0	0|1	1|0	1|0	0|0	0|0	0|0	0|1	0|1	1|1	1|1	1|1	0|1	1|0	1|1	0|1	1|1	1|0	0|1	1|1	1|1	0|0	0|0	1|1	1|0	0|0	1|0	0|0	0|1	1|0	1|0	0|0	1|1	1|0	1|1	1|1	1|0	1|0	1|1	0|0	1|1	1|1	1|0	0|0	0|0	0|1	0|0	0|1	0|0	1|0	1|1	1|0	0|0	0|0	1|0	1|1	1|1	0|1	1|0	0|0	0|0	0|0	0|0	1|1	1|0	0|1	0|1	0|1	0|1	0|1	1|0	0|0	1|1	1|0	0|1	0|1	1|1	0|0	1|0	0|0	0|0	0|0	1|1	0|1	1|1	1|1	0|0	1|0	1|1	1|0	0|0	0|0	0|1	0|1	0|1	1|1	1|1	0|0	1|0	0|0	1|1	1|1	1|1	0|1	0|0	0|1	0|0	0|0	0|1	1|1	1|1	0|0	1|1	0|0	1|0	0|1	0|0	1|0	0|0	1|1	0|0	0|0	0|0	1|1	1|0	1|0	0|0	1|0	0|0	0|0	1|1	0|0	0|1	0|0	0|1	0|0	0|1	1|0	1|1	0|1	1|0	1|0	0|0	1|1	1|1	1|0	0|0	1|1	0|0	1|0	1|1	0|0	1|1	0|1	1|0	1|1	0|0	1|1	1|0	0|0	0|0	0|0	0|1	0|1	1|1	1|0	1|0	0|1	1|1	0|0	0|1	1|0	1|1	0|0	0|1	1|1	1|1	0|0	1|1	1|1	1|0	0|0	1|0	0|1	0|1	1|0	0|0	0|1	0|1	1|1	0|1	0|1	0|0	0|0	0|1	0|1	0|1	0|1	1|0	1|1	1|0	0|1	1|1	0|0	1|0	1|0	0|1	0|1	1|0	1|1	0|1	0|0	1|0	1|1	1|1	0|1	1|1	1|1	0|0	0|0	1|1	0|0	1|0	1|0	0|1	0|0	1|1	1|0	1|0	1|0	1|1	1|1	1|1	0|0	1|0	1|1	0|1	0|0	0|0	0|0	0|1	0|0	0|0	0|0	1|1	1|1	0|0	1|1	1|1	1|1	0|0	1|1	1|0	1|1	0|0	0|0	1|1	1|0	0|0	0|1	0|1	0|0	0|1	0|0	0|0	1|0	0|1	1|0	1|1	0|0	1|1	0|0	0|0	0|0	1|0	1|1	1|1	1|1	0|1	1|1	1|1	1|1	1|1	0|1	0|0	1|0	1|1	0|0	1|0	1|0	1|1	0|0	1|1	1|1	1|1	1|1	0|1	1|1	1|1	1|0	1|1	0|1	0|1	0|0	0|0	0|0	0|1	0|0	1|1	0|1	0|0	1|1	1|0	0|0	0|1	1|0	0|1	1|0	1|0	1|1	1|1	0|1	1|0	0|0	1|1	1|0	0|0	0|0	0|0	1|1	1|0	1|0	0|1	0|1	1|0	1|1	0|0	0|0	1|0	1|1	0|1	1|1	0|1	1|0	0|0	0|1	1|0	1|1	1|0	0|1	1|0	1|0	0|1	1|0	0|1	1|1	0|1	1|0	1|0	1|0	1|1	0|0	0|1	0|0	1|0	1|0	1|0	0|0	1|1	1|0	0|0	0|1	0|1	TRUE	26000001	27000000	26000.001
2	33500000.5	5	2:33000001-34000000	Chr_2_33229932	G	A	TRUE	.	.	332	0.9516509433962264	0.04834905660377359	g6879-g6880	A|intergenic_region|MODIFIER|g6879-g6880|g6879-g6880|intergenic_region|g6879-g6880|||n.33229932G>A||||||	NA	26.6082	3.15177e-8	4.71828	FlowerDays_2025	NA	GT	0|0	1|0	0|0	1|0	1|0	0|0	0|0	0|0	0|0	0|0	0|0	0|0	0|0	0|0	0|0	0|0	0|0	0|0	0|0	0|0	0|0	0|0	0|0	0|0	0|0	0|0	0|0	0|1	0|0	0|1	0|0	0|0	0|0	0|0	0|0	0|0	1|0	0|1	0|0	0|1	0|0	0|0	0|0	0|0	0|0	0|0	0|0	0|0	0|1	0|0	0|0	0|0	0|0	0|0	0|1	0|0	0|0	0|0	0|0	0|0	0|0	0|0	0|0	1|0	0|0	0|0	0|0	0|0	0|0	0|0	0|0	0|0	0|0	0|0	0|0	0|0	0|0	0|0	0|0	0|0	0|0	0|0	0|0	0|0	0|0	0|0	0|0	0|0	0|0	0|0	0|1	0|0	0|0	0|0	0|0	0|0	0|0	0|0	0|0	0|0	0|0	0|0	0|0	1|0	0|0	0|0	0|0	0|0	0|0	0|0	0|1	0|0	0|0	0|0	0|0	0|0	0|0	0|0	0|0	0|0	0|0	0|0	0|0	0|0	0|0	0|0	0|0	0|1	0|0	0|0	0|0	0|0	0|0	0|0	0|0	0|0	0|0	0|0	0|0	0|0	0|0	0|1	0|0	0|1	0|0	0|0	0|0	0|0	0|0	0|0	0|0	0|0	0|0	0|0	0|0	1|0	0|0	0|0	0|0	0|0	0|0	0|0	0|1	0|0	1|0	0|1	0|0	0|0	0|0	0|0	1|0	0|0	0|0	0|0	0|0	0|0	0|0	0|0	0|0	0|0	0|0	0|0	0|0	0|0	0|0	0|0	0|0	0|0	0|0	0|0	0|0	0|0	0|0	0|0	0|0	0|0	0|0	1|0	0|0	0|0	0|0	0|0	0|0	0|0	0|0	0|0	0|0	0|0	1|0	0|0	0|0	0|0	0|0	0|0	0|0	0|0	0|0	0|0	0|0	0|0	0|0	0|0	0|0	0|0	0|0	0|0	0|0	0|0	0|0	0|0	0|0	0|0	0|0	0|0	0|1	0|0	1|0	0|0	0|0	0|0	0|0	0|0	0|0	0|1	0|0	0|0	0|0	0|0	0|0	0|0	0|0	0|0	0|0	0|0	1|0	0|0	0|0	1|0	1|0	0|0	0|0	0|0	0|0	0|0	0|0	0|0	0|0	0|0	0|0	0|0	0|0	0|0	0|0	0|0	0|0	0|0	0|0	0|0	0|0	0|0	0|0	0|0	0|0	0|0	0|0	0|0	0|0	0|0	0|0	0|0	0|1	0|0	0|0	0|0	0|0	0|0	0|0	0|0	0|0	0|0	0|0	0|0	0|0	0|0	0|0	0|0	0|0	0|0	0|0	0|0	0|0	0|0	0|0	0|0	0|0	0|0	0|0	0|0	0|0	0|0	0|0	0|0	0|0	0|0	0|0	0|0	0|0	0|0	0|0	0|0	0|0	0|0	0|0	0|0	0|0	0|0	0|0	1|0	0|0	0|0	0|0	0|0	0|0	0|0	0|0	0|0	0|0	0|0	0|0	0|0	0|1	0|0	0|0	0|0	0|0	0|0	0|0	0|0	0|1	0|0	0|0	0|0	0|0	0|0	1|0	0|0	0|0	0|0	0|0	0|0	0|0	0|0	0|1	0|0	0|0	0|0	0|0	0|0	0|0	0|0	1|0	0|0	0|0	0|0	0|0	0|0	0|0	0|0	0|0	0|0	0|0	0|0	0|1	0|0	0|0	1|0	0|0	0|0	0|0	0|0	0|0	0|0	0|0	0|0	0|0	1|0	0|0	0|0	0|1	0|0	0|0	0|0	0|0	0|0	0|0	0|0	0|0	0|0	0|0	0|0	0|0	0|0	0|0	0|0	TRUE	33000001	34000000	33000.001
3	9500000.5	6	3:9000001-10000000	Chr_3_9196048	A	G	TRUE	.	.	91	0.46226415094339623	0.5377358490566038	g8284	G|downstream_gene_variant|MODIFIER|g8284|g8284|transcript|g8284.t1|protein_coding||c.*3868T>C|||||3868|	G|intergenic_region|MODIFIER|g8283-g8284|g8283-g8284|intergenic_region|g8283-g8284|||n.9196048A>G||||||	-10.2394	9.64061e-9	1.74863	FlowerDays_2025	NA	GT	1|1	1|1	1|0	0|0	0|1	0|0	1|1	1|0	1|0	0|0	0|0	1|1	1|1	0|0	0|1	0|0	1|0	1|1	0|1	1|1	1|1	1|0	1|0	1|1	1|1	0|1	0|1	1|0	1|0	0|1	1|1	1|1	0|0	0|1	1|0	0|1	0|1	0|0	1|0	1|0	0|0	0|0	0|0	0|1	1|1	1|0	1|1	1|0	0|1	0|1	1|1	1|1	1|0	1|1	1|0	1|0	1|1	1|1	1|1	1|1	1|0	0|1	1|0	1|1	1|1	0|0	0|0	0|0	0|1	1|1	1|0	0|1	1|1	1|0	0|0	0|0	0|0	0|0	0|0	0|1	1|0	0|1	0|0	1|0	1|1	0|0	0|0	1|1	1|1	1|0	0|0	0|1	0|0	0|0	1|1	0|0	1|0	1|0	0|0	0|0	0|0	0|0	0|0	1|1	1|1	0|1	1|0	1|1	1|1	0|0	0|0	1|1	1|1	0|0	1|1	1|1	1|1	1|1	1|1	1|1	1|1	0|0	1|1	1|1	0|1	1|0	1|1	1|0	0|0	1|1	0|0	1|1	0|0	1|1	0|0	0|1	0|0	0|0	0|1	0|0	1|1	1|0	0|1	1|1	1|0	0|0	0|1	1|1	1|1	1|1	1|1	0|0	1|0	1|0	1|1	1|1	0|0	1|0	1|1	0|0	1|0	1|1	1|1	1|1	1|1	0|0	0|0	0|1	1|0	1|1	0|0	1|0	1|1	0|0	1|0	0|0	0|0	1|1	1|0	0|0	1|0	0|1	1|1	1|1	0|0	1|0	1|0	0|0	0|1	0|0	1|0	0|1	1|1	1|1	0|0	0|1	0|1	1|0	0|1	1|0	0|0	0|0	1|1	0|1	1|1	1|1	1|1	0|0	1|1	1|0	0|1	1|0	0|1	1|0	1|0	1|1	0|1	0|0	0|1	1|1	1|1	1|1	1|1	0|0	1|0	0|0	0|0	0|1	0|0	1|1	0|1	1|1	0|0	1|1	1|1	0|0	1|1	1|0	0|0	1|0	0|0	0|1	1|1	1|1	1|1	0|0	1|0	1|1	1|1	0|0	0|0	0|0	1|0	0|1	1|0	1|1	0|0	0|0	1|1	1|1	1|1	1|1	1|1	1|1	0|1	0|0	0|0	0|0	0|0	0|0	1|0	1|0	1|1	1|1	1|1	0|1	1|0	1|0	1|1	1|1	1|1	0|0	1|1	0|0	0|0	1|1	1|1	0|1	1|1	0|0	0|0	1|1	1|1	1|1	1|1	1|0	0|0	1|1	0|0	1|1	1|1	1|1	1|0	0|0	0|1	1|0	1|1	1|1	0|0	1|1	0|0	0|0	1|1	0|0	0|0	1|1	1|1	1|1	1|1	0|1	1|0	1|1	1|1	1|1	1|0	0|0	0|0	0|0	1|1	0|0	0|0	0|1	0|1	0|0	1|1	0|0	1|1	1|0	1|0	1|1	1|1	0|0	0|1	0|1	1|0	0|1	1|1	0|1	0|0	0|0	0|0	1|0	1|0	1|0	0|1	1|1	0|0	0|1	0|0	1|0	1|0	0|0	0|0	1|1	0|0	0|1	1|1	0|0	0|0	1|0	1|1	0|0	0|0	0|1	1|1	0|1	1|1	1|0	1|1	1|1	0|1	0|0	0|0	1|1	1|1	1|1	0|1	1|1	0|0	0|1	0|0	0|1	0|0	0|0	0|0	0|1	0|0	1|1	1|1	1|1	1|1	0|0	1|1	0|1	1|1	1|1	1|1	1|1	0|0	0|0	0|1	0|0	0|1	1|1	1|1	1|1	1|0	1|0	0|0	1|1	1|1	1|1	0|1	1|1	TRUE	9000001	10000000	9000.001
3	9500000.5	6	3:9000001-10000000	Chr_3_9196085	T	C	FALSE	.	.	91	0.4764150943396226	0.5235849056603774	g8284	C|downstream_gene_variant|MODIFIER|g8284|g8284|transcript|g8284.t1|protein_coding||c.*3831A>G|||||3831|	C|intergenic_region|MODIFIER|g8283-g8284|g8283-g8284|intergenic_region|g8283-g8284|||n.9196085T>C||||||	-9.91066	2.95627e-8	1.75371	FlowerDays_2025	NA	GT	1|1	1|1	1|0	0|0	0|0	0|0	1|1	0|0	1|0	0|0	0|0	1|1	1|1	0|0	0|1	0|0	1|0	0|1	0|1	1|1	1|1	1|1	1|0	1|1	1|1	0|1	0|1	1|0	1|0	0|1	1|1	1|1	0|0	0|1	1|0	0|1	0|1	0|0	1|0	0|0	0|0	0|0	0|0	0|1	1|1	1|0	1|1	1|0	0|1	0|1	1|1	1|1	1|0	1|1	1|0	0|0	1|1	1|1	1|1	1|1	0|0	0|1	1|0	1|1	1|1	0|0	0|0	0|0	0|1	1|1	1|0	0|1	1|1	1|0	0|0	0|0	0|0	0|0	0|0	0|1	1|0	0|1	0|0	1|0	1|1	0|0	0|0	1|1	1|1	1|0	0|0	0|1	0|0	0|0	1|1	0|0	1|0	1|0	0|0	0|0	0|0	0|0	0|0	1|1	1|1	0|1	1|0	1|1	1|1	0|0	0|0	1|1	1|1	0|0	1|1	1|1	1|1	1|1	1|1	1|1	1|1	0|0	1|1	1|1	0|1	1|0	1|1	0|0	0|0	1|1	0|0	1|1	0|0	1|1	0|0	0|1	0|0	0|0	0|1	0|0	1|1	1|0	0|1	1|1	1|0	0|0	0|1	1|1	1|1	1|1	1|1	0|0	1|0	1|0	1|1	1|1	0|0	0|0	0|0	0|0	1|0	1|1	1|1	1|1	1|1	0|0	0|0	0|1	1|0	1|1	0|0	1|0	1|1	0|0	1|0	0|0	0|0	1|1	1|0	0|0	1|0	0|1	1|1	1|1	0|0	1|0	1|0	0|0	0|1	0|0	1|0	0|1	1|1	1|1	0|0	0|1	0|1	1|0	0|1	1|0	0|0	0|0	1|1	0|1	1|1	1|1	1|1	0|0	1|1	1|0	0|1	0|0	0|1	1|0	1|0	1|1	0|1	0|0	0|1	1|1	1|1	1|1	1|1	0|0	1|0	0|0	0|0	0|1	0|0	1|1	0|1	1|1	0|0	1|1	1|1	0|0	1|1	1|0	0|0	1|0	0|0	0|1	1|1	1|1	1|1	0|1	1|0	1|1	1|0	0|0	0|0	0|0	1|0	0|1	1|0	1|1	0|0	0|0	1|1	1|1	1|1	1|1	1|1	1|1	0|1	0|0	0|0	0|0	0|0	0|0	1|0	1|0	1|1	1|1	0|1	0|1	1|0	1|0	1|1	1|1	1|1	0|0	1|1	0|0	0|0	1|1	1|1	0|1	1|1	0|0	0|0	1|1	1|1	1|1	1|1	1|0	0|0	1|1	0|0	1|1	1|1	1|1	1|0	0|0	0|1	1|0	1|1	1|1	0|0	1|1	0|0	0|0	1|1	0|0	0|0	1|1	1|1	1|1	1|1	0|1	1|0	1|1	1|1	1|1	1|0	0|0	0|0	0|0	1|1	0|0	0|0	0|1	0|1	0|0	1|1	0|0	1|1	1|0	1|0	1|1	1|1	0|0	0|1	0|1	1|0	0|1	1|1	0|1	0|0	0|0	0|0	1|0	1|0	1|0	0|1	1|1	0|0	0|1	0|0	1|0	1|0	0|0	0|0	1|1	0|1	0|1	1|1	0|0	0|0	1|0	1|1	0|0	0|0	0|1	1|1	0|1	1|1	1|0	1|1	1|1	0|1	0|0	0|0	1|1	1|1	1|1	0|1	1|1	0|0	0|1	0|0	0|0	0|0	0|0	0|0	0|0	0|0	1|1	1|1	1|1	1|1	0|0	1|1	0|1	1|1	1|1	1|1	1|1	0|0	0|0	0|1	0|0	0|1	1|1	1|1	1|1	1|0	1|0	0|0	1|1	1|1	1|1	0|1	1|1	TRUE	9000001	10000000	9000.001
4	5500000.5	7	4:5000001-6000000	Chr_4_5761770	G	A	FALSE	.	.	57	0.4693396226415094	0.5306603773584906	g13703	A|synonymous_variant|LOW|g13703|g13703|transcript|g13703.t1|protein_coding|14/17|c.2196G>A|p.Ser732Ser|2196/2649|2196/2649|732/882||	A|downstream_gene_variant|MODIFIER|g13704|g13704|transcript|g13704.t1|protein_coding||c.*2409C>T|||||2409|	-11.3409	2.91453e-10	1.75543	FlowerDays_2025	NA	GT	1|1	1|1	1|0	1|0	1|1	1|0	0|1	1|1	0|0	0|0	1|1	0|1	1|1	1|1	0|0	0|1	0|0	0|0	0|1	0|0	1|0	1|0	1|1	1|1	1|1	1|0	1|1	0|1	0|1	1|0	0|1	1|1	0|1	1|0	0|0	0|1	0|1	0|0	0|1	1|1	0|1	1|0	0|0	0|0	0|1	0|1	0|0	1|1	1|1	0|0	0|1	1|1	0|0	1|1	1|1	1|1	0|1	1|1	0|0	0|0	1|0	1|0	0|1	1|1	1|0	1|0	0|1	0|0	1|0	1|1	1|0	1|0	1|1	1|1	1|0	0|0	0|1	1|0	0|1	0|0	0|0	1|1	1|1	0|0	1|1	0|0	0|0	1|1	1|1	1|0	1|0	0|1	1|1	1|1	1|1	1|0	0|0	0|0	1|0	1|1	1|1	0|1	0|1	0|1	1|1	1|1	1|1	1|0	1|1	1|1	1|1	0|1	0|0	0|1	1|0	1|1	1|0	0|0	0|1	0|0	1|0	0|1	0|1	0|0	1|1	1|0	0|0	1|1	0|1	1|1	0|0	0|1	0|1	1|1	0|0	1|1	0|1	1|1	0|1	0|0	1|1	1|0	1|0	0|0	0|0	1|1	0|0	0|1	1|1	1|1	0|1	0|1	1|1	1|1	1|1	1|0	0|0	0|0	0|0	1|0	0|1	0|1	1|0	1|1	0|1	1|1	0|0	1|0	1|1	0|1	1|1	1|1	1|1	0|1	1|0	1|1	1|1	1|0	1|1	0|0	0|1	0|1	1|1	1|0	0|0	0|1	0|0	0|0	1|1	1|1	0|0	0|1	1|1	0|0	0|0	1|0	0|0	1|1	1|1	1|1	1|1	1|0	1|0	1|0	0|0	0|0	1|1	0|1	0|1	1|0	0|0	0|1	1|0	1|0	0|0	0|1	1|1	0|0	0|0	1|1	0|0	1|0	0|0	1|1	1|0	0|1	1|1	0|0	1|0	1|1	1|1	0|1	1|0	0|0	1|0	0|0	1|1	1|0	0|0	0|0	1|1	0|1	1|0	0|1	0|1	1|0	1|0	1|1	1|1	0|1	1|0	0|0	0|0	1|0	1|1	0|0	1|0	0|0	1|0	1|0	0|0	1|1	0|0	0|1	0|0	0|1	0|1	0|0	1|1	1|1	0|0	0|0	1|1	1|1	1|1	1|0	1|0	0|0	0|1	0|1	0|1	1|1	1|0	1|1	1|1	0|0	0|1	0|0	1|1	1|1	1|1	0|1	0|1	1|0	1|0	0|0	1|1	0|1	0|0	0|0	1|1	0|1	1|1	0|0	0|0	1|0	1|1	1|0	1|0	1|1	0|0	1|0	0|1	0|1	1|0	1|0	1|0	0|0	1|1	1|0	0|1	0|1	1|0	1|1	0|1	1|0	0|0	0|1	0|1	1|0	1|1	0|0	0|1	0|0	0|1	0|1	0|1	1|1	0|1	1|1	1|1	0|0	1|0	0|0	0|1	0|0	1|1	1|0	0|0	0|0	0|1	1|1	0|0	0|1	1|0	1|0	1|1	1|1	1|1	1|0	0|0	0|1	1|0	0|0	1|1	0|0	0|0	0|1	1|0	1|0	0|1	1|0	1|1	1|1	0|0	0|1	0|0	0|0	0|1	1|1	1|0	0|1	1|0	1|1	1|1	1|0	0|0	0|1	1|0	1|1	0|1	1|1	1|1	1|1	0|0	1|1	1|0	0|1	0|1	0|0	1|1	0|1	0|1	0|0	0|0	1|1	0|1	1|1	1|1	0|0	1|1	1|0	1|0	1|1	1|1	0|0	1|1	0|0	1|1	1|1	0|0	1|0	0|0	1|0	TRUE	5000001	6000000	5000.001
4	5500000.5	7	4:5000001-6000000	Chr_4_5762550	C	CCATTTTGACTTATTA	FALSE	.	.	57	0.48702830188679247	0.5129716981132075	g13704	CCATTTTGACTTATTA|downstream_gene_variant|MODIFIER|g13704|g13704|transcript|g13704.t1|protein_coding||c.*1628_*1629insTAATAAGTCAAAATG|||||1628|	CCATTTTGACTTATTA|intron_variant|MODIFIER|g13703|g13703|transcript|g13703.t1|protein_coding|15/16|c.2464-65_2464-64insCATTTTGACTTATTA||||||	-10.7289	1.12114e-9	1.72129	FlowerDays_2025	NA	GT	1|1	1|1	0|0	1|0	1|1	1|0	0|1	1|1	0|0	0|0	1|1	0|1	1|1	1|1	0|0	0|1	0|0	0|0	0|1	0|0	1|0	1|0	1|1	1|1	1|1	1|0	1|1	0|0	0|1	1|0	0|1	1|1	0|1	1|0	0|0	0|1	0|1	0|0	0|1	1|1	0|1	1|0	0|0	0|0	0|1	0|1	0|0	1|1	1|1	0|0	0|1	1|1	0|0	1|1	1|1	1|1	0|1	1|1	0|0	0|0	1|0	1|0	0|0	1|1	1|0	1|0	0|1	0|0	1|0	1|1	1|0	1|0	1|1	1|1	1|0	0|0	0|1	1|0	0|1	0|0	0|0	1|1	1|1	0|0	1|1	0|0	0|0	1|1	1|1	1|0	1|0	0|1	1|1	1|1	1|1	1|0	0|0	0|0	1|0	1|1	1|1	0|1	0|0	0|1	1|1	1|1	1|1	1|0	1|1	1|1	1|1	0|1	0|0	0|1	1|0	1|1	1|0	0|0	0|1	0|0	1|0	0|1	0|1	0|0	1|1	1|0	0|0	1|1	0|1	1|1	0|0	0|1	0|1	1|1	0|0	1|1	0|1	1|1	0|0	0|0	1|1	1|0	1|0	0|0	0|0	1|1	0|0	0|0	1|1	1|1	0|1	0|1	1|1	1|1	1|1	1|0	0|0	0|0	0|0	1|0	0|1	0|1	1|0	1|1	0|1	1|1	0|0	0|0	1|1	0|1	1|1	1|1	1|1	0|1	1|0	1|1	1|1	1|0	1|1	0|0	0|1	0|1	1|1	1|0	0|0	0|1	0|0	0|0	1|1	1|1	0|0	0|0	1|1	0|0	0|0	1|0	0|0	1|1	1|1	1|1	1|1	1|0	1|0	1|0	0|0	0|0	1|1	0|1	0|1	1|0	0|0	0|1	1|0	1|0	0|0	0|1	1|1	0|0	0|0	1|1	0|0	1|0	0|0	1|1	1|0	0|1	1|1	0|0	1|0	1|1	1|1	0|1	1|0	0|0	1|0	0|0	1|1	1|0	0|0	0|0	1|1	0|1	1|0	0|1	0|1	1|0	1|0	1|1	1|0	0|1	1|0	0|0	0|0	1|0	0|1	0|0	1|0	0|0	1|0	1|0	0|0	1|1	0|0	0|1	0|0	0|1	0|0	0|0	1|1	1|1	0|0	0|0	1|1	1|1	1|1	1|0	1|0	0|0	0|1	0|1	0|1	1|1	1|0	1|1	1|1	0|0	0|1	0|0	1|1	1|1	1|1	0|1	0|1	1|0	1|0	0|0	1|1	0|1	0|0	0|0	1|1	0|1	1|1	0|0	0|0	1|0	1|1	0|0	1|0	1|1	0|0	1|0	0|1	0|1	1|0	1|0	1|0	0|0	1|1	0|0	0|1	0|1	1|0	1|1	0|1	1|0	0|0	0|1	0|1	1|0	1|1	0|0	0|1	0|0	0|1	0|1	0|1	1|1	0|1	1|1	1|1	0|0	1|0	0|0	0|1	0|0	1|1	1|0	0|0	0|0	0|0	1|1	0|0	0|1	1|0	1|0	1|1	1|1	1|1	1|0	0|0	0|1	1|0	0|0	1|1	0|0	0|0	0|1	0|0	1|0	0|1	1|0	1|1	1|1	0|0	0|1	0|0	0|0	0|1	1|1	1|0	0|1	1|0	1|1	1|1	1|0	0|0	0|1	1|0	1|1	0|1	1|1	1|1	1|1	0|0	1|1	1|0	0|1	0|1	0|0	1|1	0|1	0|1	0|0	0|0	1|1	0|1	1|1	1|1	0|0	1|1	1|0	1|0	1|1	1|1	0|0	1|1	0|0	1|1	1|1	0|0	1|0	0|0	1|0	TRUE	5000001	6000000	5000.001
4	5500000.5	7	4:5000001-6000000	Chr_4_5762763	G	A	TRUE	.	.	57	0.47523584905660377	0.5247641509433962	g13704	A|downstream_gene_variant|MODIFIER|g13704|g13704|transcript|g13704.t1|protein_coding||c.*1416C>T|||||1416|	A|intron_variant|MODIFIER|g13703|g13703|transcript|g13703.t1|protein_coding|16/16|c.2565+47G>A||||||	-11.5905	7.51616e-11	1.7343	FlowerDays_2025	NA	GT	1|1	1|1	1|0	1|0	1|1	1|0	0|1	1|1	0|0	0|0	1|1	0|1	1|1	1|1	0|0	0|1	0|0	0|0	0|1	0|0	1|0	1|0	1|1	1|1	1|1	1|0	1|1	0|1	0|1	1|0	0|1	1|1	0|1	1|0	0|0	0|1	0|1	0|0	0|1	1|1	0|1	1|0	0|0	1|0	0|1	0|0	0|0	1|1	1|1	0|0	0|1	1|1	0|0	1|1	1|1	1|1	0|0	1|1	0|0	0|0	1|0	1|0	0|0	1|1	1|0	1|0	0|1	0|0	1|0	1|1	1|0	1|0	1|1	1|1	1|0	0|0	0|1	1|0	0|1	0|0	0|0	1|1	1|1	0|0	1|1	0|0	0|0	1|1	1|1	1|0	1|0	0|1	1|1	1|1	1|1	1|0	0|0	0|0	1|0	1|1	1|1	0|1	0|1	0|1	1|1	1|1	1|1	1|0	1|1	1|1	1|1	0|1	0|0	0|1	1|0	1|1	1|0	0|0	0|1	0|0	1|0	0|1	0|1	0|0	1|1	1|0	0|0	1|1	0|1	1|1	0|0	0|1	0|1	1|1	0|0	1|1	0|1	1|1	0|0	0|0	1|1	1|0	1|0	0|0	0|0	1|1	0|0	0|1	1|1	1|1	0|1	0|1	1|1	1|1	1|1	1|0	0|0	0|0	0|0	1|0	0|1	0|1	1|0	1|1	0|1	1|1	0|0	1|0	1|1	0|1	1|1	1|1	1|1	0|1	1|0	1|1	1|1	1|0	1|1	0|0	0|1	0|1	1|1	1|0	0|0	0|1	0|0	0|0	1|1	1|1	0|0	0|1	1|1	0|0	0|0	1|0	0|0	1|1	1|1	1|1	1|1	1|0	1|0	1|0	0|0	0|0	1|1	0|1	0|1	1|0	0|0	0|1	1|0	1|0	0|0	0|1	1|1	0|0	0|0	1|1	0|0	1|0	0|0	1|1	1|0	0|1	1|1	0|0	1|0	1|1	1|1	0|1	1|0	0|0	1|0	0|0	1|1	1|0	0|0	0|0	1|1	0|1	1|0	0|1	0|1	1|0	1|0	1|1	1|1	0|1	1|0	0|0	0|0	1|0	1|1	0|0	1|0	0|0	1|0	1|0	0|0	1|1	0|0	0|1	0|0	0|1	0|1	0|0	1|1	1|1	0|0	0|0	1|1	1|1	1|1	1|0	1|0	0|0	0|1	0|1	0|1	1|1	1|0	1|1	1|1	0|0	0|1	0|0	1|1	1|1	1|1	0|1	0|1	1|0	1|0	0|0	1|1	0|1	0|0	0|0	1|1	0|1	1|1	0|0	0|0	1|0	1|1	0|0	1|0	1|1	0|0	1|0	0|1	0|1	1|0	1|0	1|0	0|0	1|1	1|0	0|1	0|1	1|0	1|1	0|1	1|0	0|0	0|1	0|1	1|0	1|1	0|0	0|1	0|0	0|1	0|1	0|1	1|1	0|1	1|1	1|1	0|0	1|0	0|0	0|1	0|0	1|1	1|0	0|0	0|0	0|1	1|1	0|0	0|1	1|0	1|0	1|1	1|1	1|1	1|0	0|0	0|1	1|0	0|0	1|1	0|0	0|0	0|1	1|0	1|0	0|1	1|0	1|1	1|1	0|0	0|1	0|0	0|0	0|0	1|1	1|0	0|1	1|0	1|1	1|1	1|0	0|0	0|1	1|0	1|1	0|1	1|1	1|1	1|1	0|0	1|1	1|0	0|1	0|1	0|0	1|1	0|1	0|1	0|0	0|0	1|1	0|1	1|1	1|1	0|0	1|1	1|0	1|0	1|1	1|1	0|0	1|1	0|0	1|1	1|1	0|0	1|0	0|0	1|0	TRUE	5000001	6000000	5000.001
4	5500000.5	7	4:5000001-6000000	Chr_4_5763103	A	C	FALSE	.	.	57	0.3785377358490566	0.6214622641509434	g13703	C|downstream_gene_variant|MODIFIER|g13703|g13703|transcript|g13703.t1|protein_coding||c.*43A>C|||||43|	C|downstream_gene_variant|MODIFIER|g13704|g13704|transcript|g13704.t1|protein_coding||c.*1076T>G|||||1076|,C|intergenic_region|MODIFIER|g13703-g13704|g13703-g13704|intergenic_region|g13703-g13704|||n.5763103A>C||||||	-11.3244	1.00638e-9	1.81146	FlowerDays_2025	NA	GT	1|1	1|1	0|0	1|0	1|1	1|0	0|1	1|1	1|1	0|0	1|1	1|1	1|1	1|1	0|0	1|1	0|0	0|0	1|1	0|0	1|0	1|0	1|1	1|1	1|1	1|0	1|1	0|1	0|1	1|0	0|1	1|1	0|1	1|0	1|0	0|1	0|1	0|0	0|1	1|1	0|1	1|0	0|0	1|0	0|1	0|1	0|1	1|1	1|1	0|1	0|1	1|1	0|0	1|1	1|1	1|1	0|1	1|1	1|1	1|0	1|1	1|0	0|0	1|1	1|1	1|0	0|1	0|0	1|0	1|1	1|0	1|1	1|1	1|1	1|0	1|0	0|1	1|0	0|1	1|1	1|1	1|1	1|1	0|0	1|1	0|0	0|0	1|1	1|1	1|0	1|0	0|1	1|1	1|1	1|1	1|0	0|0	0|0	1|0	1|1	1|1	0|1	0|1	0|1	1|1	1|1	1|1	1|0	1|1	1|1	1|1	0|0	1|0	0|1	1|0	1|1	1|0	0|1	0|1	0|0	0|0	0|1	1|1	0|0	1|1	1|0	0|0	1|1	0|1	1|1	0|0	0|1	0|1	1|1	0|0	1|1	0|1	1|1	0|1	0|1	1|1	1|0	1|1	0|0	1|0	1|1	0|0	0|1	1|1	1|1	1|1	1|1	1|1	1|1	1|1	1|0	1|0	1|0	0|0	1|0	0|1	0|1	1|0	1|1	0|1	1|1	0|1	1|0	1|1	0|1	1|1	1|1	1|1	0|1	1|0	1|1	1|1	1|0	1|1	0|0	0|1	0|1	1|1	1|1	0|0	0|1	0|0	0|0	1|1	1|1	0|0	0|1	1|1	0|0	0|0	1|0	0|0	1|1	1|1	1|1	1|1	1|1	1|0	1|0	0|0	0|1	1|1	0|1	0|1	1|0	1|0	0|1	1|1	1|1	0|0	1|1	1|1	0|1	0|0	1|1	1|0	1|0	1|0	1|1	1|0	0|1	1|1	0|0	1|0	1|1	1|1	1|1	1|0	0|0	1|0	0|0	1|1	1|0	0|1	0|0	1|1	0|1	1|0	0|1	0|1	1|0	1|0	1|1	1|1	0|1	1|0	0|0	0|1	1|0	1|1	0|1	1|0	0|0	1|0	1|0	1|1	1|1	1|0	0|1	0|0	0|1	0|1	0|0	1|1	1|1	0|0	0|0	1|1	1|1	1|1	1|0	1|0	0|0	0|1	1|1	0|1	1|1	1|1	1|1	1|1	0|0	0|1	0|1	1|1	1|1	1|1	0|1	0|1	1|1	1|0	0|0	1|1	0|1	0|0	0|0	1|1	0|1	1|1	1|1	1|0	1|0	1|1	1|1	1|0	1|1	0|0	1|0	0|1	0|1	1|0	1|1	1|1	1|0	1|1	1|0	0|1	0|1	1|0	1|1	0|1	1|0	1|0	0|1	0|1	1|1	1|1	0|0	0|1	0|0	1|1	0|1	0|1	1|1	0|1	1|1	1|1	0|0	1|0	0|0	0|1	0|0	1|1	1|0	0|0	0|0	0|1	1|1	1|0	1|1	1|1	1|0	1|1	1|1	1|1	1|1	0|0	0|1	1|0	0|0	1|1	0|0	1|0	0|1	1|0	1|0	0|1	1|0	1|1	1|1	1|0	0|1	1|0	1|0	0|1	1|1	1|0	0|1	1|0	1|1	1|1	1|1	0|1	0|1	1|0	1|1	0|1	1|1	1|1	1|1	0|0	1|1	1|0	0|1	0|1	1|1	1|1	0|1	0|1	0|0	0|0	1|1	1|1	1|1	1|1	0|1	1|1	1|1	1|1	1|1	1|1	1|0	1|1	0|0	1|1	1|1	1|0	1|0	0|0	1|1	TRUE	5000001	6000000	5000.001
4	5500000.5	7	4:5000001-6000000	Chr_4_5763257	C	T	FALSE	.	.	57	0.472877358490566	0.527122641509434	g13703	T|downstream_gene_variant|MODIFIER|g13703|g13703|transcript|g13703.t1|protein_coding||c.*197C>T|||||197|	T|downstream_gene_variant|MODIFIER|g13704|g13704|transcript|g13704.t1|protein_coding||c.*922G>A|||||922|,T|intergenic_region|MODIFIER|g13703-g13704|g13703-g13704|intergenic_region|g13703-g13704|||n.5763257C>T||||||	-11.4298	1.4286e-10	1.73749	FlowerDays_2025	NA	GT	1|1	1|1	1|0	1|0	1|1	1|0	0|1	1|1	0|0	0|0	1|1	0|1	1|1	1|1	0|0	0|1	0|0	0|0	0|1	0|0	1|0	1|0	1|1	1|1	1|1	1|0	1|1	0|1	1|1	1|0	0|1	1|1	0|1	1|0	0|0	0|1	0|1	0|0	0|1	1|1	0|1	1|0	0|0	1|0	0|1	0|1	0|0	1|1	1|1	0|0	0|1	1|1	0|0	1|1	1|1	1|1	0|1	1|1	0|0	0|0	1|0	1|0	0|0	1|1	0|0	1|0	0|1	0|0	1|0	1|1	1|0	1|0	1|1	1|1	1|0	0|0	0|1	1|0	0|1	0|0	0|0	1|1	1|1	0|0	1|1	0|0	0|0	1|1	1|1	1|0	1|0	0|1	1|1	1|1	1|1	1|0	0|0	0|0	1|0	1|1	1|1	0|1	0|1	0|1	1|1	1|1	1|1	1|0	1|1	1|1	1|1	0|1	0|0	0|1	1|0	1|1	1|0	0|0	0|1	0|0	1|0	0|1	0|1	0|0	1|1	1|0	0|0	1|1	0|1	1|1	0|0	0|1	0|1	1|1	0|0	1|1	0|1	1|1	0|0	0|0	1|1	1|0	1|0	0|0	0|0	1|1	0|0	0|1	1|1	1|1	0|1	0|1	1|1	1|1	1|1	1|0	0|0	0|0	0|0	1|0	0|1	0|1	1|0	1|1	0|1	1|1	0|0	1|0	1|1	0|1	1|1	1|1	1|1	0|1	1|0	1|1	1|1	1|0	1|1	0|0	0|1	0|1	1|1	1|0	0|0	0|1	0|0	0|0	1|1	1|1	0|0	0|1	1|1	0|0	0|0	1|0	0|0	1|1	1|1	1|1	1|1	1|0	0|0	1|0	0|0	0|0	1|1	0|1	0|1	1|0	0|0	0|1	1|0	1|0	0|0	0|1	1|1	0|0	0|0	1|1	0|0	1|0	0|0	1|1	1|0	0|1	1|1	0|0	1|0	1|1	1|1	0|1	1|0	0|0	1|0	0|0	1|1	1|0	0|0	0|0	1|1	0|1	1|0	0|1	0|1	1|0	1|0	1|1	1|1	0|1	1|0	0|0	0|0	1|0	1|1	0|0	1|0	0|0	1|0	1|0	0|0	1|1	0|0	1|1	0|0	0|1	0|1	0|0	1|1	1|1	0|0	0|0	1|1	1|1	1|1	1|0	1|0	0|0	0|1	0|1	0|1	1|1	1|0	1|1	1|1	0|0	0|1	0|0	1|1	1|1	1|1	0|1	0|1	1|0	1|0	0|0	1|1	0|1	0|0	0|0	1|1	0|1	1|1	0|0	0|0	1|0	1|1	0|0	1|0	1|1	0|0	1|0	0|1	0|1	1|0	1|0	1|0	0|0	1|1	1|0	0|1	0|1	1|0	1|1	0|1	1|0	0|0	0|1	0|1	1|0	1|1	0|0	0|1	0|0	0|1	0|1	0|1	1|1	0|1	1|1	1|1	0|0	1|0	0|0	0|1	0|0	1|1	1|0	0|0	0|0	0|1	1|1	0|0	0|1	1|0	1|0	1|1	1|1	1|1	1|0	0|0	0|1	1|0	0|0	1|1	0|0	0|0	0|1	1|0	1|0	0|1	1|0	1|1	1|1	0|0	0|1	0|0	0|0	0|1	1|1	1|0	0|1	1|0	1|1	1|1	1|0	0|0	0|1	1|0	1|1	0|1	0|1	1|1	1|1	0|0	1|1	1|0	0|1	0|1	0|0	1|1	0|1	0|1	0|0	0|0	1|1	0|1	1|1	1|1	0|0	1|1	1|0	1|0	1|1	1|1	0|0	1|1	0|0	1|1	1|1	0|0	1|0	0|0	1|0	TRUE	5000001	6000000	5000.001
4	5500000.5	7	4:5000001-6000000	Chr_4_5763485	C	T	FALSE	.	.	57	0.3785377358490566	0.6214622641509434	g13703	T|downstream_gene_variant|MODIFIER|g13703|g13703|transcript|g13703.t1|protein_coding||c.*425C>T|||||425|	T|downstream_gene_variant|MODIFIER|g13704|g13704|transcript|g13704.t1|protein_coding||c.*694G>A|||||694|,T|intergenic_region|MODIFIER|g13703-g13704|g13703-g13704|intergenic_region|g13703-g13704|||n.5763485C>T||||||	-11.3953	5.6789e-10	1.79492	FlowerDays_2025	NA	GT	1|1	1|1	1|0	1|0	1|1	1|0	0|1	1|1	1|1	0|0	1|1	1|1	1|1	1|1	0|0	1|1	0|0	0|0	1|1	0|0	1|0	1|0	1|1	1|1	1|1	1|0	1|1	0|1	0|1	1|0	0|1	1|1	0|1	0|0	1|0	0|1	0|1	0|0	0|1	1|1	0|1	1|0	0|0	1|0	0|1	0|1	0|1	1|1	1|1	0|1	0|1	1|1	0|0	1|1	1|1	1|1	0|1	1|1	1|1	1|0	1|1	1|0	0|0	1|1	1|1	1|0	1|1	0|0	1|0	1|1	1|0	1|1	1|1	1|1	1|0	1|0	0|1	1|0	0|1	1|1	1|1	1|1	1|1	0|0	1|1	0|0	0|0	1|1	1|1	1|0	1|0	0|1	1|1	1|1	1|1	1|0	0|0	0|0	1|0	1|1	0|1	0|0	0|1	0|1	1|1	1|1	1|1	1|0	1|1	1|1	1|1	0|1	1|0	0|1	1|0	1|1	1|0	0|1	0|1	0|0	1|0	0|1	1|1	0|0	1|1	1|0	0|0	1|1	0|1	1|1	0|0	0|1	0|1	1|1	0|0	1|1	1|1	1|1	0|1	0|1	1|1	1|1	1|1	0|0	1|0	1|1	0|0	0|1	1|1	1|1	1|1	1|1	1|1	1|1	1|1	1|0	1|0	1|0	0|0	1|0	0|1	0|1	1|0	1|1	0|1	1|1	0|1	1|0	1|1	0|1	1|1	1|1	1|1	0|1	1|0	1|0	1|1	1|0	1|1	0|0	0|1	0|1	1|1	1|1	0|0	0|1	0|0	0|0	1|1	1|1	0|0	1|1	1|1	0|0	0|0	1|0	0|0	1|1	1|1	1|1	1|1	1|1	1|0	1|0	0|0	0|1	1|1	0|1	0|1	1|0	1|0	0|1	1|1	1|0	0|0	1|1	1|1	0|1	0|0	1|1	1|0	1|0	1|0	1|1	1|0	0|1	1|1	0|0	1|0	1|1	1|1	1|1	1|0	0|0	1|0	0|0	1|1	1|0	0|1	0|0	1|1	0|1	1|0	0|1	0|1	1|0	1|0	1|1	1|1	0|1	1|0	0|0	0|1	1|0	1|1	0|1	1|0	0|0	1|0	1|0	1|1	1|1	1|0	0|1	0|0	0|1	0|1	0|0	1|1	1|1	0|0	0|0	1|1	1|1	1|1	1|0	1|0	0|0	0|1	1|1	0|1	1|1	1|1	1|1	1|1	0|0	0|1	0|1	1|1	1|1	1|1	0|1	0|1	1|1	1|0	0|0	1|1	0|1	0|0	0|0	1|1	0|1	1|1	1|1	1|0	1|0	1|1	1|1	1|0	1|1	0|0	1|0	0|1	0|1	1|0	1|1	1|1	1|0	1|1	1|0	0|1	0|1	1|0	1|1	0|1	1|0	1|0	0|1	0|1	1|1	1|1	0|0	0|0	0|0	1|1	0|1	0|1	1|1	0|1	1|1	1|1	0|0	1|0	0|0	0|1	0|0	1|1	1|0	0|0	0|0	0|1	1|1	1|0	1|1	1|1	1|0	1|1	1|1	1|1	1|1	0|0	0|0	1|0	0|0	1|1	0|0	1|0	0|1	1|0	1|0	0|1	1|0	1|1	1|1	1|0	0|1	1|0	1|0	0|1	1|1	1|0	0|1	1|0	1|1	1|1	1|1	0|1	0|1	1|0	1|1	0|1	1|1	1|1	1|1	0|0	1|1	1|0	0|1	0|1	1|1	1|1	0|1	0|1	0|0	0|0	1|1	1|1	1|1	1|1	0|1	1|1	1|1	1|1	1|1	1|1	1|0	1|1	0|0	1|1	1|1	1|0	1|0	0|0	1|1	TRUE	5000001	6000000	5000.001
4	5500000.5	7	4:5000001-6000000	Chr_4_5763545	GA	G	FALSE	.	.	57	0.40094339622641506	0.5990566037735849	g13703	G|downstream_gene_variant|MODIFIER|g13703|g13703|transcript|g13703.t1|protein_coding||c.*486delA|||||486|	G|downstream_gene_variant|MODIFIER|g13704|g13704|transcript|g13704.t1|protein_coding||c.*633delT|||||633|,G|intergenic_region|MODIFIER|g13703-g13704|g13703-g13704|intergenic_region|g13703-g13704|||n.5763546delA||||||	-11.2507	4.93642e-10	1.76558	FlowerDays_2025	NA	GT	1|1	1|1	1|0	1|0	1|1	1|0	0|1	1|1	1|1	0|0	1|1	1|0	1|1	1|1	0|0	1|1	0|0	0|0	1|1	0|0	1|0	1|0	1|1	1|1	1|1	1|0	1|1	0|1	0|1	1|0	0|1	1|1	0|1	1|0	1|0	0|1	0|1	0|0	0|1	0|1	0|1	1|0	0|0	1|0	0|1	0|1	0|1	1|1	1|1	0|1	0|1	1|1	0|0	1|1	1|1	1|1	0|1	1|1	1|1	1|0	1|1	1|0	0|0	1|1	1|1	1|0	0|1	0|0	1|0	1|1	1|0	1|1	1|1	1|1	1|0	1|0	0|1	1|0	0|1	1|1	1|1	1|1	1|1	0|0	1|1	0|0	0|0	1|1	1|1	1|0	0|0	0|1	1|1	1|1	1|1	1|0	0|0	0|0	1|0	1|1	0|1	0|0	0|1	0|1	1|1	1|0	1|1	1|0	1|1	1|1	1|1	0|0	1|0	0|1	1|0	1|1	1|0	0|1	0|1	0|0	1|0	0|1	1|1	0|0	1|1	1|0	0|0	1|1	0|1	1|1	0|0	0|1	0|1	1|1	0|0	1|1	0|1	1|1	0|1	0|1	1|1	1|0	1|1	0|0	1|0	1|1	0|0	0|0	1|1	1|1	1|1	1|1	1|1	1|1	1|1	1|0	1|0	1|0	0|0	1|0	0|1	0|1	0|0	1|1	0|0	1|1	0|1	1|0	1|1	0|1	1|0	1|1	1|1	0|1	1|0	1|0	1|1	1|0	1|1	0|0	0|1	0|1	1|1	1|1	0|0	0|1	0|0	0|0	1|1	1|1	0|0	0|1	1|1	0|0	0|0	1|0	0|0	1|1	1|1	1|1	1|1	1|1	0|0	1|0	0|0	0|1	1|1	0|1	0|1	1|0	1|0	0|1	0|1	1|0	0|0	1|1	1|1	0|1	0|0	1|1	1|0	1|0	0|0	1|1	1|0	0|1	1|1	0|0	1|0	1|1	1|1	1|1	1|0	0|0	1|0	0|0	1|1	1|0	0|1	0|0	1|1	0|1	1|0	0|1	0|1	0|0	0|0	1|1	1|1	0|1	1|0	0|0	0|1	1|0	1|1	0|1	1|0	0|0	1|0	1|0	1|1	1|1	1|0	1|1	0|0	0|1	0|1	0|0	0|1	1|1	0|0	0|0	1|1	1|1	1|1	1|0	1|0	0|0	0|1	1|1	0|1	1|1	1|1	1|1	1|1	0|0	0|1	0|1	1|1	1|1	1|1	0|1	0|1	1|1	1|0	0|0	1|1	0|1	0|0	0|0	1|1	0|1	1|1	1|1	1|0	1|0	1|1	1|1	1|0	1|1	0|0	1|0	0|1	0|1	1|0	1|1	1|1	1|0	1|1	1|0	0|1	0|1	1|0	1|1	0|0	1|0	1|0	0|1	0|1	1|1	1|1	0|0	0|1	0|0	1|1	0|1	0|1	1|1	0|1	1|1	1|1	0|0	1|0	0|0	0|1	0|0	1|1	1|0	0|0	0|0	0|1	1|1	1|0	1|1	1|1	1|0	1|1	1|1	1|1	1|1	0|0	0|1	1|0	0|0	1|1	0|0	1|0	0|1	1|0	1|0	0|1	1|0	1|1	1|1	1|0	0|1	1|0	1|0	0|1	1|1	1|0	0|1	1|0	1|1	1|1	1|1	0|1	0|1	1|0	1|1	0|1	1|1	1|1	1|1	0|0	1|1	1|0	0|1	0|1	1|1	1|1	0|1	0|1	0|0	0|0	1|1	1|1	1|1	1|1	0|0	0|1	1|1	1|1	1|1	1|1	1|0	1|1	0|0	1|1	1|1	0|0	1|0	0|0	1|1	TRUE	5000001	6000000	5000.001
4	5500000.5	7	4:5000001-6000000	Chr_4_5764837	T	C	FALSE	.	.	57	0.3832547169811321	0.6167452830188679	g13703	C|downstream_gene_variant|MODIFIER|g13703|g13703|transcript|g13703.t1|protein_coding||c.*1777T>C|||||1777|	C|intron_variant|MODIFIER|g13704|g13704|transcript|g13704.t1|protein_coding|4/5|c.303-16A>G||||||	-11.7487	1.97645e-10	1.80061	FlowerDays_2025	NA	GT	1|1	1|1	1|0	1|0	1|1	1|0	0|1	1|1	1|1	0|0	1|1	1|1	1|1	1|1	0|0	1|1	0|0	0|0	1|1	0|0	1|0	1|0	1|1	1|1	1|1	1|0	1|1	0|1	0|1	1|0	0|1	1|1	0|1	1|0	1|0	0|1	0|1	0|0	0|1	1|1	0|1	1|0	0|0	1|0	0|1	0|1	0|1	1|1	1|1	0|1	0|1	1|1	0|0	1|1	1|1	1|1	0|1	1|1	1|1	1|0	1|1	1|0	0|0	1|1	1|1	1|0	0|1	0|0	1|0	1|1	1|0	1|1	1|1	1|1	1|0	1|0	0|1	1|0	0|1	1|1	1|1	1|1	1|1	0|0	1|1	0|0	0|0	1|1	1|1	1|0	1|0	0|1	1|1	1|1	1|1	1|0	0|0	0|0	1|0	1|1	0|1	0|0	0|1	0|1	1|1	1|1	1|1	1|0	1|1	1|1	1|1	0|1	1|0	0|1	1|0	1|1	1|0	0|1	0|1	0|0	1|0	0|1	1|1	0|0	1|1	1|0	0|0	1|1	0|1	1|1	0|0	0|1	0|1	1|1	0|0	1|1	0|1	1|1	0|1	0|1	1|1	1|0	1|1	0|0	1|0	1|1	0|0	0|1	1|1	1|1	1|1	1|1	1|1	1|1	1|1	1|0	1|0	1|0	0|0	1|0	0|1	0|1	1|0	1|1	1|0	1|1	0|1	1|0	1|1	0|1	1|1	1|1	1|1	0|1	1|0	1|0	1|1	1|0	1|1	0|0	0|1	0|1	1|1	1|1	0|0	0|1	0|0	0|0	1|1	1|1	0|0	0|1	1|1	0|0	0|0	1|0	0|0	1|1	1|1	1|1	1|1	1|1	1|0	1|0	0|0	0|1	1|1	0|1	0|1	1|0	1|0	0|1	1|1	1|0	0|0	1|1	1|1	0|1	0|0	1|1	1|0	1|0	1|0	1|1	1|0	0|1	1|1	0|0	1|0	1|1	1|1	1|1	1|0	0|0	1|0	0|0	1|1	1|0	0|1	0|0	1|1	0|1	1|0	0|1	0|1	1|0	1|0	1|1	1|1	0|1	1|0	0|0	0|1	1|0	1|1	0|1	1|0	0|0	1|0	1|0	1|1	1|1	1|0	0|1	0|0	0|1	0|1	0|0	1|1	1|1	0|0	0|0	1|1	1|1	1|1	1|0	0|0	0|0	0|1	1|1	0|1	1|1	1|1	1|1	1|1	0|0	0|1	0|1	1|1	1|1	1|1	0|1	0|1	1|1	1|0	0|0	1|1	0|0	0|0	0|0	1|1	0|1	1|1	1|1	1|0	1|0	1|1	1|1	1|0	1|1	0|0	1|0	0|1	0|1	1|0	1|1	1|1	1|0	1|1	1|0	0|1	0|1	1|0	1|1	0|1	1|0	1|0	0|1	0|1	1|1	1|1	0|0	0|1	0|0	1|1	0|1	0|1	1|1	0|1	1|1	1|1	0|0	1|0	0|0	0|1	0|0	1|1	1|0	0|0	0|0	0|1	1|1	1|0	1|1	1|1	1|0	1|1	1|1	1|1	1|1	0|0	0|1	1|0	0|0	1|1	0|0	1|0	0|1	1|0	1|0	0|1	1|0	1|1	1|1	1|0	0|1	1|0	1|0	0|1	1|1	1|0	0|1	1|0	1|1	1|1	1|1	0|1	0|1	1|0	1|1	0|1	1|1	1|1	1|1	0|0	1|1	1|0	0|1	0|1	1|1	1|1	0|1	0|1	0|0	0|0	1|1	1|1	1|1	1|1	0|1	1|1	1|1	1|1	1|1	1|1	1|0	1|1	0|0	1|1	1|1	1|0	0|0	0|0	1|1	TRUE	5000001	6000000	5000.001
4	5500000.5	7	4:5000001-6000000	Chr_4_5764846	G	C	FALSE	.	.	57	0.3832547169811321	0.6167452830188679	g13703	C|downstream_gene_variant|MODIFIER|g13703|g13703|transcript|g13703.t1|protein_coding||c.*1786G>C|||||1786|	C|intron_variant|MODIFIER|g13704|g13704|transcript|g13704.t1|protein_coding|4/5|c.303-25C>G||||||	-11.7487	1.97645e-10	1.80061	FlowerDays_2025	NA	GT	1|1	1|1	1|0	1|0	1|1	1|0	0|1	1|1	1|1	0|0	1|1	1|1	1|1	1|1	0|0	1|1	0|0	0|0	1|1	0|0	1|0	1|0	1|1	1|1	1|1	1|0	1|1	0|1	0|1	1|0	0|1	1|1	0|1	1|0	1|0	0|1	0|1	0|0	0|1	1|1	0|1	1|0	0|0	1|0	0|1	0|1	0|1	1|1	1|1	0|1	0|1	1|1	0|0	1|1	1|1	1|1	0|1	1|1	1|1	1|0	1|1	1|0	0|0	1|1	1|1	1|0	0|1	0|0	1|0	1|1	1|0	1|1	1|1	1|1	1|0	1|0	0|1	1|0	0|1	1|1	1|1	1|1	1|1	0|0	1|1	0|0	0|0	1|1	1|1	1|0	1|0	0|1	1|1	1|1	1|1	1|0	0|0	0|0	1|0	1|1	0|1	0|0	0|1	0|1	1|1	1|1	1|1	1|0	1|1	1|1	1|1	0|1	1|0	0|1	1|0	1|1	1|0	0|1	0|1	0|0	1|0	0|1	1|1	0|0	1|1	1|0	0|0	1|1	0|1	1|1	0|0	0|1	0|1	1|1	0|0	1|1	0|1	1|1	0|1	0|1	1|1	1|0	1|1	0|0	1|0	1|1	0|0	0|1	1|1	1|1	1|1	1|1	1|1	1|1	1|1	1|0	1|0	1|0	0|0	1|0	0|1	0|1	1|0	1|1	1|0	1|1	0|1	1|0	1|1	0|1	1|1	1|1	1|1	0|1	1|0	1|0	1|1	1|0	1|1	0|0	0|1	0|1	1|1	1|1	0|0	0|1	0|0	0|0	1|1	1|1	0|0	0|1	1|1	0|0	0|0	1|0	0|0	1|1	1|1	1|1	1|1	1|1	1|0	1|0	0|0	0|1	1|1	0|1	0|1	1|0	1|0	0|1	1|1	1|0	0|0	1|1	1|1	0|1	0|0	1|1	1|0	1|0	1|0	1|1	1|0	0|1	1|1	0|0	1|0	1|1	1|1	1|1	1|0	0|0	1|0	0|0	1|1	1|0	0|1	0|0	1|1	0|1	1|0	0|1	0|1	1|0	1|0	1|1	1|1	0|1	1|0	0|0	0|1	1|0	1|1	0|1	1|0	0|0	1|0	1|0	1|1	1|1	1|0	0|1	0|0	0|1	0|1	0|0	1|1	1|1	0|0	0|0	1|1	1|1	1|1	1|0	0|0	0|0	0|1	1|1	0|1	1|1	1|1	1|1	1|1	0|0	0|1	0|1	1|1	1|1	1|1	0|1	0|1	1|1	1|0	0|0	1|1	0|0	0|0	0|0	1|1	0|1	1|1	1|1	1|0	1|0	1|1	1|1	1|0	1|1	0|0	1|0	0|1	0|1	1|0	1|1	1|1	1|0	1|1	1|0	0|1	0|1	1|0	1|1	0|1	1|0	1|0	0|1	0|1	1|1	1|1	0|0	0|1	0|0	1|1	0|1	0|1	1|1	0|1	1|1	1|1	0|0	1|0	0|0	0|1	0|0	1|1	1|0	0|0	0|0	0|1	1|1	1|0	1|1	1|1	1|0	1|1	1|1	1|1	1|1	0|0	0|1	1|0	0|0	1|1	0|0	1|0	0|1	1|0	1|0	0|1	1|0	1|1	1|1	1|0	0|1	1|0	1|0	0|1	1|1	1|0	0|1	1|0	1|1	1|1	1|1	0|1	0|1	1|0	1|1	0|1	1|1	1|1	1|1	0|0	1|1	1|0	0|1	0|1	1|1	1|1	0|1	0|1	0|0	0|0	1|1	1|1	1|1	1|1	0|1	1|1	1|1	1|1	1|1	1|1	1|0	1|1	0|0	1|1	1|1	1|0	0|0	0|0	1|1	TRUE	5000001	6000000	5000.001
4	5500000.5	7	4:5000001-6000000	Chr_4_5765037	C	T	FALSE	.	.	57	0.3832547169811321	0.6167452830188679	g13703	T|downstream_gene_variant|MODIFIER|g13703|g13703|transcript|g13703.t1|protein_coding||c.*1977C>T|||||1977|	T|intron_variant|MODIFIER|g13704|g13704|transcript|g13704.t1|protein_coding|4/5|c.303-216G>A||||||	-11.6432	2.18052e-10	1.7889	FlowerDays_2025	NA	GT	1|1	1|1	1|0	1|0	1|1	1|0	0|1	1|1	1|1	0|0	1|1	1|1	1|1	1|1	0|0	1|1	0|0	0|0	1|1	0|0	1|0	1|0	1|1	1|1	1|1	1|0	1|1	0|1	0|1	1|0	0|1	1|1	0|1	1|0	1|0	0|1	0|1	0|0	0|1	1|1	0|1	1|0	0|0	1|0	0|1	0|1	0|1	1|1	1|1	0|1	0|1	1|1	0|0	1|1	1|1	1|1	0|1	1|1	1|1	1|0	1|1	1|0	0|0	1|1	1|1	1|0	0|1	0|0	1|0	1|1	1|0	1|1	1|1	1|1	1|0	1|0	0|1	1|0	0|1	1|1	1|1	1|1	1|1	0|0	1|1	0|0	0|0	1|1	1|1	1|0	1|0	0|1	1|1	1|1	1|1	1|0	0|0	0|0	1|0	1|1	0|1	0|0	0|1	0|1	1|1	1|1	1|1	1|0	1|1	1|1	1|1	0|1	1|0	0|1	1|0	1|1	1|0	0|1	0|1	0|0	1|0	0|1	1|1	0|0	1|1	1|0	0|0	1|1	0|1	1|1	0|0	0|1	0|1	1|1	0|0	1|1	0|1	1|1	0|1	0|1	1|1	1|0	1|1	0|0	1|0	1|1	0|0	0|1	1|1	1|1	1|1	1|1	1|1	1|1	1|1	1|0	1|0	1|0	0|0	1|0	0|1	0|1	1|0	1|1	1|0	1|1	0|1	1|0	1|1	0|1	1|1	1|1	1|1	0|1	1|0	1|0	1|1	1|0	1|1	0|0	0|1	0|1	1|1	1|1	0|0	0|1	0|0	0|0	1|1	1|1	0|0	0|1	1|1	0|0	0|0	1|0	0|0	1|1	1|1	1|1	1|1	1|1	1|0	1|0	0|0	0|1	1|1	1|1	0|1	1|0	1|0	0|1	1|1	1|0	0|0	1|1	1|1	0|1	0|0	1|1	1|0	1|0	1|0	1|1	1|0	0|1	1|1	0|0	1|0	1|1	1|1	1|1	1|0	0|0	1|0	0|0	1|1	1|0	0|0	0|0	1|1	0|1	1|0	0|1	0|1	1|0	1|0	1|1	1|1	0|1	1|0	0|0	0|1	1|0	1|1	0|1	1|0	0|0	1|0	1|0	1|1	1|1	1|0	0|1	0|0	0|1	0|1	0|0	1|1	1|1	0|0	0|0	1|1	1|1	1|1	1|0	0|0	0|0	0|1	1|1	0|1	1|1	1|1	1|1	1|1	0|0	0|1	0|1	1|1	1|1	1|1	0|1	0|1	1|1	1|0	0|0	1|1	0|0	0|0	0|0	1|1	0|1	1|1	1|1	1|0	1|0	1|1	1|1	1|0	1|1	0|0	1|0	0|1	0|1	1|0	1|1	1|1	1|0	1|1	1|0	0|1	0|1	1|0	1|1	0|1	1|0	1|0	0|1	0|1	1|1	1|1	0|0	0|1	0|0	1|1	0|1	0|1	1|1	0|1	1|1	1|1	0|0	1|0	0|0	0|1	0|0	1|1	1|0	0|0	0|0	0|1	1|1	1|0	1|1	1|1	1|0	1|1	1|1	1|1	1|1	0|0	0|1	1|0	0|0	1|1	0|0	1|0	0|1	1|0	1|0	0|1	1|0	1|1	1|1	1|0	0|1	1|0	1|0	0|1	1|1	1|0	0|1	1|0	1|1	1|1	1|1	0|1	0|1	1|0	1|1	1|1	1|1	1|1	1|1	0|0	1|1	1|0	0|0	0|1	1|1	1|1	0|1	0|1	0|0	0|0	1|1	1|1	1|1	1|1	0|1	1|1	1|1	1|1	1|1	1|1	1|0	1|1	0|0	1|1	1|1	1|0	0|0	0|0	1|1	TRUE	5000001	6000000	5000.001
4	5500000.5	7	4:5000001-6000000	Chr_4_5765385	A	G	FALSE	.	.	57	0.3867924528301887	0.6132075471698113	g13703	G|downstream_gene_variant|MODIFIER|g13703|g13703|transcript|g13703.t1|protein_coding||c.*2325A>G|||||2325|	G|intron_variant|MODIFIER|g13704|g13704|transcript|g13704.t1|protein_coding|3/5|c.205-16T>C||||||	-11.8902	8.28516e-11	1.78336	FlowerDays_2025	NA	GT	1|1	1|1	1|0	1|0	1|1	1|0	0|1	1|1	1|1	0|0	1|1	1|1	1|1	1|1	0|0	1|1	0|0	0|0	1|1	0|0	1|0	1|0	1|1	1|1	1|1	1|0	1|1	0|1	0|1	1|0	0|1	1|1	0|1	1|0	1|0	0|1	0|1	0|0	0|1	1|1	0|1	1|0	0|0	1|0	0|1	0|0	0|1	1|1	1|1	0|1	0|1	1|1	0|0	1|1	1|1	1|1	0|1	1|1	1|1	1|0	1|1	1|0	0|0	1|1	1|1	1|0	0|1	0|0	1|0	1|1	1|0	1|1	1|1	1|1	1|0	1|0	0|1	1|0	0|1	1|1	1|1	1|1	1|1	0|0	1|1	0|0	0|0	1|1	1|1	1|0	1|0	0|1	1|1	1|1	1|1	1|0	0|0	0|0	1|0	1|1	0|1	0|0	0|1	0|1	1|1	1|1	1|1	1|0	1|1	1|1	1|1	0|1	1|0	0|1	1|0	1|1	1|0	0|1	0|1	0|0	1|0	0|1	1|1	0|0	1|1	1|0	0|0	1|1	0|1	1|1	0|0	0|1	0|1	1|1	0|0	1|1	0|1	1|1	0|1	0|1	1|1	1|0	1|1	0|0	1|0	1|1	0|0	0|1	1|1	1|1	1|1	1|1	1|1	1|1	1|1	1|0	1|0	1|0	0|0	1|0	0|1	0|1	1|0	1|1	1|0	1|1	0|1	1|0	1|1	0|1	1|1	1|1	1|1	0|1	1|0	1|0	1|1	1|0	1|1	0|0	0|1	0|1	1|1	1|1	0|0	0|1	0|0	0|0	1|1	1|1	0|0	0|1	1|1	0|0	0|0	1|0	0|0	1|1	1|1	1|1	1|1	1|1	1|0	1|0	0|0	0|1	1|1	0|1	0|1	1|0	1|0	0|1	1|1	1|0	0|0	1|1	1|1	0|1	0|0	1|1	1|0	1|0	1|0	1|1	1|0	0|1	1|1	0|0	1|0	1|1	1|1	1|1	1|0	0|0	1|0	0|0	1|1	1|0	0|1	0|0	1|1	0|1	1|0	0|1	0|1	1|0	1|0	1|1	1|1	0|1	1|0	0|0	0|1	1|0	1|1	0|1	1|0	0|0	1|0	1|0	1|1	1|1	1|0	0|1	0|0	0|1	0|1	0|0	1|1	1|1	0|0	0|0	1|1	1|1	1|1	1|0	0|0	0|0	0|1	1|1	0|1	1|1	1|1	1|1	1|1	0|0	0|1	0|1	1|1	1|1	1|1	0|1	0|1	1|1	1|0	0|0	1|1	0|0	0|0	0|0	1|1	0|1	1|1	1|1	1|0	1|0	1|1	1|1	1|0	1|1	0|0	1|0	0|1	0|1	1|0	1|1	1|1	1|0	1|1	1|0	0|1	0|1	1|0	1|1	0|1	1|0	1|0	0|1	0|1	1|1	1|1	0|0	0|1	0|0	1|1	0|1	0|1	1|1	0|1	1|1	1|1	0|0	1|0	0|0	0|1	0|0	1|1	1|0	0|0	0|0	0|1	1|1	1|0	1|1	1|1	1|0	1|1	1|1	1|1	1|1	0|0	0|1	1|0	0|0	1|1	0|0	1|0	0|1	1|0	1|0	0|1	1|0	1|1	1|1	1|0	0|1	1|0	1|0	0|1	1|1	1|0	0|1	1|0	1|1	1|1	1|1	0|1	0|1	1|0	1|1	0|1	1|1	1|0	1|1	0|0	1|1	1|0	0|1	0|1	1|1	1|1	0|1	0|1	0|0	0|0	1|1	1|1	1|1	1|1	0|1	1|1	1|1	1|1	1|1	1|1	0|0	1|1	0|0	1|1	1|1	1|0	0|0	0|0	1|1	TRUE	5000001	6000000	5000.001
4	5500000.5	7	4:5000001-6000000	Chr_4_5772180	C	G	FALSE	.	.	57	0.7665094339622641	0.23349056603773585	g13705	G|upstream_gene_variant|MODIFIER|g13705|g13705|transcript|g13705.t1|protein_coding||c.-1108G>C|||||1108|	G|downstream_gene_variant|MODIFIER|g13706|g13706|transcript|g13706.t1|protein_coding||c.*803G>C|||||803|,G|intergenic_region|MODIFIER|g13705-g13706|g13705-g13706|intergenic_region|g13705-g13706|||n.5772180C>G||||||	-11.3207	3.57494e-8	2.01579	FlowerDays_2025	NA	GT	0|0	0|0	0|1	0|0	0|0	0|0	0|1	0|0	0|0	1|1	0|0	0|0	0|0	0|0	1|1	0|0	1|0	0|0	0|0	1|1	0|1	0|0	0|0	0|0	0|0	0|0	0|0	0|0	0|0	0|0	0|0	0|0	1|0	0|0	0|0	0|0	0|0	0|0	1|0	0|0	1|0	0|1	1|1	0|0	1|0	0|0	1|0	0|0	0|0	1|0	1|1	0|0	0|1	0|0	0|0	0|0	0|0	0|0	0|0	0|1	0|0	0|0	1|0	0|0	0|0	0|1	1|0	1|1	0|1	0|0	0|1	0|0	0|0	0|0	0|1	0|1	0|0	0|1	0|0	0|0	0|0	0|0	0|0	0|1	0|0	1|0	0|1	0|0	0|0	0|1	0|0	1|0	0|0	0|0	0|0	0|0	1|1	1|0	0|1	0|0	1|0	1|1	0|0	1|0	0|0	0|0	0|0	0|0	0|0	0|0	0|0	1|0	0|1	1|0	0|1	0|0	0|1	1|0	0|0	1|1	0|1	1|0	0|0	1|1	0|0	0|1	0|1	0|0	1|0	0|0	1|1	1|0	0|0	0|0	1|1	0|0	1|1	0|0	1|0	1|0	0|0	0|0	0|0	0|0	0|1	0|0	0|1	0|0	0|0	0|0	0|0	0|0	0|0	0|0	0|0	0|0	0|1	0|0	0|0	0|1	1|0	1|0	0|0	0|0	0|0	0|0	0|0	0|1	0|0	1|0	0|0	0|0	0|0	1|0	0|1	0|1	0|0	0|1	0|0	0|0	1|0	0|0	0|0	0|0	1|1	0|0	1|1	1|1	0|0	0|0	1|1	0|0	0|0	1|1	1|0	0|1	1|1	0|0	0|0	0|0	0|0	0|0	0|0	0|1	1|1	0|0	0|0	1|0	0|0	0|0	0|0	1|0	0|0	0|1	1|1	0|0	0|0	1|0	1|1	0|0	0|0	0|1	0|0	0|0	1|1	1|0	0|0	0|1	0|0	0|0	0|0	0|0	0|1	1|0	0|0	1|1	0|0	0|1	1|0	1|1	0|0	1|0	0|1	0|0	0|0	0|0	0|1	0|0	0|0	1|0	0|0	0|0	0|0	1|1	0|0	1|0	0|0	0|1	0|1	0|0	0|0	0|0	0|0	0|0	1|1	1|0	0|0	1|0	0|0	0|0	1|1	1|0	0|0	0|0	0|0	0|0	1|1	1|1	1|0	0|0	1|0	0|0	0|0	0|0	0|0	0|1	1|0	0|0	0|0	0|0	0|0	1|0	1|0	0|0	0|1	0|0	0|0	1|0	1|0	1|1	0|0	1|0	0|0	0|0	0|1	0|0	0|0	0|0	0|1	0|0	0|1	0|0	1|0	0|0	0|0	0|0	0|0	0|1	0|0	0|1	0|0	0|0	0|0	0|0	0|0	0|0	0|0	0|0	1|0	0|0	0|0	0|0	1|0	1|0	0|0	0|0	0|0	0|0	1|0	0|0	0|0	1|1	0|0	1|1	1|0	1|1	0|0	0|1	0|0	1|0	1|0	0|0	0|0	0|0	0|0	0|1	0|0	0|0	0|0	0|0	1|1	0|0	0|0	0|1	0|0	1|1	0|0	0|0	0|1	0|1	1|0	0|1	0|0	0|0	0|1	1|0	0|0	0|1	1|0	0|0	0|0	1|0	0|1	0|0	0|0	0|0	0|0	1|0	0|0	0|0	0|0	0|0	0|0	0|0	0|0	0|0	0|0	0|0	1|0	0|0	0|0	0|0	0|0	1|1	1|1	0|0	0|0	0|0	0|0	0|0	0|0	0|0	0|0	0|0	0|0	0|0	0|0	0|0	0|0	0|0	0|0	1|0	1|1	0|0	TRUE	5000001	6000000	5000.001
4	5500000.5	7	4:5000001-6000000	Chr_4_5772184	G	A	FALSE	.	.	57	0.7653301886792453	0.2346698113207547	g13705	A|upstream_gene_variant|MODIFIER|g13705|g13705|transcript|g13705.t1|protein_coding||c.-1112C>T|||||1112|	A|downstream_gene_variant|MODIFIER|g13706|g13706|transcript|g13706.t1|protein_coding||c.*799C>T|||||799|,A|intergenic_region|MODIFIER|g13705-g13706|g13705-g13706|intergenic_region|g13705-g13706|||n.5772184G>A||||||	-11.3346	2.8399e-8	2.00305	FlowerDays_2025	NA	GT	0|0	0|0	0|1	0|0	0|0	0|0	0|1	0|0	0|0	1|1	0|0	0|0	0|0	0|0	1|1	0|0	1|0	0|0	0|0	1|1	0|1	0|0	0|0	0|0	0|0	0|0	0|0	0|0	0|0	0|0	0|0	0|0	1|0	0|0	0|0	0|0	0|0	0|0	1|0	0|0	1|0	0|1	1|1	0|0	1|0	0|0	1|0	0|0	0|0	1|0	1|1	0|0	0|1	0|0	0|0	0|0	0|0	0|0	0|0	0|1	0|0	0|0	1|0	0|0	0|0	0|1	1|0	1|1	0|1	0|0	0|1	0|0	0|0	0|0	0|1	0|1	0|0	0|1	0|0	0|0	0|0	0|0	0|0	0|1	0|0	1|0	0|1	0|0	0|0	0|1	0|0	1|0	0|0	0|0	0|0	0|0	1|1	1|0	0|1	0|0	1|0	1|1	0|0	1|0	0|0	0|0	0|0	0|0	0|0	0|0	0|0	1|0	0|1	1|0	0|1	0|0	0|1	1|0	0|0	1|1	0|1	1|0	0|0	1|1	0|0	0|1	0|1	0|0	1|0	0|0	1|1	1|0	0|0	0|0	1|1	0|0	1|1	0|0	1|0	1|0	0|0	0|0	0|0	0|0	0|1	0|0	0|1	0|0	0|0	0|0	0|0	0|0	0|0	0|0	0|0	0|0	0|1	0|0	0|0	0|1	1|0	1|0	0|0	0|0	0|0	0|0	0|0	0|1	0|0	1|0	0|0	0|0	0|0	1|0	0|1	0|1	0|0	0|1	0|0	0|0	1|0	0|0	0|0	0|0	1|1	0|0	1|1	1|1	0|0	0|0	1|1	0|0	0|0	1|1	1|0	0|1	1|1	0|0	0|0	0|0	0|0	0|0	0|0	0|1	1|1	0|0	0|0	1|0	0|0	0|0	0|0	1|0	0|0	0|1	1|1	0|0	0|0	1|0	1|1	0|0	0|0	0|1	0|0	0|0	1|1	1|0	0|0	0|1	0|0	0|0	0|0	0|0	0|1	1|0	0|0	1|1	0|0	0|1	1|0	1|1	0|0	1|0	0|1	0|0	0|0	0|0	0|1	0|0	0|0	1|0	0|0	0|0	0|0	1|1	0|0	1|0	0|0	0|1	0|1	0|0	0|0	0|0	0|0	0|0	1|1	1|0	0|0	1|0	0|0	0|0	1|1	1|0	0|0	0|0	0|0	0|0	1|1	1|1	1|0	0|0	1|0	0|0	0|0	0|0	0|0	0|1	1|0	0|0	0|0	0|0	0|0	1|0	1|0	0|0	0|1	0|0	0|0	1|0	1|0	1|1	0|0	1|0	0|0	0|0	0|1	0|0	0|0	0|0	0|1	0|0	0|1	0|0	1|0	0|0	0|0	0|0	0|0	0|1	0|0	0|1	0|0	0|0	0|0	0|0	0|0	0|0	0|0	0|0	1|0	0|0	0|0	0|0	1|0	1|1	0|0	0|0	0|0	0|0	1|0	0|0	0|0	1|1	0|0	1|1	1|0	1|1	0|0	0|1	0|0	1|0	1|0	0|0	0|0	0|0	0|0	0|1	0|0	0|0	0|0	0|0	1|1	0|0	0|0	0|1	0|0	1|1	0|0	0|0	0|1	0|1	1|0	0|1	0|0	0|0	0|1	1|0	0|0	0|1	1|0	0|0	0|0	1|0	0|1	0|0	0|0	0|0	0|0	1|0	0|0	0|0	0|0	0|0	0|0	0|0	0|0	0|0	0|0	0|0	1|0	0|0	0|0	0|0	0|0	1|1	1|1	0|0	0|0	0|0	0|0	0|0	0|0	0|0	0|0	0|0	0|0	0|0	0|0	0|0	0|0	0|0	0|0	1|0	1|1	0|0	TRUE	5000001	6000000	5000.001
4	5500000.5	7	4:5000001-6000000	Chr_4_5773452	A	G	FALSE	.	.	57	0.7747641509433962	0.22523584905660377	g13705	G|upstream_gene_variant|MODIFIER|g13705|g13705|transcript|g13705.t1|protein_coding||c.-2380T>C|||||2380|	G|intron_variant|MODIFIER|g13706|g13706|transcript|g13706.t1|protein_coding|11/11|c.1578+131T>C||||||	-11.7092	4.73274e-8	2.1046	FlowerDays_2025	NA	GT	0|0	0|0	0|1	0|0	0|0	0|0	0|1	0|0	0|0	1|1	0|0	0|0	0|0	0|0	0|1	0|0	1|0	0|0	0|0	1|1	1|1	0|0	0|0	0|0	0|0	0|0	0|0	0|0	0|0	0|0	0|0	0|0	1|0	0|1	0|0	0|0	0|0	0|0	1|0	0|0	1|1	0|1	1|1	0|0	1|0	0|0	1|0	0|0	0|0	1|0	1|0	0|0	0|1	0|0	0|0	0|0	0|0	0|0	0|0	0|1	0|0	0|0	1|0	0|0	0|0	0|1	1|0	1|0	0|1	0|0	0|1	0|0	0|0	0|0	0|1	0|1	0|0	0|1	0|0	0|0	0|0	0|0	0|0	0|1	0|0	1|0	0|1	0|0	0|0	0|1	0|0	1|0	0|0	0|0	0|0	0|0	1|1	1|0	0|1	0|0	1|0	1|1	0|0	1|0	0|0	0|0	0|0	0|0	0|0	0|0	0|0	1|0	0|1	1|0	0|1	0|0	0|1	1|0	0|0	1|1	0|1	1|0	0|0	1|1	0|0	0|1	0|1	0|0	1|0	0|0	1|1	1|0	0|0	0|0	1|1	0|0	1|0	0|0	1|0	1|0	0|0	0|0	0|0	0|0	0|1	0|0	0|1	0|0	0|0	0|0	0|0	0|0	0|0	0|0	0|0	0|0	0|1	0|0	0|0	0|1	1|0	1|0	0|0	0|0	0|0	0|0	0|0	0|1	0|0	1|0	0|0	0|0	0|0	1|0	0|1	0|1	0|0	0|1	0|0	0|0	1|0	0|0	0|0	0|0	1|1	0|0	1|1	1|1	0|0	0|0	1|1	0|0	0|0	1|1	1|0	0|1	1|1	0|0	0|0	0|0	0|0	0|0	0|0	0|1	1|1	0|0	0|0	1|0	0|0	0|0	0|0	1|0	0|0	0|1	1|0	0|0	0|0	1|0	1|1	0|0	0|0	0|1	0|0	0|0	0|1	1|0	0|0	0|1	0|0	0|0	0|0	0|0	0|1	1|0	0|0	1|1	0|0	0|1	1|0	1|1	0|0	1|0	0|1	0|0	0|0	0|0	0|1	0|0	0|0	1|0	0|0	0|0	0|0	0|1	0|0	1|0	0|0	0|0	0|1	0|0	0|0	0|0	0|0	0|0	1|1	1|0	0|0	1|0	0|0	0|0	1|1	1|0	0|0	0|0	0|0	0|0	1|1	1|1	1|0	0|0	1|0	0|0	0|0	0|0	0|0	0|1	1|0	0|0	0|0	0|0	0|0	1|0	1|0	0|0	0|1	0|0	0|0	1|0	1|0	1|1	0|0	1|0	0|0	0|0	0|1	0|0	0|0	0|0	0|1	0|0	0|1	0|0	1|0	0|0	0|0	0|0	0|0	0|1	0|0	0|1	0|0	0|0	0|0	0|0	0|0	0|0	0|0	0|0	1|0	0|0	0|0	0|0	1|0	1|0	0|0	0|0	0|0	0|0	1|0	0|0	0|0	1|1	0|0	1|1	1|0	1|1	0|0	0|1	0|0	1|0	1|0	0|0	0|0	0|0	0|0	0|1	0|0	0|0	0|0	0|0	1|1	0|0	0|0	0|1	0|0	1|1	0|0	0|0	0|1	0|1	1|0	0|1	0|0	0|0	0|1	1|0	0|0	0|1	1|0	0|0	0|0	1|0	0|1	0|0	0|0	0|0	0|0	1|0	0|0	0|0	0|0	0|0	0|0	0|0	0|0	0|0	0|0	0|0	1|0	0|0	0|0	0|0	0|0	1|1	0|1	0|0	0|0	0|0	0|0	0|0	0|0	0|0	0|0	0|0	0|0	0|0	0|0	0|0	0|0	0|0	0|0	1|0	1|0	0|0	TRUE	5000001	6000000	5000.001
5	5500000.5	8	5:5000001-6000000	Chr_5_5008618	T	G	TRUE	.	.	50	0.9162735849056604	0.08372641509433962	g16964	G|missense_variant|MODERATE|g16964|g16964|transcript|g16964.t1|protein_coding|5/24|c.491A>C|p.His164Pro|491/2535|491/2535|164/844||	G|downstream_gene_variant|MODIFIER|g16965|g16965|transcript|g16965.t1|protein_coding||c.*1517A>C|||||1517|	19.3984	1.35573e-8	3.34798	FlowerDays_2025	NA	GT	0|1	0|0	0|0	0|0	0|0	0|1	0|0	0|1	0|0	0|0	0|0	0|0	0|0	0|0	0|0	0|0	0|0	0|0	0|0	0|0	0|0	0|0	0|0	0|0	0|0	1|0	0|0	1|0	0|0	0|0	1|0	1|0	0|0	0|0	0|0	0|0	0|0	0|0	0|0	0|0	0|0	0|0	0|0	0|1	0|0	0|0	0|0	0|0	0|0	0|0	0|0	0|0	0|0	0|0	1|0	0|0	0|0	0|1	0|0	0|0	0|0	0|0	0|0	0|0	0|0	0|0	0|0	0|0	0|0	1|0	0|0	0|0	0|0	1|1	0|0	0|0	0|0	0|0	0|0	0|0	0|0	0|0	0|0	0|0	0|0	0|0	0|0	0|0	0|0	0|0	0|0	0|0	0|0	1|0	0|0	0|0	0|0	0|0	0|1	0|0	0|0	0|0	0|0	0|1	1|0	0|0	0|0	0|0	0|0	0|0	0|0	0|0	0|0	0|0	0|0	0|0	0|0	0|0	0|0	0|0	0|0	0|0	0|0	0|0	0|1	0|0	0|0	1|0	0|0	0|1	0|0	0|0	0|0	1|0	0|1	0|0	0|0	0|0	0|0	0|0	0|0	0|0	0|0	1|0	0|0	0|0	0|0	0|0	0|0	1|0	0|0	1|0	1|0	0|0	0|0	0|1	0|0	0|0	0|0	0|0	0|0	0|0	1|0	0|0	0|0	0|0	0|0	0|0	0|0	0|0	0|1	0|0	0|0	0|0	0|0	0|0	0|0	0|0	1|0	0|0	0|0	0|0	1|0	0|0	0|0	0|0	0|0	0|0	0|1	0|0	0|0	0|0	0|0	0|0	0|0	0|1	0|0	0|0	0|0	0|0	0|0	0|0	0|0	0|0	0|0	0|0	0|0	0|1	0|0	0|0	0|0	0|0	0|0	0|0	0|0	0|0	0|0	0|0	1|0	1|1	0|0	0|0	0|0	0|0	0|0	0|0	1|0	0|0	0|0	0|0	0|0	0|0	0|1	0|0	0|0	1|1	1|0	1|1	0|0	1|0	0|0	0|0	0|0	1|0	0|0	0|0	0|0	0|1	0|0	0|0	0|0	0|0	0|0	0|0	0|0	0|0	0|0	0|0	0|1	0|0	0|0	0|0	0|0	0|1	0|0	0|0	1|1	0|0	0|0	0|0	0|0	0|0	0|0	1|1	0|0	0|1	0|0	0|0	0|0	0|0	0|1	0|0	0|0	0|0	0|0	0|0	0|0	0|0	0|0	0|0	0|0	0|0	0|0	0|0	0|0	0|0	0|0	0|0	0|0	0|0	0|0	0|0	1|0	0|0	0|0	0|0	0|0	0|0	0|0	0|1	0|0	0|0	0|0	0|0	0|0	0|0	0|0	0|0	0|0	0|0	0|0	0|0	0|0	0|0	0|0	0|0	0|0	0|1	0|0	0|0	0|0	0|0	0|0	0|0	0|0	0|0	1|0	0|1	0|0	0|1	0|1	0|0	0|0	0|0	0|0	0|0	0|0	0|0	0|0	0|0	0|0	0|0	0|0	0|0	0|0	0|0	0|0	0|0	0|0	0|0	0|0	0|0	0|0	0|1	0|0	0|0	0|0	0|0	0|0	0|0	0|0	0|0	0|0	0|0	0|0	0|0	0|0	0|0	0|0	0|0	0|0	0|0	0|0	0|0	0|0	1|0	0|0	0|0	0|0	0|0	0|0	0|0	0|0	0|0	0|0	0|0	1|0	0|0	0|0	0|0	0|0	0|1	0|0	0|0	0|0	0|0	0|0	0|0	1|0	0|0	0|0	0|1	0|0	0|0	0|0	0|0	0|1	0|0	0|0	0|0	0|0	1|1	0|0	0|0	TRUE	5000001	6000000	5000.001
5	5500000.5	8	5:5000001-6000000	Chr_5_5008624	G	T	FALSE	.	.	50	0.9292452830188679	0.07075471698113207	g16964	T|missense_variant|MODERATE|g16964|g16964|transcript|g16964.t1|protein_coding|5/24|c.485C>A|p.Ala162Asp|485/2535|485/2535|162/844||	T|downstream_gene_variant|MODIFIER|g16965|g16965|transcript|g16965.t1|protein_coding||c.*1511C>A|||||1511|	19.296	4.0414e-8	3.44994	FlowerDays_2025	NA	GT	0|1	0|0	0|0	0|0	0|0	0|1	0|0	0|1	0|0	0|0	0|0	0|0	0|0	0|0	0|0	0|0	0|0	0|0	0|0	0|0	0|0	0|0	0|0	0|0	0|0	1|0	0|0	0|0	0|0	0|0	1|0	1|0	0|0	0|0	0|0	0|0	0|0	0|0	0|0	0|0	0|0	0|0	0|0	0|1	0|0	0|0	0|0	0|0	0|0	0|0	0|0	0|0	0|0	0|0	0|0	0|0	0|0	0|1	0|0	0|0	0|0	0|0	0|0	0|0	0|0	0|0	0|0	0|0	0|0	1|0	0|0	0|0	0|0	1|1	0|0	0|0	0|0	0|0	0|0	0|0	0|0	0|0	0|0	0|0	0|0	0|0	0|0	0|0	0|0	0|0	0|0	0|0	0|0	1|0	0|0	0|0	0|0	0|0	0|0	0|0	0|0	0|0	0|0	0|1	1|0	0|0	0|0	0|0	0|0	0|0	0|0	0|0	0|0	0|0	0|0	0|0	0|0	0|0	0|0	0|0	0|0	0|0	0|0	0|0	0|1	0|0	0|0	1|0	0|0	0|1	0|0	0|0	0|0	1|0	0|1	0|0	0|0	0|0	0|0	0|0	0|0	0|0	0|0	1|0	0|0	0|0	0|0	0|0	0|0	1|0	0|0	1|0	1|0	0|0	0|0	0|0	0|0	0|0	0|0	0|0	0|0	0|0	0|0	0|0	0|0	0|0	0|0	0|0	0|0	0|0	0|0	0|0	0|0	0|0	0|0	0|0	0|0	0|0	1|0	0|0	0|0	0|0	1|0	0|0	0|0	0|0	0|0	0|0	0|1	0|0	0|0	0|0	0|0	0|0	0|0	0|1	0|0	0|0	0|0	0|0	0|0	0|0	0|0	0|0	0|0	0|0	0|0	0|1	0|0	0|0	0|0	0|0	0|0	0|0	0|0	0|0	0|0	0|0	1|0	1|1	0|0	0|0	0|0	0|0	0|0	0|0	0|0	0|0	0|0	0|0	0|0	0|0	0|1	0|0	0|0	1|1	1|0	1|1	0|0	1|0	0|0	0|0	0|0	0|0	0|0	0|0	0|0	0|1	0|0	0|0	0|0	0|0	0|0	0|0	0|0	0|0	0|0	0|0	0|1	0|0	0|0	0|0	0|0	0|1	0|0	0|0	1|1	0|0	0|0	0|0	0|0	0|0	0|0	1|1	0|0	0|0	0|0	0|0	0|0	0|0	0|1	0|0	0|0	0|0	0|0	0|0	0|0	0|0	0|0	0|0	0|0	0|0	0|0	0|0	0|0	0|0	0|0	0|0	0|0	0|0	0|0	0|0	1|0	0|0	0|0	0|0	0|0	0|0	0|0	0|1	0|0	0|0	0|0	0|0	0|0	0|0	0|0	0|0	0|0	0|0	0|0	0|0	0|0	0|0	0|0	0|0	0|0	0|0	0|0	0|0	0|0	0|0	0|0	0|0	0|0	0|0	1|0	0|1	0|0	0|1	0|1	0|0	0|0	0|0	0|0	0|0	0|0	0|0	0|0	0|0	0|0	0|0	0|0	0|0	0|0	0|0	0|0	0|0	0|0	0|0	0|0	0|0	0|0	0|1	0|0	0|0	0|0	0|0	0|0	0|0	0|0	0|0	0|0	0|0	0|0	0|0	0|0	0|0	0|0	0|0	0|0	0|0	0|0	0|0	0|0	1|0	0|0	0|0	0|0	0|0	0|0	0|0	0|0	0|0	0|0	0|0	1|0	0|0	0|0	0|0	0|0	0|1	0|0	0|0	0|0	0|0	0|0	0|0	1|0	0|0	0|0	0|0	0|0	0|0	0|0	0|0	0|1	0|0	0|0	0|0	0|0	1|1	0|0	0|0	TRUE	5000001	6000000	5000.001
5	5500000.5	8	5:5000001-6000000	Chr_5_5008645	T	A	FALSE	.	.	50	0.9150943396226415	0.08490566037735849	g16964	A|missense_variant|MODERATE|g16964|g16964|transcript|g16964.t1|protein_coding|5/24|c.464A>T|p.Glu155Val|464/2535|464/2535|155/844||	A|downstream_gene_variant|MODIFIER|g16965|g16965|transcript|g16965.t1|protein_coding||c.*1490A>T|||||1490|	18.9444	1.51787e-8	3.28124	FlowerDays_2025	NA	GT	0|1	0|0	0|0	0|0	0|0	0|1	0|0	0|1	0|0	0|0	0|0	0|0	0|0	0|0	0|0	0|0	0|0	0|0	0|0	0|0	0|0	0|0	0|0	0|0	0|0	1|0	0|0	1|0	0|0	0|0	1|0	1|0	0|0	0|0	0|0	0|0	0|0	0|0	0|0	0|0	0|0	0|0	0|0	0|1	0|0	0|0	0|0	0|0	0|0	0|0	0|0	0|0	0|0	0|0	1|0	0|0	0|0	0|1	0|0	0|0	0|0	0|0	0|0	0|0	0|0	0|0	0|0	0|0	0|0	1|0	0|0	0|0	0|0	1|1	0|0	0|0	0|0	0|0	0|0	0|0	0|0	0|0	0|0	0|0	0|0	0|0	0|0	0|0	0|0	0|0	0|0	0|0	0|0	1|0	0|0	0|0	0|0	0|0	0|1	0|0	0|0	0|0	0|0	0|1	1|0	0|0	0|0	0|0	0|0	0|0	0|0	0|0	0|0	0|0	0|0	0|0	0|0	0|0	0|0	0|0	0|0	0|0	0|0	0|0	0|1	0|0	0|0	1|0	0|0	0|1	0|0	0|0	0|0	1|0	0|1	0|0	0|0	0|0	0|0	0|0	0|0	0|0	0|0	1|0	0|0	0|0	0|0	0|0	0|0	1|0	0|0	1|0	1|0	0|0	0|0	0|1	0|0	0|0	0|0	0|0	0|0	0|0	1|0	0|0	0|0	0|0	0|0	0|0	0|0	0|0	0|1	0|0	0|0	0|0	0|0	0|0	0|0	0|0	1|0	0|0	0|0	0|0	1|0	0|0	0|0	0|0	0|0	0|0	0|1	0|0	0|0	0|0	0|0	0|0	0|0	1|1	0|0	0|0	0|0	0|0	0|0	0|0	0|0	0|0	0|0	0|0	0|0	0|1	0|0	0|0	0|0	0|0	0|0	0|0	0|0	0|0	0|0	0|0	1|0	1|1	0|0	0|0	0|0	0|0	0|0	0|0	1|0	0|0	0|0	0|0	0|0	0|0	0|1	0|0	0|0	1|1	1|0	1|1	0|0	1|0	0|0	0|0	0|0	1|0	0|0	0|0	0|0	0|1	0|0	0|0	0|0	0|0	0|0	0|0	0|0	0|0	0|0	0|0	0|1	0|0	0|0	0|0	0|0	0|1	0|0	0|0	1|1	0|0	0|0	0|0	0|0	0|0	0|0	1|1	0|0	0|1	0|0	0|0	0|0	0|0	0|1	0|0	0|0	0|0	0|0	0|0	0|0	0|0	0|0	0|0	0|0	0|0	0|0	0|0	0|0	0|0	0|0	0|0	0|0	0|0	0|0	0|0	1|0	0|0	0|0	0|0	0|0	0|0	0|0	0|1	0|0	0|0	0|0	0|0	0|0	0|0	0|0	0|0	0|0	0|0	0|0	0|0	0|0	0|0	0|0	0|0	0|0	0|1	0|0	0|0	0|0	0|0	0|0	0|0	0|0	0|0	1|0	0|1	0|0	0|1	0|1	0|0	0|0	0|0	0|0	0|0	0|0	0|0	0|0	0|0	0|0	0|0	0|0	0|0	0|0	0|0	0|0	0|0	0|0	0|0	0|0	0|0	0|0	0|1	0|0	0|0	0|0	0|0	0|0	0|0	0|0	0|0	0|0	0|0	0|0	0|0	0|0	0|0	0|0	0|0	0|0	0|0	0|0	0|0	0|0	1|0	0|0	0|0	0|0	0|0	0|0	0|0	0|0	0|0	0|0	0|0	1|0	0|0	0|0	0|0	0|0	0|1	0|0	0|0	0|0	0|0	0|0	0|0	1|0	0|0	0|0	0|1	0|0	0|0	0|0	0|0	0|1	0|0	0|0	0|0	0|0	1|1	0|0	0|0	TRUE	5000001	6000000	5000.001
5	5500000.5	8	5:5000001-6000000	Chr_5_5008646	C	T	FALSE	.	.	50	0.9150943396226415	0.08490566037735849	g16964	T|missense_variant|MODERATE|g16964|g16964|transcript|g16964.t1|protein_coding|5/24|c.463G>A|p.Glu155Lys|463/2535|463/2535|155/844||	T|downstream_gene_variant|MODIFIER|g16965|g16965|transcript|g16965.t1|protein_coding||c.*1489G>A|||||1489|	18.9444	1.51787e-8	3.28124	FlowerDays_2025	NA	GT	0|1	0|0	0|0	0|0	0|0	0|1	0|0	0|1	0|0	0|0	0|0	0|0	0|0	0|0	0|0	0|0	0|0	0|0	0|0	0|0	0|0	0|0	0|0	0|0	0|0	1|0	0|0	1|0	0|0	0|0	1|0	1|0	0|0	0|0	0|0	0|0	0|0	0|0	0|0	0|0	0|0	0|0	0|0	0|1	0|0	0|0	0|0	0|0	0|0	0|0	0|0	0|0	0|0	0|0	1|0	0|0	0|0	0|1	0|0	0|0	0|0	0|0	0|0	0|0	0|0	0|0	0|0	0|0	0|0	1|0	0|0	0|0	0|0	1|1	0|0	0|0	0|0	0|0	0|0	0|0	0|0	0|0	0|0	0|0	0|0	0|0	0|0	0|0	0|0	0|0	0|0	0|0	0|0	1|0	0|0	0|0	0|0	0|0	0|1	0|0	0|0	0|0	0|0	0|1	1|0	0|0	0|0	0|0	0|0	0|0	0|0	0|0	0|0	0|0	0|0	0|0	0|0	0|0	0|0	0|0	0|0	0|0	0|0	0|0	0|1	0|0	0|0	1|0	0|0	0|1	0|0	0|0	0|0	1|0	0|1	0|0	0|0	0|0	0|0	0|0	0|0	0|0	0|0	1|0	0|0	0|0	0|0	0|0	0|0	1|0	0|0	1|0	1|0	0|0	0|0	0|1	0|0	0|0	0|0	0|0	0|0	0|0	1|0	0|0	0|0	0|0	0|0	0|0	0|0	0|0	0|1	0|0	0|0	0|0	0|0	0|0	0|0	0|0	1|0	0|0	0|0	0|0	1|0	0|0	0|0	0|0	0|0	0|0	0|1	0|0	0|0	0|0	0|0	0|0	0|0	1|1	0|0	0|0	0|0	0|0	0|0	0|0	0|0	0|0	0|0	0|0	0|0	0|1	0|0	0|0	0|0	0|0	0|0	0|0	0|0	0|0	0|0	0|0	1|0	1|1	0|0	0|0	0|0	0|0	0|0	0|0	1|0	0|0	0|0	0|0	0|0	0|0	0|1	0|0	0|0	1|1	1|0	1|1	0|0	1|0	0|0	0|0	0|0	1|0	0|0	0|0	0|0	0|1	0|0	0|0	0|0	0|0	0|0	0|0	0|0	0|0	0|0	0|0	0|1	0|0	0|0	0|0	0|0	0|1	0|0	0|0	1|1	0|0	0|0	0|0	0|0	0|0	0|0	1|1	0|0	0|1	0|0	0|0	0|0	0|0	0|1	0|0	0|0	0|0	0|0	0|0	0|0	0|0	0|0	0|0	0|0	0|0	0|0	0|0	0|0	0|0	0|0	0|0	0|0	0|0	0|0	0|0	1|0	0|0	0|0	0|0	0|0	0|0	0|0	0|1	0|0	0|0	0|0	0|0	0|0	0|0	0|0	0|0	0|0	0|0	0|0	0|0	0|0	0|0	0|0	0|0	0|0	0|1	0|0	0|0	0|0	0|0	0|0	0|0	0|0	0|0	1|0	0|1	0|0	0|1	0|1	0|0	0|0	0|0	0|0	0|0	0|0	0|0	0|0	0|0	0|0	0|0	0|0	0|0	0|0	0|0	0|0	0|0	0|0	0|0	0|0	0|0	0|0	0|1	0|0	0|0	0|0	0|0	0|0	0|0	0|0	0|0	0|0	0|0	0|0	0|0	0|0	0|0	0|0	0|0	0|0	0|0	0|0	0|0	0|0	1|0	0|0	0|0	0|0	0|0	0|0	0|0	0|0	0|0	0|0	0|0	1|0	0|0	0|0	0|0	0|0	0|1	0|0	0|0	0|0	0|0	0|0	0|0	1|0	0|0	0|0	0|1	0|0	0|0	0|0	0|0	0|1	0|0	0|0	0|0	0|0	1|1	0|0	0|0	TRUE	5000001	6000000	5000.001
5	5500000.5	8	5:5000001-6000000	Chr_5_5008683	G	T	FALSE	.	.	50	0.9268867924528302	0.07311320754716981	g16964	T|splice_region_variant&intron_variant|LOW|g16964|g16964|transcript|g16964.t1|protein_coding|4/23|c.429-3C>A||||||	T|downstream_gene_variant|MODIFIER|g16965|g16965|transcript|g16965.t1|protein_coding||c.*1452C>A|||||1452|	19.0931	1.40286e-8	3.29882	FlowerDays_2025	NA	GT	0|1	0|0	0|0	0|0	0|0	0|1	0|0	0|1	0|0	0|0	0|0	0|0	0|0	0|0	0|0	0|0	0|0	0|0	0|0	0|0	0|0	0|0	0|0	0|0	0|0	1|0	0|0	0|0	0|0	0|0	1|0	1|0	0|0	0|0	0|0	0|0	0|0	0|0	0|0	0|0	0|0	0|0	0|0	0|1	0|0	0|0	0|0	0|0	0|0	0|0	0|0	0|0	0|0	0|0	0|0	0|0	0|0	0|1	0|0	0|0	0|0	0|0	0|0	0|0	0|0	0|0	0|0	0|0	0|0	1|0	0|0	0|0	0|0	1|1	0|0	0|0	0|0	0|0	0|0	0|0	0|0	0|0	0|0	0|0	0|0	0|0	0|0	0|0	0|0	0|0	0|0	0|0	0|0	1|0	0|0	0|0	0|0	0|0	0|0	0|0	0|0	0|0	0|0	0|1	1|0	0|0	0|0	0|0	0|0	0|0	0|0	0|0	0|0	0|0	0|0	0|0	0|0	0|0	0|0	0|0	0|0	0|0	0|0	0|0	0|1	0|0	0|0	1|0	0|0	0|1	0|0	0|0	0|0	1|0	0|1	0|0	0|0	0|0	0|0	0|0	0|0	0|0	0|0	1|0	0|0	0|0	0|0	0|0	0|0	1|0	0|0	1|0	1|0	0|0	0|0	0|0	0|0	0|0	0|0	0|0	0|0	0|0	0|0	0|0	0|0	0|0	0|0	0|0	0|0	0|0	0|0	0|0	0|0	0|0	0|0	0|0	0|0	0|0	1|0	0|0	0|0	0|0	1|0	0|0	0|0	0|0	0|0	0|0	0|1	0|0	0|0	0|0	0|0	0|0	0|0	1|1	0|0	0|0	0|0	0|0	0|0	0|0	0|0	0|0	0|0	0|0	0|0	1|1	0|0	0|0	0|0	0|0	0|0	0|0	0|0	0|0	0|0	0|0	1|0	1|1	0|0	0|0	0|0	0|0	0|0	0|0	0|0	0|0	0|0	0|0	0|0	0|0	0|1	0|0	0|0	1|1	1|0	1|1	0|0	1|0	0|0	0|0	0|0	0|0	0|0	0|0	0|0	0|1	0|0	0|0	0|0	0|0	0|0	0|0	0|0	0|0	0|0	0|0	0|1	0|0	0|0	0|0	0|0	0|1	0|0	0|0	1|1	0|0	0|0	0|0	0|0	0|0	0|0	1|1	0|0	0|0	0|0	0|0	0|0	0|0	0|1	0|0	0|0	0|0	0|0	0|0	0|0	0|0	0|0	0|0	0|0	0|0	0|0	0|0	0|0	0|0	0|0	0|0	0|0	0|0	0|0	0|0	1|0	0|0	0|0	0|0	0|0	0|0	0|0	0|1	0|0	0|0	0|0	0|0	0|0	0|0	0|0	0|0	0|0	0|0	0|0	0|0	0|0	0|0	0|0	0|0	0|0	0|0	0|0	0|0	0|0	0|0	0|0	0|0	0|0	0|0	1|0	0|1	0|0	0|1	0|1	0|0	0|0	0|0	0|0	0|0	0|0	0|0	0|0	0|0	0|0	0|0	0|0	0|0	0|0	0|0	0|0	0|0	0|0	0|0	0|0	0|0	0|0	0|1	0|0	0|0	0|0	0|0	0|0	0|0	0|0	0|0	0|0	0|0	0|0	0|0	0|0	0|0	0|0	0|0	0|0	0|0	0|0	0|0	0|0	1|0	0|0	0|0	0|0	0|0	0|0	0|0	0|0	0|0	0|0	0|0	1|0	0|0	0|0	0|0	0|0	0|1	0|0	0|0	0|0	0|0	0|0	0|0	1|0	0|0	0|0	0|0	0|0	0|0	0|0	0|0	0|1	0|0	0|0	0|0	0|0	1|1	0|0	0|0	TRUE	5000001	6000000	5000.001
6	23500000.5	9	6:23000001-24000000	Chr_6_23906455	A	ATAATTG	TRUE	.	.	239	0.8125	0.1875	g22263-g22264	ATAATTG|intergenic_region|MODIFIER|g22263-g22264|g22263-g22264|intergenic_region|g22263-g22264|||n.23906455_23906456insTAATTG||||||	NA	13.1411	1.68226e-8	2.28351	FlowerDays_2025	NA	GT	1|0	1|1	0|0	0|0	0|0	0|1	1|1	1|1	1|0	0|0	0|0	0|0	0|0	1|0	0|0	0|0	0|0	0|0	0|0	0|0	0|1	0|1	0|1	1|1	1|0	0|0	0|0	0|1	0|0	1|0	0|0	0|0	0|0	0|0	0|0	0|0	1|0	0|0	0|0	0|0	0|0	0|0	0|0	0|0	1|1	1|0	0|0	0|1	0|0	0|0	0|0	0|0	0|0	0|0	0|0	0|0	0|0	1|1	0|0	0|0	0|1	0|0	0|0	0|1	0|0	0|1	0|0	1|0	0|0	1|1	0|0	0|0	0|0	0|0	0|0	0|0	0|0	0|0	0|0	0|0	0|0	0|0	0|0	0|0	0|0	0|0	0|0	1|0	1|1	0|0	0|0	0|1	0|0	0|1	0|1	0|0	0|0	0|1	0|0	0|0	1|0	0|0	0|0	1|0	0|1	1|1	0|0	0|0	0|0	0|0	0|0	1|1	0|0	0|0	1|1	0|1	1|0	0|0	0|0	0|1	0|0	0|0	0|0	0|0	0|0	0|0	0|0	0|0	0|1	1|0	0|0	0|0	0|0	0|0	0|0	0|0	0|0	0|0	0|1	0|1	0|0	0|1	0|0	0|1	0|0	0|0	0|1	0|1	0|0	1|1	0|0	0|0	0|1	0|0	0|0	0|0	0|0	0|0	0|0	0|0	0|0	1|1	1|1	1|1	1|0	0|0	0|0	0|0	0|0	0|0	1|1	0|0	0|0	0|0	0|0	0|0	0|0	0|1	0|0	0|0	0|0	0|0	1|0	0|0	0|0	0|0	0|1	0|1	1|1	0|0	0|0	0|0	0|0	0|0	0|0	1|1	0|0	1|1	0|1	0|0	0|0	0|1	0|0	0|0	0|0	0|1	0|0	0|1	0|1	0|0	0|0	1|0	0|0	0|0	0|0	0|1	0|0	0|0	0|0	1|1	0|1	0|0	0|1	0|0	0|0	0|0	0|0	0|0	0|0	1|0	0|0	0|1	0|0	0|0	1|1	0|0	0|1	0|0	0|0	0|1	0|1	0|0	0|1	1|1	0|0	0|0	0|1	0|1	0|0	0|0	0|1	0|0	0|0	0|0	0|0	0|0	1|0	1|1	0|0	0|0	0|0	1|1	0|0	1|0	0|0	0|0	0|0	0|0	1|0	0|0	1|0	0|0	0|0	0|0	0|0	0|0	0|0	0|0	0|0	1|0	1|0	0|1	0|0	1|0	0|0	0|0	0|0	1|0	0|1	0|0	0|0	0|0	0|0	0|0	0|1	0|0	0|0	0|0	0|0	0|0	0|0	0|0	0|0	1|0	0|0	0|0	0|0	0|0	0|0	0|1	0|0	0|0	0|0	0|0	0|0	0|0	0|1	1|0	0|0	0|0	0|0	0|0	0|0	0|0	0|0	0|0	0|0	0|0	0|1	1|1	0|0	0|0	0|0	0|0	0|0	0|0	0|0	1|1	0|1	0|1	0|0	0|0	0|0	0|0	1|0	0|0	0|1	0|0	0|0	0|0	0|0	0|1	0|1	0|1	0|0	0|0	0|0	0|0	0|0	0|0	0|0	0|0	0|0	1|0	0|0	0|0	0|0	0|0	0|1	0|0	0|0	0|0	0|0	0|0	0|1	1|0	0|0	0|0	0|0	0|0	1|1	0|0	0|0	0|1	1|1	1|0	1|0	0|1	0|0	1|0	0|0	0|0	0|0	0|0	0|0	0|0	0|0	0|0	0|0	0|0	0|0	0|0	0|1	0|0	0|0	1|0	0|0	0|0	0|0	0|0	1|1	0|0	0|0	0|0	0|1	0|0	1|0	1|0	0|0	0|0	0|0	1|1	1|0	0|1	TRUE	23000001	24000000	23000.001
7	2500000.5	10	7:2000001-3000000	Chr_7_2588204	A	G	FALSE	.	.	25	0.8254716981132075	0.17452830188679244	g25192	G|upstream_gene_variant|MODIFIER|g25192|g25192|transcript|g25192.t1|protein_coding||c.-4453T>C|||||4453|	G|intergenic_region|MODIFIER|g25192-g25193|g25192-g25193|intergenic_region|g25192-g25193|||n.2588204A>G||||||	-13.1102	2.34852e-8	2.30258	FlowerDays_2025	NA	GT	0|0	0|0	0|1	0|0	0|0	0|0	0|0	0|0	1|0	0|0	0|0	0|0	1|0	0|0	1|0	0|0	0|1	0|0	0|0	0|0	1|0	1|1	0|0	0|1	0|0	0|1	0|0	0|0	0|0	0|0	0|0	1|0	0|0	0|0	1|1	0|1	0|0	0|1	0|0	0|0	0|0	0|0	1|0	0|1	0|0	1|1	0|0	0|0	1|0	1|0	0|0	0|0	1|0	0|0	0|0	0|0	0|0	0|0	1|0	0|0	0|1	0|1	1|0	0|0	0|0	0|0	0|0	1|0	0|0	0|0	0|1	0|0	0|0	0|0	0|1	0|0	0|0	0|0	0|0	0|0	0|0	0|0	0|0	0|0	0|0	0|0	1|1	0|0	0|0	0|0	0|1	0|0	1|0	0|0	0|0	1|0	0|0	0|0	0|1	0|0	0|0	0|0	0|0	1|0	0|0	0|1	0|0	0|1	0|1	0|0	0|0	0|0	0|0	0|1	0|0	0|0	0|0	1|1	0|0	0|0	0|0	1|0	1|0	1|0	0|0	0|0	0|0	0|0	0|0	0|0	0|0	0|1	0|0	0|0	0|0	0|0	0|0	0|0	0|0	0|0	0|1	0|0	0|1	0|0	0|0	0|0	0|0	0|0	0|0	0|0	0|0	0|0	0|0	0|1	0|0	1|0	0|0	0|1	0|0	0|0	0|1	0|0	0|0	0|0	0|0	0|0	0|0	1|0	0|0	0|0	0|0	0|0	0|0	1|1	0|1	0|0	0|1	0|0	0|0	0|0	0|0	0|1	0|0	0|0	0|0	0|1	0|0	0|0	0|0	0|0	1|1	0|0	0|1	0|0	0|1	0|1	0|0	0|1	0|0	0|0	0|0	1|0	0|0	0|1	0|0	0|0	0|0	0|0	0|0	0|0	0|0	0|0	0|1	0|0	0|1	1|0	0|0	1|0	0|0	0|0	0|0	0|0	1|0	0|0	1|0	0|0	1|0	1|0	0|0	0|1	0|0	0|0	0|0	0|0	1|1	0|0	1|0	0|0	0|0	1|0	0|0	0|0	0|0	0|0	0|1	0|0	1|0	0|0	0|0	0|0	0|0	1|0	0|0	0|1	1|0	1|0	1|0	0|0	0|0	0|0	0|0	0|0	0|0	0|0	0|0	0|0	0|0	0|1	1|0	1|0	1|0	0|0	0|0	0|0	1|0	0|0	0|1	0|1	0|0	0|0	0|0	0|0	0|1	1|0	0|0	0|0	0|0	0|0	0|0	0|1	0|0	0|0	0|0	0|0	0|0	0|0	0|0	0|0	1|0	0|0	0|0	0|0	0|0	1|0	0|0	0|0	0|0	0|0	0|0	0|0	0|0	0|1	0|0	0|0	0|0	1|0	0|0	1|0	0|0	0|0	0|0	0|0	0|0	0|0	1|0	0|0	0|0	1|0	0|0	0|0	1|1	1|0	1|0	0|0	1|0	0|1	1|0	0|0	0|0	0|0	0|0	0|0	0|0	0|0	0|0	1|0	0|0	0|0	1|1	0|1	0|0	0|0	0|0	0|0	1|1	1|0	0|0	0|1	0|0	0|0	0|0	0|0	0|0	0|0	0|0	0|0	0|0	0|0	0|0	0|0	0|0	0|0	0|0	0|0	1|0	0|0	0|0	0|0	0|0	0|0	1|1	0|0	1|1	0|0	0|0	0|0	0|1	1|0	0|0	0|0	1|1	0|0	0|0	0|0	1|0	0|0	0|1	0|0	0|1	1|0	0|0	1|1	0|0	1|0	0|1	0|1	0|0	0|1	0|0	0|1	1|0	1|0	0|1	0|0	0|0	0|1	0|0	0|1	0|1	0|1	0|0	0|0	1|1	0|0	TRUE	2000001	3000000	2000.001
7	2500000.5	10	7:2000001-3000000	Chr_7_2696562	T	A	TRUE	.	.	26	0.9363207547169812	0.06367924528301887	g25204	A|intron_variant|MODIFIER|g25204|g25204|transcript|g25204.t1|protein_coding|1/2|c.136+34T>A||||||	NA	22.2977	8.31881e-9	3.79076	FlowerDays_2025	NA	GT	0|1	1|0	0|0	0|0	0|0	0|0	0|0	0|0	0|0	0|0	0|0	0|0	0|0	0|0	0|0	0|0	0|0	0|0	0|0	0|0	0|1	0|0	0|0	0|0	0|0	0|0	0|0	0|1	0|0	1|0	0|0	0|0	0|0	1|0	0|0	0|0	0|1	0|0	0|0	0|0	0|0	1|0	0|0	0|0	0|0	0|0	0|0	0|0	0|0	0|0	0|0	0|0	0|0	0|0	1|0	0|0	0|0	0|0	0|0	0|0	0|0	0|0	0|0	1|1	0|0	0|0	0|0	0|0	0|0	0|0	0|0	0|0	0|0	0|0	0|0	0|0	0|0	0|0	0|0	0|0	0|0	0|0	0|0	0|0	0|0	0|0	0|0	0|0	0|0	0|0	0|0	0|0	0|0	0|0	0|0	0|0	0|0	0|0	0|0	0|0	0|1	0|0	0|0	0|0	0|0	0|0	0|0	0|0	0|0	0|0	0|0	0|0	0|0	0|0	0|0	0|0	0|0	1|0	0|0	0|0	0|0	0|0	0|0	0|0	1|0	0|0	0|0	0|0	0|0	0|1	0|0	0|0	0|0	0|0	1|0	0|0	0|0	0|0	0|0	0|0	0|0	0|0	0|0	0|1	0|0	0|0	0|0	0|0	0|0	0|0	0|0	0|0	0|0	0|0	0|0	0|1	0|0	0|0	0|0	0|0	0|0	0|0	0|1	0|0	0|1	0|0	0|0	0|0	0|0	0|0	1|1	0|0	0|0	0|0	0|0	0|0	0|0	0|0	1|1	0|0	0|0	0|0	1|0	0|0	0|0	0|0	0|0	0|0	1|0	0|0	0|0	0|0	0|0	0|0	0|0	0|0	0|0	0|0	0|1	0|0	0|0	0|0	0|0	0|0	0|0	0|0	0|0	0|0	0|1	0|0	0|0	0|0	0|0	0|0	0|0	0|0	0|0	0|0	1|0	0|0	0|0	0|0	0|0	0|0	0|0	0|0	0|0	0|0	0|0	0|0	0|0	0|0	0|0	0|0	0|0	1|1	0|0	0|1	0|0	0|0	0|0	0|0	0|0	0|1	0|0	0|0	0|0	0|0	0|0	0|0	1|0	0|0	0|0	0|0	0|0	0|0	0|0	1|1	1|0	0|0	0|0	0|0	0|0	1|0	0|1	0|0	0|0	0|0	0|0	0|0	0|0	0|0	0|0	1|1	0|0	0|0	0|0	0|0	0|0	0|0	0|0	0|0	0|0	0|0	0|0	0|0	0|1	0|0	0|0	0|0	0|0	0|0	0|0	0|0	0|0	0|0	0|0	1|1	0|0	0|0	0|0	0|0	1|0	0|0	0|0	0|0	0|0	0|0	0|0	0|0	0|0	0|0	0|0	0|0	0|0	0|0	0|0	0|0	0|0	0|0	0|0	0|0	0|0	0|0	0|0	0|0	0|0	0|0	0|1	0|0	0|0	0|0	0|0	0|0	0|0	0|0	0|0	1|1	0|0	0|0	0|0	0|0	0|0	0|0	0|0	0|0	0|0	0|0	0|0	0|0	0|0	0|0	0|0	0|0	0|0	0|0	0|0	0|0	0|0	0|0	0|0	0|0	0|0	0|0	0|0	0|0	0|0	0|0	0|0	0|0	0|0	0|0	0|1	0|0	0|0	0|0	0|0	0|0	0|0	0|0	0|0	0|0	0|0	0|0	0|0	0|0	0|0	0|0	0|0	0|0	0|0	0|0	0|0	0|0	0|0	0|0	0|0	1|1	0|0	0|0	0|0	0|0	0|0	0|0	0|0	0|0	0|0	0|0	0|0	0|0	0|0	0|0	0|0	0|0	0|0	0|0	1|1	0|0	0|0	0|0	0|0	1|0	0|0	0|0	TRUE	2000001	3000000	2000.001
7	2500000.5	10	7:2000001-3000000	Chr_7_2696633	G	GAATT	FALSE	.	.	26	0.9375	0.0625	g25204	GAATT|intron_variant|MODIFIER|g25204|g25204|transcript|g25204.t1|protein_coding|1/2|c.136+105_136+106insAATT||||||	NA	22.5406	1.28914e-8	3.88418	FlowerDays_2025	NA	GT	0|1	1|0	0|0	0|0	0|0	0|0	0|0	0|0	0|0	0|0	0|0	0|0	0|0	0|0	0|0	0|0	0|0	0|0	0|0	0|0	0|1	0|0	0|0	0|0	0|0	0|0	0|0	0|1	0|0	1|0	0|0	0|0	0|0	1|0	0|0	0|0	0|1	0|0	0|0	0|0	0|0	1|0	0|0	0|0	0|0	0|0	0|0	0|0	0|0	0|0	0|0	0|0	0|0	0|0	1|0	0|0	0|0	0|0	0|0	0|0	0|0	0|0	0|0	1|1	0|0	0|0	0|0	0|0	0|0	0|0	0|0	0|0	0|0	0|0	0|0	0|0	0|0	0|0	0|0	0|0	0|0	0|0	0|0	0|0	0|0	0|0	0|0	0|0	0|0	0|0	0|0	0|0	0|0	0|0	0|0	0|0	0|0	0|0	0|0	0|0	0|1	0|0	0|0	0|0	0|0	0|0	0|0	0|0	0|0	0|0	0|0	0|0	0|0	0|0	0|0	0|0	0|0	1|0	0|0	0|0	0|0	0|0	0|0	0|0	1|0	0|0	0|0	0|0	0|0	0|1	0|0	0|0	0|0	0|0	1|0	0|0	0|0	0|0	0|0	0|0	0|0	0|0	0|0	0|1	0|0	0|0	0|0	0|0	0|0	0|0	0|0	0|0	0|0	0|0	0|0	0|1	0|0	0|0	0|0	0|0	0|0	0|0	0|1	0|0	0|1	0|0	0|0	0|0	0|0	0|0	1|1	0|0	0|0	0|0	0|0	0|0	0|0	0|0	1|1	0|0	0|0	0|0	1|0	0|0	0|0	0|0	0|0	0|0	1|0	0|0	0|0	0|0	0|0	0|0	0|0	0|0	0|0	0|0	0|1	0|0	0|0	0|0	0|0	0|0	0|0	0|0	0|0	0|0	0|1	0|0	0|0	0|0	0|0	0|0	0|0	0|0	0|0	0|0	1|0	0|0	0|0	0|0	0|0	0|0	0|0	0|0	0|0	0|0	0|0	0|0	0|0	0|0	0|0	0|0	0|0	1|1	0|0	0|1	0|0	0|0	0|0	0|0	0|0	0|1	0|0	0|0	0|0	0|0	0|0	0|0	1|0	0|0	0|0	0|0	0|0	0|0	0|0	1|1	1|0	0|0	0|0	0|0	0|0	1|0	0|1	0|0	0|0	0|0	0|0	0|0	0|0	0|0	0|0	1|1	0|0	0|0	0|0	0|0	0|0	0|0	0|0	0|0	0|0	0|0	0|0	0|0	0|1	0|0	0|0	0|0	0|0	0|0	0|0	0|0	0|0	0|0	0|0	1|1	0|0	0|0	0|0	0|0	1|0	0|0	0|0	0|0	0|0	0|0	0|0	0|0	0|0	0|0	0|0	0|0	0|0	0|0	0|0	0|0	0|0	0|0	0|0	0|0	0|0	0|0	0|0	0|0	0|0	0|0	0|1	0|0	0|0	0|0	0|0	0|0	0|0	0|0	0|0	0|1	0|0	0|0	0|0	0|0	0|0	0|0	0|0	0|0	0|0	0|0	0|0	0|0	0|0	0|0	0|0	0|0	0|0	0|0	0|0	0|0	0|0	0|0	0|0	0|0	0|0	0|0	0|0	0|0	0|0	0|0	0|0	0|0	0|0	0|0	0|1	0|0	0|0	0|0	0|0	0|0	0|0	0|0	0|0	0|0	0|0	0|0	0|0	0|0	0|0	0|0	0|0	0|0	0|0	0|0	0|0	0|0	0|0	0|0	0|0	1|1	0|0	0|0	0|0	0|0	0|0	0|0	0|0	0|0	0|0	0|0	0|0	0|0	0|0	0|0	0|0	0|0	0|0	0|0	1|1	0|0	0|0	0|0	0|0	1|0	0|0	0|0	TRUE	2000001	3000000	2000.001
7	3500000.5	11	7:3000001-4000000	Chr_7_3641370	T	C	FALSE	.	.	36	0.9198113207547169	0.08018867924528301	g25292	C|synonymous_variant|LOW|g25292|g25292|transcript|g25292.t2|protein_coding|2/3|c.462A>G|p.Glu154Glu|462/1386|462/1386|154/461||	C|synonymous_variant|LOW|g25292|g25292|transcript|g25292.t1|protein_coding|2/3|c.462A>G|p.Glu154Glu|462/1341|462/1341|154/446||	-19.5675	1.87255e-8	3.4118	FlowerDays_2025	NA	GT	0|0	0|0	0|0	0|0	0|0	0|0	0|1	0|0	1|0	0|0	0|0	0|0	1|0	0|0	0|0	0|0	0|0	0|0	0|0	0|0	0|0	0|0	0|0	0|0	0|0	0|0	0|0	0|0	0|0	0|0	0|0	1|0	0|0	0|0	0|0	0|0	0|0	0|0	0|0	0|0	0|1	0|0	0|0	1|0	0|1	0|1	0|0	0|0	0|0	0|0	0|0	0|0	0|0	0|0	0|0	0|0	0|0	0|0	0|0	0|0	0|0	0|0	0|0	0|0	0|0	0|0	0|1	0|1	0|0	0|0	0|0	0|0	0|0	0|0	0|0	0|0	0|0	0|0	0|0	0|0	0|0	0|0	0|0	0|0	0|0	0|0	1|0	0|0	0|0	0|0	0|0	0|0	0|1	0|0	0|0	0|0	0|0	0|0	1|0	0|0	0|0	0|0	0|0	0|0	0|0	0|0	0|0	0|0	0|0	0|0	0|0	0|0	0|0	0|0	0|1	0|1	0|0	1|0	0|0	0|0	0|0	1|0	0|0	0|0	0|0	0|0	0|0	0|0	0|0	0|0	0|0	0|0	0|0	0|1	0|0	0|0	0|0	0|0	0|0	0|0	0|0	1|0	0|0	0|0	0|0	0|0	0|0	0|0	0|0	0|0	0|0	0|1	0|0	0|0	0|0	1|0	0|0	1|0	0|0	0|0	0|0	0|0	0|0	0|0	0|0	0|0	0|0	0|0	0|0	0|0	0|0	0|0	0|0	0|0	0|0	0|0	0|1	0|0	0|0	0|0	0|0	0|0	0|0	0|0	1|1	1|0	0|0	0|0	0|0	0|0	0|0	0|0	0|0	0|0	1|0	0|0	0|0	0|0	0|0	0|0	0|0	0|1	0|0	0|0	0|0	0|0	0|0	0|0	1|0	0|0	0|0	0|0	0|0	0|0	0|0	0|0	0|0	1|0	0|0	0|0	0|0	0|0	0|0	0|0	0|1	0|0	0|0	1|0	0|0	1|0	0|0	1|0	0|0	0|0	0|0	0|0	0|0	1|0	0|0	0|0	0|0	0|0	0|0	0|0	0|0	0|0	0|0	0|0	0|0	0|0	0|0	0|0	0|0	1|1	0|0	0|0	0|0	0|0	0|0	0|0	0|0	1|0	0|0	0|0	0|0	0|0	0|0	0|0	0|1	0|0	0|0	0|0	0|0	0|0	0|0	0|0	0|0	1|0	0|0	0|0	0|0	0|0	0|0	0|0	0|0	0|0	1|1	0|0	0|0	0|0	0|0	0|0	0|0	0|0	0|0	0|0	0|0	0|0	0|0	0|0	0|0	0|0	0|0	0|0	0|0	0|0	0|0	0|0	0|0	0|0	0|0	0|0	0|0	0|0	0|0	0|0	0|0	0|0	0|0	0|0	0|0	0|0	0|0	0|0	0|0	0|0	1|0	0|0	1|1	0|0	1|1	0|0	0|0	1|1	0|0	0|0	1|0	0|0	0|0	0|0	0|0	1|0	0|0	0|0	0|0	0|0	0|0	0|0	0|0	0|1	0|1	0|0	0|0	0|0	0|0	0|0	0|0	0|0	0|0	0|0	0|0	0|0	0|0	0|0	0|0	0|0	0|0	0|0	0|0	0|0	0|0	0|0	0|0	0|0	1|0	0|0	0|0	0|0	0|0	0|0	0|1	0|0	0|0	1|0	0|0	0|0	0|0	0|0	0|0	0|0	0|0	0|0	0|0	0|0	1|0	0|0	0|0	0|0	0|0	0|0	0|0	1|0	1|0	0|0	0|0	0|1	0|0	0|0	0|0	0|0	0|0	0|0	0|0	0|1	0|0	1|0	0|0	1|1	0|0	0|1	0|0	1|0	1|1	0|0	TRUE	3000001	4000000	3000.001
7	3500000.5	11	7:3000001-4000000	Chr_7_3862637	G	A	FALSE	.	.	38	0.8443396226415094	0.15566037735849056	g25313	A|upstream_gene_variant|MODIFIER|g25313|g25313|transcript|g25313.t1|protein_coding||c.-861C>T|||||861|	A|upstream_gene_variant|MODIFIER|g25314|g25314|transcript|g25314.t1|protein_coding||c.-1399G>A|||||1399|,A|upstream_gene_variant|MODIFIER|g25315|g25315|transcript|g25315.t1|protein_coding||c.-4946G>A|||||4946|,A|upstream_gene_variant|MODIFIER|g25313|g25313|transcript|g25313.t2|protein_coding||c.-4563C>T|||||4563|,A|intergenic_region|MODIFIER|g25313-g25314|g25313-g25314|intergenic_region|g25313-g25314|||n.3862637G>A||||||	13.6169	1.85026e-8	2.37335	FlowerDays_2025	NA	GT	0|1	0|1	0|0	0|0	0|0	0|0	0|0	0|0	0|0	0|0	0|0	0|0	1|0	0|1	0|0	0|0	0|1	0|0	0|0	0|0	0|1	0|0	0|0	0|1	0|0	0|0	0|0	0|1	0|0	0|0	0|0	0|1	0|1	0|1	0|0	0|1	0|0	0|0	0|0	0|0	0|0	0|1	0|0	0|0	1|0	0|1	0|0	0|0	0|0	0|0	0|0	0|0	0|0	0|0	0|1	0|0	0|0	1|1	0|0	0|0	0|0	0|1	0|1	0|0	0|0	0|0	0|0	0|0	0|0	1|1	0|0	0|0	0|0	1|0	0|0	0|0	0|0	0|0	1|0	0|0	0|0	0|0	0|0	0|0	1|0	0|0	0|0	1|1	0|0	0|0	0|0	1|0	0|0	0|0	0|1	0|0	0|0	0|0	0|0	0|0	0|0	0|0	0|0	1|1	1|1	0|0	0|0	0|0	0|0	0|1	0|0	0|0	0|0	0|0	1|1	0|1	1|0	0|0	0|0	0|0	0|0	1|0	1|0	0|0	0|1	0|0	0|0	1|0	0|0	0|0	0|1	0|0	0|0	0|1	1|0	0|0	0|0	0|0	0|0	0|0	1|0	0|1	0|0	0|1	0|0	0|0	0|0	0|0	0|1	1|1	0|0	0|0	0|1	0|0	0|1	0|1	0|0	0|0	0|0	0|0	0|0	0|0	0|1	0|0	1|1	0|0	0|0	0|1	0|0	0|0	0|0	0|0	0|1	1|0	0|0	0|0	0|0	0|0	1|0	0|0	0|0	0|0	0|1	0|1	0|0	0|1	0|0	0|0	0|0	0|0	0|0	0|0	0|0	0|0	0|0	1|0	0|0	1|1	0|0	0|0	0|0	0|0	1|0	0|1	0|0	0|1	0|0	0|0	0|0	0|0	0|0	0|0	0|0	0|0	0|0	0|0	0|0	0|0	1|1	1|1	0|0	1|1	0|1	0|0	0|0	0|0	0|0	0|0	0|0	0|0	0|0	1|0	0|0	0|0	1|1	1|1	1|0	0|1	0|0	0|0	0|0	0|0	0|0	1|1	0|0	0|0	1|0	1|0	0|0	0|0	0|0	0|0	0|0	0|0	0|0	0|0	0|0	1|1	0|1	1|0	0|0	1|0	0|0	1|0	0|1	0|1	0|0	0|0	0|0	0|0	0|0	0|0	0|0	0|1	0|0	0|0	0|0	0|0	0|0	1|1	1|1	0|0	0|0	1|0	0|0	0|0	1|0	0|0	1|0	0|0	0|0	0|0	0|0	0|0	0|0	0|0	0|0	0|0	0|0	0|0	0|0	0|0	0|0	0|0	0|0	0|0	0|0	0|0	0|0	0|0	0|0	0|0	0|0	0|0	0|0	0|0	0|0	0|0	0|0	0|0	0|0	0|0	0|1	0|0	0|0	0|0	0|0	0|0	1|0	0|0	0|0	0|0	0|0	0|0	0|0	0|0	0|0	1|1	0|0	1|1	1|1	0|0	0|0	0|0	0|0	0|0	0|0	0|0	0|0	1|0	0|0	0|0	0|0	0|0	1|0	1|0	0|0	0|0	0|0	0|0	0|0	0|0	0|0	0|0	0|0	0|0	0|0	0|0	0|0	0|0	0|0	1|0	1|0	0|0	0|1	0|0	1|0	0|0	0|0	0|0	0|0	0|0	1|0	0|0	0|0	0|0	0|0	0|0	0|0	1|0	0|0	0|0	0|0	0|0	0|0	0|0	0|0	1|1	0|0	0|0	0|0	0|0	1|0	0|0	0|0	1|0	1|0	0|1	1|0	0|0	1|0	0|0	0|0	1|0	1|0	0|0	1|0	0|0	0|0	0|0	0|0	0|0	0|0	0|0	TRUE	3000001	4000000	3000.001
7	3500000.5	11	7:3000001-4000000	Chr_7_3864673	G	A	FALSE	.	.	38	0.8691037735849056	0.13089622641509435	g25313	A|upstream_gene_variant|MODIFIER|g25313|g25313|transcript|g25313.t1|protein_coding||c.-2897C>T|||||2897|	A|upstream_gene_variant|MODIFIER|g25315|g25315|transcript|g25315.t1|protein_coding||c.-2910G>A|||||2910|,A|intron_variant|MODIFIER|g25314|g25314|transcript|g25314.t1|protein_coding|1/9|c.4-70G>A||||||	14.741	1.04652e-8	2.52377	FlowerDays_2025	NA	GT	0|1	1|1	0|0	0|0	0|1	0|0	0|0	0|0	0|0	0|0	0|0	0|0	1|0	0|1	0|0	0|0	0|1	0|0	0|0	0|0	0|1	0|0	0|0	0|1	0|0	0|0	0|0	0|1	0|0	1|0	0|0	0|1	0|1	0|0	0|0	0|1	1|0	0|0	0|0	0|0	0|0	0|1	0|0	0|0	0|0	0|0	0|0	0|0	0|0	0|0	0|0	0|0	0|0	0|1	0|1	0|0	0|0	1|1	0|0	0|0	0|0	0|0	0|0	0|0	0|0	0|0	0|0	0|0	0|0	1|1	0|0	0|0	0|0	1|0	0|0	0|0	0|0	0|0	1|0	0|0	0|0	0|0	0|0	0|0	0|0	0|0	0|0	1|1	0|0	0|0	0|0	1|0	0|0	0|0	0|1	0|0	0|0	0|0	0|0	0|0	0|0	0|0	0|0	1|1	0|1	0|0	0|0	0|0	0|0	0|1	0|0	0|0	0|0	0|0	1|1	0|1	0|0	0|0	0|0	0|0	0|0	0|0	1|0	0|0	0|1	0|0	0|0	1|0	0|0	0|0	0|1	0|0	0|0	0|1	1|0	0|0	0|0	0|0	0|0	0|0	1|0	0|0	0|0	0|1	0|0	0|0	0|0	0|0	0|1	1|1	0|0	0|0	0|1	0|0	0|1	0|0	0|0	0|0	0|0	0|0	0|0	0|0	1|0	0|0	0|0	0|0	0|0	0|1	0|0	0|0	0|0	0|0	0|1	1|0	0|0	0|0	0|0	0|0	1|0	0|0	0|0	0|0	0|1	0|0	0|0	0|1	0|0	0|0	0|0	0|0	0|0	0|0	0|0	0|0	0|0	1|0	0|0	1|1	0|0	0|0	0|0	0|0	1|0	0|1	0|0	0|0	0|0	0|0	0|0	0|0	0|0	0|0	0|0	0|0	0|0	0|0	0|0	0|0	1|1	1|0	0|0	1|1	0|0	0|0	0|0	0|0	0|0	0|0	0|0	0|0	0|0	1|0	0|0	0|0	1|1	1|1	1|0	0|1	0|0	0|0	0|0	0|0	0|0	1|0	0|0	0|0	1|0	1|0	0|0	0|0	0|0	0|0	0|0	0|0	0|0	0|0	0|0	1|1	0|1	1|0	0|0	0|0	0|0	1|0	0|1	0|0	0|0	0|0	0|0	0|0	0|0	0|0	0|0	0|1	0|0	0|0	0|0	0|0	0|0	1|1	1|1	0|0	0|0	1|0	0|0	0|0	0|0	0|0	1|0	0|0	0|0	0|0	0|0	0|0	0|0	0|0	0|0	0|0	0|0	0|0	0|1	0|0	0|0	0|0	0|0	0|0	0|0	0|0	0|0	0|0	0|0	0|0	0|0	0|0	0|0	0|0	0|0	0|0	0|0	0|0	0|0	0|0	0|1	0|0	0|0	0|0	0|0	0|0	0|0	0|0	0|0	0|0	0|0	0|0	0|0	0|0	0|0	1|1	0|0	0|0	1|1	0|0	0|0	0|0	0|0	0|0	0|0	0|0	0|0	1|0	0|0	0|0	0|0	0|0	1|0	1|0	0|0	0|0	0|0	0|0	0|0	0|0	0|0	0|0	0|0	0|0	0|0	0|0	0|0	0|0	0|0	1|0	1|0	0|0	0|1	0|0	1|0	0|0	0|0	0|0	0|0	0|0	1|0	0|0	0|0	0|0	0|0	0|0	0|0	1|0	0|0	0|0	0|0	0|0	0|0	0|0	0|0	1|1	0|0	0|0	0|0	0|0	0|0	0|0	0|0	0|0	1|0	0|1	1|0	0|0	1|0	0|0	0|0	0|0	1|0	0|0	1|0	0|0	0|0	0|0	0|0	0|0	0|0	0|0	TRUE	3000001	4000000	3000.001
7	3500000.5	11	7:3000001-4000000	Chr_7_3867071	C	T	FALSE	.	.	38	0.8797169811320755	0.12028301886792453	g25315	T|upstream_gene_variant|MODIFIER|g25315|g25315|transcript|g25315.t1|protein_coding||c.-512C>T|||||512|	T|upstream_gene_variant|MODIFIER|g25316|g25316|transcript|g25316.t1|protein_coding||c.-3234C>T|||||3234|,T|intron_variant|MODIFIER|g25314|g25314|transcript|g25314.t1|protein_coding|9/9|c.602+50C>T||||||	14.8908	2.03617e-8	2.60333	FlowerDays_2025	NA	GT	0|1	0|1	0|0	0|0	0|0	0|0	0|0	0|0	0|0	0|0	0|0	0|0	1|0	0|1	0|0	0|0	0|1	0|0	0|0	0|0	0|1	0|0	0|0	0|1	0|0	0|0	0|0	0|1	0|0	0|0	0|0	0|1	0|1	0|1	0|0	0|1	0|0	0|0	0|0	0|0	0|0	0|1	0|0	0|0	0|0	0|0	0|0	0|0	0|0	0|0	0|0	0|0	0|0	0|0	0|1	0|0	0|0	1|1	0|0	0|0	0|0	0|0	0|0	0|0	0|0	0|0	0|0	0|0	0|0	1|1	0|0	0|0	0|0	1|0	0|0	0|0	0|0	0|0	1|0	0|0	0|0	0|0	0|0	0|0	0|0	0|0	0|0	1|1	0|0	0|0	0|0	1|0	0|0	0|0	0|1	0|0	0|0	0|0	0|0	0|0	0|0	0|0	0|0	1|1	0|1	0|0	0|0	0|0	0|0	0|1	0|0	0|0	0|0	0|0	1|1	0|1	0|0	0|0	0|0	0|0	0|0	0|0	1|0	0|0	0|1	0|0	0|0	1|0	0|0	0|0	0|1	0|0	0|0	0|1	1|0	0|0	0|0	0|0	0|0	0|0	1|0	0|0	0|0	0|1	0|0	0|0	0|0	0|0	0|1	1|1	0|0	0|0	0|1	0|0	0|1	0|0	0|0	0|0	0|0	0|0	0|0	0|0	0|0	0|0	0|0	0|0	0|0	0|0	0|0	0|0	0|0	0|0	0|1	1|0	0|0	0|0	0|0	0|0	1|0	0|0	0|0	0|0	0|1	0|0	0|0	0|1	0|0	0|0	0|0	0|0	0|0	0|0	0|0	0|0	0|0	0|0	0|0	1|1	0|0	0|0	0|0	0|0	1|0	0|1	0|0	0|0	0|0	0|0	0|0	0|0	0|0	0|0	0|0	0|0	0|0	0|0	0|0	0|0	1|0	1|0	0|0	1|1	0|0	0|0	0|0	0|0	0|0	0|0	0|0	0|0	0|0	1|0	0|0	0|0	1|1	1|1	1|0	0|1	0|0	0|0	0|0	0|0	0|0	0|0	0|0	0|0	1|0	1|0	0|0	0|0	0|0	0|0	0|0	0|0	0|0	0|0	0|0	1|1	0|1	1|0	0|0	0|0	0|0	1|0	0|1	0|0	0|0	0|0	0|0	0|0	0|0	0|0	0|0	0|1	0|0	0|0	0|0	0|0	0|0	1|1	1|1	0|0	0|0	1|0	0|0	0|0	0|0	0|0	1|0	0|0	0|0	0|0	0|0	0|0	0|0	0|0	0|0	0|0	0|0	0|0	0|0	0|0	0|0	0|0	0|0	0|0	0|0	0|0	0|0	0|0	0|0	0|0	0|0	0|0	0|0	0|0	0|0	0|0	0|0	0|0	0|0	0|0	0|1	0|0	0|0	0|0	0|0	0|0	0|0	0|0	0|0	0|0	0|0	0|0	0|0	0|0	0|0	1|1	0|0	0|1	1|1	0|0	0|0	0|0	0|0	0|0	0|0	0|0	0|0	1|0	0|0	0|0	0|0	0|0	1|0	1|0	0|0	0|0	0|0	0|0	0|0	0|0	0|0	0|0	0|0	0|0	0|0	0|0	0|0	0|0	0|0	1|0	1|0	0|0	0|1	0|0	1|0	0|0	0|0	0|0	0|0	0|0	1|0	0|0	0|0	0|0	0|0	0|0	0|0	1|0	0|0	0|0	0|0	0|0	0|0	0|0	0|0	1|1	0|0	0|0	0|0	0|0	0|0	0|0	0|0	0|0	1|0	0|1	1|0	0|0	1|0	0|0	0|0	0|0	1|0	0|0	1|0	0|0	0|0	0|0	0|0	0|0	0|0	0|0	TRUE	3000001	4000000	3000.001
7	3500000.5	11	7:3000001-4000000	Chr_7_3868655	T	C	TRUE	.	.	38	0.8773584905660378	0.12264150943396226	g25316	C|upstream_gene_variant|MODIFIER|g25316|g25316|transcript|g25316.t1|protein_coding||c.-1650T>C|||||1650|	C|downstream_gene_variant|MODIFIER|g25314|g25314|transcript|g25314.t1|protein_coding||c.*1109T>C|||||1109|,C|intron_variant|MODIFIER|g25315|g25315|transcript|g25315.t1|protein_coding|3/8|c.232-64T>C||||||	15.1699	9.4386e-9	2.58897	FlowerDays_2025	NA	GT	0|1	0|1	0|0	0|0	0|0	0|0	0|0	0|0	0|0	0|0	0|0	0|0	1|0	0|1	0|0	0|0	0|1	0|0	0|0	0|0	0|1	0|0	0|0	0|1	0|0	0|0	0|0	0|1	0|0	0|0	0|0	0|1	0|1	0|1	0|0	0|1	0|0	0|0	0|0	0|0	0|0	0|1	0|0	0|0	0|0	0|0	0|0	0|0	0|0	0|0	0|0	0|0	0|0	0|0	0|1	0|0	0|0	1|1	0|0	0|0	0|0	0|0	0|0	0|0	0|0	0|0	0|0	0|0	0|0	1|1	0|0	0|0	0|0	1|0	0|0	0|0	0|0	0|0	1|0	0|0	0|0	0|0	0|0	0|0	0|0	0|0	0|0	1|1	0|0	0|0	0|0	1|0	0|0	0|0	0|1	0|0	0|0	0|0	0|0	0|0	0|0	0|0	0|0	1|1	0|1	0|0	0|0	0|0	0|0	0|1	0|0	0|0	0|0	0|0	1|1	0|1	0|0	0|0	0|0	0|0	0|0	0|0	1|0	0|0	0|1	0|0	0|0	1|0	0|0	0|0	0|1	0|0	0|0	0|1	1|0	0|0	0|0	0|0	0|0	0|0	1|0	0|0	0|0	0|1	0|0	0|0	0|0	0|0	0|1	1|1	0|0	0|0	0|1	0|0	0|1	0|0	0|0	0|0	0|0	0|0	0|0	0|0	0|0	0|0	0|0	0|0	0|0	0|1	0|0	0|0	0|0	0|0	0|1	1|0	0|0	0|0	0|0	0|0	1|0	0|0	0|0	0|0	0|1	0|0	0|0	0|1	0|0	0|0	0|0	0|0	0|0	0|0	0|0	0|0	0|0	0|0	0|0	1|1	0|0	0|0	0|0	0|0	1|0	0|1	0|0	0|0	0|0	0|0	0|0	0|0	0|0	0|0	0|0	0|0	0|0	0|0	0|0	0|0	1|0	1|0	0|0	1|1	0|0	0|0	0|0	0|0	0|0	0|0	0|0	0|0	0|0	1|0	0|0	0|0	1|1	1|1	1|0	0|1	0|0	0|0	0|0	0|0	0|0	0|1	0|0	0|0	1|0	1|0	0|0	0|0	0|0	0|0	0|0	0|0	0|0	0|0	0|0	1|1	0|1	1|0	0|0	0|0	0|0	1|0	0|1	0|0	0|0	0|0	0|0	0|0	0|0	0|0	0|0	0|1	0|0	0|0	0|0	0|0	0|0	1|1	1|1	0|0	0|0	1|0	0|0	0|0	0|0	0|0	1|0	0|0	0|0	0|0	0|0	0|0	0|0	0|0	0|0	0|0	0|0	0|0	0|0	0|0	0|0	0|0	0|0	0|0	0|0	0|0	0|0	0|0	0|0	0|0	0|0	0|0	0|0	0|0	0|0	0|0	0|0	0|0	0|0	0|0	0|1	0|0	0|0	0|0	0|0	0|0	0|0	0|0	0|0	0|0	0|0	0|0	0|0	0|0	0|0	1|1	0|0	0|1	1|1	0|0	0|0	0|0	0|0	0|0	0|0	0|0	0|0	1|0	0|0	0|0	0|0	0|0	1|0	1|0	0|0	0|0	0|0	0|0	0|0	0|0	0|0	0|0	0|0	0|0	0|0	0|0	0|0	0|0	0|0	1|0	1|0	0|0	0|1	0|0	1|0	0|0	0|0	0|0	0|0	0|0	1|0	0|0	0|0	0|0	0|0	0|0	0|0	1|0	0|0	0|0	0|0	0|0	0|0	0|0	0|0	1|1	0|0	0|0	0|0	0|0	0|0	0|0	0|0	0|0	1|0	0|1	1|0	0|0	1|0	0|0	0|0	0|0	1|0	0|0	1|0	0|0	0|0	0|0	0|0	0|0	0|0	0|0	TRUE	3000001	4000000	3000.001
8	4500000.5	12	8:4000001-5000000	Chr_8_4859112	C	T	FALSE	.	.	48	0.7464622641509434	0.2535377358490566	g28509	T|downstream_gene_variant|MODIFIER|g28509|g28509|transcript|g28509.t1|protein_coding||c.*977C>T|||||977|	T|intergenic_region|MODIFIER|g28509-g28510|g28509-g28510|intergenic_region|g28509-g28510|||n.4859112C>T||||||	-11.3971	1.22922e-8	1.96103	FlowerDays_2025	NA	GT	0|0	1|0	1|0	0|0	0|1	0|1	0|0	0|0	0|0	1|1	0|1	0|0	0|0	1|1	0|1	0|0	0|0	0|0	0|0	0|0	0|0	0|0	1|0	0|0	0|0	0|1	0|0	1|0	1|0	0|1	0|0	0|0	1|0	0|0	0|0	0|0	0|0	0|0	0|1	0|1	0|0	1|0	0|0	0|0	0|0	0|1	0|1	0|0	1|0	0|1	1|0	0|0	0|0	0|0	0|0	0|0	1|0	0|0	0|0	0|0	0|0	0|1	0|1	0|0	0|0	0|1	0|0	1|1	0|0	0|0	0|0	0|0	1|0	0|0	1|1	0|1	0|0	0|0	0|1	1|0	1|0	0|0	0|1	0|0	0|1	0|0	1|1	0|0	0|0	0|1	0|0	0|0	0|0	0|0	0|0	0|0	1|0	0|0	0|1	0|1	1|1	1|0	0|1	0|0	0|0	0|0	0|1	0|1	0|0	1|1	0|1	0|1	0|0	1|1	0|0	0|0	0|0	0|0	1|1	0|0	1|0	1|0	0|1	0|0	0|0	0|0	0|0	0|0	0|0	0|0	0|0	1|1	1|0	0|0	0|0	0|0	0|0	0|0	0|1	1|1	0|0	0|0	0|1	1|0	0|0	0|0	1|0	0|0	0|0	0|0	1|1	0|0	0|0	0|0	1|0	0|0	1|0	0|0	0|0	1|0	1|1	0|0	0|0	0|0	0|1	0|0	0|1	0|0	0|0	0|0	1|0	0|0	1|1	0|0	0|0	0|1	0|1	1|1	1|0	0|0	0|0	1|1	0|0	0|0	0|1	0|0	0|0	1|0	1|0	0|1	0|1	1|1	0|1	0|0	0|0	1|0	0|0	0|0	0|0	0|0	0|0	0|0	0|0	0|0	1|0	0|0	0|0	0|0	0|0	1|0	1|0	0|0	0|0	0|1	1|0	0|1	0|0	0|1	0|0	0|0	0|0	0|0	0|0	0|0	0|0	0|0	0|0	0|0	1|0	0|0	0|0	0|0	0|0	1|1	0|0	0|0	0|0	0|0	1|1	0|1	0|0	0|1	0|0	1|0	0|0	0|0	0|0	0|0	1|1	0|1	0|1	0|0	0|0	0|0	0|0	1|0	1|0	0|0	0|0	1|0	0|0	0|0	0|0	0|0	0|0	1|0	0|0	0|1	0|1	1|1	0|0	1|1	1|0	0|0	0|1	0|0	0|1	0|1	1|1	0|0	0|0	0|0	0|0	1|0	0|0	0|0	1|0	1|0	0|0	1|0	0|1	0|0	1|0	0|0	0|0	0|1	0|0	1|0	1|0	1|0	0|1	0|1	0|0	1|1	1|1	0|0	0|1	0|0	1|0	0|0	0|0	1|0	0|0	0|1	1|1	0|1	0|0	1|1	0|0	0|0	0|1	0|0	0|0	0|0	0|0	1|0	0|0	0|0	1|1	0|0	0|0	1|1	1|0	1|0	0|0	1|1	0|0	1|0	0|0	0|0	0|0	0|0	1|1	1|1	0|0	0|0	1|0	0|0	1|0	1|1	0|0	0|1	0|1	0|0	0|0	0|0	0|1	0|0	0|1	0|0	0|1	0|0	1|1	0|1	0|0	0|1	1|1	1|0	0|0	0|0	0|0	1|0	0|0	1|0	0|0	1|0	0|0	1|1	0|1	0|0	0|0	0|0	0|0	0|0	0|0	0|0	1|1	1|0	0|0	0|0	1|0	0|0	1|0	0|1	1|0	0|0	0|0	0|1	0|0	0|0	0|0	0|0	1|1	0|0	0|0	0|0	0|0	0|0	0|0	0|0	0|1	1|1	0|0	0|0	0|0	0|0	0|0	0|0	1|1	1|1	0|0	1|0	0|1	0|0	TRUE	4000001	5000000	4000.001
8	4500000.5	12	8:4000001-5000000	Chr_8_4874025	T	C	FALSE	.	.	48	0.8207547169811321	0.1792452830188679	g28511	C|downstream_gene_variant|MODIFIER|g28511|g28511|transcript|g28511.t1|protein_coding||c.*2710A>G|||||2710|	C|intron_variant|MODIFIER|g28510|g28510|transcript|g28510.t1|protein_coding|1/3|c.2012+61T>C||||||	-14.1172	9.39594e-9	2.40897	FlowerDays_2025	NA	GT	0|0	1|0	0|0	0|0	0|1	0|0	0|0	0|0	0|0	1|0	0|1	0|0	0|0	1|0	0|1	0|0	0|0	0|0	0|0	0|0	0|0	0|0	1|0	0|0	0|0	0|1	0|0	0|0	0|0	0|0	0|0	0|0	1|0	0|0	0|0	0|0	0|0	0|0	0|1	0|1	0|0	0|1	0|0	0|0	0|0	0|1	0|1	0|0	1|0	0|0	1|0	0|0	0|0	0|0	0|0	0|0	1|0	0|0	0|0	1|0	0|0	0|0	0|1	0|0	0|0	0|1	0|0	0|0	0|0	0|0	0|0	0|0	1|0	0|0	1|0	0|1	0|0	0|0	0|1	1|0	0|0	0|0	0|1	0|0	0|0	0|0	0|1	0|0	0|0	0|1	0|0	0|0	0|0	0|0	0|0	0|0	1|0	0|0	0|1	0|1	1|1	1|0	0|1	0|0	0|0	0|0	0|1	0|1	0|0	1|0	0|1	0|1	1|0	1|1	0|0	0|1	0|0	0|0	0|1	0|0	0|0	1|0	0|0	0|0	0|0	0|0	0|0	0|0	0|0	0|0	0|0	1|1	1|0	0|0	0|0	0|0	0|0	0|0	0|1	0|1	0|0	0|0	0|1	0|0	1|0	0|0	0|0	0|1	0|0	0|0	1|0	0|0	0|0	0|0	0|1	0|0	0|0	0|0	0|0	1|0	0|1	0|0	0|0	0|0	0|0	0|0	0|1	0|0	0|0	0|0	0|0	0|0	0|1	0|0	0|0	0|0	0|1	0|1	0|0	0|0	0|0	0|0	0|0	0|0	0|0	0|0	0|0	1|0	1|0	0|0	0|0	0|1	0|1	0|0	0|0	1|0	0|0	0|0	0|0	0|0	0|0	0|0	0|1	0|0	0|0	0|0	0|0	0|0	0|0	0|0	1|0	0|0	0|0	0|0	0|0	0|0	0|0	1|0	0|1	0|0	0|0	0|0	0|0	0|0	0|0	0|0	0|0	0|0	1|0	0|0	0|0	1|0	0|0	0|0	0|0	0|0	0|0	0|0	1|1	0|1	0|0	0|1	0|0	0|0	0|0	0|0	0|0	0|0	0|0	0|0	0|1	0|0	0|0	0|0	0|0	1|0	1|0	0|0	0|0	1|0	0|0	0|0	0|0	0|0	0|0	1|0	0|0	0|1	0|1	1|1	0|0	0|0	1|0	0|0	0|0	0|0	0|1	0|1	0|0	0|1	0|0	0|0	0|0	1|0	0|0	0|0	1|0	0|0	1|0	1|0	0|0	0|0	1|0	0|0	0|0	0|1	0|0	1|0	1|0	1|0	0|0	0|0	0|0	0|1	0|0	0|0	1|0	0|0	1|0	0|0	0|0	1|0	0|0	0|1	1|1	0|1	0|0	0|0	0|0	0|0	0|1	0|1	0|0	0|0	0|0	1|0	0|0	0|0	1|1	0|0	0|0	0|0	1|0	1|0	0|0	1|1	0|0	1|0	0|0	0|0	0|0	0|0	1|0	1|0	0|0	0|0	1|0	0|0	0|0	1|1	0|0	0|1	0|1	0|0	0|0	0|0	0|1	0|0	1|0	0|0	0|1	0|0	0|0	0|0	0|0	0|1	1|0	1|0	0|0	1|0	0|0	1|0	0|0	1|0	0|0	1|0	0|0	1|1	0|1	0|0	0|0	0|0	0|0	0|0	0|0	0|0	0|0	1|0	0|0	0|0	1|0	0|0	1|0	0|1	0|0	0|0	0|0	0|0	0|1	0|0	0|0	0|0	1|1	0|0	0|0	0|0	0|0	0|0	0|0	0|0	0|1	1|1	0|0	0|0	0|0	0|0	0|0	0|0	1|1	1|0	0|0	1|0	0|1	0|0	TRUE	4000001	5000000	4000.001
8	4500000.5	12	8:4000001-5000000	Chr_8_4877009	T	G	FALSE	.	.	48	0.6745283018867925	0.32547169811320753	g28511	G|missense_variant|MODERATE|g28511|g28511|transcript|g28511.t1|protein_coding|9/9|c.1667A>C|p.Tyr556Ser|1667/1941|1667/1941|556/646||	G|downstream_gene_variant|MODIFIER|g28510|g28510|transcript|g28510.t1|protein_coding||c.*1102T>G|||||1102|	-10.2411	4.75245e-8	1.84099	FlowerDays_2025	NA	GT	1|0	1|0	1|0	0|1	0|1	1|0	0|0	0|0	0|0	1|1	0|1	0|0	0|0	1|0	0|1	0|0	0|0	0|0	0|1	0|0	0|0	0|0	1|0	0|0	0|0	0|1	0|0	1|1	1|0	0|0	0|0	0|0	1|0	0|1	0|0	1|0	0|0	0|0	0|1	0|1	0|0	1|1	0|0	0|0	0|0	0|1	0|1	0|0	0|0	0|1	1|0	0|0	0|0	0|0	1|0	0|0	0|0	0|0	0|0	1|0	0|0	0|1	0|1	0|0	0|0	0|1	1|1	1|1	0|0	0|0	1|0	0|0	1|0	0|0	1|0	0|1	0|0	0|0	1|1	1|0	1|0	0|0	0|1	0|0	0|1	0|0	1|1	0|0	0|0	0|1	0|0	0|1	0|0	0|0	0|0	0|1	1|0	0|0	0|1	0|1	1|1	1|0	1|1	0|0	0|0	0|0	0|1	0|1	0|0	1|0	0|1	0|1	1|0	1|1	0|0	1|1	0|0	1|0	1|1	0|0	1|0	1|0	1|0	0|0	0|0	0|0	0|1	1|0	0|0	0|1	0|0	1|1	1|1	0|0	1|0	0|0	0|0	0|0	0|0	1|0	0|0	0|0	0|1	0|0	1|0	0|0	0|0	1|1	0|0	0|0	1|1	0|0	1|0	0|0	1|1	0|0	1|0	0|0	0|0	1|0	0|1	0|0	1|0	0|0	0|0	1|0	0|1	0|0	0|0	0|0	0|0	0|0	1|1	1|0	0|0	0|0	0|1	1|1	1|0	0|0	0|0	1|1	0|0	0|0	0|1	1|0	0|0	1|0	1|0	0|1	0|1	0|1	0|1	0|0	0|0	1|0	0|0	0|0	0|0	1|0	0|0	0|0	0|1	0|0	1|0	1|0	0|0	0|0	0|0	0|0	1|0	0|0	0|0	0|0	1|0	0|1	0|0	1|1	0|1	0|0	0|0	0|0	0|0	0|0	1|0	0|0	0|0	1|0	1|1	0|0	0|0	1|1	0|0	1|1	0|0	1|0	1|0	0|0	1|0	0|1	0|0	0|1	0|0	0|0	0|0	0|0	0|1	0|0	1|1	0|1	1|1	1|0	0|0	0|0	0|1	0|0	1|0	0|0	0|0	1|0	0|0	0|0	0|0	0|0	1|0	1|0	0|0	0|1	0|1	1|1	0|0	1|1	1|1	0|0	0|1	0|0	0|1	0|1	1|0	1|1	0|0	0|1	0|0	1|0	0|1	0|0	1|0	1|0	1|0	1|0	0|0	0|0	1|0	0|0	0|0	0|1	0|0	1|0	1|0	1|0	0|0	0|1	0|0	0|0	1|1	0|0	1|1	0|0	1|0	0|0	0|1	1|1	0|0	0|1	1|1	0|1	1|0	1|1	0|0	0|0	1|1	1|1	0|0	0|0	0|0	1|1	0|0	0|1	1|1	0|0	0|0	1|1	1|0	1|0	0|0	1|1	0|0	1|0	0|0	0|0	0|0	0|0	1|0	1|1	0|0	1|0	1|0	0|0	1|1	1|1	1|1	0|1	1|1	1|0	0|0	1|0	0|1	1|0	1|0	0|0	0|0	0|1	1|1	0|0	0|0	1|1	1|1	1|0	0|0	1|0	1|0	1|1	1|0	1|0	0|0	1|0	0|0	1|1	0|1	0|0	1|0	0|1	0|0	0|0	0|0	0|0	1|1	1|0	0|1	0|0	1|0	0|0	1|0	0|1	1|0	0|0	0|0	1|1	0|1	1|1	0|0	0|0	1|1	0|0	0|0	0|0	0|0	1|1	0|0	0|0	0|1	1|1	0|0	0|0	0|0	0|0	0|0	0|0	1|1	1|1	0|0	1|0	0|1	0|0	TRUE	4000001	5000000	4000.001
8	4500000.5	12	8:4000001-5000000	Chr_8_4877155	A	T	FALSE	.	.	48	0.7358490566037736	0.2641509433962264	g28511	T|synonymous_variant|LOW|g28511|g28511|transcript|g28511.t1|protein_coding|9/9|c.1521T>A|p.Ser507Ser|1521/1941|1521/1941|507/646||	T|downstream_gene_variant|MODIFIER|g28510|g28510|transcript|g28510.t1|protein_coding||c.*1248A>T|||||1248|	-11.3607	1.8996e-8	1.98177	FlowerDays_2025	NA	GT	1|0	1|0	1|0	0|0	0|1	0|0	0|0	0|0	0|0	1|1	0|1	0|0	0|0	1|0	0|1	0|0	0|0	0|0	0|0	0|0	0|0	0|0	1|0	0|0	0|0	0|1	0|0	1|0	1|0	0|1	0|0	0|0	1|0	0|1	0|0	0|0	0|0	0|0	0|1	0|1	0|0	1|1	0|0	0|0	0|0	0|1	0|1	0|0	1|0	0|1	1|0	0|0	0|1	0|0	0|0	0|0	1|0	0|0	0|0	1|1	0|0	0|0	0|1	0|0	0|0	0|1	0|0	1|1	0|0	0|0	0|0	0|0	1|1	0|0	1|0	0|1	0|0	0|0	0|1	1|0	1|0	0|0	0|1	0|0	0|1	0|0	1|1	0|0	0|0	0|1	0|0	0|0	0|0	0|0	0|0	0|0	1|0	0|0	0|1	0|1	1|1	1|0	0|1	0|0	0|0	0|0	0|1	0|1	0|0	1|0	0|1	0|1	1|0	1|1	0|0	0|1	0|0	0|0	1|1	0|0	1|0	1|0	1|0	0|0	0|0	0|0	0|0	1|0	0|0	0|0	0|0	1|1	1|0	0|0	0|0	0|0	0|0	0|0	0|0	1|0	0|0	0|0	0|1	1|0	1|0	0|0	0|0	0|1	0|0	0|0	1|1	0|0	1|0	0|0	1|1	0|0	1|0	0|0	0|0	1|0	0|1	0|0	1|0	0|0	0|1	0|0	0|1	0|0	0|0	0|0	1|0	0|0	1|1	0|0	0|0	0|0	0|1	1|1	1|0	0|0	0|0	1|1	0|0	0|0	0|1	0|1	0|0	1|0	1|0	1|1	0|1	0|1	0|1	0|0	0|0	1|0	0|0	0|0	0|0	0|0	0|0	0|0	0|1	0|0	1|0	0|0	0|0	0|0	0|0	0|0	1|0	0|0	0|0	0|0	1|0	0|1	0|0	1|0	0|1	0|0	0|0	0|0	0|0	0|0	0|0	0|0	0|1	0|0	1|0	0|0	0|0	1|0	0|0	1|1	0|0	0|0	0|0	0|0	1|1	0|1	0|0	0|1	0|0	1|0	0|0	0|0	0|0	0|0	1|1	0|1	0|1	0|0	0|0	0|1	0|0	1|0	1|0	0|0	0|0	1|0	0|0	0|0	0|0	0|0	0|0	1|0	0|0	0|1	0|1	1|1	0|0	1|1	1|0	0|0	0|1	0|0	0|1	0|1	1|0	0|1	0|0	0|0	0|0	1|0	0|0	0|0	1|0	0|0	1|0	1|0	0|0	0|0	1|0	0|0	0|0	0|1	0|0	1|0	1|0	1|0	0|1	0|1	0|0	0|0	1|1	0|0	1|1	0|0	1|0	0|0	0|0	1|0	0|0	0|1	1|1	0|1	0|0	1|1	0|0	0|0	0|1	0|1	0|0	0|0	0|0	1|0	0|0	0|0	1|1	0|0	0|0	1|1	1|0	1|0	0|0	1|1	0|0	1|0	0|0	0|0	0|0	0|0	1|0	1|1	0|0	0|0	1|0	0|0	1|0	1|1	0|0	0|1	0|1	0|0	0|0	0|0	0|1	0|0	1|0	0|0	0|1	0|0	1|1	0|1	0|0	0|1	1|1	1|0	0|0	1|0	0|0	1|0	0|0	1|0	0|0	1|0	0|0	1|1	0|1	0|0	0|0	0|0	0|0	0|0	0|0	0|0	1|1	1|0	0|0	0|0	1|0	0|0	1|0	0|1	1|0	0|0	0|0	0|1	0|1	0|0	0|0	0|0	1|1	0|0	0|0	0|0	0|0	0|0	0|0	0|0	0|1	1|1	0|0	0|0	0|0	0|0	0|0	0|0	1|1	1|1	0|0	1|0	0|1	0|0	TRUE	4000001	5000000	4000.001
8	4500000.5	12	8:4000001-5000000	Chr_8_4877206	G	A	FALSE	.	.	48	0.8219339622641509	0.17806603773584906	g28511	A|synonymous_variant|LOW|g28511|g28511|transcript|g28511.t1|protein_coding|9/9|c.1470C>T|p.Asn490Asn|1470/1941|1470/1941|490/646||	A|downstream_gene_variant|MODIFIER|g28510|g28510|transcript|g28510.t1|protein_coding||c.*1299G>A|||||1299|	-13.839	1.84542e-8	2.41185	FlowerDays_2025	NA	GT	0|0	1|0	0|0	0|0	0|1	0|0	0|0	0|0	0|0	1|0	0|1	0|0	0|0	1|0	0|1	0|0	0|0	0|0	0|0	0|0	0|0	0|0	1|0	0|0	0|0	0|1	0|0	0|0	0|0	0|0	0|0	0|0	1|0	0|0	0|0	0|0	0|0	0|0	0|1	0|1	0|0	0|1	0|0	0|0	0|0	0|1	0|1	0|0	1|0	0|0	1|0	0|0	0|0	0|0	0|0	0|0	1|0	0|0	0|0	1|0	0|0	0|0	0|1	0|0	0|0	0|1	0|0	0|0	0|0	0|0	0|0	0|0	1|0	0|0	1|0	0|1	0|0	0|0	0|1	1|0	0|0	0|0	0|1	0|0	0|0	0|0	0|1	0|0	0|0	0|1	0|0	0|0	0|0	0|0	0|0	0|0	1|0	0|0	0|1	0|1	1|1	1|0	0|1	0|0	0|0	0|0	0|1	0|1	0|0	1|0	0|1	0|1	1|0	1|1	0|0	0|1	0|0	0|0	0|1	0|0	0|0	1|0	0|0	0|0	0|0	0|0	0|0	0|0	0|0	0|0	0|0	1|1	1|0	0|0	0|0	0|0	0|0	0|0	0|1	0|0	0|0	0|0	0|1	0|0	1|0	0|0	0|0	0|1	0|0	0|0	1|0	0|0	0|0	0|0	0|1	0|0	0|0	0|0	0|0	1|0	0|1	0|0	0|0	0|0	0|0	0|0	0|1	0|0	0|0	0|0	0|0	0|0	0|1	0|0	0|0	0|0	0|1	0|1	0|0	0|0	0|0	0|0	0|0	0|0	0|0	0|0	0|0	1|0	1|0	0|0	0|0	0|1	0|1	0|0	0|0	1|0	0|0	0|0	0|0	0|0	0|0	0|0	0|1	0|0	0|0	0|0	0|0	0|0	0|0	0|0	1|0	0|0	0|0	0|0	0|0	0|0	0|0	1|0	0|1	0|0	0|0	0|0	0|0	0|0	0|0	0|0	0|0	0|0	1|0	0|0	0|0	1|0	0|0	0|0	0|0	0|0	0|0	0|0	1|1	0|1	0|0	0|1	0|0	0|0	0|0	0|0	0|0	0|0	0|0	0|0	0|1	0|0	0|0	0|0	0|0	1|0	1|0	0|0	0|0	1|0	0|0	0|0	0|0	0|0	0|0	1|0	0|0	0|1	0|1	1|1	0|0	0|0	1|0	0|0	0|0	0|0	0|1	0|1	0|0	0|1	0|0	0|0	0|0	1|0	0|0	0|0	1|0	0|0	1|0	1|0	0|0	0|0	1|0	0|0	0|0	0|1	0|0	1|0	1|0	1|0	0|0	0|0	0|0	0|0	0|0	0|0	1|0	0|0	1|0	0|0	0|0	1|0	0|0	0|1	1|1	0|1	0|0	0|0	0|0	0|0	0|1	0|1	0|0	0|0	0|0	1|0	0|0	0|0	1|1	0|0	0|0	0|0	1|0	1|0	0|0	1|1	0|0	1|0	0|0	0|0	0|0	0|0	1|0	1|0	0|0	0|0	1|0	0|0	0|0	1|1	0|0	0|1	0|1	0|0	0|0	0|0	0|1	0|0	1|0	0|0	0|1	0|0	0|0	0|0	0|0	0|1	1|0	1|0	0|0	1|0	0|0	1|0	0|0	1|0	0|0	1|0	0|0	1|1	0|1	0|0	0|0	0|0	0|0	0|0	0|0	0|0	0|0	1|0	0|0	0|0	1|0	0|0	1|0	0|1	1|0	0|0	0|0	0|0	0|1	0|0	0|0	0|0	1|1	0|0	0|0	0|0	0|0	0|0	0|0	0|0	0|1	1|1	0|0	0|0	0|0	0|0	0|0	0|0	1|1	1|0	0|0	1|0	0|1	0|0	TRUE	4000001	5000000	4000.001
8	4500000.5	12	8:4000001-5000000	Chr_8_4877708	T	G	FALSE	.	.	48	0.7558962264150944	0.24410377358490565	g28510	G|downstream_gene_variant|MODIFIER|g28510|g28510|transcript|g28510.t1|protein_coding||c.*1801T>G|||||1801|	G|intron_variant|MODIFIER|g28511|g28511|transcript|g28511.t1|protein_coding|8/8|c.1360+378A>C||||||	-11.8147	9.0781e-9	2.01395	FlowerDays_2025	NA	GT	0|0	1|0	1|0	0|0	0|1	0|0	0|0	0|0	0|0	1|1	0|1	0|0	0|0	1|0	0|1	0|0	0|0	0|0	0|0	0|0	0|0	0|0	1|0	0|0	0|0	0|1	0|0	1|0	1|0	0|0	0|0	0|0	1|0	0|1	0|0	0|0	0|0	0|0	0|1	0|1	0|0	1|1	0|0	0|0	0|0	0|1	0|1	0|0	1|0	0|1	1|0	0|0	0|0	0|0	0|0	0|0	1|0	0|0	0|0	1|0	0|0	0|0	0|1	0|0	0|0	0|1	0|0	1|1	0|0	0|0	0|0	0|0	1|0	0|0	1|0	0|1	0|0	0|0	0|1	1|0	1|0	0|0	0|1	0|0	0|1	0|0	1|1	0|0	0|0	0|1	0|0	0|0	0|0	0|0	0|0	0|0	1|0	0|0	0|1	0|1	1|1	1|0	0|1	0|0	0|0	0|0	0|1	0|1	0|0	1|0	0|1	0|1	1|0	1|1	0|0	0|1	0|0	0|0	1|1	0|0	1|0	1|0	1|0	0|0	0|0	0|0	0|0	0|0	0|0	0|0	0|0	1|1	1|0	0|0	0|0	0|0	0|0	0|0	0|1	1|0	0|0	0|0	0|1	0|0	1|0	0|0	0|0	0|1	0|0	0|0	1|1	0|0	0|0	0|0	1|1	0|0	1|0	0|0	0|0	1|0	0|1	0|0	0|0	0|0	0|0	0|0	0|1	0|0	0|0	0|0	0|0	0|0	1|1	0|0	0|0	0|0	0|1	1|1	1|0	0|0	0|0	1|1	0|0	0|0	0|1	0|0	0|0	1|0	1|0	0|1	0|1	0|1	0|1	0|0	0|0	1|0	0|0	0|0	0|0	0|0	0|0	0|0	1|1	0|0	1|0	0|0	0|0	0|0	0|0	0|0	1|0	0|0	0|0	0|0	1|0	0|1	0|0	1|0	0|1	0|0	0|0	0|0	0|0	0|0	0|0	0|0	0|0	0|0	1|0	0|0	0|0	1|0	0|0	1|1	0|0	0|0	0|0	0|0	1|1	0|1	0|0	0|1	0|0	0|0	0|0	0|0	0|0	0|0	1|1	0|1	0|1	0|0	0|0	0|0	0|0	0|0	1|0	0|0	0|0	1|0	0|0	0|0	0|0	0|0	0|0	1|0	0|0	0|1	0|1	1|1	0|0	1|1	1|0	0|0	0|1	0|0	0|1	0|1	1|0	0|1	0|0	0|0	0|0	1|0	0|0	0|0	1|0	0|0	1|0	1|0	0|0	0|0	1|0	0|0	0|0	0|1	0|0	1|0	1|0	1|0	0|0	0|1	0|0	0|0	1|1	0|0	1|1	0|0	1|0	0|0	0|0	1|0	0|0	0|1	1|1	0|1	0|0	1|1	0|0	0|0	0|1	0|1	0|0	0|0	0|0	1|0	0|0	0|0	1|1	0|0	0|0	1|1	1|0	1|0	0|0	1|1	0|0	1|0	0|0	0|0	0|0	0|0	1|0	1|1	0|0	0|0	1|0	0|0	1|0	1|1	0|0	0|1	0|1	0|0	0|0	0|0	0|1	0|0	1|0	0|0	0|1	0|0	1|1	0|0	0|0	0|1	1|1	1|0	0|0	1|0	0|0	1|0	0|0	1|0	0|0	1|0	0|0	1|1	0|1	0|0	0|0	0|0	0|0	0|0	0|0	0|0	1|1	1|0	0|0	0|0	1|0	0|0	1|0	0|1	1|0	0|0	0|0	0|1	0|1	0|0	0|0	0|0	1|1	0|0	0|0	0|0	0|0	0|0	0|0	0|0	0|1	1|1	0|0	0|0	0|0	0|0	0|0	0|0	1|1	1|1	0|0	1|0	0|1	0|0	TRUE	4000001	5000000	4000.001
8	4500000.5	12	8:4000001-5000000	Chr_8_4878980	G	A	TRUE	.	.	48	0.4257075471698113	0.5742924528301887	g28511	A|missense_variant|MODERATE|g28511|g28511|transcript|g28511.t1|protein_coding|6/9|c.655C>T|p.Pro219Ser|655/1941|655/1941|219/646||	A|downstream_gene_variant|MODIFIER|g28510|g28510|transcript|g28510.t1|protein_coding||c.*3073G>A|||||3073|	-10.4967	4.23047e-9	1.74877	FlowerDays_2025	NA	GT	0|0	0|0	0|1	1|0	1|0	1|1	1|1	1|1	1|1	0|0	1|0	1|1	1|1	0|0	1|0	1|1	0|0	0|0	1|0	0|1	1|1	1|1	1|0	1|0	1|0	1|0	0|0	0|1	0|0	0|1	1|0	1|1	0|1	1|0	0|0	1|1	1|0	1|1	0|0	1|0	1|1	0|0	1|1	0|1	1|1	1|0	1|0	1|1	0|1	1|0	0|1	1|1	1|1	1|1	1|0	1|1	0|1	1|0	0|1	0|1	1|1	1|1	0|0	1|1	1|0	0|0	1|1	0|0	1|1	1|1	1|0	1|1	0|0	1|1	0|1	0|0	1|1	1|1	1|0	0|1	0|1	0|0	1|0	0|1	1|0	1|0	0|0	1|1	0|1	0|1	1|1	1|1	0|1	1|1	1|0	1|0	0|1	1|1	1|0	1|0	0|0	0|0	1|0	0|1	1|1	1|0	1|0	1|0	0|1	0|0	1|0	1|0	0|1	0|0	1|1	0|0	1|1	1|1	0|0	1|1	0|0	0|1	0|1	1|1	0|1	1|0	1|1	0|1	0|1	0|0	0|0	0|0	0|0	1|1	1|1	1|0	1|1	1|1	1|0	0|1	1|0	0|1	1|0	1|1	0|1	1|1	1|0	1|0	1|0	1|1	0|0	1|1	0|1	0|1	0|0	1|0	0|1	1|1	1|1	0|1	1|0	1|1	0|1	1|1	0|1	0|1	0|0	1|1	1|1	1|1	1|1	0|1	0|0	1|0	1|0	0|1	1|0	0|0	0|1	1|1	0|1	0|0	1|1	1|1	1|0	1|0	1|1	0|0	0|1	1|0	1|0	1|0	1|0	1|1	1|1	0|1	1|0	0|1	1|1	0|1	1|1	1|0	1|0	1|1	0|1	1|0	0|1	1|1	1|1	0|1	0|0	1|1	1|1	1|1	0|1	1|0	1|1	0|1	1|0	1|1	1|1	1|1	1|1	0|1	1|1	1|0	1|1	1|1	0|0	1|1	0|1	0|1	1|1	0|0	1|1	1|1	0|1	1|1	0|0	1|0	1|1	1|0	0|0	1|1	1|1	0|0	1|1	1|1	0|0	1|0	1|0	0|1	0|1	1|1	1|0	0|0	0|0	1|0	1|1	1|1	1|1	0|1	1|1	1|1	1|1	0|1	1|1	1|0	1|1	0|0	1|1	0|0	0|0	1|1	1|0	1|1	1|0	1|0	0|1	1|0	1|0	0|0	1|0	0|1	1|0	1|1	0|0	1|0	0|1	0|1	1|0	0|1	0|0	0|0	1|1	1|0	1|0	0|1	0|1	0|0	1|1	0|0	1|0	1|1	0|0	1|1	0|0	1|1	0|1	1|1	1|1	0|0	1|1	1|0	0|0	1|0	1|1	0|0	1|1	0|0	0|0	1|0	1|1	1|0	1|1	0|0	1|1	1|1	0|0	0|1	1|1	0|0	0|1	0|1	1|1	0|0	1|0	0|0	1|1	0|1	1|1	0|1	0|0	0|0	1|1	1|0	0|1	0|1	0|1	0|0	1|1	0|0	1|1	1|1	1|1	1|1	1|0	1|0	0|1	1|1	0|0	1|1	0|0	1|1	1|1	1|0	0|0	0|1	1|1	0|1	1|1	0|1	1|1	0|1	1|1	0|0	0|1	0|0	0|0	0|0	0|0	1|1	1|0	1|1	1|1	1|0	0|0	0|0	1|0	0|1	0|1	1|0	0|1	1|0	0|1	1|1	1|0	1|0	1|0	1|1	1|1	1|0	0|0	1|1	1|1	0|0	1|1	1|1	1|1	0|0	1|0	0|0	1|1	1|1	1|0	0|1	1|1	0|0	0|0	0|0	0|1	0|1	1|0	1|1	TRUE	4000001	5000000	4000.001
8	4500000.5	12	8:4000001-5000000	Chr_8_4878981	T	A	TRUE	.	.	48	0.4257075471698113	0.5742924528301887	g28511	A|synonymous_variant|LOW|g28511|g28511|transcript|g28511.t1|protein_coding|6/9|c.654A>T|p.Pro218Pro|654/1941|654/1941|218/646||	A|downstream_gene_variant|MODIFIER|g28510|g28510|transcript|g28510.t1|protein_coding||c.*3074T>A|||||3074|	-10.4967	4.23047e-9	1.74877	FlowerDays_2025	NA	GT	0|0	0|0	0|1	1|0	1|0	1|1	1|1	1|1	1|1	0|0	1|0	1|1	1|1	0|0	1|0	1|1	0|0	0|0	1|0	0|1	1|1	1|1	1|0	1|0	1|0	1|0	0|0	0|1	0|0	0|1	1|0	1|1	0|1	1|0	0|0	1|1	1|0	1|1	0|0	1|0	1|1	0|0	1|1	0|1	1|1	1|0	1|0	1|1	0|1	1|0	0|1	1|1	1|1	1|1	1|0	1|1	0|1	1|0	0|1	0|1	1|1	1|1	0|0	1|1	1|0	0|0	1|1	0|0	1|1	1|1	1|0	1|1	0|0	1|1	0|1	0|0	1|1	1|1	1|0	0|1	0|1	0|0	1|0	0|1	1|0	1|0	0|0	1|1	0|1	0|1	1|1	1|1	0|1	1|1	1|0	1|0	0|1	1|1	1|0	1|0	0|0	0|0	1|0	0|1	1|1	1|0	1|0	1|0	0|1	0|0	1|0	1|0	0|1	0|0	1|1	0|0	1|1	1|1	0|0	1|1	0|0	0|1	0|1	1|1	0|1	1|0	1|1	0|1	0|1	0|0	0|0	0|0	0|0	1|1	1|1	1|0	1|1	1|1	1|0	0|1	1|0	0|1	1|0	1|1	0|1	1|1	1|0	1|0	1|0	1|1	0|0	1|1	0|1	0|1	0|0	1|0	0|1	1|1	1|1	0|1	1|0	1|1	0|1	1|1	0|1	0|1	0|0	1|1	1|1	1|1	1|1	0|1	0|0	1|0	1|0	0|1	1|0	0|0	0|1	1|1	0|1	0|0	1|1	1|1	1|0	1|0	1|1	0|0	0|1	1|0	1|0	1|0	1|0	1|1	1|1	0|1	1|0	0|1	1|1	0|1	1|1	1|0	1|0	1|1	0|1	1|0	0|1	1|1	1|1	0|1	0|0	1|1	1|1	1|1	0|1	1|0	1|1	0|1	1|0	1|1	1|1	1|1	1|1	0|1	1|1	1|0	1|1	1|1	0|0	1|1	0|1	0|1	1|1	0|0	1|1	1|1	0|1	1|1	0|0	1|0	1|1	1|0	0|0	1|1	1|1	0|0	1|1	1|1	0|0	1|0	1|0	0|1	0|1	1|1	1|0	0|0	0|0	1|0	1|1	1|1	1|1	0|1	1|1	1|1	1|1	0|1	1|1	1|0	1|1	0|0	1|1	0|0	0|0	1|1	1|0	1|1	1|0	1|0	0|1	1|0	1|0	0|0	1|0	0|1	1|0	1|1	0|0	1|0	0|1	0|1	1|0	0|1	0|0	0|0	1|1	1|0	1|0	0|1	0|1	0|0	1|1	0|0	1|0	1|1	0|0	1|1	0|0	1|1	0|1	1|1	1|1	0|0	1|1	1|0	0|0	1|0	1|1	0|0	1|1	0|0	0|0	1|0	1|1	1|0	1|1	0|0	1|1	1|1	0|0	0|1	1|1	0|0	0|1	0|1	1|1	0|0	1|0	0|0	1|1	0|1	1|1	0|1	0|0	0|0	1|1	1|0	0|1	0|1	0|1	0|0	1|1	0|0	1|1	1|1	1|1	1|1	1|0	1|0	0|1	1|1	0|0	1|1	0|0	1|1	1|1	1|0	0|0	0|1	1|1	0|1	1|1	0|1	1|1	0|1	1|1	0|0	0|1	0|0	0|0	0|0	0|0	1|1	1|0	1|1	1|1	1|0	0|0	0|0	1|0	0|1	0|1	1|0	0|1	1|0	0|1	1|1	1|0	1|0	1|0	1|1	1|1	1|0	0|0	1|1	1|1	0|0	1|1	1|1	1|1	0|0	1|0	0|0	1|1	1|1	1|0	0|1	1|1	0|0	0|0	0|0	0|1	0|1	1|0	1|1	TRUE	4000001	5000000	4000.001
8	4500000.5	12	8:4000001-5000000	Chr_8_4997165	T	C	FALSE	.	.	49	0.9363207547169812	0.06367924528301887	g28520	C|upstream_gene_variant|MODIFIER|g28520|g28520|transcript|g28520.t1|protein_coding||c.-2903A>G|||||2903|	C|downstream_gene_variant|MODIFIER|g28522|g28522|transcript|g28522.t1|protein_coding||c.*4148A>G|||||4148|,C|intron_variant|MODIFIER|g28521|g28521|transcript|g28521.t1|protein_coding|4/4|c.568-153A>G||||||	20.5261	2.17861e-8	3.59634	FlowerDays_2025	NA	GT	0|0	0|0	0|1	0|0	0|1	1|0	0|0	0|0	0|0	0|0	0|0	0|0	0|0	0|0	0|0	0|0	0|0	0|0	0|0	0|0	0|0	0|0	0|0	0|0	0|0	0|0	0|1	0|0	0|0	0|0	0|0	0|0	0|0	0|0	1|1	0|0	0|0	0|0	0|0	1|0	0|0	0|0	0|0	0|0	0|0	0|0	0|0	0|0	0|1	0|0	0|0	0|0	0|0	0|0	0|0	1|0	0|0	0|0	0|0	0|0	0|0	0|0	0|0	0|0	0|0	0|0	0|0	0|0	0|0	0|1	0|0	0|0	0|0	0|0	0|0	0|0	0|0	0|0	0|0	0|0	0|0	0|0	1|0	0|0	0|0	0|0	0|0	0|0	0|0	0|0	0|0	1|0	0|0	0|0	0|0	0|0	0|0	0|0	0|1	0|0	0|0	0|0	0|0	0|0	1|0	0|0	0|0	1|0	0|0	0|0	1|0	0|1	0|0	0|0	0|0	0|0	0|0	0|0	0|0	0|0	0|0	0|0	0|0	0|0	0|0	0|0	0|0	0|0	0|0	0|0	0|0	0|0	0|0	0|0	0|0	0|0	0|0	0|0	0|0	0|0	1|0	0|0	0|0	0|0	0|1	0|1	0|0	0|0	0|0	1|1	0|0	1|0	0|0	0|0	0|0	0|0	0|0	0|0	0|0	0|0	0|0	0|0	0|0	0|0	0|0	0|0	0|0	0|0	0|0	0|0	0|0	0|0	0|0	0|0	0|0	0|0	0|0	0|0	0|0	0|1	0|0	0|0	1|1	0|1	0|0	0|0	0|0	0|0	0|0	0|0	0|0	0|0	0|0	0|0	0|0	0|0	0|0	0|0	0|0	1|0	0|0	0|0	0|0	0|0	0|0	1|0	0|0	0|0	0|1	0|0	0|0	0|0	0|0	0|0	0|0	0|0	1|1	0|0	0|0	1|1	1|0	1|0	0|0	0|0	0|0	0|0	1|0	0|0	0|0	0|0	0|0	0|0	0|0	0|0	1|0	1|0	0|0	0|0	0|0	0|0	0|0	0|0	0|0	0|0	0|0	0|0	0|0	0|0	0|0	0|0	0|0	0|0	0|0	0|0	0|0	0|0	0|0	0|0	0|0	0|0	0|0	0|0	0|0	0|0	1|0	0|0	0|0	0|0	0|0	0|0	0|0	0|0	0|0	0|0	0|0	0|0	0|0	0|0	0|0	0|0	1|0	0|0	0|0	0|0	0|0	0|0	0|0	0|0	0|0	1|0	0|0	0|0	0|0	0|0	0|0	0|0	0|0	0|0	0|0	0|0	0|0	0|0	0|0	0|0	0|0	0|0	0|0	0|0	0|0	0|0	0|0	0|0	0|0	0|0	0|0	0|0	0|0	0|0	0|0	0|0	0|0	0|0	0|0	0|0	0|0	0|0	0|0	0|0	0|0	0|0	0|0	0|0	0|0	0|0	0|0	0|0	0|0	0|0	0|0	1|0	0|1	0|0	0|0	0|0	0|0	0|0	0|0	0|0	0|0	0|0	1|0	0|0	0|0	0|0	0|0	0|1	1|0	0|0	0|1	0|0	0|0	0|0	0|0	0|0	1|0	0|0	0|0	0|1	0|0	0|0	0|0	0|0	0|0	0|0	0|0	0|0	1|0	0|0	0|0	0|0	0|0	0|0	0|0	0|0	0|0	0|0	0|0	0|0	0|0	0|0	0|0	0|0	0|0	0|0	0|0	0|1	0|0	1|0	0|0	0|0	0|0	0|0	0|0	0|0	0|0	0|0	0|0	0|0	0|0	0|0	0|0	0|0	0|0	0|0	0|0	0|0	0|0	0|0	0|0	0|0	0|1	0|0	0|0	0|0	TRUE	4000001	5000000	4000.001
8	5500000.5	13	8:5000001-6000000	Chr_8_5001558	T	A	FALSE	.	.	50	0.9351415094339622	0.06485849056603774	g28521	A|upstream_gene_variant|MODIFIER|g28521|g28521|transcript|g28521.t1|protein_coding||c.-1297A>T|||||1297|	A|downstream_gene_variant|MODIFIER|g28523|g28523|transcript|g28523.t1|protein_coding||c.*4103A>T|||||4103|,A|intron_variant|MODIFIER|g28522|g28522|transcript|g28522.t1|protein_coding|4/4|c.583-18A>T||||||	19.9726	4.49753e-8	3.58371	FlowerDays_2025	NA	GT	0|0	0|0	0|1	0|0	0|1	1|0	0|0	0|0	0|0	0|0	0|0	0|0	0|0	0|0	0|0	0|0	0|0	0|0	0|0	0|0	0|0	0|0	0|0	0|0	0|0	0|0	0|1	0|0	0|0	0|0	0|0	0|0	0|0	0|0	1|1	0|0	0|0	0|0	0|0	1|1	0|0	0|0	0|0	0|0	0|0	0|0	0|0	0|0	0|1	0|0	0|0	0|0	0|0	0|0	0|0	1|0	0|0	0|0	0|0	0|0	0|0	0|0	0|0	0|0	0|0	0|0	0|0	0|0	0|0	0|1	0|0	0|0	0|0	0|0	0|0	0|0	0|0	0|0	0|0	0|0	0|0	0|0	1|0	0|0	0|0	0|0	0|0	0|0	0|0	0|0	0|0	1|0	0|0	0|0	0|0	0|0	0|1	0|0	0|1	0|0	0|0	0|0	0|0	0|0	1|0	0|0	0|0	1|0	0|0	0|0	1|0	0|1	0|0	0|0	0|0	0|0	0|0	0|0	0|0	0|0	0|0	0|0	0|0	0|0	0|0	0|0	0|0	0|0	0|0	0|0	0|0	0|0	0|0	0|0	0|0	0|0	0|0	0|0	0|0	0|0	1|0	0|0	0|0	0|0	1|0	0|1	0|0	0|0	0|0	1|1	0|0	1|0	0|0	0|0	0|0	0|0	0|0	0|0	0|0	0|0	0|0	0|0	0|0	0|0	0|0	0|0	0|0	0|0	0|0	0|0	0|0	0|0	0|0	0|0	0|0	0|0	0|0	0|0	0|0	0|1	0|0	0|0	0|1	0|1	0|0	0|0	0|0	0|0	0|0	0|0	0|0	0|0	0|0	0|0	0|0	0|0	0|0	0|0	0|0	0|1	0|0	0|0	0|0	0|0	0|0	1|0	0|0	0|0	0|1	0|0	0|0	0|0	0|0	0|0	0|0	0|0	1|1	0|0	0|0	1|1	1|0	1|0	0|0	0|0	0|0	0|0	1|0	0|0	0|0	0|0	0|0	0|0	0|0	0|0	1|0	1|0	0|0	0|0	0|0	0|0	0|0	0|0	0|0	0|0	0|0	0|0	0|0	0|0	0|0	0|0	0|0	0|0	0|0	0|0	0|0	0|0	0|0	0|0	0|0	0|0	0|0	0|0	0|0	0|0	1|0	0|0	0|0	0|0	0|0	0|0	0|0	0|0	0|0	0|0	0|0	0|0	0|0	0|0	0|0	0|0	0|1	0|0	0|0	0|0	0|0	0|1	0|0	0|0	0|0	1|0	0|0	0|0	0|0	0|0	0|0	0|0	0|0	0|0	0|0	0|0	0|0	0|0	0|0	0|0	0|0	0|0	0|0	0|0	0|0	0|0	0|0	0|0	0|0	0|0	0|0	0|0	0|0	0|0	0|0	0|0	0|0	0|0	0|0	0|0	0|0	0|0	0|0	0|0	0|0	0|0	0|0	0|0	0|0	0|0	0|0	0|0	0|0	0|0	0|0	0|0	0|1	0|0	0|0	0|0	0|0	0|0	0|0	0|0	0|0	0|0	1|0	0|0	0|0	0|0	0|0	0|1	0|1	0|0	1|0	0|0	0|0	0|0	0|0	0|0	0|1	0|0	0|0	0|1	0|0	0|0	0|0	0|0	0|0	0|0	0|0	0|0	1|0	0|0	0|0	0|0	0|0	0|0	0|0	0|0	0|0	0|0	0|0	0|0	0|0	0|0	0|0	0|0	0|0	0|0	0|0	0|1	0|0	0|1	0|0	0|0	0|0	0|0	0|0	0|0	0|0	0|0	0|0	0|0	0|0	0|0	0|0	0|0	0|0	0|0	0|0	0|0	0|0	0|0	0|0	0|0	0|1	0|0	0|0	0|0	TRUE	5000001	6000000	5000.001
8	5500000.5	13	8:5000001-6000000	Chr_8_5005530	C	A	FALSE	.	.	50	0.9375	0.0625	g28522	A|upstream_gene_variant|MODIFIER|g28522|g28522|transcript|g28522.t1|protein_coding||c.-881G>T|||||881|	A|downstream_gene_variant|MODIFIER|g28523|g28523|transcript|g28523.t1|protein_coding||c.*131G>T|||||131|,A|intergenic_region|MODIFIER|g28522-g28523|g28522-g28523|intergenic_region|g28522-g28523|||n.5005530C>A||||||	20.4435	4.90693e-8	3.67898	FlowerDays_2025	NA	GT	0|0	0|0	0|1	0|0	0|1	1|0	0|0	0|0	0|0	0|0	0|0	0|0	0|0	0|0	0|0	0|0	0|0	0|0	0|0	0|0	0|0	0|0	0|0	0|0	0|0	0|0	0|1	0|0	0|0	0|0	0|0	0|0	0|0	0|0	1|1	0|0	0|0	0|0	0|0	1|0	0|0	0|0	0|0	0|0	0|0	0|0	0|0	0|0	0|1	0|0	0|0	0|0	0|0	0|0	0|0	1|0	0|0	0|0	0|0	0|0	0|0	0|0	0|0	0|0	0|0	0|0	0|0	0|0	0|0	0|1	0|0	0|0	0|0	0|0	0|0	0|0	0|0	0|0	0|0	0|0	0|0	0|0	1|0	0|0	0|0	0|0	0|0	0|0	0|0	0|0	0|0	1|0	0|0	0|0	0|0	0|0	0|1	0|0	0|1	0|0	0|0	0|0	0|0	0|0	1|0	0|0	0|0	1|0	0|0	0|0	1|0	0|1	0|0	0|0	0|0	0|0	0|0	0|0	0|0	0|0	0|0	0|0	0|0	0|0	0|0	0|0	0|0	0|0	0|0	0|0	0|0	0|0	0|0	0|0	0|0	0|0	0|0	0|0	0|0	0|0	1|0	0|0	0|0	0|0	1|0	0|1	0|0	0|0	0|0	1|1	0|0	1|0	0|0	0|0	0|0	0|0	0|0	0|0	0|0	0|0	0|0	0|0	0|0	0|0	0|0	0|0	0|0	0|0	0|0	0|0	0|0	0|0	0|0	0|0	0|0	0|0	0|0	0|0	0|0	0|1	0|0	0|0	0|1	0|1	0|0	0|0	0|0	0|0	0|0	0|0	0|0	0|0	0|0	0|0	0|0	0|0	0|0	0|0	0|0	0|1	0|0	0|0	0|0	0|0	0|0	1|0	0|0	0|0	0|1	0|0	0|0	0|0	0|0	0|0	0|0	0|0	1|1	0|0	0|0	1|1	1|0	1|0	0|0	0|0	0|0	0|0	1|0	0|0	0|0	0|0	0|0	0|0	0|0	0|0	1|0	1|0	0|0	0|0	0|0	0|0	0|0	0|0	0|0	0|0	0|0	0|0	0|0	0|0	0|0	0|0	0|0	0|0	0|0	0|0	0|0	0|0	0|0	0|0	0|0	0|0	0|0	0|0	0|0	0|0	1|0	0|0	0|0	0|0	0|0	0|0	0|0	0|0	0|0	0|0	0|0	0|0	0|0	0|0	0|0	0|0	0|1	0|0	0|0	0|0	0|0	0|1	0|0	0|0	0|0	0|0	0|0	0|0	0|0	0|0	0|0	0|0	0|0	0|0	0|0	0|0	0|0	0|0	0|0	0|0	0|0	0|0	0|0	0|0	0|0	0|0	0|0	0|0	0|0	0|0	0|0	0|0	0|0	0|0	0|0	0|0	0|0	0|0	0|0	0|0	0|0	0|0	0|0	0|0	0|0	0|0	0|0	0|0	0|0	0|0	0|0	0|0	0|0	0|0	0|0	0|0	0|1	0|0	0|0	0|0	0|0	0|0	0|0	0|0	0|0	0|0	1|0	0|0	0|0	0|0	0|0	0|1	0|1	0|0	1|0	0|0	0|0	0|0	0|0	0|0	0|1	0|0	0|0	0|1	0|0	0|0	0|0	0|0	0|0	0|0	0|0	0|0	1|0	0|0	0|0	0|0	0|0	0|0	0|0	0|0	0|0	0|0	0|0	0|0	0|0	0|0	0|0	0|0	0|0	0|0	0|0	0|1	0|0	0|1	0|0	0|0	0|0	0|0	0|0	0|0	0|0	0|0	0|0	0|0	0|0	0|0	0|0	0|0	0|0	0|0	0|0	0|0	0|0	0|0	0|0	0|0	0|1	0|0	0|0	0|0	TRUE	5000001	6000000	5000.001
8	5500000.5	13	8:5000001-6000000	Chr_8_5006184	T	A	FALSE	.	.	50	0.9351415094339622	0.06485849056603774	g28522	A|upstream_gene_variant|MODIFIER|g28522|g28522|transcript|g28522.t1|protein_coding||c.-1535A>T|||||1535|	A|intron_variant|MODIFIER|g28523|g28523|transcript|g28523.t1|protein_coding|4/5|c.644-34A>T||||||	19.9079	4.92384e-8	3.58301	FlowerDays_2025	NA	GT	0|0	0|0	0|1	0|0	0|1	1|0	0|0	0|0	0|0	0|0	0|0	0|0	0|0	0|0	0|0	0|0	0|0	0|0	0|0	0|0	0|0	0|0	0|0	0|0	0|0	0|0	0|1	0|0	0|0	0|0	0|0	0|0	0|0	0|0	1|1	0|0	0|0	0|0	0|0	1|0	0|0	0|0	0|0	0|0	0|0	0|0	0|0	0|0	0|1	0|0	0|0	0|0	0|0	0|0	0|0	1|0	0|0	0|0	0|0	0|0	0|0	0|0	0|0	0|0	0|0	0|0	0|0	0|0	0|0	0|1	0|0	0|0	0|0	0|0	0|0	0|0	0|0	0|0	0|0	0|0	0|0	0|0	1|0	0|0	0|0	0|0	0|0	0|0	0|0	0|0	0|0	1|0	0|0	0|0	0|0	0|0	0|1	0|0	0|1	0|0	0|0	0|0	0|0	0|0	1|0	0|0	0|0	1|0	0|0	0|0	1|0	0|1	0|0	0|0	0|0	0|0	0|0	0|0	0|0	0|0	0|0	0|0	0|0	0|0	0|0	0|0	0|0	0|0	0|0	0|0	0|0	0|0	0|0	0|0	0|0	0|0	0|0	0|0	0|0	0|0	1|0	0|0	0|0	0|0	1|0	0|1	0|0	0|0	0|0	1|1	0|0	1|0	0|0	0|0	0|0	0|0	0|0	0|0	0|0	0|0	0|0	0|0	0|0	0|0	0|0	0|0	0|0	0|0	0|0	0|0	0|0	0|0	0|0	0|0	0|0	0|0	0|0	0|0	0|0	0|1	0|0	0|0	0|1	0|1	0|0	0|0	0|0	0|0	0|0	0|0	0|0	0|0	0|0	0|0	0|0	0|0	0|0	0|0	0|0	1|1	0|0	0|0	0|0	0|0	0|0	1|0	0|0	0|0	0|1	0|0	0|0	0|0	0|0	0|0	0|0	0|0	1|1	0|0	0|0	1|1	1|0	1|0	0|0	0|0	0|0	0|0	1|0	0|0	0|0	0|0	0|0	0|0	0|0	0|0	1|0	1|0	0|0	0|0	0|0	0|0	0|0	0|0	0|0	0|0	0|0	0|0	0|0	0|0	0|0	0|0	0|0	0|0	0|0	0|0	0|0	0|0	0|0	0|0	0|0	0|0	0|0	0|0	0|0	0|0	1|0	0|0	0|0	0|0	0|0	0|0	0|0	0|0	0|0	0|0	0|0	0|0	0|0	0|0	0|0	0|0	0|1	0|0	0|0	0|0	0|0	0|1	0|0	0|0	0|0	0|1	0|0	0|0	0|0	0|0	0|0	0|0	0|0	0|0	0|0	0|0	0|0	0|0	0|0	0|0	0|0	0|0	0|0	0|0	0|0	0|0	0|0	0|0	0|0	0|0	0|0	0|0	0|0	0|0	0|0	0|0	0|0	0|0	0|0	0|0	0|0	0|0	0|0	0|0	0|0	0|0	0|0	0|0	0|0	0|0	0|0	0|0	0|0	0|0	0|0	0|0	0|1	0|0	0|0	0|0	0|0	0|0	0|0	0|0	0|0	0|0	1|0	0|0	0|0	0|0	0|0	0|1	0|1	0|0	1|0	0|0	0|0	0|0	0|0	0|0	0|1	0|0	0|0	0|1	0|0	0|0	0|0	0|0	0|0	0|0	0|0	0|0	1|0	0|0	0|0	0|0	0|0	0|0	0|0	0|0	0|0	0|0	0|0	0|0	0|0	0|0	0|0	0|0	0|0	0|0	0|0	0|1	0|0	0|1	0|0	0|0	0|0	0|0	0|0	0|0	0|0	0|0	0|0	0|0	0|0	0|0	0|0	0|0	0|0	0|0	0|0	0|0	0|0	0|0	0|0	0|0	0|1	0|0	0|0	0|0	TRUE	5000001	6000000	5000.001
8	5500000.5	13	8:5000001-6000000	Chr_8_5006223	A	G	FALSE	.	.	50	0.9351415094339622	0.06485849056603774	g28522	G|upstream_gene_variant|MODIFIER|g28522|g28522|transcript|g28522.t1|protein_coding||c.-1574T>C|||||1574|	G|intron_variant|MODIFIER|g28523|g28523|transcript|g28523.t1|protein_coding|4/5|c.643+42T>C||||||	19.9079	4.92384e-8	3.58301	FlowerDays_2025	NA	GT	0|0	0|0	0|1	0|0	0|1	1|0	0|0	0|0	0|0	0|0	0|0	0|0	0|0	0|0	0|0	0|0	0|0	0|0	0|0	0|0	0|0	0|0	0|0	0|0	0|0	0|0	0|1	0|0	0|0	0|0	0|0	0|0	0|0	0|0	1|1	0|0	0|0	0|0	0|0	1|0	0|0	0|0	0|0	0|0	0|0	0|0	0|0	0|0	0|1	0|0	0|0	0|0	0|0	0|0	0|0	1|0	0|0	0|0	0|0	0|0	0|0	0|0	0|0	0|0	0|0	0|0	0|0	0|0	0|0	0|1	0|0	0|0	0|0	0|0	0|0	0|0	0|0	0|0	0|0	0|0	0|0	0|0	1|0	0|0	0|0	0|0	0|0	0|0	0|0	0|0	0|0	1|0	0|0	0|0	0|0	0|0	0|1	0|0	0|1	0|0	0|0	0|0	0|0	0|0	1|0	0|0	0|0	1|0	0|0	0|0	1|0	0|1	0|0	0|0	0|0	0|0	0|0	0|0	0|0	0|0	0|0	0|0	0|0	0|0	0|0	0|0	0|0	0|0	0|0	0|0	0|0	0|0	0|0	0|0	0|0	0|0	0|0	0|0	0|0	0|0	1|0	0|0	0|0	0|0	1|0	0|1	0|0	0|0	0|0	1|1	0|0	1|0	0|0	0|0	0|0	0|0	0|0	0|0	0|0	0|0	0|0	0|0	0|0	0|0	0|0	0|0	0|0	0|0	0|0	0|0	0|0	0|0	0|0	0|0	0|0	0|0	0|0	0|0	0|0	0|1	0|0	0|0	0|1	0|1	0|0	0|0	0|0	0|0	0|0	0|0	0|0	0|0	0|0	0|0	0|0	0|0	0|0	0|0	0|0	1|1	0|0	0|0	0|0	0|0	0|0	1|0	0|0	0|0	0|1	0|0	0|0	0|0	0|0	0|0	0|0	0|0	1|1	0|0	0|0	1|1	1|0	1|0	0|0	0|0	0|0	0|0	1|0	0|0	0|0	0|0	0|0	0|0	0|0	0|0	1|0	1|0	0|0	0|0	0|0	0|0	0|0	0|0	0|0	0|0	0|0	0|0	0|0	0|0	0|0	0|0	0|0	0|0	0|0	0|0	0|0	0|0	0|0	0|0	0|0	0|0	0|0	0|0	0|0	0|0	1|0	0|0	0|0	0|0	0|0	0|0	0|0	0|0	0|0	0|0	0|0	0|0	0|0	0|0	0|0	0|0	0|1	0|0	0|0	0|0	0|0	0|1	0|0	0|0	0|0	0|1	0|0	0|0	0|0	0|0	0|0	0|0	0|0	0|0	0|0	0|0	0|0	0|0	0|0	0|0	0|0	0|0	0|0	0|0	0|0	0|0	0|0	0|0	0|0	0|0	0|0	0|0	0|0	0|0	0|0	0|0	0|0	0|0	0|0	0|0	0|0	0|0	0|0	0|0	0|0	0|0	0|0	0|0	0|0	0|0	0|0	0|0	0|0	0|0	0|0	0|0	0|1	0|0	0|0	0|0	0|0	0|0	0|0	0|0	0|0	0|0	1|0	0|0	0|0	0|0	0|0	0|1	0|1	0|0	1|0	0|0	0|0	0|0	0|0	0|0	0|1	0|0	0|0	0|1	0|0	0|0	0|0	0|0	0|0	0|0	0|0	0|0	1|0	0|0	0|0	0|0	0|0	0|0	0|0	0|0	0|0	0|0	0|0	0|0	0|0	0|0	0|0	0|0	0|0	0|0	0|0	0|1	0|0	0|1	0|0	0|0	0|0	0|0	0|0	0|0	0|0	0|0	0|0	0|0	0|0	0|0	0|0	0|0	0|0	0|0	0|0	0|0	0|0	0|0	0|0	0|0	0|1	0|0	0|0	0|0	TRUE	5000001	6000000	5000.001
8	5500000.5	13	8:5000001-6000000	Chr_8_5036315	T	G	TRUE	.	.	50	0.9233490566037736	0.07665094339622641	g28526	G|missense_variant|MODERATE|g28526|g28526|transcript|g28526.t1|protein_coding|1/2|c.29A>C|p.His10Pro|29/672|29/672|10/223||	G|upstream_gene_variant|MODIFIER|g28527|g28527|transcript|g28527.t1|protein_coding||c.-2005T>G|||||2005|	19.6633	1.66795e-8	3.41591	FlowerDays_2025	NA	GT	0|0	1|0	0|1	0|0	0|1	1|0	0|0	0|0	0|0	0|0	0|0	0|0	0|0	0|0	0|0	0|0	1|0	0|0	0|0	0|0	0|0	0|0	0|0	0|0	0|0	0|0	0|0	0|0	0|0	0|0	0|0	0|0	0|0	0|0	0|0	0|0	0|1	0|0	0|0	1|0	0|0	0|0	0|0	0|0	0|0	0|0	0|0	0|0	0|1	0|0	0|0	0|0	0|0	0|0	0|0	1|0	0|0	0|0	0|0	0|0	0|0	0|0	0|0	1|1	0|0	0|0	0|0	0|0	0|0	0|1	0|0	0|0	0|0	0|0	0|0	0|0	0|0	0|0	0|0	0|0	0|0	0|0	0|1	0|0	0|0	0|0	0|0	0|0	0|0	0|0	0|0	1|0	0|0	0|0	0|0	0|0	0|1	0|0	0|1	0|0	0|0	0|0	0|0	0|0	1|0	0|0	0|0	1|0	0|0	0|0	0|1	1|0	0|0	0|0	0|0	0|0	0|0	0|0	0|0	0|0	0|0	0|0	0|0	0|0	0|0	0|0	0|0	0|1	0|0	0|0	0|0	0|0	0|0	0|0	0|0	0|0	0|0	0|0	0|0	0|0	0|0	0|0	0|0	1|0	1|0	0|1	0|0	0|0	0|0	1|1	0|0	1|0	0|1	0|0	0|0	0|0	0|0	0|0	0|0	0|0	0|0	0|0	0|0	0|0	0|1	0|0	0|0	0|0	0|0	0|0	0|0	0|0	0|0	0|0	0|0	0|0	0|0	0|0	0|0	0|1	0|0	0|0	0|1	0|1	0|0	0|0	0|0	0|0	1|1	0|0	0|0	0|0	0|0	0|0	0|0	0|1	0|0	0|0	0|0	0|1	0|0	0|0	0|0	0|0	0|0	1|0	0|0	0|0	0|0	0|0	0|0	0|0	0|0	0|0	0|0	0|0	1|1	0|0	0|0	1|0	1|0	1|0	0|0	0|0	0|0	0|0	0|0	0|0	0|0	0|0	0|0	0|0	0|0	0|0	0|0	1|0	0|0	0|0	0|0	0|0	0|0	0|0	0|0	0|1	0|0	0|0	0|0	0|0	0|0	0|0	0|0	0|0	0|0	0|0	0|0	0|0	0|0	0|0	0|0	0|0	0|0	0|0	0|0	0|0	1|0	0|0	0|0	0|0	0|0	0|0	0|0	0|0	0|0	0|0	0|0	0|0	0|0	0|0	0|0	0|0	0|1	0|0	0|0	0|0	0|0	1|0	0|0	0|0	0|0	0|1	0|0	0|0	0|0	0|0	0|0	0|0	0|0	0|0	0|0	0|0	1|0	0|0	0|1	0|0	0|0	0|0	0|0	0|0	0|0	0|0	0|0	0|0	0|0	0|0	0|0	0|0	0|0	0|0	0|0	0|0	0|0	0|0	0|0	0|0	0|0	0|0	0|0	0|0	0|0	0|0	0|0	0|0	0|0	0|0	0|0	0|0	0|0	1|0	0|0	0|0	0|1	0|0	0|0	0|0	0|0	0|0	0|0	0|0	0|0	0|0	1|0	0|0	0|0	0|0	0|0	0|1	0|1	0|0	1|0	0|0	0|0	0|0	0|0	1|0	0|1	0|0	0|0	0|1	0|0	0|0	0|0	0|0	0|0	0|0	0|0	0|0	0|1	0|0	0|0	0|0	0|0	0|0	0|0	0|0	0|0	0|0	0|0	0|0	0|0	0|0	0|0	0|0	0|0	0|0	0|0	0|1	0|0	0|1	0|0	0|0	0|0	0|0	0|0	0|0	0|0	0|0	0|0	0|0	1|1	0|0	0|0	0|0	0|0	0|0	0|0	0|0	0|0	0|0	0|0	0|0	0|1	0|0	0|0	0|0	TRUE	5000001	6000000	5000.001
9	24500000.5	14	9:24000001-25000000	Chr_9_24157115	G	A	FALSE	.	.	241	0.8997641509433962	0.10023584905660378	g33370	A|upstream_gene_variant|MODIFIER|g33370|g33370|transcript|g33370.t1|protein_coding||c.-587C>T|||||587|	A|upstream_gene_variant|MODIFIER|g33371|g33371|transcript|g33371.t1|protein_coding||c.-4114G>A|||||4114|,A|intergenic_region|MODIFIER|g33370-g33371|g33370-g33371|intergenic_region|g33370-g33371|||n.24157115G>A||||||	-15.2938	3.21107e-8	2.71362	FlowerDays_2025	NA	GT	0|0	0|0	0|0	0|0	0|0	0|0	0|0	0|1	0|0	0|0	0|0	0|0	0|0	0|0	0|0	0|0	0|0	0|0	0|0	0|0	0|0	0|0	0|0	0|0	0|0	0|0	0|1	0|0	0|0	0|0	0|0	0|0	0|0	0|0	0|0	0|0	0|0	0|0	0|0	0|0	0|0	0|0	0|0	0|0	0|0	0|0	0|0	0|0	0|0	0|0	0|0	0|0	1|1	0|0	0|0	0|0	0|0	0|0	0|0	0|1	0|0	0|0	1|1	0|0	0|0	0|0	0|0	1|1	0|0	0|0	0|0	0|0	0|1	0|0	1|1	1|0	0|0	0|0	0|0	0|0	0|0	0|0	1|0	0|0	0|0	1|0	1|1	0|0	0|0	0|0	1|0	0|0	0|0	0|0	0|0	0|1	0|0	0|0	1|0	1|0	1|1	0|0	0|1	0|0	0|0	0|0	0|1	0|1	0|0	0|0	0|0	0|0	0|0	0|0	0|0	0|0	0|0	0|0	0|0	0|0	0|0	0|0	0|0	0|0	0|0	0|0	0|0	0|0	0|0	0|0	0|0	0|0	0|0	0|0	1|1	0|0	0|0	0|0	0|0	0|0	0|0	0|0	0|0	0|0	0|1	1|0	0|0	1|0	0|0	0|0	0|0	0|0	0|0	0|0	0|0	0|0	0|0	0|0	0|0	0|0	0|0	0|0	0|0	0|0	0|1	0|0	0|0	0|0	1|0	0|0	0|0	0|0	0|0	1|1	0|0	0|0	0|1	0|0	0|0	0|0	0|0	0|0	0|0	0|0	1|1	0|0	0|0	0|0	0|0	1|1	0|0	0|0	0|0	0|0	0|0	0|0	0|0	0|0	1|0	0|0	0|0	0|0	0|0	0|0	0|1	0|0	0|0	0|0	0|0	0|0	0|0	0|0	0|0	0|0	0|0	0|0	0|0	1|0	1|0	0|0	0|0	0|0	0|0	0|1	1|0	0|0	1|1	0|0	0|0	0|0	0|0	0|0	0|0	0|0	0|0	0|1	0|0	0|1	0|0	0|0	0|0	0|0	0|0	0|0	0|0	0|0	0|0	0|0	0|0	0|0	0|1	0|0	0|0	0|0	1|0	0|0	0|0	0|0	0|0	1|0	0|0	0|0	0|0	0|0	1|0	0|0	0|0	0|0	0|0	0|0	0|0	0|0	0|0	0|0	0|0	0|0	0|1	0|0	0|0	0|0	0|0	0|0	0|1	0|0	0|0	0|0	0|0	0|0	0|0	0|0	0|0	0|0	0|0	0|0	0|0	1|0	0|0	0|0	0|0	0|0	0|0	0|0	0|0	0|0	0|0	0|0	0|0	0|0	0|0	0|0	0|1	0|0	0|0	0|0	0|0	0|0	1|0	0|1	1|0	0|0	0|0	1|0	0|0	0|0	0|0	1|0	0|0	0|1	0|0	0|0	0|0	0|0	1|1	1|0	0|0	0|0	0|0	0|0	0|0	0|0	0|0	0|0	0|0	0|0	0|0	0|1	0|0	1|1	1|1	0|0	0|1	0|0	0|0	1|0	0|0	0|0	0|0	0|0	0|0	1|1	0|0	0|1	0|0	0|0	0|0	0|0	0|0	0|0	0|0	0|0	0|0	0|0	0|0	0|0	0|0	0|0	0|0	0|0	0|0	0|0	0|0	0|0	0|1	0|0	0|0	0|0	0|1	1|0	0|0	0|0	0|0	0|0	1|0	0|0	0|1	0|0	0|0	0|0	0|0	1|0	0|0	0|0	0|0	0|0	0|0	0|0	0|0	0|0	0|0	0|0	0|0	0|0	0|0	0|0	0|0	0|0	0|0	0|0	0|0	1|1	0|0	0|0	0|0	0|0	TRUE	24000001	25000000	24000.001
9	24500000.5	14	9:24000001-25000000	Chr_9_24157341	C	A	FALSE	.	.	241	0.8985849056603774	0.10141509433962265	g33370	A|upstream_gene_variant|MODIFIER|g33370|g33370|transcript|g33370.t1|protein_coding||c.-813G>T|||||813|	A|upstream_gene_variant|MODIFIER|g33371|g33371|transcript|g33371.t1|protein_coding||c.-3888C>A|||||3888|,A|intergenic_region|MODIFIER|g33370-g33371|g33370-g33371|intergenic_region|g33370-g33371|||n.24157341C>A||||||	-15.4451	2.11575e-8	2.70356	FlowerDays_2025	NA	GT	0|0	0|0	0|0	0|0	0|0	0|0	0|0	0|1	0|0	0|0	0|0	0|0	0|0	0|0	0|0	0|0	0|0	0|0	0|0	0|0	0|0	0|0	0|0	0|0	0|0	0|0	0|1	0|0	0|0	0|0	0|0	0|0	0|0	0|0	0|0	0|0	0|0	0|0	0|0	0|0	0|0	0|0	0|0	0|0	0|0	0|0	0|0	0|0	0|0	0|0	0|0	0|0	1|1	0|0	0|0	0|0	0|0	0|0	0|0	0|1	0|0	0|0	1|1	0|0	0|0	0|0	0|0	1|1	0|0	0|0	0|0	0|0	0|1	0|0	1|1	1|0	0|0	0|0	0|0	0|0	0|0	0|0	1|0	0|0	0|0	1|0	1|1	0|0	0|0	0|0	1|0	0|0	0|0	0|0	0|0	0|1	0|0	0|0	1|0	1|0	1|1	0|0	0|1	0|0	0|0	0|0	0|1	0|1	0|0	0|0	0|0	0|0	0|0	0|0	0|0	0|0	0|0	0|0	0|0	0|0	0|0	0|0	0|0	0|0	0|0	0|0	0|0	0|0	0|0	0|0	0|0	0|0	0|0	0|0	1|1	0|0	0|0	0|0	0|0	0|0	0|0	0|0	0|0	0|0	0|1	1|0	0|0	1|0	0|0	0|0	0|0	0|0	0|0	0|0	0|0	0|0	0|0	0|0	0|0	0|0	0|0	0|0	0|0	0|0	0|1	0|0	0|0	0|0	1|0	0|0	0|0	0|0	0|0	1|1	0|0	0|0	0|1	0|0	0|0	0|0	0|0	0|0	0|0	0|0	1|1	0|0	0|0	0|0	0|0	1|0	0|0	0|1	0|0	0|0	0|0	0|0	0|0	0|0	1|0	0|0	0|0	0|0	0|0	0|0	0|1	0|0	0|0	0|0	0|0	0|0	0|0	0|0	0|0	0|0	0|0	0|0	0|0	1|0	1|0	0|0	0|0	0|0	0|0	0|1	1|0	0|0	1|1	0|0	0|0	0|0	0|0	0|0	0|0	0|0	0|0	0|1	0|0	0|1	0|0	0|0	0|0	0|0	0|0	0|0	0|0	0|0	0|0	0|0	0|0	0|0	0|1	0|0	0|0	0|0	1|0	0|0	0|0	0|0	0|0	1|0	0|0	0|0	0|0	0|0	1|0	0|0	0|0	0|0	0|0	0|0	0|0	0|0	0|0	0|0	0|0	0|0	0|1	0|0	0|0	0|0	0|0	0|0	0|1	0|0	0|0	0|0	0|0	0|0	0|0	0|0	0|0	0|0	0|0	0|0	0|0	1|0	0|0	0|0	0|0	0|0	0|0	0|0	0|0	0|0	0|0	0|0	0|0	0|0	0|0	0|0	0|1	0|0	0|0	0|0	0|0	0|0	1|0	0|1	1|0	0|0	0|0	1|0	0|0	0|0	0|0	1|0	0|0	1|1	0|0	0|0	0|0	0|0	1|1	1|0	0|0	0|0	0|0	0|0	0|0	0|0	0|0	0|0	0|0	0|0	0|0	0|1	0|0	1|1	1|1	0|0	0|1	0|0	0|0	1|0	0|0	0|0	0|0	0|0	0|0	1|1	0|0	0|1	0|0	0|0	0|0	0|0	0|0	0|0	0|0	0|0	0|0	0|0	0|0	0|0	0|0	0|0	0|0	0|0	0|0	0|0	0|0	0|0	0|1	0|0	0|0	0|0	0|1	1|0	0|0	0|0	0|0	0|0	1|0	0|0	0|1	0|0	0|0	0|0	0|0	1|0	0|0	0|0	0|0	0|0	0|0	0|0	0|0	0|0	0|0	0|0	0|0	0|0	0|0	0|0	0|0	0|0	0|0	0|0	0|0	1|1	0|0	0|0	0|0	0|0	TRUE	24000001	25000000	24000.001
9	24500000.5	14	9:24000001-25000000	Chr_9_24157496	G	A	FALSE	.	.	241	0.8997641509433962	0.10023584905660378	g33370	A|upstream_gene_variant|MODIFIER|g33370|g33370|transcript|g33370.t1|protein_coding||c.-968C>T|||||968|	A|upstream_gene_variant|MODIFIER|g33371|g33371|transcript|g33371.t1|protein_coding||c.-3733G>A|||||3733|,A|intergenic_region|MODIFIER|g33370-g33371|g33370-g33371|intergenic_region|g33370-g33371|||n.24157496G>A||||||	-15.5996	1.68893e-8	2.71105	FlowerDays_2025	NA	GT	0|0	0|0	0|0	0|0	0|0	0|0	0|0	0|1	0|0	0|0	0|0	0|0	0|0	0|0	0|0	0|0	0|0	0|0	0|0	0|0	0|0	0|0	0|0	0|0	0|0	0|0	0|1	0|0	0|0	0|0	0|0	0|0	0|0	0|0	0|0	0|0	0|0	0|0	0|0	0|0	0|0	0|0	0|0	0|0	0|0	0|0	0|0	0|0	0|0	0|0	0|0	0|0	1|1	0|0	0|0	0|0	0|0	0|0	0|0	0|1	0|0	0|0	1|1	0|0	0|0	0|0	0|0	1|1	0|0	0|0	0|0	0|0	0|1	0|0	1|1	1|0	0|0	0|0	0|0	0|0	0|0	0|0	1|0	0|0	0|0	1|0	1|1	0|0	0|0	0|0	1|0	0|0	0|0	0|0	0|0	0|1	0|0	0|0	1|0	1|0	1|1	0|0	0|1	0|0	0|0	0|0	0|1	0|1	0|0	0|0	0|0	0|0	0|0	0|0	0|0	0|0	0|0	0|0	0|0	0|0	0|0	0|0	0|0	0|0	0|0	0|0	0|0	0|0	0|0	0|0	0|0	0|0	0|0	0|0	1|1	0|0	0|0	0|0	0|0	0|0	0|0	0|0	0|0	0|0	0|1	1|0	0|0	1|0	0|0	0|0	0|0	0|0	0|0	0|0	0|0	0|0	0|0	0|0	0|0	0|0	0|0	0|0	0|0	0|0	0|1	0|0	0|0	0|0	1|0	0|0	0|0	0|0	0|0	1|1	0|0	0|0	0|1	0|0	0|0	0|0	0|0	0|0	0|0	0|0	1|1	0|0	0|0	0|0	0|0	1|0	0|0	0|1	0|0	0|0	0|0	0|0	0|0	0|0	1|0	0|0	0|0	0|0	0|0	0|0	0|0	0|0	0|0	0|0	0|0	0|0	0|0	0|0	0|0	0|0	0|0	0|0	0|0	1|0	1|0	0|0	0|0	0|0	0|0	0|1	1|1	0|0	1|1	0|0	0|0	0|0	0|0	0|0	0|0	0|0	0|0	0|1	0|0	0|1	0|0	0|0	0|0	0|0	0|0	0|0	0|0	0|0	0|0	0|0	0|0	0|0	0|1	0|0	0|0	0|0	1|0	0|0	0|0	0|0	0|0	1|0	0|0	0|0	0|0	0|0	1|0	0|0	0|0	0|0	0|0	0|0	0|0	0|0	0|0	0|0	0|0	0|0	0|1	0|0	0|0	0|0	0|0	0|0	0|1	0|0	0|0	0|0	0|0	0|0	0|0	0|0	0|0	0|0	0|0	0|0	0|0	1|0	0|0	0|0	0|0	0|0	0|0	0|0	0|0	0|0	0|0	0|0	0|0	0|0	0|0	0|0	0|1	0|0	0|0	0|0	0|0	0|0	1|0	0|1	1|0	0|0	0|0	1|0	0|0	0|0	0|0	1|0	0|0	0|1	0|0	0|0	0|0	0|0	1|1	1|0	0|0	0|0	0|0	0|0	0|0	0|0	0|0	0|0	0|0	0|0	0|0	0|1	0|0	1|1	1|1	0|0	0|1	0|0	0|0	1|0	0|0	0|0	0|0	0|0	0|0	1|1	0|0	0|1	0|0	0|0	0|0	0|0	0|0	0|0	0|0	0|0	0|0	0|0	0|0	0|0	0|0	0|0	0|0	0|0	0|0	0|0	0|0	0|0	0|1	0|0	0|0	0|0	0|1	1|0	0|0	0|0	0|0	0|0	1|0	0|0	0|1	0|0	0|0	0|0	0|0	1|0	0|0	0|0	0|0	0|0	0|0	0|0	0|0	0|0	0|0	0|0	0|0	0|0	0|0	0|0	0|0	0|0	0|0	0|0	0|0	1|1	0|0	0|0	0|0	0|0	TRUE	24000001	25000000	24000.001
9	24500000.5	14	9:24000001-25000000	Chr_9_24159693	A	T	FALSE	.	.	241	0.8950471698113207	0.10495283018867925	g33370	T|upstream_gene_variant|MODIFIER|g33370|g33370|transcript|g33370.t1|protein_coding||c.-3165T>A|||||3165|	T|upstream_gene_variant|MODIFIER|g33371|g33371|transcript|g33371.t1|protein_coding||c.-1536A>T|||||1536|,T|intergenic_region|MODIFIER|g33370-g33371|g33370-g33371|intergenic_region|g33370-g33371|||n.24159693A>T||||||	-14.6747	3.25305e-8	2.60489	FlowerDays_2025	NA	GT	0|0	0|0	0|0	0|0	0|0	0|0	0|0	0|1	0|0	0|0	0|0	0|0	0|0	0|0	0|0	0|0	0|0	0|0	0|0	0|0	0|0	0|0	0|0	0|0	0|0	0|0	0|1	0|0	0|0	0|0	0|0	0|0	0|0	0|0	0|0	0|0	0|0	0|0	0|0	0|0	0|0	0|0	0|0	0|0	0|0	0|0	0|0	0|0	0|0	0|0	0|0	0|0	1|1	0|0	0|0	0|0	0|0	0|0	0|0	1|1	0|0	0|0	1|1	0|0	0|0	0|0	0|0	1|1	0|0	0|0	0|0	0|0	0|1	0|0	1|1	1|0	0|0	0|0	0|0	0|0	0|0	0|0	1|0	0|0	0|0	1|0	1|1	0|0	0|0	0|0	1|0	0|0	0|0	0|0	0|0	0|1	0|0	0|0	1|0	1|0	1|1	0|0	0|1	0|0	0|0	0|0	0|1	0|1	0|0	0|0	0|0	0|0	0|0	0|0	0|0	0|0	0|0	0|0	0|0	0|0	0|0	0|0	0|0	0|0	0|0	0|0	0|0	0|0	0|0	0|0	0|0	0|0	0|0	0|0	1|1	0|0	0|0	0|0	0|0	0|0	0|0	0|0	0|0	0|0	1|1	1|0	0|0	1|0	0|0	0|0	0|0	0|0	0|0	0|0	0|0	0|0	0|0	0|0	0|0	0|0	0|0	0|0	0|0	0|0	0|1	0|0	0|0	0|0	1|0	0|0	0|0	0|0	0|0	1|1	0|0	0|0	0|1	0|0	0|0	0|0	0|0	0|0	0|0	0|0	1|1	0|0	0|0	0|0	0|0	1|0	0|0	0|1	0|0	0|0	0|0	0|0	0|0	0|0	1|0	0|0	0|0	0|0	0|0	0|0	0|1	0|0	0|0	0|0	0|0	0|0	0|0	0|0	0|0	0|0	0|0	0|0	0|0	1|0	1|0	0|0	0|0	0|0	0|0	0|1	1|0	0|0	1|1	0|0	0|0	0|0	0|0	0|0	0|0	0|0	0|0	0|1	0|0	0|1	0|0	0|0	0|0	0|0	0|0	0|0	0|0	0|0	0|0	0|0	0|0	0|0	0|1	0|0	0|0	0|0	1|0	0|0	0|0	0|0	0|0	1|0	0|0	0|0	0|0	0|0	1|0	0|0	0|0	0|0	0|0	0|0	0|0	0|0	0|0	0|0	0|0	0|0	0|1	0|0	0|0	0|0	0|0	0|0	0|1	0|0	0|0	0|0	0|0	0|0	0|0	0|0	0|0	0|0	0|0	0|0	0|0	1|0	0|0	0|0	0|0	0|0	0|0	0|0	0|0	0|0	0|0	0|0	0|0	0|0	0|0	0|0	0|1	0|0	0|0	0|0	0|0	0|0	1|0	0|1	1|0	0|0	0|0	1|0	0|0	0|0	0|0	1|0	0|0	0|1	0|0	0|0	0|0	0|0	1|1	1|1	0|0	0|0	0|0	0|0	0|0	0|0	0|0	0|0	0|0	0|0	0|0	0|1	0|0	1|1	1|1	0|0	0|1	0|0	0|0	1|1	0|0	0|0	0|0	0|0	0|0	1|1	0|0	0|1	0|0	0|0	0|0	0|0	0|0	0|0	0|0	0|0	0|0	0|0	0|0	0|0	0|0	0|0	0|0	0|0	0|0	0|0	0|0	0|0	0|1	0|0	0|0	0|0	0|1	1|0	0|0	0|0	0|0	0|0	1|0	0|0	0|1	0|0	0|0	0|0	0|0	1|0	0|0	0|0	0|0	0|0	0|0	0|0	0|0	0|0	0|0	0|0	0|0	0|0	0|0	0|0	0|0	0|0	0|0	0|0	0|0	1|1	0|0	0|0	0|0	0|0	TRUE	24000001	25000000	24000.001
9	24500000.5	14	9:24000001-25000000	Chr_9_24160916	C	A	FALSE	.	.	241	0.9009433962264151	0.09905660377358491	g33370	A|upstream_gene_variant|MODIFIER|g33370|g33370|transcript|g33370.t1|protein_coding||c.-4388G>T|||||4388|	A|upstream_gene_variant|MODIFIER|g33371|g33371|transcript|g33371.t1|protein_coding||c.-313C>A|||||313|,A|upstream_gene_variant|MODIFIER|g33372|g33372|transcript|g33372.t1|protein_coding||c.-5000C>A|||||5000|,A|intergenic_region|MODIFIER|g33370-g33371|g33370-g33371|intergenic_region|g33370-g33371|||n.24160916C>A||||||	-14.9954	3.09483e-8	2.65746	FlowerDays_2025	NA	GT	0|0	0|0	0|0	0|0	0|0	0|0	0|0	0|1	0|0	0|0	0|0	0|0	0|0	0|0	0|0	0|0	0|0	0|0	0|0	0|0	0|0	0|0	0|0	0|0	0|0	0|0	0|1	0|0	0|0	0|0	0|0	0|0	0|0	0|0	0|0	0|0	0|0	0|0	0|0	0|0	0|0	0|0	0|0	0|0	0|0	0|0	0|0	0|0	0|0	0|0	0|0	0|0	1|1	0|0	0|0	0|0	0|0	0|0	0|0	1|1	0|0	0|0	1|1	0|0	0|0	0|0	0|0	1|1	0|0	0|0	0|0	0|0	0|1	0|0	1|1	1|0	0|0	0|0	0|0	0|0	0|0	0|0	1|0	0|0	0|0	1|0	1|1	0|0	0|0	0|0	1|0	0|0	0|0	0|0	0|0	0|1	0|0	0|0	1|0	1|1	1|1	0|0	0|1	0|0	0|0	0|0	0|1	0|1	0|0	0|0	0|0	0|0	0|0	0|0	0|0	0|0	0|0	0|0	0|0	0|0	0|0	0|0	0|0	0|0	0|0	0|0	0|0	0|0	0|0	0|0	0|0	0|0	0|0	0|0	1|1	0|0	0|0	0|0	0|0	0|0	0|0	0|0	0|0	0|0	0|1	1|0	0|0	1|0	0|0	0|0	0|0	0|0	0|0	0|0	0|0	0|0	0|0	0|0	0|0	0|0	0|0	0|0	0|0	0|0	0|0	0|0	0|0	0|0	1|0	0|0	0|0	0|0	0|0	1|1	0|0	0|0	0|1	0|0	0|0	0|0	0|0	0|0	0|0	0|0	1|1	0|0	0|0	0|0	0|0	1|0	0|0	0|0	0|0	0|0	0|0	0|0	0|0	0|0	1|0	0|0	0|0	0|0	0|0	0|0	0|0	0|0	0|0	0|0	0|0	0|0	0|0	0|0	0|0	0|0	0|0	0|0	0|0	1|0	1|0	0|0	0|0	0|0	0|0	0|1	1|0	0|0	1|1	0|0	0|0	0|0	0|0	0|0	0|0	0|0	0|0	0|1	0|0	0|1	0|0	0|0	0|0	0|0	0|0	0|0	0|0	0|0	0|0	0|0	0|0	0|0	0|1	0|0	0|0	0|0	1|0	0|0	0|0	0|0	0|0	1|0	0|0	0|0	0|0	0|0	1|0	0|0	0|0	0|0	0|0	0|0	0|0	0|0	0|0	0|0	0|0	0|0	0|0	0|0	0|0	0|0	0|0	0|0	0|1	0|0	0|0	0|0	0|0	0|0	0|0	0|0	0|0	0|0	0|0	0|0	0|0	1|0	0|0	0|0	0|0	0|0	0|0	0|0	0|0	0|0	0|0	0|0	0|0	0|0	0|0	0|0	0|1	0|0	0|0	0|0	0|0	0|0	1|0	1|1	1|0	0|0	0|0	1|0	0|0	0|0	0|0	1|0	0|0	0|1	0|0	0|0	0|0	0|0	1|1	1|0	0|0	0|0	0|0	0|0	0|0	0|0	0|0	0|0	0|0	0|0	0|0	0|1	0|0	1|1	1|1	0|0	0|1	0|0	0|0	1|0	0|0	0|0	0|0	0|0	0|0	1|1	0|0	0|1	0|0	0|0	0|0	0|0	0|0	0|0	0|0	0|0	0|0	0|0	0|0	0|0	0|0	0|0	0|0	0|0	0|0	0|0	0|0	0|0	0|1	0|0	0|0	0|0	0|1	1|0	0|0	0|0	0|0	0|0	1|0	0|0	0|1	0|0	0|0	0|0	0|0	1|0	0|0	0|0	0|0	0|0	0|0	0|0	0|0	0|0	0|0	0|0	0|0	0|0	0|0	0|0	0|0	0|0	0|0	0|0	0|0	1|1	0|0	0|0	0|0	0|0	TRUE	24000001	25000000	24000.001
9	24500000.5	14	9:24000001-25000000	Chr_9_24160942	C	T	FALSE	.	.	241	0.9033018867924528	0.09669811320754718	g33370	T|upstream_gene_variant|MODIFIER|g33370|g33370|transcript|g33370.t1|protein_coding||c.-4414G>A|||||4414|	T|upstream_gene_variant|MODIFIER|g33371|g33371|transcript|g33371.t1|protein_coding||c.-287C>T|||||287|,T|upstream_gene_variant|MODIFIER|g33372|g33372|transcript|g33372.t1|protein_coding||c.-4974C>T|||||4974|,T|intergenic_region|MODIFIER|g33370-g33371|g33370-g33371|intergenic_region|g33370-g33371|||n.24160942C>T||||||	-15.377	1.68997e-8	2.67241	FlowerDays_2025	NA	GT	0|0	0|0	0|0	0|0	0|0	0|0	0|0	0|1	0|0	0|0	0|0	0|0	0|0	0|0	0|0	0|0	0|0	0|0	0|0	0|0	0|0	0|0	0|0	0|0	0|0	0|0	0|1	0|0	0|0	0|0	0|0	0|0	0|0	0|0	0|0	0|0	0|0	0|0	0|0	0|0	0|0	0|0	0|0	0|0	0|0	0|0	0|0	0|0	0|0	0|0	0|0	0|0	1|1	0|0	0|0	0|0	0|0	0|0	0|0	1|1	0|0	0|0	1|1	0|0	0|0	0|0	0|0	1|1	0|0	0|0	0|0	0|0	0|1	0|0	1|1	1|0	0|0	0|0	0|0	0|0	0|0	0|0	1|0	0|0	0|0	1|0	1|1	0|0	0|0	0|0	1|0	0|0	0|0	0|0	0|0	0|1	0|0	0|0	1|0	1|1	1|1	0|0	0|1	0|0	0|0	0|0	0|1	0|1	0|0	0|0	0|0	0|0	0|0	0|0	0|0	0|0	0|0	0|0	0|0	0|0	0|0	0|0	0|0	0|0	0|0	0|0	0|0	0|0	0|0	0|0	0|0	0|0	0|0	0|0	1|1	0|0	0|0	0|0	0|0	0|0	0|0	0|0	0|0	0|0	0|1	1|0	0|0	1|0	0|0	0|0	0|0	0|0	0|0	0|0	0|0	0|0	0|0	0|0	0|0	0|0	0|0	0|0	0|0	0|0	0|0	0|0	0|0	0|0	1|0	0|0	0|0	0|0	0|0	1|1	0|0	0|0	0|1	0|0	0|0	0|0	0|0	0|0	0|0	0|0	1|1	0|0	0|0	0|0	0|0	1|0	0|0	0|0	0|0	0|0	0|0	0|0	0|0	0|0	1|0	0|0	0|0	0|0	0|0	0|0	0|0	0|0	0|0	0|0	0|0	0|0	0|0	0|0	0|0	0|0	0|0	0|0	0|0	1|0	1|0	0|0	0|0	0|0	0|0	0|1	1|0	0|0	1|1	0|0	0|0	0|0	0|0	0|0	0|0	0|0	0|0	0|1	0|0	0|1	0|0	0|0	0|0	0|0	0|0	0|0	0|0	0|0	0|0	0|0	0|0	0|0	0|1	0|0	0|0	0|0	1|0	0|0	0|0	0|0	0|0	0|0	0|0	0|0	0|0	0|0	1|0	0|0	0|0	0|0	0|0	0|0	0|0	0|0	0|0	0|0	0|0	0|0	0|0	0|0	0|0	0|0	0|0	0|0	0|1	0|0	0|0	0|0	0|0	0|0	0|0	0|0	0|0	0|0	0|0	0|0	0|0	1|0	0|0	0|0	0|0	0|0	0|0	0|0	0|0	0|0	0|0	0|0	0|0	0|0	0|0	0|0	0|1	0|0	0|0	0|0	0|0	0|0	1|0	1|1	1|0	0|0	0|0	1|0	0|0	0|0	0|0	1|0	0|0	0|1	0|0	0|0	0|0	0|0	1|1	1|0	0|0	0|0	0|0	0|0	0|0	0|0	0|0	0|0	0|0	0|0	0|0	0|1	0|0	1|1	1|1	0|0	0|1	0|0	0|0	1|0	0|0	0|0	0|0	0|0	0|0	1|1	0|0	0|1	0|0	0|0	0|0	0|0	0|0	0|0	0|0	0|0	0|0	0|0	0|0	0|0	0|0	0|0	0|0	0|0	0|0	0|0	0|0	0|0	0|1	0|0	0|0	0|0	0|1	1|0	0|0	0|0	0|0	0|0	0|0	0|0	0|1	0|0	0|0	0|0	0|0	1|0	0|0	0|0	0|0	0|0	0|0	0|0	0|0	0|0	0|0	0|0	0|0	0|0	0|0	0|0	0|0	0|0	0|0	0|0	0|0	1|1	0|0	0|0	0|0	0|0	TRUE	24000001	25000000	24000.001
9	24500000.5	14	9:24000001-25000000	Chr_9_24160955	A	G	FALSE	.	.	241	0.9033018867924528	0.09669811320754718	g33370	G|upstream_gene_variant|MODIFIER|g33370|g33370|transcript|g33370.t1|protein_coding||c.-4427T>C|||||4427|	G|upstream_gene_variant|MODIFIER|g33371|g33371|transcript|g33371.t1|protein_coding||c.-274A>G|||||274|,G|upstream_gene_variant|MODIFIER|g33372|g33372|transcript|g33372.t1|protein_coding||c.-4961A>G|||||4961|,G|intergenic_region|MODIFIER|g33370-g33371|g33370-g33371|intergenic_region|g33370-g33371|||n.24160955A>G||||||	-15.6362	9.19808e-9	2.66644	FlowerDays_2025	NA	GT	0|0	0|0	0|0	0|0	0|0	0|0	0|0	0|1	0|0	0|0	0|0	0|0	0|0	0|0	0|0	0|0	0|0	0|0	0|0	0|0	0|0	0|0	0|0	0|0	0|0	0|0	0|1	0|0	0|0	0|0	0|0	0|0	0|0	0|0	0|0	0|0	0|0	0|0	0|0	0|0	0|0	0|0	0|0	0|0	0|0	0|0	0|0	0|0	0|0	0|0	0|0	0|0	1|1	0|0	0|0	0|0	0|0	0|0	0|0	1|1	0|0	0|0	1|1	0|0	0|0	0|0	0|0	1|1	0|0	0|0	0|0	0|0	0|1	0|0	1|1	1|0	0|0	0|0	0|0	0|0	0|0	0|0	1|0	0|0	0|0	1|0	1|1	0|0	0|0	0|0	1|0	0|0	0|0	0|0	0|0	0|1	0|0	0|0	1|0	1|1	1|1	0|0	0|1	0|0	0|0	0|0	0|1	0|1	0|0	0|0	0|0	0|0	0|0	0|0	0|0	0|0	0|0	0|0	0|0	0|0	0|0	0|0	0|0	0|0	0|0	0|0	0|0	0|0	0|0	0|0	0|0	0|0	0|0	0|0	1|1	0|0	0|0	0|0	0|0	0|0	0|0	0|0	0|0	0|0	0|1	0|0	0|0	1|0	0|0	0|0	0|0	0|0	0|0	0|0	0|0	0|0	0|0	0|0	0|0	0|0	0|0	0|0	0|0	0|0	0|0	0|0	0|0	0|0	1|0	0|0	0|0	0|0	0|0	1|1	0|0	0|0	0|1	0|0	0|0	0|0	0|0	0|0	0|0	0|0	1|1	0|0	0|0	0|0	0|0	1|0	0|0	0|0	0|0	0|0	0|0	0|0	0|0	0|0	1|0	0|0	0|0	0|0	0|0	0|0	0|0	0|0	0|0	0|0	0|0	0|0	0|0	0|0	0|0	0|0	0|0	0|0	0|0	1|0	1|0	0|0	0|0	0|0	0|0	0|1	1|0	0|0	1|1	0|0	0|0	0|0	0|0	0|0	0|0	0|0	0|0	0|1	0|0	0|1	0|0	0|0	0|0	0|0	0|0	0|0	0|0	0|0	0|0	0|0	0|0	0|0	0|1	0|0	0|0	0|0	1|0	0|0	0|0	0|0	0|0	1|0	0|0	0|0	0|0	0|0	1|0	0|0	0|0	0|0	0|0	0|0	0|0	0|0	0|0	0|0	0|0	0|0	0|0	0|0	0|0	0|0	0|0	0|0	0|1	0|0	0|0	0|0	0|0	0|0	0|0	0|0	0|0	0|0	0|0	0|0	0|0	1|0	0|0	0|0	0|0	0|0	0|0	0|0	0|0	0|0	0|0	0|0	0|0	0|0	0|0	0|0	0|1	0|0	0|0	0|0	0|0	0|0	1|0	1|1	1|0	0|0	0|0	1|0	0|0	0|0	0|0	1|0	0|0	0|1	0|0	0|0	0|0	0|0	1|1	1|0	0|0	0|0	0|0	0|0	0|0	0|0	0|0	0|0	0|0	0|0	0|0	0|1	0|0	1|1	1|1	0|0	0|1	0|0	0|0	1|0	0|0	0|0	0|0	0|0	0|0	1|1	0|0	0|1	0|0	0|0	0|0	0|0	0|0	0|0	0|0	0|0	0|0	0|0	0|0	0|0	0|0	0|0	0|0	0|0	0|0	0|0	0|0	0|0	0|1	0|0	0|0	0|0	0|1	1|0	0|0	0|0	0|0	0|0	0|0	0|0	0|1	0|0	0|0	0|0	0|0	1|0	0|0	0|0	0|0	0|0	0|0	0|0	0|0	0|0	0|0	0|0	0|0	0|0	0|0	0|0	0|0	0|0	0|0	0|0	0|0	1|1	0|0	0|0	0|0	0|0	TRUE	24000001	25000000	24000.001
9	24500000.5	14	9:24000001-25000000	Chr_9_24160988	C	T	TRUE	.	.	241	0.9033018867924528	0.09669811320754718	g33370	T|upstream_gene_variant|MODIFIER|g33370|g33370|transcript|g33370.t1|protein_coding||c.-4460G>A|||||4460|	T|upstream_gene_variant|MODIFIER|g33371|g33371|transcript|g33371.t1|protein_coding||c.-241C>T|||||241|,T|upstream_gene_variant|MODIFIER|g33372|g33372|transcript|g33372.t1|protein_coding||c.-4928C>T|||||4928|,T|intergenic_region|MODIFIER|g33370-g33371|g33370-g33371|intergenic_region|g33370-g33371|||n.24160988C>T||||||	-16.0194	6.00611e-9	2.69675	FlowerDays_2025	NA	GT	0|0	0|0	0|0	0|0	0|0	0|0	0|0	0|1	0|0	0|0	0|0	0|0	0|0	0|0	0|0	0|0	0|0	0|0	0|0	0|0	0|0	0|0	0|0	0|0	0|0	0|0	0|1	0|0	0|0	0|0	0|0	0|0	0|0	0|0	0|0	0|0	0|0	0|0	0|0	0|0	0|0	0|0	0|0	0|0	0|0	0|0	0|0	0|0	0|0	0|0	0|0	0|0	1|1	0|0	0|0	0|0	0|0	0|0	0|0	1|1	0|0	0|0	1|1	0|0	0|0	0|0	0|0	1|1	0|0	0|0	0|0	0|0	0|1	0|0	1|1	1|0	0|0	0|0	0|0	0|0	0|0	0|0	1|0	0|0	0|0	1|0	1|1	0|0	0|0	0|0	1|0	0|0	0|0	0|0	0|0	0|1	0|0	0|0	1|0	1|1	1|1	0|0	0|1	0|0	0|0	0|0	0|1	0|1	0|0	0|0	0|0	0|0	0|0	0|0	0|0	0|0	0|0	0|0	0|0	0|0	0|0	0|0	0|0	0|0	0|0	0|0	0|0	0|0	0|0	0|0	0|0	0|0	0|0	0|0	1|1	0|0	0|0	0|0	0|0	0|0	0|0	0|0	0|0	0|0	0|1	0|0	0|0	1|0	0|0	0|0	0|0	0|0	0|0	0|0	0|0	0|0	0|0	0|0	0|0	0|0	0|0	0|0	0|0	0|0	0|0	0|0	0|0	0|0	1|0	0|0	0|0	0|0	0|0	1|1	0|0	0|0	0|1	0|0	0|0	0|0	0|0	0|0	0|0	0|0	1|1	0|0	0|0	0|0	0|0	1|0	0|0	0|1	0|0	0|0	0|0	0|0	0|0	0|0	1|0	0|0	0|0	0|0	0|0	0|0	0|0	0|0	0|0	0|0	0|0	0|0	0|0	0|0	0|0	0|0	0|0	0|0	0|0	1|0	1|0	0|0	0|0	0|0	0|0	0|1	1|0	0|0	1|1	0|0	0|0	0|0	0|0	0|0	0|0	0|0	0|0	0|1	0|0	0|1	0|0	0|0	0|0	0|0	0|0	0|0	0|0	0|0	0|0	0|0	0|0	0|0	0|1	0|0	0|0	0|0	1|0	0|0	0|0	0|0	0|0	1|0	0|0	0|0	0|0	0|0	1|0	0|0	0|0	0|0	0|0	0|0	0|0	0|0	0|0	0|0	0|0	0|0	0|0	0|0	0|0	0|0	0|0	0|0	0|1	0|0	0|0	0|0	0|0	0|0	0|0	0|0	0|0	0|0	0|0	0|0	0|0	1|0	0|0	0|0	0|0	0|0	0|0	0|0	0|0	0|0	0|0	0|0	0|0	0|0	0|0	0|0	0|1	0|0	0|0	0|0	0|0	0|0	1|0	0|1	1|0	0|0	0|0	1|0	0|0	0|0	0|0	1|0	0|0	0|1	0|0	0|0	0|0	0|0	1|1	1|0	0|0	0|0	0|0	0|0	0|0	0|0	0|0	0|0	0|0	0|0	0|0	0|1	0|0	1|1	1|1	0|0	0|1	0|0	0|0	1|0	0|0	0|0	0|0	0|0	0|0	1|1	0|0	0|1	0|0	0|0	0|0	0|0	0|0	0|0	0|0	0|0	0|0	0|0	0|0	0|0	0|0	0|0	0|0	0|0	0|0	0|0	0|0	0|0	0|1	0|0	0|0	0|0	0|1	1|0	0|0	0|0	0|0	0|0	0|0	0|0	0|1	0|0	0|0	0|0	0|0	1|0	0|0	0|0	0|0	0|0	0|0	0|0	0|0	0|0	0|0	0|0	0|0	0|0	0|0	0|0	0|0	0|0	0|0	0|0	0|0	1|1	0|0	0|0	0|0	0|0	TRUE	24000001	25000000	24000.001
9	24500000.5	14	9:24000001-25000000	Chr_9_24160992	T	A	TRUE	.	.	241	0.9033018867924528	0.09669811320754718	g33370	A|upstream_gene_variant|MODIFIER|g33370|g33370|transcript|g33370.t1|protein_coding||c.-4464A>T|||||4464|	A|upstream_gene_variant|MODIFIER|g33371|g33371|transcript|g33371.t1|protein_coding||c.-237T>A|||||237|,A|upstream_gene_variant|MODIFIER|g33372|g33372|transcript|g33372.t1|protein_coding||c.-4924T>A|||||4924|,A|intergenic_region|MODIFIER|g33370-g33371|g33370-g33371|intergenic_region|g33370-g33371|||n.24160992T>A||||||	-16.0194	6.00611e-9	2.69675	FlowerDays_2025	NA	GT	0|0	0|0	0|0	0|0	0|0	0|0	0|0	0|1	0|0	0|0	0|0	0|0	0|0	0|0	0|0	0|0	0|0	0|0	0|0	0|0	0|0	0|0	0|0	0|0	0|0	0|0	0|1	0|0	0|0	0|0	0|0	0|0	0|0	0|0	0|0	0|0	0|0	0|0	0|0	0|0	0|0	0|0	0|0	0|0	0|0	0|0	0|0	0|0	0|0	0|0	0|0	0|0	1|1	0|0	0|0	0|0	0|0	0|0	0|0	1|1	0|0	0|0	1|1	0|0	0|0	0|0	0|0	1|1	0|0	0|0	0|0	0|0	0|1	0|0	1|1	1|0	0|0	0|0	0|0	0|0	0|0	0|0	1|0	0|0	0|0	1|0	1|1	0|0	0|0	0|0	1|0	0|0	0|0	0|0	0|0	0|1	0|0	0|0	1|0	1|1	1|1	0|0	0|1	0|0	0|0	0|0	0|1	0|1	0|0	0|0	0|0	0|0	0|0	0|0	0|0	0|0	0|0	0|0	0|0	0|0	0|0	0|0	0|0	0|0	0|0	0|0	0|0	0|0	0|0	0|0	0|0	0|0	0|0	0|0	1|1	0|0	0|0	0|0	0|0	0|0	0|0	0|0	0|0	0|0	0|1	0|0	0|0	1|0	0|0	0|0	0|0	0|0	0|0	0|0	0|0	0|0	0|0	0|0	0|0	0|0	0|0	0|0	0|0	0|0	0|0	0|0	0|0	0|0	1|0	0|0	0|0	0|0	0|0	1|1	0|0	0|0	0|1	0|0	0|0	0|0	0|0	0|0	0|0	0|0	1|1	0|0	0|0	0|0	0|0	1|0	0|0	0|1	0|0	0|0	0|0	0|0	0|0	0|0	1|0	0|0	0|0	0|0	0|0	0|0	0|0	0|0	0|0	0|0	0|0	0|0	0|0	0|0	0|0	0|0	0|0	0|0	0|0	1|0	1|0	0|0	0|0	0|0	0|0	0|1	1|0	0|0	1|1	0|0	0|0	0|0	0|0	0|0	0|0	0|0	0|0	0|1	0|0	0|1	0|0	0|0	0|0	0|0	0|0	0|0	0|0	0|0	0|0	0|0	0|0	0|0	0|1	0|0	0|0	0|0	1|0	0|0	0|0	0|0	0|0	1|0	0|0	0|0	0|0	0|0	1|0	0|0	0|0	0|0	0|0	0|0	0|0	0|0	0|0	0|0	0|0	0|0	0|0	0|0	0|0	0|0	0|0	0|0	0|1	0|0	0|0	0|0	0|0	0|0	0|0	0|0	0|0	0|0	0|0	0|0	0|0	1|0	0|0	0|0	0|0	0|0	0|0	0|0	0|0	0|0	0|0	0|0	0|0	0|0	0|0	0|0	0|1	0|0	0|0	0|0	0|0	0|0	1|0	0|1	1|0	0|0	0|0	1|0	0|0	0|0	0|0	1|0	0|0	0|1	0|0	0|0	0|0	0|0	1|1	1|0	0|0	0|0	0|0	0|0	0|0	0|0	0|0	0|0	0|0	0|0	0|0	0|1	0|0	1|1	1|1	0|0	0|1	0|0	0|0	1|0	0|0	0|0	0|0	0|0	0|0	1|1	0|0	0|1	0|0	0|0	0|0	0|0	0|0	0|0	0|0	0|0	0|0	0|0	0|0	0|0	0|0	0|0	0|0	0|0	0|0	0|0	0|0	0|0	0|1	0|0	0|0	0|0	0|1	1|0	0|0	0|0	0|0	0|0	0|0	0|0	0|1	0|0	0|0	0|0	0|0	1|0	0|0	0|0	0|0	0|0	0|0	0|0	0|0	0|0	0|0	0|0	0|0	0|0	0|0	0|0	0|0	0|0	0|0	0|0	0|0	1|1	0|0	0|0	0|0	0|0	TRUE	24000001	25000000	24000.001
9	53500000.5	15	9:53000001-54000000	Chr_9_53316989	GT	G	TRUE	.	.	533	0.3596698113207547	0.6403301886792453	g35117	G|upstream_gene_variant|MODIFIER|g35117|g35117|transcript|g35117.t1|protein_coding||c.-1549delA|||||1549|	G|intergenic_region|MODIFIER|g35117-g35118|g35117-g35118|intergenic_region|g35117-g35118|||n.53316990delT||||||	-9.89911	4.62036e-8	1.77782	FlowerDays_2025	NA	GT	0|0	0|1	0|1	1|1	0|1	1|1	1|0	0|0	1|0	1|1	1|0	1|1	1|0	0|1	1|0	1|1	0|0	0|0	0|1	0|0	0|0	1|1	1|1	1|1	1|0	1|1	0|1	1|1	1|0	1|1	0|0	1|1	1|1	0|1	0|0	1|0	0|1	0|0	1|1	0|1	1|1	0|1	1|1	0|0	0|0	1|0	1|1	1|1	1|0	1|1	0|0	1|0	0|0	1|1	1|0	0|0	1|1	1|1	1|1	1|1	1|0	1|1	1|0	1|1	1|1	0|1	1|1	0|0	1|1	1|0	1|1	1|1	1|1	1|1	1|1	1|0	0|0	1|1	0|0	1|1	1|1	0|1	0|0	0|1	1|1	0|1	0|0	0|0	0|0	1|1	1|1	0|0	1|1	1|1	1|0	0|1	1|1	0|1	0|0	1|0	1|1	1|0	0|0	0|1	1|0	1|0	0|0	0|1	1|0	0|0	1|1	1|0	1|1	1|1	0|1	0|0	1|0	1|0	1|1	1|1	0|1	1|0	1|1	1|1	1|1	0|1	0|1	0|1	0|1	1|1	1|1	1|1	1|1	1|1	1|1	1|1	1|1	0|0	1|1	0|1	1|0	1|1	1|1	1|1	1|1	1|0	1|0	1|1	1|0	1|1	1|1	0|1	1|1	0|1	1|1	1|1	0|1	0|1	1|0	0|1	1|1	1|0	1|1	1|0	1|0	0|0	1|1	1|0	1|1	0|0	0|1	1|1	1|1	0|0	1|1	1|0	0|0	1|1	1|1	1|0	1|1	1|1	1|1	1|0	0|0	0|0	1|1	1|1	1|0	0|0	1|1	0|1	1|1	1|1	1|0	1|0	1|1	0|1	1|1	1|0	1|1	0|1	1|0	0|0	1|0	1|1	1|1	1|1	1|1	1|1	1|1	1|0	1|1	1|1	1|0	1|1	1|1	0|0	0|0	0|0	1|1	0|1	1|1	0|0	1|0	0|1	1|0	1|1	1|0	1|1	1|0	0|0	1|1	0|1	1|0	0|1	1|1	0|1	1|1	1|1	1|1	1|0	1|0	1|1	1|1	1|1	0|1	1|1	1|1	1|0	0|0	1|0	0|0	1|0	0|1	1|1	0|0	1|1	0|1	1|1	1|1	1|1	1|1	0|1	1|0	1|1	1|1	1|0	1|0	0|1	0|0	1|1	1|1	1|1	1|1	1|1	1|1	0|1	1|1	0|0	1|1	1|1	1|1	1|1	1|1	0|1	1|0	1|1	0|0	0|0	1|1	1|0	1|1	1|1	1|0	1|1	1|0	1|0	0|1	0|1	1|1	0|1	1|1	1|1	1|1	1|0	1|1	1|1	1|0	1|1	0|0	0|0	1|1	0|0	0|0	0|1	1|1	1|1	1|1	1|0	0|1	1|1	1|1	1|1	1|1	1|0	0|0	1|0	0|0	0|0	1|0	1|1	0|0	1|0	1|1	0|0	1|0	1|0	1|0	1|1	1|1	0|1	1|1	1|1	1|0	1|1	1|1	0|1	0|0	0|0	0|1	1|1	0|1	0|1	1|1	1|1	1|1	1|1	1|0	0|0	1|1	0|1	1|1	1|1	0|1	1|1	1|1	1|0	1|1	0|0	1|1	1|1	1|0	0|1	0|1	1|0	1|1	1|1	1|1	1|0	1|0	0|0	0|0	1|0	1|1	1|1	0|0	1|1	1|1	0|1	0|0	1|1	0|0	0|0	0|0	0|0	0|1	0|0	1|1	0|0	1|0	1|0	0|0	1|1	1|1	0|0	1|1	0|0	1|1	1|1	1|1	0|0	1|1	1|1	1|0	0|1	1|1	0|0	1|1	0|1	1|1	1|0	0|0	1|0	TRUE	53000001	54000000	53000.001
