qseqid	gene	protein_name	uniprot_acc	organism	Function
g1091	Tf2-9	Transposon Tf2-9 polyprotein	P0CT40	Schizosaccharomyces pombe (strain 972 / ATCC 24843)	NA
g1092	SKIP27	F-box protein SKIP27	O65416	Arabidopsis thaliana	Component of SCF(ASK-cullin-F-box) E3 ubiquitin ligase complexes, which may mediate the ubiquitination and subsequent proteasomal degradation of target proteins. {ECO:0000250}.
g1093	APC4	Anaphase-promoting complex subunit 4	O65418	Arabidopsis thaliana	Component of the anaphase promoting complex/cyclosome (APC/C), a cell cycle-regulated E3 ubiquitin-protein ligase complex that controls progression through mitosis and the G1 phase of the cell cycle. The APC/C complex controls several key steps in the cell cycle by mediating ubiquitination and subsequent degradation of target proteins such as cyclins. The APC/C complex is required for the female gametophyte development and is involved in several aspect of development by controlling cell division and cell elongation. Involved in the control of endoreduplication (By similarity). {ECO:0000250}.
g1094	CBP60B	Calmodulin-binding protein 60 B	Q9FKL6	Arabidopsis thaliana	Transcription activator that binds DNA in a sequence-specific manner, likely 5'-GAAATTTTGG-3', to promote the expression of target genes. {ECO:0000250|UniProtKB:F4K2R6}.
g1096	SPHK2	Sphingosine kinase 2	F2Y4A3	Arabidopsis thaliana	Involved in the production of sphingolipid metabolites. Phosphorylates sphingosine and various l sphingoid long-chain base (LCB) products, such as phytosphingosine (PHS, 4-hydroxysphinganine), 4-hydroxy-8-sphingenine, 4,8-sphingadienine and D-erythro-dihydrosphingosine, but has a very few activity toward D,L-threo- dihydrosphingosine. Is required for abscisic acid (ABA) signaling that mediates stomatal closure, inhibition of seed germination and root elongation. May function upstream of PLDALPHA1 and phosphatidic acid (PA) in an amplification response to ABA that mediates stomatal closure. {ECO:0000269|PubMed:21330371, ECO:0000269|PubMed:22275366}.
g1101	At4g20840	Berberine bridge enzyme-like 21	Q9SVG3	Arabidopsis thaliana	NA
g1102	yabD	Uncharacterized metal-dependent hydrolase YabD	P37545	Bacillus subtilis (strain 168)	NA
g1103	BUsg_343	Uncharacterized metal-dependent hydrolase BUsg_343	Q8K9J1	Buchnera aphidicola subsp. Schizaphis graminum (strain Sg)	NA
g1104	ycfH	Uncharacterized metal-dependent hydrolase YcfH	P0AFQ7	Escherichia coli (strain K12)	Has D-tyrosyl-tRNA deacylase activity in vitro. {ECO:0000269|PubMed:19332551}.
g1105	BGAL8	Beta-galactosidase 8	Q9SCV4	Arabidopsis thaliana	NA
g1108	ZAN	Zonadhesin	Q9Y493	Homo sapiens	Binds in a species-specific manner to the zona pellucida of the egg. May be involved in gamete recognition and/or signaling.
g11089	At1g26850	Probable methyltransferase PMT2	B9DFI7	Arabidopsis thaliana	NA
g1109	TP53I3	Quinone oxidoreductase PIG3	Q53FA7	Homo sapiens	Catalyzes the NADPH-dependent reduction of quinones (PubMed:19349281). Exhibits a low enzymatic activity with beta-naphthoquinones, with a strong preference for the ortho-quinone isomer (1,2-beta-naphthoquinone) over the para isomer (1,4-beta-naphthoquinone). Also displays a low reductase activity for non-quinone compounds such as diamine and 2,6-dichloroindophenol (in vitro) (PubMed:19349281). Involved in the generation of reactive oxygen species (ROS) (PubMed:19349281). {ECO:0000269|PubMed:19349281}.
g1111	ZAN	Zonadhesin	Q9Y493	Homo sapiens	Binds in a species-specific manner to the zona pellucida of the egg. May be involved in gamete recognition and/or signaling.
g1117	NDA1	Internal alternative NAD(P)H-ubiquinone oxidoreductase A1, mitochondrial	Q8GWA1	Arabidopsis thaliana	Alternative NADH-ubiquinone oxidoreductase which catalyzes the oxidation of mitochondrial NADH does not translocate protons across the inner mitochondrial membrane. {ECO:0000250}.
g1120	Os03g0255100	Beta-galactosidase 6	Q10NX8	Oryza sativa subsp. japonica	Releases galactose by hydrolysis of plant cell wall galactose-containing polysaccharides such as galacto-xyloglucan, pectic galactan and galactan (in vitro). {ECO:0000269|PubMed:12723614}.
g11207	ABCC3	ABC transporter C family member 3	Q9LK64	Arabidopsis thaliana	Pump for glutathione S-conjugates. Mediates the transport of glutathione conjugates such as chlorodinitrobenzene-GS (DNB-GS), and of chlorophyll catabolites such as Bn-NCC-1. Also transports heavy metals such as cadmium (Cd). {ECO:0000269|PubMed:9681016}.
g1121	yabD	Uncharacterized metal-dependent hydrolase YabD	P37545	Bacillus subtilis (strain 168)	NA
g1122	yabD	Uncharacterized metal-dependent hydrolase YabD	P37545	Bacillus subtilis (strain 168)	NA
g1124	At1g11770	Berberine bridge enzyme-like 2	Q9SA99	Arabidopsis thaliana	NA
g1125	At4g20830	Berberine bridge enzyme-like 19	Q9SVG4	Arabidopsis thaliana	NA
g1146	NDA1	Internal alternative NAD(P)H-ubiquinone oxidoreductase A1, mitochondrial	M0ZYF3	Solanum tuberosum	Alternative NADH-ubiquinone oxidoreductase which catalyzes the oxidation of mitochondrial NADH does not translocate protons across the inner mitochondrial membrane. {ECO:0000250}.
g1149	AHL	3',5'-bisphosphate nucleotidase AHL	Q38945	Arabidopsis thaliana	Phosphatase that converts adenosine 3'-phosphate 5'-phosphosulfate (PAPS) to adenosine 5'-phosphosulfate (APS) and 3'-phosphoadenosine 5'-phosphate (3'-PAP) to AMP (PubMed:10205895). May regulate the flux of sulfur in the sulfur-activation pathway by converting PAPS to APS (By similarity). Prevents both the toxicity of PAP on RNA processing enzymes as well as the product inhibition by PAP of sulfate conjugation. {ECO:0000250|UniProtKB:Q42546, ECO:0000269|PubMed:10205895}.
g1150	SCAMP3	Secretory carrier-associated membrane protein 3	Q9M5P2	Arabidopsis thaliana	Probably involved in membrane trafficking. {ECO:0000250}.
g1151	DHDPS2	4-hydroxy-tetrahydrodipicolinate synthase 2, chloroplastic	Q9FVC8	Arabidopsis thaliana	Catalyzes the condensation of (S)-aspartate-beta-semialdehyde [(S)-ASA] and pyruvate to 4-hydroxy-tetrahydrodipicolinate (HTPA). {ECO:0000250}.
g1157	At1g16250	F-box/kelch-repeat protein At1g16250	Q0WW40	Arabidopsis thaliana	NA
g1160	DME	Transcriptional activator DEMETER	Q8LK56	Arabidopsis thaliana	Transcriptional activator involved in gene imprinting. Catalyzes the release of 5-methylcytosine (5-meC) from DNA by a glycosylase/lyase mechanism. Allows the expression of the maternal copy of the imprinted MEA gene before fertilization, possibly by antagonizing or suppressing DNA methylation on target promoter. Probably acts by nicking the MEA promoter. Required for stable reproducible patterns of floral and vegetative development. {ECO:0000269|PubMed:12150995, ECO:0000269|PubMed:15128940, ECO:0000269|PubMed:16624880}.
g11850	AHL24	AT-hook motif nuclear-localized protein 24	O49662	Arabidopsis thaliana	Transcription factor that specifically binds AT-rich DNA sequences related to the nuclear matrix attachment regions (MARs). {ECO:0000250|UniProtKB:Q8VYJ2}.
g1221	TFB2	General transcription and DNA repair factor IIH subunit TFB2	Q680U9	Arabidopsis thaliana	Component of the general transcription and DNA repair factor IIH (TFIIH) core complex, which is involved in general and transcription-coupled nucleotide excision repair (NER) of damaged DNA and, when complexed to CAK, in RNA transcription by RNA polymerase II. In NER, TFIIH acts by opening DNA around the lesion to allow the excision of the damaged oligonucleotide and its replacement by a new DNA fragment. In transcription, TFIIH has an essential role in transcription initiation. When the pre-initiation complex (PIC) has been established, TFIIH is required for promoter opening and promoter escape. Phosphorylation of the C-terminal tail (CTD) of the largest subunit of RNA polymerase II by the kinase module CAK controls the initiation of transcription. {ECO:0000250|UniProtKB:Q92759}.
g1222	mutS2	Endonuclease MutS2	P73625	Synechocystis sp. (strain ATCC 27184 / PCC 6803 / Kazusa)	Endonuclease that is involved in the suppression of homologous recombination and thus may have a key role in the control of bacterial genetic diversity. {ECO:0000255|HAMAP-Rule:MF_00092}.; FUNCTION: Acts as a ribosome collision sensor, splitting the ribosome into its 2 subunits. Detects stalled/collided 70S ribosomes which it binds and splits by an ATP-hydrolysis driven conformational change. Acts upstream of the ribosome quality control system (RQC), a ribosome-associated complex that mediates the extraction of incompletely synthesized nascent chains from stalled ribosomes and their subsequent degradation. Probably generates substrates for RQC. {ECO:0000255|HAMAP-Rule:MF_00092}.
g12243	LUG	Transcriptional corepressor LEUNIG	Q9FUY2	Arabidopsis thaliana	Transcription repressor subunit of the SEU-LUG transcriptional corepressor of the C class floral homeotic gene AGAMOUS during the early stages of floral meristem development. Is part of the A class cadastral complex that define the boundaries between the A and C class homeotic genes expression and function. Interacts together with APETALA2 and SEUSS to repress AGAMOUS expression. Also plays a role in ovule and pollen development (PubMed:11782418, PubMed:15277686, PubMed:7743940). Implicated in embryo and floral development (PubMed:18390806). Involved in post-synthesis cell wall modifications necessary for mucilage extrusion from seeds upon imbibition, probably by promoting the expression of genes required for mucilage maturation (PubMed:21362134, PubMed:21402796). Involved in vegetative leaf morphogenesis at later stages of leaf development by restricting cell expansion during leaf growth (PubMed:15208345). Regulates the maintenance on leaf polarity and meristem activity as well as the initiation of embryonic shoot apical meristem (SAM) development (PubMed:19837869). {ECO:0000269|PubMed:11782418, ECO:0000269|PubMed:15208345, ECO:0000269|PubMed:15277686, ECO:0000269|PubMed:18390806, ECO:0000269|PubMed:19837869, ECO:0000269|PubMed:21362134, ECO:0000269|PubMed:21402796, ECO:0000269|PubMed:7743940}.
g12244	ccdc93	Coiled-coil domain-containing protein 93	Q6GQI5	Xenopus laevis	May be involved in copper-dependent atp7a trafficking between the trans-Golgi network and vesicles in the cell periphery. {ECO:0000250|UniProtKB:Q567U6}.
g1252	ERF12	Ethylene-responsive transcription factor 12	Q94ID6	Arabidopsis thaliana	Involved in the regulation of gene expression by stress factors and by components of stress signal transduction pathways. Transcription factor that binds to the GCC-box pathogenesis-related promoter element. Acts as a transcriptional inhibitor and may regulate other AtERFs (By similarity). {ECO:0000250, ECO:0000269|PubMed:11487705}.
g13006	BHLH62	Transcription factor bHLH62	Q9SRT2	Arabidopsis thaliana	NA
g1310	ZMYM1	Zinc finger MYM-type protein 1	Q5SVZ6	Homo sapiens	NA
g13101	NPF5.2	Protein NRT1/ PTR FAMILY 5.2	Q9FNL7	Arabidopsis thaliana	Peptide transporter involved in stress tolerance in seeds during germination and in defense against virulent bacterial pathogens. {ECO:0000269|PubMed:15889294, ECO:0000269|PubMed:17143616}.
g13532	Fanci	Fanconi anemia group I protein homolog	Q8K368	Mus musculus	Plays an essential role in the repair of DNA double-strand breaks by homologous recombination and in the repair of interstrand DNA cross-links (ICLs) by promoting FANCD2 monoubiquitination by FANCL and participating in recruitment to DNA repair sites (PubMed:17412408, PubMed:17460694). The FANCI-FANCD2 complex binds and scans double-stranded DNA (dsDNA) for DNA damage; this complex stalls at DNA junctions between double-stranded DNA and single-stranded DNA (By similarity). Participates in S phase and G2 phase checkpoint activation upon DNA damage (By similarity). {ECO:0000250|UniProtKB:B0I564, ECO:0000250|UniProtKB:Q9NVI1, ECO:0000269|PubMed:17412408, ECO:0000269|PubMed:17460694}.
g13533	EDR2L	Protein ENHANCED DISEASE RESISTANCE 2-like	Q8VZF6	Arabidopsis thaliana	Binds to phosphatidylinositol-4-phosphate (PtdIns(4)P). May regulate the salicylic acid- (SA-) mediated resistance to pathogens (By similarity). {ECO:0000250}.
g1355	TPS7	Probable alpha,alpha-trehalose-phosphate synthase [UDP-forming] 7	Q9LMI0	Arabidopsis thaliana	NA
g14102	CES101	G-type lectin S-receptor-like serine/threonine-protein kinase CES101	Q9LW83	Arabidopsis thaliana	Promotes the expression of genes involved in photosynthesis at least in dedifferentiated calli. {ECO:0000269|PubMed:16597626}.
g14876	SLAH1	S-type anion channel SLAH1	Q5E930	Arabidopsis thaliana	Slow, weak voltage-dependent S-type anion efflux channel involved in maintenance of anion homeostasis. {ECO:0000269|PubMed:18305482}.
g14961	LECRK91	L-type lectin-domain containing receptor kinase IX.1	Q9LXA5	Arabidopsis thaliana	Promotes hydrogen peroxide H(2)O(2) production and cell death. {ECO:0000269|PubMed:26011556}.; FUNCTION: Involved in resistance response to the pathogenic oomycetes Phytophthora infestans and Phytophthora capsici. {ECO:0000269|PubMed:25083911, ECO:0000269|PubMed:26011556}.
g14962	NA	Bark agglutinin I polypeptide A	Q41159	Robinia pseudoacacia	N-acetyl-D-galactosamine specific lectin. Bark lectins are storage protein that probably maintains stocks of nitrogen during dormant period. Self-aggregatable molecules that can bind their own carbohydrate side chains. They could also play a role in the plant's defense against phytophagous invertebrates or herbivorous higher animals.
g15275	NA	LINE-1 retrotransposable element ORF2 protein	O00370	Homo sapiens	Has reverse transcriptase activity required for target-primed reverse transcription of the LINE-1 element mRNA, a crucial step in LINE-1 retrotransposition (PubMed:38096901, PubMed:38096902, PubMed:7516468, PubMed:9140393). Selectively binds and reversely transcribes RNA with a poly(A) tail consisting of at least 20 adenosines (PubMed:38096901). Also has endonuclease activity that allows the introduction of nicks in the chromosomal target DNA (PubMed:17626046, PubMed:34554261, PubMed:38096901, PubMed:38096902, PubMed:8945517). Cleaves DNA in AT-rich regions between a 5' stretch of purines and a 3' stretch of pyrimidines, corresponding to the sites of LINE-1 integration in the genome (PubMed:8945517). Conformational properties of the target DNA sequence rather than specific nucleotides are key determinants of the ORF2p capacity for sequence-specific DNA recognition (PubMed:17626046, PubMed:34554261). Unlike related endonucleases, does not bend the DNA helix but causes compression near the cleavage site (PubMed:34554261). {ECO:0000269|PubMed:17626046, ECO:0000269|PubMed:34554261, ECO:0000269|PubMed:38096901, ECO:0000269|PubMed:38096902, ECO:0000269|PubMed:7516468, ECO:0000269|PubMed:8945517, ECO:0000269|PubMed:9140393}.
g15276	Tf2-9	Transposon Tf2-9 polyprotein	P0CT40	Schizosaccharomyces pombe (strain 972 / ATCC 24843)	NA
g1529	ERF2	Ethylene-responsive transcription factor 2	Q40479	Nicotiana tabacum	Acts as a transcriptional activator and may be involved in disease resistance pathways. Binds to the GCC-box pathogenesis-related promoter element. Involved in the regulation of gene expression by stress factors and by components of stress signal transduction pathways mediated by ethylene, that seems to depend on a protein kinase cascade, and to be influenced by methyl-jasmonate. {ECO:0000269|PubMed:10652129, ECO:0000269|PubMed:10792818, ECO:0000269|PubMed:7756828, ECO:0000269|Ref.2}.
g1530	ERF2	Ethylene-responsive transcription factor 2	Q40479	Nicotiana tabacum	Acts as a transcriptional activator and may be involved in disease resistance pathways. Binds to the GCC-box pathogenesis-related promoter element. Involved in the regulation of gene expression by stress factors and by components of stress signal transduction pathways mediated by ethylene, that seems to depend on a protein kinase cascade, and to be influenced by methyl-jasmonate. {ECO:0000269|PubMed:10652129, ECO:0000269|PubMed:10792818, ECO:0000269|PubMed:7756828, ECO:0000269|Ref.2}.
g15577	At1g65750	Putative ribonuclease H protein At1g65750	P0C2F6	Arabidopsis thaliana	NA
g15763	PPD1	PsbP domain-containing protein 1, chloroplastic	O23403	Arabidopsis thaliana	Photosystem I assembly factor that assists the proper folding and integration of PsaB and PsaA into the thylakoid membrane. {ECO:0000269|PubMed:23221595}.
g15764	NA	Pathogenesis-related thaumatin-like protein 3.5	Q5DWG1	Cryptomeria japonica	May be involved in disease resistance. {ECO:0000303|PubMed:20204373}.
g15765	RUN1	Disease resistance protein RUN1	V9M398	Vitis rotundifolia	Disease resistance (R) protein that confers resistance to multiple powdery and downy mildew by promoting cell death (PubMed:24033846, PubMed:31439792). Acts as a NAD(+) hydrolase (NADase): in response to activation, catalyzes cleavage of NAD(+) into ADP-D-ribose (ADPR) and nicotinamide; NAD(+) cleavage triggering a defense system that promotes cell death (PubMed:31439792). Also able to hydrolyze NADP(+), but not other NAD(+)-related molecules (PubMed:31439792). {ECO:0000269|PubMed:24033846, ECO:0000269|PubMed:31439792}.
g15771	At3g02645	Putative UPF0481 protein At3g02645	P0C897	Arabidopsis thaliana	NA
g15772	At3g02645	Putative UPF0481 protein At3g02645	P0C897	Arabidopsis thaliana	NA
g15790	LIS	U4/U6 small nuclear ribonucleoprotein PRP4-like protein	O22212	Arabidopsis thaliana	Participates in pre-mRNA splicing. Part of the U4/U5/U6 tri-snRNP complex, one of the building blocks of the spliceosome (By similarity). Essential for reproduction. In female gametophyte, is necessary for the egg cell and central cell fate determination and hence reproductive success. Involved in a mechanism that prevents accessory cells from adopting gametic cell fate (PubMed:17326723). Modulates egg cell signaling center that regulates the development of all female gametophytic cells (PubMed:22190635). {ECO:0000250|UniProtKB:O43172, ECO:0000269|PubMed:17326723, ECO:0000269|PubMed:22190635}.
g15791	At1g62670	Pentatricopeptide repeat-containing protein At1g62670, mitochondrial	Q9SXD1	Arabidopsis thaliana	NA
g15965	BC10	Glycosyltransferase BC10	Q65XS5	Oryza sativa subsp. japonica	Glycosyltransferase required for the regulation of cellulose biosynthesis in the cell wall (PubMed:18939965, PubMed:27708650). Required for the biosynthesis of hexoses (glucose, mannose and galactose) in both cellulosic and non-cellulosic (pectins and hemicelluloses) components of cell walls (PubMed:27708650). Required for the formation of arabinogalactan proteins which contribute to the strengthening of cell walls (PubMed:18939965). Possesses low glycosyltransferase activity (PubMed:18939965). {ECO:0000269|PubMed:18939965, ECO:0000269|PubMed:27708650}.
g15966	NA	Retrovirus-related Pol polyprotein from transposon TNT 1-94	P10978	Nicotiana tabacum	NA
g15967	NA	Retrovirus-related Pol polyprotein from transposon TNT 1-94	P10978	Nicotiana tabacum	NA
g15968	CYP71BL3	Costunolide synthase	G3GBK0	Cichorium intybus	Hydroxylates germacrene A acid to 6-alpha-hydroxy-germacrne A acid, a precursor of sesquiterpene lactones that spontaneously undergoes a lactonization which yields costunolide. Costunolide can then spontaneously conjugate to glutathione or cysteine. {ECO:0000269|PubMed:21858047}.
g1598	DTX24	Protein DETOXIFICATION 24	F4J158	Arabidopsis thaliana	NA
g15988	At1g16860	Uncharacterized membrane protein At1g16860	Q9FZ45	Arabidopsis thaliana	NA
g15989	PEP	RNA-binding KH domain-containing protein PEPPER	Q9SZH4	Arabidopsis thaliana	Regulates vegetative and gynoecium development (PubMed:16356489). In concert with HUA2, antagonizes FLK by positively regulating FLC probably at transcriptional and post-transcriptional levels, and thus acts as a negative regulator of flowering (PubMed:19576878). {ECO:0000269|PubMed:16356489, ECO:0000269|PubMed:19576878}.
g1599	CER1	Very-long-chain aldehyde decarbonylase CER1	F4HVY0	Arabidopsis thaliana	Aldehyde decarbonylase involved in the conversion of aldehydes to alkanes. Core component of a very-long-chain alkane synthesis complex. Involved in epicuticular wax biosynthesis and pollen fertility. {ECO:0000269|PubMed:21386033, ECO:0000269|PubMed:22773744, ECO:0000269|PubMed:8718622}.
g15990	PAP28	Probable inactive purple acid phosphatase 28	Q9LU72	Arabidopsis thaliana	NA
g1601	BIG2	Brefeldin A-inhibited guanine nucleotide-exchange protein 2	Q9LZX8	Arabidopsis thaliana	Activates the ARF proteins by exchanging bound GDP for free GTP. Plays a role in vesicular protein sorting (By similarity). {ECO:0000250}.
g16394	SYP32	Syntaxin-32	Q9LK09	Arabidopsis thaliana	Vesicle trafficking protein that functions in the secretory pathway. {ECO:0000250}.
g16395	VPS15	Serine/threonine-protein kinase VPS15	Q9M0E5	Arabidopsis thaliana	Serine/threonine-protein kinase required for cytoplasm to vacuole transport (Cvt) and autophagy as a part of the autophagy-specific VPS34 PI3-kinase complex I (By similarity). Required for pollen development and germination, probably via the modulation of phosphatidylinositol 3-phosphate (PI3P) formation and vacuolar organization (PubMed:21833541, PubMed:22361507). {ECO:0000250|UniProtKB:P22219, ECO:0000269|PubMed:21833541, ECO:0000269|PubMed:22361507}.
g17386	GIP	Copia protein	P04146	Drosophila melanogaster	NA
g17837	NA	Retrovirus-related Pol polyprotein from transposon TNT 1-94	P10978	Nicotiana tabacum	NA
g17838	NA	Retrovirus-related Pol polyprotein from transposon TNT 1-94	P10978	Nicotiana tabacum	NA
g17839	TOL3	TOM1-like protein 3	Q9LPL6	Arabidopsis thaliana	Might contribute to the loading of the ESCRT machinery. {ECO:0000305|PubMed:16488176}.
g17847	RBK1	Receptor-like cytosolic serine/threonine-protein kinase RBK1	Q8H1D6	Arabidopsis thaliana	NA
g18437	CURT1A	Protein CURVATURE THYLAKOID 1A, chloroplastic	O04616	Arabidopsis thaliana	Determines thylakoid architecture by inducing membrane curvature. {ECO:0000269|PubMed:23839788}.
g18438	CHIB1	Acidic endochitinase	P19172	Arabidopsis thaliana	This protein functions as a defense against chitin containing fungal pathogens.
g18439	WRKY19	Probable WRKY transcription factor 19	Q9SZ67	Arabidopsis thaliana	Transcription factor. Interacts specifically with the W box (5'-(T)TGAC[CT]-3'), a frequently occurring elicitor-responsive cis-acting element. May act also as a disease resistance protein with a serine/threonine-protein kinase activity (By similarity). {ECO:0000250}.
g18441	SPCC24B10.10c	Uncharacterized AAA domain-containing protein C24B10.10c	Q9P7J5	Schizosaccharomyces pombe (strain 972 / ATCC 24843)	NA
g19389	RE2	Retrovirus-related Pol polyprotein from transposon RE2	Q9ZT94	Arabidopsis thaliana	NA
g19517	GTF3C3	General transcription factor 3C polypeptide 3	Q9Y5Q9	Homo sapiens	Involved in RNA polymerase III-mediated transcription. Integral, tightly associated component of the DNA-binding TFIIIC2 subcomplex that directly binds tRNA and virus-associated RNA promoters.
g19536	ACA1	Calcium-transporting ATPase 1	Q37145	Arabidopsis thaliana	This magnesium-dependent enzyme catalyzes the hydrolysis of ATP coupled with the translocation of calcium from the cytosol out of the cell or into organelles.
g19537	IFRD1	Interferon-related developmental regulator 1	Q5S1U6	Sus scrofa	Could play a role in regulating gene activity in the proliferative and/or differentiative pathways induced by NGF. May be an autocrine factor that attenuates or amplifies the initial ligand-induced signal (By similarity). {ECO:0000250}.
g19538	At3g47200	UPF0481 protein At3g47200	Q9SD53	Arabidopsis thaliana	NA
g19540	At3g47200	UPF0481 protein At3g47200	Q9SD53	Arabidopsis thaliana	NA
g1979	SEC14	SEC14 cytosolic factor	P24859	Kluyveromyces lactis (strain ATCC 8585 / CBS 2359 / DSM 70799 / NBRC 1267 / NRRL Y-1140 / WM37)	Required for transport of secretory proteins from the Golgi complex. Catalyzes the transfer of phosphatidylinositol and phosphatidylcholine between membranes in vitro (By similarity). {ECO:0000250}.
g1980	sec14	Sec14 cytosolic factor	Q10137	Schizosaccharomyces pombe (strain 972 / ATCC 24843)	Required for transport of secretory proteins from the Golgi complex. Catalyzes the transfer of phosphatidylinositol and phosphatidylcholine between membranes in vitro. Essential for viability and secretion. {ECO:0000269|PubMed:11294895}.; FUNCTION: Has a direct role in controlling cell septation and in forespore membrane formation. {ECO:0000269|PubMed:11294895}.
g19871	At5g07800	Flavin-containing monooxygenase FMO GS-OX-like 9	Q9FF12	Arabidopsis thaliana	Catalyzes the conversion of methylthioalkyl glucosinolates of any chain length into methylsulfinylalkyl glucosinolates. {ECO:0000250}.
g19872	At1g74360	Probable LRR receptor-like serine/threonine-protein kinase At1g74360	C0LGJ1	Arabidopsis thaliana	NA
g19919	FIS1	Probable aldehyde dehydrogenase	Q40255	Linum usitatissimum	Could be involved in facilitating the biotrophic relationship between the plant and the rust fungus.
g19966	NA	L-ascorbate oxidase	P14133	Cucumis sativus	May be involved in a redox system involving ascorbic acid.
g19967	AAO	L-ascorbate oxidase	P24792	Cucurbita maxima	May be involved in a redox system involving ascorbic acid.
g20072	NRT3.1	High-affinity nitrate transporter 3.1	Q9FGS5	Arabidopsis thaliana	Acts as a dual component transporter with NTR2.1. Required for high-affinity nitrate transport. Acts as a repressor of lateral root initiation. May be involved in targeting NRT2 proteins to the plasma membrane. {ECO:0000269|PubMed:16415212, ECO:0000269|PubMed:17012411, ECO:0000269|PubMed:17573350, ECO:0000269|PubMed:19704673}.
g20073	Os07g0688000	Manganese-dependent ADP-ribose/CDP-alcohol diphosphatase	Q8H5F8	Oryza sativa subsp. japonica	Hydrolyzes ADP-ribose, IDP-ribose, CDP-glycerol, CDP-choline and CDP-ethanolamine, but not other non-reducing ADP-sugars or CDP-glucose. {ECO:0000250}.
g20075	NRT3.1	High-affinity nitrate transporter 3.1	Q9FGS5	Arabidopsis thaliana	Acts as a dual component transporter with NTR2.1. Required for high-affinity nitrate transport. Acts as a repressor of lateral root initiation. May be involved in targeting NRT2 proteins to the plasma membrane. {ECO:0000269|PubMed:16415212, ECO:0000269|PubMed:17012411, ECO:0000269|PubMed:17573350, ECO:0000269|PubMed:19704673}.
g20076	Os07g0688000	Manganese-dependent ADP-ribose/CDP-alcohol diphosphatase	Q8H5F8	Oryza sativa subsp. japonica	Hydrolyzes ADP-ribose, IDP-ribose, CDP-glycerol, CDP-choline and CDP-ethanolamine, but not other non-reducing ADP-sugars or CDP-glucose. {ECO:0000250}.
g20084	abhd17c	Alpha/beta hydrolase domain-containing protein 17C	Q7ZVZ7	Danio rerio	Hydrolyzes fatty acids from S-acylated cysteine residues in proteins. Has depalmitoylating activity towards nras. {ECO:0000250|UniProtKB:Q6PCB6}.
g20085	Os02g0190300	Putative multidrug resistance protein	Q6YUU5	Oryza sativa subsp. japonica	NA
g20094	At4g24790	Protein STICHEL-like 2	F4JRP8	Arabidopsis thaliana	NA
g20095	EMB1006	Pentatricopeptide repeat-containing protein At5g50280, chloroplastic	Q9FGR7	Arabidopsis thaliana	NA
g20096	SKIC3	Superkiller complex protein 3	Q6PGP7	Homo sapiens	Component of the SKI complex, a multiprotein complex that assists the RNA-degrading exosome during the mRNA decay and quality-control pathways (PubMed:16024656, PubMed:32006463, PubMed:35120588). The SKI complex catalyzes mRNA extraction from 80S ribosomal complexes in the 3'-5' direction and channels mRNA to the cytosolic exosome for degradation (PubMed:32006463, PubMed:35120588). SKI-mediated extraction of mRNA from stalled ribosomes allow binding of the Pelota-HBS1L complex and subsequent ribosome disassembly by ABCE1 for ribosome recycling (PubMed:32006463). In the nucleus, the SKI complex associates with transcriptionally active genes in a manner dependent on PAF1 complex (PAF1C) (PubMed:16024656). {ECO:0000269|PubMed:16024656, ECO:0000269|PubMed:32006463, ECO:0000269|PubMed:35120588}.
g20133	At3g03770	Probable inactive leucine-rich repeat receptor-like protein kinase At3g03770	Q8LFN2	Arabidopsis thaliana	NA
g20134	RID3	Protein ROOT INITIATION DEFECTIVE 3	Q9M3B4	Arabidopsis thaliana	Involved in meristem development. Acts as a negative regulator of the CUC-STM pathway in shoot apical meristem (SAM) neo-formation. {ECO:0000269|PubMed:19054368}.
g20139	At5g63440	UPF0235 protein At5g63440	Q8GWQ6	Arabidopsis thaliana	May play a role during early embryonic development. Probably involved in pre-mRNA splicing (By similarity). {ECO:0000250}.
g20140	RPL17B	Large ribosomal subunit protein uL22y	P51413	Arabidopsis thaliana	NA
g20141	KING1	SNF1-related protein kinase regulatory subunit gamma-1	Q8LBB2	Arabidopsis thaliana	Regulatory subunit of the probable trimeric SNF1-related protein kinase (SnRK) complex, which may play a role in a signal transduction cascade regulating gene expression and carbohydrate metabolism in higher plants. The SnRK complex may also be involved in the regulation of fatty acid synthesis by phosphorylation of acetyl-CoA carboxylase and in assimilation of nitrogen by phosphorylating nitrate reductase.
g20142	EXO70B1	Exocyst complex component EXO70B1	Q9FGH9	Arabidopsis thaliana	Component of an exocyst subcomplex specifically involved in autophagy-related, Golgi-independent membrane traffic to the vacuole. Regulates autophagosome formation and autophagy-related Golgi-independent import into the vacuole. Positive regulator of both abscisic acid (ABA)-promoted and mannitol (drought)-promoted stomatal closure (PubMed:27956469). Involved in the regulation of lateral root formation (PubMed:35249253). {ECO:0000269|PubMed:23944713, ECO:0000269|PubMed:27956469, ECO:0000269|PubMed:35249253}.
g20148	PAP27	Probable inactive purple acid phosphatase 27	Q5MAU8	Arabidopsis thaliana	NA
g20168	MADS6	MADS-box transcription factor 6	Q6EU39	Oryza sativa subsp. japonica	Probable transcription factor. Regulates floral organ identity and floral meristem determinacy. May be involved in the control of flowering time. {ECO:0000269|PubMed:19820190, ECO:0000269|Ref.8}.
g20169	GAMMACAL1	Gamma carbonic anhydrase-like 1, mitochondrial	Q9FMV1	Arabidopsis thaliana	Involved in complex I assembly in mitochondria and respiration.
g20248	At1g79710	Probable folate-biopterin transporter 3	Q9SQN2	Arabidopsis thaliana	Could mediate folate transport. {ECO:0000250}.
g20263	CIPK5	CBL-interacting serine/threonine-protein kinase 5	Q9LEU7	Arabidopsis thaliana	CIPK serine-threonine protein kinases interact with CBL proteins. Binding of a CBL protein to the regulatory NAF domain of CIPK protein lead to the activation of the kinase in a calcium-dependent manner (By similarity). {ECO:0000250}.
g20276	ERF003	Ethylene-responsive transcription factor ERF003	Q94AW5	Arabidopsis thaliana	Probably acts as a transcriptional activator. Binds to the GCC-box pathogenesis-related promoter element. May be involved in the regulation of gene expression by stress factors and by components of stress signal transduction pathways (By similarity). {ECO:0000250}.
g20277	AHA9	ATPase 9, plasma membrane-type	Q42556	Arabidopsis thaliana	The plasma membrane H(+) ATPase of plants and fungi generates a proton gradient that drives the active transport of nutrients by H(+)-symport. The resulting external acidification and/or internal alkinization may mediate growth responses.
g20278	DCL4	Endoribonuclease Dicer homolog 4	A7LFZ6	Oryza sativa subsp. japonica	Involved in the RNA silencing pathway. Cleaves double-stranded RNA to produce small interfering RNAs (siRNAs) which target the selective destruction of complementary RNAs. Required for the production of 21 nucleotide siRNAs. Regulates shoot apical meristem (SAM) initiation and maintenance, leaf polarization and lemma polarity through the trans-acting siRNAS (ta-siRNAs) pathway, which probably modulate the expression of the ARF2, ARF3, ARF4, ARF14 and ARF15 genes. Can process endogenous 21 nucleotide siRNAs derived from an imperfect inverted repeat. May not be involved in microRNAs (miRNAs) production. {ECO:0000269|PubMed:17804793, ECO:0000269|PubMed:17905898}.
g20279	At1g80640	Probable receptor-like protein kinase At1g80640	Q0V7T5	Arabidopsis thaliana	NA
g20280	MACF1	Microtubule-actin cross-linking factor 1, isoforms 6/7	O94854	Homo sapiens	NA
g20281	FBL3	F-box/LRR-repeat protein 3	Q8RWU5	Arabidopsis thaliana	NA
g20368	XRCC1	DNA-repair protein XRCC1	Q24JK4	Arabidopsis thaliana	Corrects defective DNA strand-break repair and sister chromatid exchange following treatment with ionizing radiation and alkylating agents (By similarity). Involved in DNA demethylation pathway by stimulating cytosine methylation (5-meC) excision, gap tailoring, and DNA ligation. {ECO:0000250|UniProtKB:P18887, ECO:0000269|PubMed:23316050}.
g20369	CAP-D3	Condensin-2 complex subunit CAP-D3	O24610	Arabidopsis thaliana	Regulatory subunit of the condensin-2 complex, a complex which establishes mitotic chromosome architecture and is involved in physical rigidity of the chromatid axis (By similarity). May promote the resolution of double-strand DNA catenanes (intertwines) between sister chromatids (By similarity). Required for plant vigor, fertility, chromatin condensation and sister chromatid cohesion both during mitosis and meiosis (PubMed:23929493, PubMed:27385818). Necessary to maintain normal structural integrity of the meiotic chromosomes during the two nuclear divisions of gametogenesis, especially to prevent interchromosome connections at metaphase I (PubMed:25065716). Seems also involved in crossover formation during meiotic prophase I (PubMed:25065716). Prevents centromeric and pericentromeric heterochromatin repeats association (PubMed:23929493). {ECO:0000250|UniProtKB:P42695, ECO:0000269|PubMed:23929493, ECO:0000269|PubMed:25065716, ECO:0000269|PubMed:27385818}.
g20370	At1g80440	F-box/kelch-repeat protein At1g80440	Q9M8L2	Arabidopsis thaliana	NA
g20371	ytcC	Putative glycosyltransferase YtcC	O34413	Bacillus subtilis (strain 168)	NA
g20372	SULTR3;4	Probable sulfate transporter 3.4	Q9LW86	Arabidopsis thaliana	H(+)/sulfate cotransporter that may play a role in the regulation of sulfate assimilation. {ECO:0000250}.
g20392	Dynll1	Dynein light chain 1, cytoplasmic	P63170	Rattus norvegicus	Acts as one of several non-catalytic accessory components of the cytoplasmic dynein 1 complex that are thought to be involved in linking dynein to cargos and to adapter proteins that regulate dynein function (PubMed:11746667, PubMed:8702622). Cytoplasmic dynein 1 acts as a motor for the intracellular retrograde motility of vesicles and organelles along microtubules (PubMed:11746667, PubMed:8702622). May play a role in changing or maintaining the spatial distribution of cytoskeletal structures (PubMed:11746667, PubMed:8702622). In addition to its role in cytoskeleton and transport, acts as a protein-protein adapter, which inhibits and/or sequesters target proteins (By similarity). Involved in the response to DNA damage by acting as a key regulator of DNA end resection: when phosphorylated at Ser-88, recruited to DNA double-strand breaks (DSBs) by TP53BP1 and acts by disrupting MRE11 dimerization, thereby inhibiting DNA end resection (By similarity). In a subset of DSBs, DYNLL1 remains unphosphorylated and promotes the recruitment of the Shieldin complex (By similarity). Binds and inhibits the catalytic activity of neuronal nitric oxide synthase/NOS1 (PubMed:8864115). Promotes transactivation functions of ESR1 and plays a role in the nuclear localization of ESR1 (By similarity). Regulates apoptotic activities of BCL2L11 by sequestering it to microtubules (By similarity). Upon apoptotic stimuli the BCL2L11-DYNLL1 complex dissociates from cytoplasmic dynein and translocates to mitochondria and sequesters BCL2 thus neutralizing its antiapoptotic activity (By similarity). {ECO:0000250|UniProtKB:P63167, ECO:0000269|PubMed:11746667, ECO:0000269|PubMed:8702622, ECO:0000269|PubMed:8864115}.
g20393	HPPR	Hydroxyphenylpyruvate reductase	Q65CJ7	Plectranthus scutellarioides	Catalyzes the NAD(P)H-dependent reduction of 4-hydroxyphenylpyruvate to 4-hydroxyphenyllactate and 3,4-dihydroxyphenylpyruvate to 3,4-dihydroxyphenyllactate in the biosynthesis of rosmarinic acid. Rosmarinic acid is an ester of caffeic acid and 3,4-dihydroxyphenyllactic acid. NADP is the preferred substrate. {ECO:0000269|PubMed:15284489}.
g20394	GL2	Homeobox-leucine zipper protein GLABRA 2	P46607	Arabidopsis thaliana	Transcription factor involved in the determination of epidermal cell identity (Probable). Required for correct morphological development and maturation of trichomes (PubMed:7926739). Regulates the frequency of trichome initiation and determines trichome spacing (PubMed:11844112). Acts as a negative factor for root hair development (PubMed:26486447, PubMed:8620852, PubMed:8811855). Required for ectopic repression of root hair development in a subset of epidermal cells (PubMed:8811855). May suppress hair formation in root epidermis by promoting differentiation into hairless epidermal cells (PubMed:8620852). Directly suppresses the bHLH transcription factor genes, RHD6, RSL1, RSL2, LRL1, and LRL2, which have diverse functions in root hair development (PubMed:26486447). Required for normal development of seed coat mucilage (PubMed:21883555, PubMed:7926739). Involved in the control of seed oil accumulation (PubMed:16514561, PubMed:21883555). Acts as a negative regulator of anthocyanin biosynthesis (PubMed:26017690). May directly repress the expression of some component genes from the MYB-bHLH-WD40 (MBW) transcriptional activator complex (PubMed:26017690). The MBW complex activates the transcription of late biosynthesis genes in the flavonoid pathway, leading to the production of anthocyanins (Probable). {ECO:0000269|PubMed:11844112, ECO:0000269|PubMed:16514561, ECO:0000269|PubMed:21883555, ECO:0000269|PubMed:26017690, ECO:0000269|PubMed:26486447, ECO:0000269|PubMed:7926739, ECO:0000269|PubMed:8620852, ECO:0000269|PubMed:8811855, ECO:0000305|PubMed:26017690, ECO:0000305|PubMed:8620852, ECO:0000305|PubMed:8811855}.
g20395	GC5	Golgin candidate 5	Q0WVL7	Arabidopsis thaliana	Golgi matrix protein playing a role in tethering of vesicles to Golgi membranes and in maintaining the overall structure of the Golgi apparatus. {ECO:0000250}.
g20396	At1g79820	Probable plastidic glucose transporter 3	Q2V4B9	Arabidopsis thaliana	May be involved in the efflux of glucose towards the cytosol. {ECO:0000250}.
g20404	IAA27	Auxin-responsive protein IAA27	Q9ZSY8	Arabidopsis thaliana	Aux/IAA proteins are short-lived transcriptional factors that function as repressors of early auxin response genes at low auxin concentrations. Repression is thought to result from the interaction with auxin response factors (ARFs), proteins that bind to the auxin-responsive promoter element (AuxRE). Formation of heterodimers with ARF proteins may alter their ability to modulate early auxin response genes expression. {ECO:0000269|PubMed:12036262}.
g20438	ABCG35	ABC transporter G family member 35	Q7PC86	Arabidopsis thaliana	May be a general defense protein. {ECO:0000250}.
g20763	WRKY2	Probable WRKY transcription factor 2	Q9FG77	Arabidopsis thaliana	Transcription factor. Regulates WOX8 and WOX9 expression and basal cell division patterns during early embryogenesis. Interacts specifically with the W box (5'-(T)TGAC[CT]-3'), a frequently occurring elicitor-responsive cis-acting element. Required to repolarize the zygote from a transient symmetric state. {ECO:0000269|PubMed:21316593}.
g20764	BRL1	Serine/threonine-protein kinase BRI1-like 1	Q9ZWC8	Arabidopsis thaliana	Receptor with a serine/threonine-protein kinase activity. Regulates, in response to brassinosteroid binding, a signaling cascade involved in plant development. Binds brassinolide. May be involved in cell growth and vascular differentiation. {ECO:0000269|PubMed:15469497, ECO:0000269|PubMed:15486337}.
g20843	At4g10780	Putative disease resistance protein At4g10780	O82484	Arabidopsis thaliana	Potential disease resistance protein. {ECO:0000250}.
g21285	Trmo	tRNA (adenine(37)-N6)-methyltransferase	Q562D6	Mus musculus	S-adenosyl-L-methionine-dependent methyltransferase responsible for the addition of the methyl group in the formation of N6-methyl-N6-threonylcarbamoyladenosine at position 37 (m(6)t(6)A37) of the tRNA anticodon loop of tRNA(Ser)(GCU). The methyl group of m(6)t(6)A37 may improve the efficiency of the tRNA decoding ability. May bind to tRNA. {ECO:0000250|UniProtKB:P28634, ECO:0000250|UniProtKB:Q9BU70}.
g21742	NA	LINE-1 retrotransposable element ORF2 protein	O00370	Homo sapiens	Has reverse transcriptase activity required for target-primed reverse transcription of the LINE-1 element mRNA, a crucial step in LINE-1 retrotransposition (PubMed:38096901, PubMed:38096902, PubMed:7516468, PubMed:9140393). Selectively binds and reversely transcribes RNA with a poly(A) tail consisting of at least 20 adenosines (PubMed:38096901). Also has endonuclease activity that allows the introduction of nicks in the chromosomal target DNA (PubMed:17626046, PubMed:34554261, PubMed:38096901, PubMed:38096902, PubMed:8945517). Cleaves DNA in AT-rich regions between a 5' stretch of purines and a 3' stretch of pyrimidines, corresponding to the sites of LINE-1 integration in the genome (PubMed:8945517). Conformational properties of the target DNA sequence rather than specific nucleotides are key determinants of the ORF2p capacity for sequence-specific DNA recognition (PubMed:17626046, PubMed:34554261). Unlike related endonucleases, does not bend the DNA helix but causes compression near the cleavage site (PubMed:34554261). {ECO:0000269|PubMed:17626046, ECO:0000269|PubMed:34554261, ECO:0000269|PubMed:38096901, ECO:0000269|PubMed:38096902, ECO:0000269|PubMed:7516468, ECO:0000269|PubMed:8945517, ECO:0000269|PubMed:9140393}.
g21856	FIS1	Probable aldehyde dehydrogenase	Q40255	Linum usitatissimum	Could be involved in facilitating the biotrophic relationship between the plant and the rust fungus.
g22861	SHL	Chromatin remodeling protein SHL	Q9FEN9	Arabidopsis thaliana	Chromatin remodeling factor that binds to methylated histone (e.g. H3K4me2/3) to prevent their acetylation (e.g. H3K9K14Ac), likely by recruiting histone deacetylase (HDAC) complexes, and thus regulate the transcription of target genes (PubMed:25281686). Required during development and for fertility, probably by modulating developmental gene expression (PubMed:11129039, PubMed:15082927, PubMed:25281686). Promotes development speed, but at fitness cost (PubMed:11129039). Involved in the chromatin-mediated repression of floral initiation and controls genes regulating flowering. Negatively regulates the expression of the floral integrator SOC1, by preventing high levels of H3 acetylation, thus maintaining an inactive chromatin conformation (PubMed:25281686). {ECO:0000269|PubMed:11129039, ECO:0000269|PubMed:15082927, ECO:0000269|PubMed:25281686}.
g2399	RABA2A	Ras-related protein RABA2a	O04486	Arabidopsis thaliana	Intracellular vesicle trafficking and protein transport. {ECO:0000250}.
g2400	RABD1	Ras-related protein RABD1	Q9ZRE2	Arabidopsis thaliana	Protein transport. Regulator of membrane traffic from the Golgi apparatus towards the endoplasmic reticulum (ER).
g24100	Os09g0568700	Germin-like protein 9-3	Q652P9	Oryza sativa subsp. japonica	May play a role in plant defense. Probably has no oxalate oxidase activity even if the active site is conserved.
g24101	Os09g0568700	Germin-like protein 9-3	Q652P9	Oryza sativa subsp. japonica	May play a role in plant defense. Probably has no oxalate oxidase activity even if the active site is conserved.
g24102	Os09g0568700	Germin-like protein 9-3	Q652P9	Oryza sativa subsp. japonica	May play a role in plant defense. Probably has no oxalate oxidase activity even if the active site is conserved.
g24103	Os09g0568700	Germin-like protein 9-3	Q652P9	Oryza sativa subsp. japonica	May play a role in plant defense. Probably has no oxalate oxidase activity even if the active site is conserved.
g24104	Os09g0568700	Germin-like protein 9-3	Q652P9	Oryza sativa subsp. japonica	May play a role in plant defense. Probably has no oxalate oxidase activity even if the active site is conserved.
g24105	AOP1	Probable 2-oxoglutarate-dependent dioxygenase AOP1	Q9ZTA3	Arabidopsis thaliana	Probable 2-oxoglutarate-dependent dioxygenase that may be involved in glucosinolates biosynthesis. May play a role in the production of aliphatic glucosinolates (By similarity). {ECO:0000250}.
g24106	CHR10	Probable helicase CHR10	F4IV45	Arabidopsis thaliana	Probable helicase-like transcription factor. {ECO:0000250|UniProtKB:Q9LHE4}.
g24107	NUP62	Nuclear pore complex protein NUP62	Q8L7F7	Arabidopsis thaliana	NA
g24108	MEFG1	Elongation factor G-1, mitochondrial	Q9C641	Arabidopsis thaliana	Mitochondrial GTPase that catalyzes the GTP-dependent ribosomal translocation step during translation elongation. During this step, the ribosome changes from the pre-translocational (PRE) to the post-translocational (POST) state as the newly formed A-site-bound peptidyl-tRNA and P-site-bound deacylated tRNA move to the P and E sites, respectively. Catalyzes the coordinated movement of the two tRNA molecules, the mRNA and conformational changes in the ribosome. {ECO:0000255|HAMAP-Rule:MF_03061}.
g24111	SPL7	Squamosa promoter-binding-like protein 7	Q01JD1	Oryza sativa subsp. indica	Trans-acting factor that binds specifically to the consensus nucleotide sequence 5'-TNCGTACAA-3' (By similarity). May be involved in panicle development. {ECO:0000250}.
g24113	PAP11	Probable plastid-lipid-associated protein 11, chloroplastic	O81304	Arabidopsis thaliana	NA
g24123	ZAT9	Zinc finger protein ZAT9	Q9M202	Arabidopsis thaliana	Probable transcription factor that may be involved in stress responses. {ECO:0000250}.
g24124	PF11_0240	Dynein heavy chain-like protein 2	Q8IID4	Plasmodium falciparum (isolate 3D7)	Acts as a motor for the intracellular retrograde motility of vesicles and organelles along microtubules. Dynein has ATPase activity; the force-producing power stroke is thought to occur on release of ADP (By similarity). {ECO:0000250|UniProtKB:Q14204}.
g243	NIFU2	NifU-like protein 2, chloroplastic	Q93W20	Arabidopsis thaliana	Molecular scaffold for [Fe-S] cluster assembly of chloroplastic iron-sulfur proteins. Required for biogenesis of ferredoxin, a major photosynthetic electron carrier containing [2Fe-2S] cluster. Required for the assembly of photosystem I complex. {ECO:0000269|PubMed:15031412, ECO:0000269|PubMed:15361144}.
g244	At1g34470	Probable magnesium transporter NIPA3	Q9LNK7	Arabidopsis thaliana	Acts as a Mg(2+) transporter. Can also transport other divalent cations such as Fe(2+), Sr(2+), Ba(2+), Mn(2+) and Co(2+) but to a much less extent than Mg(2+) (By similarity). {ECO:0000250}.
g245	At4g06676	Protein EI24 homolog	Q5BPL5	Arabidopsis thaliana	NA
g246	MED26A	Probable mediator of RNA polymerase II transcription subunit 26a	F4J4Y5	Arabidopsis thaliana	Component of the Mediator complex, a coactivator involved in the regulated transcription of nearly all RNA polymerase II-dependent genes. Mediator functions as a bridge to convey information from gene-specific regulatory proteins to the basal RNA polymerase II transcription machinery. The Mediator complex, having a compact conformation in its free form, is recruited to promoters by direct interactions with regulatory proteins and serves for the assembly of a functional preinitiation complex with RNA polymerase II and the general transcription factors (By similarity). May play a role in transcription elongation (By similarity). {ECO:0000250}.
g25016	DDB_G0292028	von Willebrand factor A domain-containing protein DDB_G0292028	Q54DU5	Dictyostelium discoideum	NA
g25560	UGT85C1	UDP-glycosyltransferase 85C1	Q6VAA4	Stevia rebaudiana	May glycosylate diterpenes or flavonols in leaves. {ECO:0000250|UniProtKB:Q6VAA6}.
g25561	UGT85C1	UDP-glycosyltransferase 85C1	Q6VAA4	Stevia rebaudiana	May glycosylate diterpenes or flavonols in leaves. {ECO:0000250|UniProtKB:Q6VAA6}.
g25562	UGT85C1	UDP-glycosyltransferase 85C1	Q6VAA4	Stevia rebaudiana	May glycosylate diterpenes or flavonols in leaves. {ECO:0000250|UniProtKB:Q6VAA6}.
g25563	CPS5	Ent-copalyl diphosphate synthase, chloroplastic	A0A0U3LQ20	Salvia miltiorrhiza	Catalyzes the conversion of geranylgeranyl diphosphate (GGPP) to the gibberellin precursor ent-copalyl diphosphate (CPP). {ECO:0000269|PubMed:26077765, ECO:0000269|PubMed:26971881}.
g25565	CYP93A1	3,9-dihydroxypterocarpan 6A-monooxygenase	Q42798	Glycine max	Cytochrome P450 involved in the biosynthesis of the phytoalexin glyceollin. Stereospecific for (6aR,11aR)-3,9-dihydroxypterocarpan. {ECO:0000269|PubMed:9720921}.
g25567	TIC40	Protein TIC 40, chloroplastic	Q8GT66	Pisum sativum	Involved in protein precursor import into chloroplasts. Part of the motor complex consisting of a co-chaperone (TIC40) and a chaperone (HSP93) associated with the import channel (TIC110). Causes the release of bound transit peptides from TIC110 and stimulates ATP hydrolysis by HSP93. Involved in reinsertion of proteins from the chloroplast stroma into the inner membrane. {ECO:0000269|PubMed:10601321, ECO:0000269|PubMed:17158958}.
g25568	CCR4	Serine/threonine-protein kinase-like protein CCR4	Q9FIJ6	Arabidopsis thaliana	NA
g25569	RPS21C	Small ribosomal subunit protein eS21y	Q3E902	Arabidopsis thaliana	NA
g25570	MES12	Putative methylesterase 12, chloroplastic	Q940H7	Arabidopsis thaliana	Putative methylesterase.
g26175	OTP43	Pentatricopeptide repeat-containing protein At1g74900, mitochondrial	Q9S7R4	Arabidopsis thaliana	Required for the trans-splicing of intron 1 of the mitochondrial nad1 transcript encoding the ND1 subunit of the mitochondrial membrane respiratory chain NADH dehydrogenase (Complex I). {ECO:0000269|PubMed:17965268}.
g26187	FRS5	Protein FAR1-RELATED SEQUENCE 5	Q9SZL8	Arabidopsis thaliana	Putative transcription activator involved in regulating light control of development.
g26193	cdkal1	Threonylcarbamoyladenosine tRNA methylthiotransferase	Q6NS26	Xenopus laevis	Catalyzes the methylthiolation of N6-threonylcarbamoyladenosine (t(6)A), leading to the formation of 2-methylthio-N6-threonylcarbamoyladenosine (ms(2)t(6)A) at position 37 in tRNAs that read codons beginning with adenine. {ECO:0000250|UniProtKB:Q91WE6}.
g26255	At1g65750	Putative ribonuclease H protein At1g65750	P0C2F6	Arabidopsis thaliana	NA
g26256	NA	Transposon TX1 uncharacterized 149 kDa protein	P14381	Xenopus laevis	NA
g26833	At1g65750	Putative ribonuclease H protein At1g65750	P0C2F6	Arabidopsis thaliana	NA
g26834	RH29	Putative DEAD-box ATP-dependent RNA helicase 29	O49289	Arabidopsis thaliana	NA
g26957	DIVARICATA	Transcription factor DIVARICATA	Q8S9H7	Antirrhinum majus	Involved in the dorsovental asymmetry of flowers. Promotes ventral identity. {ECO:0000269|PubMed:11937495, ECO:0000269|PubMed:9118809}.
g26992	CLO	110 kDa U5 small nuclear ribonucleoprotein component CLO	Q9LNC5	Arabidopsis thaliana	Splicing factor involved in pre-mRNA splicing and component of the spliceosome (PubMed:18702672, PubMed:19168457). Essential for reproduction. In female gametophyte, is necessary for the egg cell and central cell fate determination and hence reproductive success. Involved in a mechanism that prevents accessory cells from adopting gametic cell fate. Is necessary to restrict LIS expression to interfere with egg-cell specification (PubMed:18702672). Probable component of U5 small nuclear ribonucleoprotein (snRNP) that is required for pre-mRNA splicing. Plays an essential role in female gametogenesis and embryo development (PubMed:19261069). Required for the control of polarized cell growth and cell proliferation during floral organ morphogenesis (PubMed:19168457). {ECO:0000269|PubMed:18702672, ECO:0000269|PubMed:19168457, ECO:0000269|PubMed:19261069}.
g26993	CLO	110 kDa U5 small nuclear ribonucleoprotein component CLO	Q9LNC5	Arabidopsis thaliana	Splicing factor involved in pre-mRNA splicing and component of the spliceosome (PubMed:18702672, PubMed:19168457). Essential for reproduction. In female gametophyte, is necessary for the egg cell and central cell fate determination and hence reproductive success. Involved in a mechanism that prevents accessory cells from adopting gametic cell fate. Is necessary to restrict LIS expression to interfere with egg-cell specification (PubMed:18702672). Probable component of U5 small nuclear ribonucleoprotein (snRNP) that is required for pre-mRNA splicing. Plays an essential role in female gametogenesis and embryo development (PubMed:19261069). Required for the control of polarized cell growth and cell proliferation during floral organ morphogenesis (PubMed:19168457). {ECO:0000269|PubMed:18702672, ECO:0000269|PubMed:19168457, ECO:0000269|PubMed:19261069}.
g26994	TOC75-3	Protein TOC75-3, chloroplastic	Q9STE8	Arabidopsis thaliana	Essential protein. Mediates the insertion of proteins targeted to the outer membrane of chloroplasts (By similarity). Required for the import of protein precursors into chloroplasts. Forms the voltage-dependent preprotein translocation channels (hydrophilic beta barrel) of the TOC complex in the chloroplastic outer membrane. {ECO:0000250, ECO:0000269|PubMed:15908591}.
g27331	OXI1	Serine/threonine-protein kinase OXI1	Q9LSF1	Arabidopsis thaliana	Involved in oxidative burst-mediated signaling. Required for basal resistance to P.parasitica infection and root hair growth. Partly required for the activation of MPK3 and MPK6 by hydrogen peroxide and cellulase elicitor. {ECO:0000269|PubMed:14985766}.
g28536	NA	LINE-1 retrotransposable element ORF2 protein	O00370	Homo sapiens	Has reverse transcriptase activity required for target-primed reverse transcription of the LINE-1 element mRNA, a crucial step in LINE-1 retrotransposition (PubMed:38096901, PubMed:38096902, PubMed:7516468, PubMed:9140393). Selectively binds and reversely transcribes RNA with a poly(A) tail consisting of at least 20 adenosines (PubMed:38096901). Also has endonuclease activity that allows the introduction of nicks in the chromosomal target DNA (PubMed:17626046, PubMed:34554261, PubMed:38096901, PubMed:38096902, PubMed:8945517). Cleaves DNA in AT-rich regions between a 5' stretch of purines and a 3' stretch of pyrimidines, corresponding to the sites of LINE-1 integration in the genome (PubMed:8945517). Conformational properties of the target DNA sequence rather than specific nucleotides are key determinants of the ORF2p capacity for sequence-specific DNA recognition (PubMed:17626046, PubMed:34554261). Unlike related endonucleases, does not bend the DNA helix but causes compression near the cleavage site (PubMed:34554261). {ECO:0000269|PubMed:17626046, ECO:0000269|PubMed:34554261, ECO:0000269|PubMed:38096901, ECO:0000269|PubMed:38096902, ECO:0000269|PubMed:7516468, ECO:0000269|PubMed:8945517, ECO:0000269|PubMed:9140393}.
g28765	HAG3	11S globulin seed storage protein G3	P19084	Helianthus annuus	This is a seed storage protein.
g28766	RUS2	Protein root UVB sensitive 2, chloroplastic	Q9SJX7	Arabidopsis thaliana	Involved in a root UV-B sensing pathway and in the protection against the hypersensitivity to very low-fluence-rate (VLF) UV-B. RSU1 and RUS2 are probably both negative modulators of the same UV-B perception pathway, which when overstimulated in the roots causes a block to postgermination development. Required for polar auxin transport and to maintain the normal levels of PIN proteins in the root. {ECO:0000269|PubMed:19515790, ECO:0000269|PubMed:20562234}.
g28798	INDH	Iron-sulfur protein required for NADH dehydrogenase, mitochondrial	O49472	Arabidopsis thaliana	Essential during early vegetative growth (PubMed:24179128). Required for the assembly of the mitochondrial membrane respiratory chain NADH dehydrogenase (Complex I) (PubMed:24179128). Involved in mitochondrial translation activity (PubMed:24179128). May deliver of one or more Fe-S clusters to complex I subunits (By similarity). {ECO:0000250|UniProtKB:Q8TB37, ECO:0000269|PubMed:24179128}.
g28799	FLK	Flowering locus K homology domain	Q9SR13	Arabidopsis thaliana	Positively regulates flowering by repressing FLC expression and post-transcriptional modification. {ECO:0000269|PubMed:14593172, ECO:0000269|PubMed:19576878}.
g28837	NEK2	Serine/threonine-protein kinase Nek2	Q2QMH1	Oryza sativa subsp. japonica	May be involved in plant development processes. {ECO:0000305|PubMed:17886359}.
g28845	LTPG16	Non-specific lipid transfer protein GPI-anchored 16	Q94AX3	Arabidopsis thaliana	Essential protein involved in female gametophyte development (PubMed:15634699). Probable lipid transfer protein (By similarity). {ECO:0000250|UniProtKB:Q9C7F7, ECO:0000269|PubMed:15634699}.
g28846	LTPG5	Non-specific lipid transfer protein GPI-anchored 5	Q9LJ86	Arabidopsis thaliana	Lipid transfer protein involved in seed and ovule maturation and development, probably by regulating the fatty acids homeostasis during suberin and sporopollenin biosynthesis or deposition (PubMed:24460633). Contributes to pre-invasive defense against some non-host powdery mildew pathogens by preventing the penetration of the epidermal cell wall by the fungal agents (e.g. Blumeria graminis f. sp. hordei (Bgh)) (PubMed:30102837). {ECO:0000269|PubMed:24460633, ECO:0000269|PubMed:30102837}.
g28847	LTPG5	Non-specific lipid transfer protein GPI-anchored 5	Q9LJ86	Arabidopsis thaliana	Lipid transfer protein involved in seed and ovule maturation and development, probably by regulating the fatty acids homeostasis during suberin and sporopollenin biosynthesis or deposition (PubMed:24460633). Contributes to pre-invasive defense against some non-host powdery mildew pathogens by preventing the penetration of the epidermal cell wall by the fungal agents (e.g. Blumeria graminis f. sp. hordei (Bgh)) (PubMed:30102837). {ECO:0000269|PubMed:24460633, ECO:0000269|PubMed:30102837}.
g28855	At4g02760	F-box protein At4g02760	Q9SY03	Arabidopsis thaliana	NA
g28997	PMEI2	Pectinesterase inhibitor 2	Q9LUV1	Arabidopsis thaliana	Inhibits pectin methylesterase (PME) from flowers, siliques and pollen tube. {ECO:0000269|PubMed:14675772}.
g28998	PME41	Probable pectinesterase/pectinesterase inhibitor 41	Q8RXK7	Arabidopsis thaliana	Acts in the modification of cell walls via demethylesterification of cell wall pectin. {ECO:0000250}.
g29071	VSR2	Vacuolar-sorting receptor 2	O22925	Arabidopsis thaliana	Vacuolar-sorting receptor (VSR) involved in clathrin-coated vesicles sorting from Golgi apparatus to vacuoles. {ECO:0000250}.
g29506	CYS5	Cysteine proteinase inhibitor 5	Q41916	Arabidopsis thaliana	Specific inhibitor of cysteine proteinases. Probably involved in the regulation of endogenous processes and in defense against pests and pathogens (By similarity). {ECO:0000250}.
g29569	AED3	Aspartyl protease AED3	O04496	Arabidopsis thaliana	NA
g29571	DUF6	DUF724 domain-containing protein 6	O22897	Arabidopsis thaliana	May be involved in the polar growth of plant cells via transportation of RNAs. {ECO:0000305|PubMed:19795213}.
g29605	LNK3	Protein LNK3	Q9LHH5	Arabidopsis thaliana	Probable transcriptional coactivator. {ECO:0000250|UniProtKB:A8MQN2}.
g29608	RBL	Protein RBL	Q5E915	Arabidopsis thaliana	Promotes the expression of FLC and FLC homologs to repress the floral transition (PubMed:21423667). Promotes WRKY70 and LTP7 genes epigenetic methylation (e.g. H3K4me3) and subsequent expression (PubMed:23284292). {ECO:0000269|PubMed:21423667, ECO:0000269|PubMed:23284292}.
g29609	PIP5K6	Phosphatidylinositol 4-phosphate 5-kinase 6	Q9SFB8	Arabidopsis thaliana	NA
g29636	Prune1	Exopolyphosphatase PRUNE1	Q8BIW1	Mus musculus	Phosphodiesterase (PDE) that has higher activity toward cAMP than cGMP, as substrate. Plays a role in cell proliferation, migration and differentiation, and acts as a negative regulator of NME1. Plays a role in the regulation of neurogenesis. Involved in the regulation of microtubule polymerization. {ECO:0000250|UniProtKB:Q86TP1}.
g29639	NA	LINE-1 reverse transcriptase homolog	P08548	Nycticebus coucang	NA
g29642	ALIS2	Putative ALA-interacting subunit 2	Q67YS6	Arabidopsis thaliana	NA
g29643	SELMODRAFT_448915	FAS1 domain-containing protein SELMODRAFT_448915	P0DH64	Selaginella moellendorffii	NA
g29644	At1g30680	Twinkle homolog protein, chloroplastic/mitochondrial	B5X582	Arabidopsis thaliana	Has both DNA primase and DNA helicase activities and may be involved in organelle DNA replication. Capable of producing RNA primers of 9 to 18 bases from a single-stranded DNA template. {ECO:0000269|PubMed:23452619}.
g29656	PUP21	Purine permease 21	O49726	Arabidopsis thaliana	NA
g29742	FER	Receptor-like protein kinase FERONIA	Q9SCZ4	Arabidopsis thaliana	Receptor-like protein kinase that mediates the female control of male gamete delivery during fertilization, including growth cessation of compatible pollen tubes ensuring a reproductive isolation barriers, by regulating MLO7 subcellular polarization upon pollen tube perception in the female gametophyte synergids. Required for cell elongation during vegetative growth, mostly in a brassinosteroids- (BR-) independent manner. Acts as an upstream regulator for the Rac/Rop-signaling pathway that controls ROS-mediated root hair development. Seems to regulate a cross-talk between brassinosteroids and ethylene signaling pathways during hypocotyl elongation. Negative regulator of brassinosteroid response in light-grown hypocotyls, but required for brassinosteroid response in etiolated seedlings. Mediates sensitivity to powdery mildew (e.g. Golovinomyces orontii). Positive regulator of auxin-promoted growth that represses the abscisic acid (ABA) signaling via the activation of ABI2 phosphatase. Required for RALF1-mediated extracellular alkalinization in a signaling pathway preventing cell expansion. {ECO:0000269|PubMed:17673660, ECO:0000269|PubMed:19383785, ECO:0000269|PubMed:20400488, ECO:0000269|PubMed:20876100, ECO:0000269|PubMed:21071669, ECO:0000269|PubMed:22908257, ECO:0000269|PubMed:24458638}.
g29744	At2g02240	F-box protein At2g02240	Q3E6P4	Arabidopsis thaliana	NA
g29745	CKX6	Cytokinin dehydrogenase 6	Q9LY71	Arabidopsis thaliana	Catalyzes the oxidation of cytokinins, a family of N(6)-substituted adenine derivatives that are plant hormones, where the substituent is an isopentenyl group. {ECO:0000269|PubMed:14555694}.
g29763	At3g51990	Serine/threonine-protein kinase-like protein At3g51990	Q9SV05	Arabidopsis thaliana	NA
g29979	WAK4	Wall-associated receptor kinase 4	Q9LMN6	Arabidopsis thaliana	Serine/threonine-protein kinase that may function as a signaling receptor of extracellular matrix component. Binding to pectin may have significance in the control of cell expansion, morphogenesis and development. {ECO:0000269|PubMed:11402163}.
g30097	DGS1	Protein DGS1, mitochondrial	Q8GUK1	Arabidopsis thaliana	Involved in galactoglycerolipid biosynthesis (PubMed:18208519). Contributes to an intracellular signal that regulates an alternative DGD1-independent galactoglycerolipid biosynthesis pathway in chloroplasts (PubMed:18208519, PubMed:20181751). Being involved in mitochondrial lipid homeostasis, modulates mitochondrion biogenesis and physiology, as well as stress responses (PubMed:31118221). {ECO:0000269|PubMed:18208519, ECO:0000269|PubMed:20181751, ECO:0000269|PubMed:31118221}.
g30098	DGS1	Protein DGS1, mitochondrial	Q8GUK1	Arabidopsis thaliana	Involved in galactoglycerolipid biosynthesis (PubMed:18208519). Contributes to an intracellular signal that regulates an alternative DGD1-independent galactoglycerolipid biosynthesis pathway in chloroplasts (PubMed:18208519, PubMed:20181751). Being involved in mitochondrial lipid homeostasis, modulates mitochondrion biogenesis and physiology, as well as stress responses (PubMed:31118221). {ECO:0000269|PubMed:18208519, ECO:0000269|PubMed:20181751, ECO:0000269|PubMed:31118221}.
g30199	GLUB5	Glutelin type-B 5	Q6ERU3	Oryza sativa subsp. japonica	Seed storage protein.
g30200	PATROL1	Protein unc-13 homolog	Q8RX56	Arabidopsis thaliana	Controls the tethering of the proton ATPase AHA1 to the plasma membrane. Is essential for stomatal opening in response to low concentration of carbon dioxide and light. {ECO:0000269|PubMed:23896897}.
g30202	ARPC2B	Actin-related protein 2/3 complex subunit 2B	F4IVU1	Arabidopsis thaliana	Functions as actin-binding component of the Arp2/3 complex which is involved in regulation of actin polymerization and together with an activating nucleation-promoting factor (NPF) mediates the formation of branched actin networks. Seems to contact the mother actin filament (By similarity). Arp2/3 complex plays a critical role in the control of cell morphogenesis via the modulation of cell polarity development (By similarity). {ECO:0000250}.
g30225	CTPA2	Carboxyl-terminal-processing peptidase 2, chloroplastic	O23614	Arabidopsis thaliana	Protease involved in the C-terminal processing of the chloroplastic D1 protein of photosystem II. This proteolytic processing is necessary to allow the light-driven assembly of the tetranuclear manganese cluster, which is responsible for photosynthetic water oxidation. {ECO:0000250|UniProtKB:O04073}.
g30226	CTPA2	Carboxyl-terminal-processing peptidase 2, chloroplastic	O23614	Arabidopsis thaliana	Protease involved in the C-terminal processing of the chloroplastic D1 protein of photosystem II. This proteolytic processing is necessary to allow the light-driven assembly of the tetranuclear manganese cluster, which is responsible for photosynthetic water oxidation. {ECO:0000250|UniProtKB:O04073}.
g30293	AAE16	Probable acyl-activating enzyme 16, chloroplastic	Q9LK39	Arabidopsis thaliana	May be involved in the activation of fatty acids to acyl-carrier-protein. {ECO:0000250, ECO:0000269|PubMed:16262711}.
g30363	PPH	Pheophytinase, chloroplastic	Q9FFZ1	Arabidopsis thaliana	Alpha/beta hydrolase dephytylating specifically the Mg-free chlorophyll pigment (pheophytin), yielding pheophorbide. No activity on chlorophyll. Belongs to the chlorophyll catabolic enzymes (CCEs). {ECO:0000269|PubMed:19304936, ECO:0000269|PubMed:20537045}.
g30375	PSA2	Protein PHOTOSYSTEM I ASSEMBLY 2, chloroplastic	A0A1D6KL43	Zea mays	Nuclear genome-encoded factor required for the accumulation of photosystem I (PSI) during plant development. May form a complex with PSAG and mediate thiol transactions in the thylakoid lumen that are important for the assembly of PSI. Possesses protein-disulfide reductase activity in vitro. {ECO:0000269|PubMed:25228689}.
g30376	BPG2	GTP-binding protein BRASSINAZOLE INSENSITIVE PALE GREEN 2, chloroplastic	Q8W4I6	Arabidopsis thaliana	Required for brassinosteroid- (BR) mediated post-transcriptional and translational regulation in the chloroplast, including accumulation of chloroplast rRNA (PubMed:19919572). Involved in chloroplast differentiation (PubMed:19919572, PubMed:22526496). {ECO:0000269|PubMed:19919572, ECO:0000269|PubMed:22526496}.
g30377	RPPL1	Putative disease resistance RPP13-like protein 1	Q9LRR4	Arabidopsis thaliana	Potential disease resistance protein.
g30378	RPPL1	Putative disease resistance RPP13-like protein 1	Q9LRR4	Arabidopsis thaliana	Potential disease resistance protein.
g30379	SINAT2	E3 ubiquitin-protein ligase SINAT2	Q9M2P4	Arabidopsis thaliana	E3 ubiquitin-protein ligase that mediates ubiquitination and subsequent proteasomal degradation of target proteins (PubMed:28351989, PubMed:32786047). E3 ubiquitin ligases accept ubiquitin from an E2 ubiquitin-conjugating enzyme in the form of a thioester and then directly transfers the ubiquitin to targeted substrates (PubMed:28351989, PubMed:32786047). It probably triggers the ubiquitin-mediated degradation of different substrates (PubMed:28351989, PubMed:32786047). Mediates the proteasomal-dependent degradation of ATG6, a component of the autophagosome complex (PubMed:28351989). Requires TRAF1A/MUSE14 and TRAF1B/MUSE13 to target ATG6 for ubiquitination and subsequent regulation of autophagosome assembly (PubMed:28351989). Modulates directly the ubiquitination and proteasomal-dependent degradation of FREE1, a component of the ESCRT-I complex (PubMed:32753431, PubMed:32786047). Modulates directly the ubiquitination and proteasomal-dependent degradation of ELC/VPS23A, a component of the ESCRT-I complex (PubMed:32753431). {ECO:0000269|PubMed:28351989, ECO:0000269|PubMed:32753431, ECO:0000269|PubMed:32786047}.
g30380	NSMCE1	Non-structural maintenance of chromosomes element 1 homolog	Q5RAZ5	Pongo abelii	RING-type zinc finger-containing E3 ubiquitin ligase that assembles with melanoma antigen protein (MAGE) to catalyze the direct transfer of ubiquitin from E2 ubiquitin-conjugating enzyme to a specific substrate. Within MAGE-RING ubiquitin ligase complex, MAGE stimulates and specifies ubiquitin ligase activity likely through recruitment and/or stabilization of the E2 ubiquitin-conjugating enzyme at the E3:substrate complex. Involved in maintenance of genome integrity, DNA damage response and DNA repair. NSMCE3/MAGEG1 and NSMCE1 ubiquitin ligase are components of SMC5-SMC6 complex and may positively regulate homologous recombination-mediated DNA repair. {ECO:0000250|UniProtKB:Q8WV22}.
g30382	NA	Formate--tetrahydrofolate ligase	P28723	Spinacia oleracea	NA
g30383	PAP12	Probable plastid-lipid-associated protein 12, chloroplastic	Q8LAP6	Arabidopsis thaliana	NA
g30385	PES	Pescadillo homolog	Q9LYK7	Arabidopsis thaliana	Required for maturation of ribosomal RNAs and formation of the large ribosomal subunit (By similarity). Plays an essential role in cell growth and survival through its regulation of ribosome biogenesis and mitotic progression (PubMed:23909681). Required for normal root cell growth and differentiation (PubMed:25443833). {ECO:0000255|HAMAP-Rule:MF_03028, ECO:0000269|PubMed:23909681, ECO:0000269|PubMed:25443833}.
g30386	CALS9	Callose synthase 9	Q9SFU6	Arabidopsis thaliana	Involved in sporophytic and gametophytic development. Required for normal plant development. During pollen formation, required for the entry of microspores into mitosis and microspore symmetric division. May be required for correct temporal and spatial control of callose deposition during pollen mitosis. During plant growth and development, callose is found as a transitory component of the cell plate in dividing cells, is a major component of pollen mother cell walls and pollen tubes, and is found as a structural component of plasmodesmatal canals. {ECO:0000269|PubMed:18315544}.
g30387	LIN	Putative E3 ubiquitin-protein ligase LIN-2	D1FP57	Lotus japonicus	Putative E3 ubiquitin-protein ligase involved in the rhizobial infection process. Plays an important role in the early steps of infection thread formation and in growth and differentiation of nodules. {ECO:0000269|PubMed:19776163}.
g30388	ydiU	Protein nucleotidyltransferase YdiU	A1K5T6	Azoarcus sp. (strain BH72)	Nucleotidyltransferase involved in the post-translational modification of proteins. It can catalyze the addition of adenosine monophosphate (AMP) or uridine monophosphate (UMP) to a protein, resulting in modifications known as AMPylation and UMPylation. {ECO:0000255|HAMAP-Rule:MF_00692}.
g30389	LECRK3	G-type lectin S-receptor-like serine/threonine-protein kinase LECRK3	Q25AG3	Oryza sativa subsp. indica	Involved in resistance against the herbivorous insect brown planthopper (N.lugens, BPH). Member of the BPH3 (BPH resistance locus 3) cluster which contains LECRK1, LECRK2 and LECRK3. {ECO:0000269|PubMed:25485617}.
g30390	LECRK2	G-type lectin S-receptor-like serine/threonine-protein kinase LECRK2	A2XQD3	Oryza sativa subsp. indica	Involved in resistance against the herbivorous insect brown planthopper (N.lugens, BPH). Member of the BPH3 (BPH resistance locus 3) cluster which contains LECRK1, LECRK2 and LECRK3. {ECO:0000269|PubMed:25485617}.
g30391	LECRK3	G-type lectin S-receptor-like serine/threonine-protein kinase LECRK3	Q25AG3	Oryza sativa subsp. indica	Involved in resistance against the herbivorous insect brown planthopper (N.lugens, BPH). Member of the BPH3 (BPH resistance locus 3) cluster which contains LECRK1, LECRK2 and LECRK3. {ECO:0000269|PubMed:25485617}.
g30392	LECRK2	G-type lectin S-receptor-like serine/threonine-protein kinase LECRK2	A2XQD3	Oryza sativa subsp. indica	Involved in resistance against the herbivorous insect brown planthopper (N.lugens, BPH). Member of the BPH3 (BPH resistance locus 3) cluster which contains LECRK1, LECRK2 and LECRK3. {ECO:0000269|PubMed:25485617}.
g30395	RLK1	G-type lectin S-receptor-like serine/threonine-protein kinase RLK1	Q39202	Arabidopsis thaliana	NA
g30396	DRP3A	Dynamin-related protein 3A	Q8S944	Arabidopsis thaliana	Involved in the control of mitochondrial and peroxisomal division and morphology. In association with PEX11C, PEX11D, PEX11E and FIS1B, is involved in cell cycle-associated constitutive self-replication of preexisting peroxisomes. {ECO:0000269|PubMed:14754924, ECO:0000269|PubMed:14988495, ECO:0000269|PubMed:18539750, ECO:0000269|PubMed:18785999}.
g30397	LECRK3	G-type lectin S-receptor-like serine/threonine-protein kinase LECRK3	Q0JEU6	Oryza sativa subsp. japonica	Involved in resistance against the herbivorous insect brown planthopper (N.lugens, BPH). Member of the BPH3 (BPH resistance locus 3) cluster which contains LECRK1, LECRK2 and LECRK3. {ECO:0000269|PubMed:25485617}.
g30401	LOX2.1	Linoleate 13S-lipoxygenase 2-1, chloroplastic	O24370	Solanum tuberosum	Plant lipoxygenase involved in a number of diverse aspects of plant physiology including growth and development, pest resistance, and senescence. May not be involved in the bulk production of jasmonate upon wounding. Catalyzes the hydroperoxidation of lipids containing a cis,cis-1,4-pentadiene structure. Linolenic acid is the preferred substrate, before linoleic and arachidonic acids. Also has some activity with phosphatidylglycerol, but not with galactolipids. {ECO:0000269|PubMed:11675388, ECO:0000269|PubMed:8702864}.
g30403	LOX2.1	Linoleate 13S-lipoxygenase 2-1, chloroplastic	O24370	Solanum tuberosum	Plant lipoxygenase involved in a number of diverse aspects of plant physiology including growth and development, pest resistance, and senescence. May not be involved in the bulk production of jasmonate upon wounding. Catalyzes the hydroperoxidation of lipids containing a cis,cis-1,4-pentadiene structure. Linolenic acid is the preferred substrate, before linoleic and arachidonic acids. Also has some activity with phosphatidylglycerol, but not with galactolipids. {ECO:0000269|PubMed:11675388, ECO:0000269|PubMed:8702864}.
g30404	LOX2.1	Linoleate 13S-lipoxygenase 2-1, chloroplastic	O24370	Solanum tuberosum	Plant lipoxygenase involved in a number of diverse aspects of plant physiology including growth and development, pest resistance, and senescence. May not be involved in the bulk production of jasmonate upon wounding. Catalyzes the hydroperoxidation of lipids containing a cis,cis-1,4-pentadiene structure. Linolenic acid is the preferred substrate, before linoleic and arachidonic acids. Also has some activity with phosphatidylglycerol, but not with galactolipids. {ECO:0000269|PubMed:11675388, ECO:0000269|PubMed:8702864}.
g30418	HMA4	Copper-transporting ATPase HMA4	Q6H7M3	Oryza sativa subsp. japonica	Copper (Cu) transporter that mediates Cu transport in root vacuoles. Involved in Cu detoxification by sequestrating Cu into root vacuoles and limiting translocation of Cu from the roots to the shoots, and accumulation in grains. {ECO:0000269|PubMed:27387148}.
g30419	SRG1	Protein SRG1	Q39224	Arabidopsis thaliana	NA
g30420	RPPL1	Putative disease resistance RPP13-like protein 1	Q9LRR4	Arabidopsis thaliana	Potential disease resistance protein.
g30425	DIT1	Dicarboxylate transporter 1, chloroplastic	Q9LXV3	Arabidopsis thaliana	2-oxoglutarate/malate translocator involved with DIT2-1 in primary ammonia assimilation and in the re-assimilation of ammonia generated by the photorespiratory pathway. Imports 2-oxoglutarate into plastids as precursor for ammonia assimilation. 2-oxoglutarate is converted to glutamate, the end product of ammonia assimilation, which is exported to the cytosol by DIT2-1. {ECO:0000269|PubMed:12154133, ECO:0000269|PubMed:21175886}.
g30426	DTX42	Protein DETOXIFICATION 42	Q9SYD6	Arabidopsis thaliana	Citrate transporter critical for aluminum tolerance. Responsible for citrate exudation into the rhizosphere to protect roots from aluminum toxicity. {ECO:0000269|PubMed:18826429, ECO:0000269|PubMed:22413742}.
g30427	RBCX2	Chaperonin-like RbcX protein 2, chloroplastic	Q8L9X2	Arabidopsis thaliana	Chaperone involved in RuBisCO assembly process. {ECO:0000269|PubMed:21922322}.
g30428	SIZ1	E3 SUMO-protein ligase SIZ1	Q680Q4	Arabidopsis thaliana	E3 SUMO protein ligase involved in regulation processes. Mediates SUMO/ attachment to PHR1, a MYB transcriptional activator controlling the phosphate deficiency responses (PubMed:15894620). Functions as an upstream negative regulator of salicylic acid (SA) accumulation and subsequent SA-mediated systemic acquired resistance (SAR) signaling. Probably not involved in jasmonic acid (JA)-mediated defense response. Participates in abiotic stress-induced sumoylation. Controls heat shock-induced SUMO1 and SUMO2 conjugation and facilitates basal thermotolerance. Involved in freezing tolerance by mediating sumoylation of ICE1, a transcription activator of the cold signaling regulator CBF3/DREB1A. Acts as a positive regulator of drought stress tolerance. Acts as a floral repressor that promotes FLC expression by repressing FLD activity through sumoylation. Acts as a negative regulator of abscisic acid (ABA) signaling through ABI5 sumoylation. Mediates sumoylation of SCE1, GTE3 and GTE5. Functions as a negative regulator of SnRK1 signaling through sumoylation of several components of the SnRK1 complex (PubMed:26662259). {ECO:0000269|PubMed:15894620, ECO:0000269|PubMed:17041025, ECO:0000269|PubMed:17163880, ECO:0000269|PubMed:17416732, ECO:0000269|PubMed:17644626, ECO:0000269|PubMed:17905899, ECO:0000269|PubMed:18069938, ECO:0000269|PubMed:18502747, ECO:0000269|PubMed:19276109, ECO:0000269|PubMed:26662259}.
g30432	BIB	Zinc finger protein BALDIBIS	Q944L3	Arabidopsis thaliana	Transcription factor that, together with JKD, regulates tissue boundaries and asymmetric cell division in roots by a rapid up-regulation of 'SCARECROW' (SCR), thus controlling the nuclear localization of 'SHORT-ROOT' (SHR) and restricting its action (PubMed:25829440). Confines CYCD6 expression to the cortex-endodermis initial/daughter (CEI/CEID) tissues (PubMed:25829440). Binds DNA via its zinc fingers (PubMed:24821766). Recognizes and binds to SCL3 promoter sequence 5'-AGACAA-3' to promote its expression when in complex with RGA (PubMed:24821766). {ECO:0000269|PubMed:24821766, ECO:0000269|PubMed:25829440}.
g30436	TOGT1	Scopoletin glucosyltransferase	Q9AT54	Nicotiana tabacum	Glucosyltransferase acting preferentially on aromatic substrates of the phenylpropanoid types. The best substrates are scopoletin and esculetin. Required for full resistance to virus. {ECO:0000269|PubMed:12034899, ECO:0000269|PubMed:15159640}.
g30437	PDX2	Probable pyridoxal 5'-phosphate synthase subunit PDX2	Q8LAD0	Arabidopsis thaliana	Catalyzes the hydrolysis of glutamine to glutamate and ammonia as part of the biosynthesis of pyridoxal 5'-phosphate. The resulting ammonia molecule is channeled to the active site of PDX1. Involved in the indirect resistance to singlet oxygen-generating photosensitizers. {ECO:0000269|PubMed:16157873, ECO:0000269|PubMed:17468224}.
g30455	RPPL1	Putative disease resistance RPP13-like protein 1	Q9LRR4	Arabidopsis thaliana	Potential disease resistance protein.
g30456	LAP2	Leucine aminopeptidase 2, chloroplastic	Q944P7	Arabidopsis thaliana	Presumably involved in the processing and regular turnover of intracellular proteins. Catalyzes the removal of unsubstituted N-terminal amino acids from various peptides (By similarity). Possesses leucine aminopeptidase activity against the model substrate leucine-amido methyl coumarin (PubMed:22493451). Does not seem to possess Cys-Gly dipeptidase activity (PubMed:25716890). {ECO:0000250|UniProtKB:P30184, ECO:0000269|PubMed:22493451, ECO:0000269|PubMed:25716890}.; FUNCTION: Functions as a molecular chaperone to protect proteins from heat-induced damage. {ECO:0000269|PubMed:22493451}.
g30457	EDR2	Protein ENHANCED DISEASE RESISTANCE 2	F4JSE7	Arabidopsis thaliana	Negative regulator of the salicylic acid- (SA-) mediated resistance to pathogens, including the biotrophic powdery mildew pathogens Golovinomyces cichoracearum and Blumeria graminis, and the downy mildew pathogen Hyaloperonospora parasitica, probably by limiting the initiation of cell death and the establishment of the hypersensitive response (HR). Prevents ethylene-induced senescence. Binds to phosphatidylinositol-4-phosphate (PtdIns(4)P) in vitro. {ECO:0000269|PubMed:16212604, ECO:0000269|PubMed:17612410}.
g30458	VPS37-1	Vacuolar protein-sorting-associated protein 37 homolog 1	Q9SCP9	Arabidopsis thaliana	Component of the ESCRT-I complex (endosomal sorting complex required for transport I), a regulator of vesicular trafficking process. Required for the sorting of endocytic ubiquitinated cargos into multivesicular bodies (MVBs) (By similarity). {ECO:0000250}.
g30459	MOM1	Helicase protein MOM1	Q9M658	Arabidopsis thaliana	Together with PIAL1 and PIAL2, regulates transcriptional gene silencing (TGS) independently of changes in DNA methylation (PubMed:22346760, PubMed:27113777). Required for the heritable maintenance of transcriptional gene silencing (TGS) in heterochromatin, and particularly in the intermediate bivalent heterochromatin, characterized by an unsual methylation pattern consisting in hypermethylated DNA and histone H3 'Lys-4' methylation (H3K4me) together with depletion of histone H3 'Lys-9' methylation (H3K9me), in a chromatin methylation-independent manner, in a non-CG methylation context. May play a role in the RNA polymerase IV/V (Pol-IV/V)-mediated RNA-directed DNA methylation (RdDM) leading to TGS (also called siRNA-mediated TGS pathway), probably by modulating small interfering RNA (siRNA) accumulation. Especially involved in the gene silencing of the transcriptionally silent information region (TSI), 5S ribosomal RNA genes (localized in the pericentromeric heterochromatin of chromosomes 3, 4, and 5) and of 180-bp satellite repeats and 106B long terminal repeat (LTR)-like repeats of the chromocenters. Prevents the aberrant mRNA transcriptional read-through. {ECO:0000269|PubMed:10821279, ECO:0000269|PubMed:10899982, ECO:0000269|PubMed:12370435, ECO:0000269|PubMed:12609046, ECO:0000269|PubMed:17082818, ECO:0000269|PubMed:17082821, ECO:0000269|PubMed:18725928, ECO:0000269|PubMed:19910926, ECO:0000269|PubMed:20404545, ECO:0000269|PubMed:20826701, ECO:0000269|PubMed:21070421, ECO:0000269|PubMed:22346760, ECO:0000269|PubMed:27113777}.
g30460	MOM1	Helicase protein MOM1	Q9M658	Arabidopsis thaliana	Together with PIAL1 and PIAL2, regulates transcriptional gene silencing (TGS) independently of changes in DNA methylation (PubMed:22346760, PubMed:27113777). Required for the heritable maintenance of transcriptional gene silencing (TGS) in heterochromatin, and particularly in the intermediate bivalent heterochromatin, characterized by an unsual methylation pattern consisting in hypermethylated DNA and histone H3 'Lys-4' methylation (H3K4me) together with depletion of histone H3 'Lys-9' methylation (H3K9me), in a chromatin methylation-independent manner, in a non-CG methylation context. May play a role in the RNA polymerase IV/V (Pol-IV/V)-mediated RNA-directed DNA methylation (RdDM) leading to TGS (also called siRNA-mediated TGS pathway), probably by modulating small interfering RNA (siRNA) accumulation. Especially involved in the gene silencing of the transcriptionally silent information region (TSI), 5S ribosomal RNA genes (localized in the pericentromeric heterochromatin of chromosomes 3, 4, and 5) and of 180-bp satellite repeats and 106B long terminal repeat (LTR)-like repeats of the chromocenters. Prevents the aberrant mRNA transcriptional read-through. {ECO:0000269|PubMed:10821279, ECO:0000269|PubMed:10899982, ECO:0000269|PubMed:12370435, ECO:0000269|PubMed:12609046, ECO:0000269|PubMed:17082818, ECO:0000269|PubMed:17082821, ECO:0000269|PubMed:18725928, ECO:0000269|PubMed:19910926, ECO:0000269|PubMed:20404545, ECO:0000269|PubMed:20826701, ECO:0000269|PubMed:21070421, ECO:0000269|PubMed:22346760, ECO:0000269|PubMed:27113777}.
g30464	ACA7	Alpha carbonic anhydrase 7	Q8L817	Arabidopsis thaliana	Reversible hydration of carbon dioxide. {ECO:0000250}.
g30468	At5g60760	P-loop NTPase domain-containing protein LPA1 homolog 1	Q9FJH9	Arabidopsis thaliana	Required for the accumulation of phytic acid in seeds. Phytic acid is the primary storage form of phosphorus in cereal grains and other plant seeds. {ECO:0000269|PubMed:20734061}.
g30509	At1g08160	Uncharacterized protein At1g08160	Q8VZ13	Arabidopsis thaliana	NA
g30511	PRCP	Lysosomal Pro-X carboxypeptidase	Q5RBU7	Pongo abelii	Cleaves C-terminal amino acids linked to proline in peptides such as angiotensin II, III and des-Arg9-bradykinin. This cleavage occurs at acidic pH, but enzymatic activity is retained with some substrates at neutral pH (By similarity). {ECO:0000250}.
g30714	UXS1	UDP-glucuronic acid decarboxylase 1	Q8VZC0	Arabidopsis thaliana	Catalyzes the NAD-dependent decarboxylation of UDP-glucuronic acid to UDP-xylose. Necessary for the biosynthesis of the core tetrasaccharide in glycosaminoglycan biosynthesis. {ECO:0000269|PubMed:12481102}.
g30718	PAH1	Phosphatidate phosphatase PAH1	Q9SF47	Arabidopsis thaliana	Magnesium-dependent phosphatidate phosphatase which catalyzes the dephosphorylation of phosphatidate to yield diacylglycerol. Acts redundantly with PAH2 to repress phospholipid biosynthesis at the endoplasmic reticulum (ER). May function indirectly as repressor of multiple enzymes involved in phospholipid biosynthesis. Is involved in the pathway of galactolipid synthesis in the ER, which is required for the membrane lipid remodeling, an essential adaptation mechanism to cope with phosphate starvation. {ECO:0000269|PubMed:19923426, ECO:0000269|PubMed:20699392, ECO:0000269|PubMed:21205207}.
g30720	CAND7	Protein CANDIDATE G-PROTEIN COUPLED RECEPTOR 7	F4JY11	Arabidopsis thaliana	Plays a role in plants and microbes interactions (PubMed:22206669). G-protein coupled receptor involved in root growth mediated by the bacterial quorum-sensing signals N-acyl-homoserine lactones (AHLs) (PubMed:18671868, PubMed:22206669). {ECO:0000269|PubMed:18671868, ECO:0000269|PubMed:22206669}.
g30721	dapb3	Dipeptidyl aminopeptidase BIII	V5YMB3	Pseudoxanthomonas mexicana	Exopeptidase that catalyzes the removal of dipeptide units (NH2-P2-P1- or -P1'-P2'-COOH) from the free amino or carboxy termini. Prefers substrates composed of bulky, hydrophobic amino acids at P1 and P1' positions. Has endopeptidase activity on N-terminally blocked peptide derivatives which contain aromatic amino acid residue at the P1 position. Exopeptidase activity is much higher than its endopeptidase activity. {ECO:0000269|PubMed:8892831}.
g30723	RS2Z32	Serine/arginine-rich splicing factor RS2Z32	Q9FYB7	Arabidopsis thaliana	Probably involved in intron recognition and spliceosome assembly.
g30726	SPAC56F8.03	Eukaryotic translation initiation factor 5B	Q10251	Schizosaccharomyces pombe (strain 972 / ATCC 24843)	Plays a role in translation initiation. Translational GTPase that catalyzes the joining of the 40S and 60S subunits to form the 80S initiation complex with the initiator methionine-tRNA in the P-site base paired to the start codon. GTP binding and hydrolysis induces conformational changes in the enzyme that renders it active for productive interactions with the ribosome. The release of the enzyme after formation of the initiation complex is a prerequisite to form elongation-competent ribosomes. {ECO:0000250|UniProtKB:P39730}.
g30727	Os02g0685600	Probable protein phosphatase 2C 25	Q6ZHC8	Oryza sativa subsp. japonica	NA
g30736	TBC1D8	TBC1 domain family member 8	O95759	Homo sapiens	May act as a GTPase-activating protein for Rab family protein(s).
g30737	RPS9M	Small ribosomal subunit protein uS9m	Q8L6Z4	Arabidopsis thaliana	Mitochondrial ribosomal protein required for central cell maturation. May work together with PIA2 in controlling female gametophyte development, possibly by regulating the expression of some mitochondrial proteins. {ECO:0000269|PubMed:29312411}.
g30738	BEBT1	Benzyl alcohol O-benzoyltransferase	Q6E593	Petunia hybrida	Involved in the production of volatile organic compounds (VOCs), including floral volatile benzenoids and phenylpropanoids (FVBP), in flowers of fragrant cultivars (e.g. cv. Mitchell and cv. V26), scent attracting pollinators (e.g. the night-active hawkmoth pollinator Manduca sexta) (PubMed:15286288, PubMed:20070567). Acyltransferase that catalyzes the transfer of benzoyl and acetyl moieties to a large variety of potential substrate alcohols, and involved in the formation of volatile esters benzyl benzoate and phenylethyl benzoate from benzoyl-CoA (PubMed:15286288, PubMed:17194766, PubMed:20070567). With acetyl-CoA, mainly active on benzyl alcohol, and, to a lower extent, on 3-hydroxybenzyl alcohol, geraniol, and 2-phenylethanol, but barely active on butanol, 1-octanol, 4-hydroxy-benzyl alcohol, 2-hexanol, cis-3-hexen-1-ol and linalool (PubMed:15286288). With benzoyl-CoA, mainly active on benzyl alcohol, but also efficient on several substrates, including 3-hydroxybenzyl alcohol, 2-phenylethanol, geraniol, butanol, cis-3-hexen-1-ol and 1-octanol (PubMed:15286288). {ECO:0000269|PubMed:15286288, ECO:0000269|PubMed:17194766, ECO:0000269|PubMed:20070567}.
g30739	CALS9	Callose synthase 9	Q9SFU6	Arabidopsis thaliana	Involved in sporophytic and gametophytic development. Required for normal plant development. During pollen formation, required for the entry of microspores into mitosis and microspore symmetric division. May be required for correct temporal and spatial control of callose deposition during pollen mitosis. During plant growth and development, callose is found as a transitory component of the cell plate in dividing cells, is a major component of pollen mother cell walls and pollen tubes, and is found as a structural component of plasmodesmatal canals. {ECO:0000269|PubMed:18315544}.
g30740	AP2-2	APETALA2-like protein 2	B8AMA9	Oryza sativa subsp. indica	Probable transcription factor (By similarity). Involved in spikelet transition. Together with SNB, controls synergistically inflorescence architecture and floral meristem establishment via the regulation of spatio-temporal expression of B- and E-function floral organ identity genes in the lodicules and of spikelet meristem genes. Prevents lemma and palea elongation as well as grain growth (By similarity). {ECO:0000250|UniProtKB:P47927, ECO:0000250|UniProtKB:Q84TB5}.
g30741	At1g67720	Probable LRR receptor-like serine/threonine-protein kinase At1g67720	C0LGI2	Arabidopsis thaliana	NA
g30743	REFA1	Elongation factor 1-alpha	O64937	Oryza sativa subsp. japonica	This protein promotes the GTP-dependent binding of aminoacyl-tRNA to the A-site of ribosomes during protein biosynthesis.
g30744	A4	Elongation factor 1-alpha 4	Q8GTY0	Arabidopsis thaliana	This protein promotes the GTP-dependent binding of aminoacyl-tRNA to the A-site of ribosomes during protein biosynthesis.
g30745	BLT63	Elongation factor 1-alpha	Q40034	Hordeum vulgare	This protein promotes the GTP-dependent binding of aminoacyl-tRNA to the A-site of ribosomes during protein biosynthesis.
g30746	NFYB8	Nuclear transcription factor Y subunit B-8	Q8VYK4	Arabidopsis thaliana	Component of the NF-Y/HAP transcription factor complex. The NF-Y complex stimulates the transcription of various genes by recognizing and binding to a CCAAT motif in promoters.
g30747	UPL4	E3 ubiquitin-protein ligase UPL4	Q9LYZ7	Arabidopsis thaliana	Probable E3 ubiquitin-protein ligase which mediates ubiquitination and subsequent proteasomal degradation of target proteins. {ECO:0000250}.
g30750	IQD2	Protein IQ-DOMAIN 2	Q93ZH7	Arabidopsis thaliana	May be involved in cooperative interactions with calmodulins or calmodulin-like proteins (By similarity). Recruits calmodulin proteins to microtubules, thus being a potential scaffold in cellular signaling and trafficking (By similarity). May associate with nucleic acids and regulate gene expression at the transcriptional or post-transcriptional level (By similarity). {ECO:0000250|UniProtKB:Q9SF32}.
g30754	RPN10	26S proteasome non-ATPase regulatory subunit 4 homolog	P55034	Arabidopsis thaliana	Plays a role in maintaining the structural integrity of the 19S regulatory particle (RP), subcomplex of the 26S proteasome. Plays a major role in both the direct and indirect recognition of ubiquitinated substrates of ubiquitin/26S proteasome-mediated proteolysis (UPP). Binds and presumably selects ubiquitin-conjugates for destruction. Prefers multiubiquitin chains rather than single ubiquitins, with a binding affinity for 'Lys-48'-linked ubiquitin chains. Acts as a potential docking subunit for both ubiquitin receptors RAD23s and DSK2s. Plays a role in the growth and development via the proteasome-dependent degradation of the ABA-signaling protein ABI5/DPBF1. Plays an important role for balancing cell expansion with cell proliferation rates during shoot development. {ECO:0000269|PubMed:12671091, ECO:0000269|PubMed:17971041, ECO:0000269|PubMed:19321709, ECO:0000269|PubMed:20059542, ECO:0000269|PubMed:21764993, ECO:0000269|PubMed:22751321, ECO:0000269|PubMed:8530351, ECO:0000269|PubMed:8570648, ECO:0000269|PubMed:9442033, ECO:0000269|PubMed:9741626}.
g30756	IMPA9	Importin subunit alpha-9	F4KF65	Arabidopsis thaliana	Binds to conventional NLS motifs and mediates nuclear protein import across the nuclear envelope (By similarity). Acts as a cellular receptor for the nuclear import of the virD2 protein of Agrobacterium, but is not essential for Agrobacterium-mediated root transformation (PubMed:18836040). {ECO:0000250|UniProtKB:Q96321, ECO:0000269|PubMed:18836040}.
g30757	LPPG	Lipid phosphate phosphatase gamma	Q6NLA5	Arabidopsis thaliana	Exhibits phosphatidate phosphatase (PAP) activity in vitro. May play a primary role as PAP in plastids. {ECO:0000269|PubMed:17652095}.
g30759	LECRK81	L-type lectin-domain containing receptor kinase VIII.1	Q9LFH9	Arabidopsis thaliana	NA
g30760	DOT2	SART-1 family protein DOT2	Q9LFE0	Arabidopsis thaliana	Plays a role in root, shoot and flower development. Probably required for normal root and shoot meristem organization and maintenance and the proper expression of PIN and PLT genes (PubMed:19000164). Involved in leaf vasculature patterning (PubMed:18643975). {ECO:0000269|PubMed:18643975, ECO:0000269|PubMed:19000164}.
g30761	NPF8.1	Protein NRT1/ PTR FAMILY 8.1	Q9M390	Arabidopsis thaliana	Peptide transporter. Mediates the transport of di- and tripeptides. High affinity transporter with low selectivity. No transport of amino acids. {ECO:0000269|PubMed:15500465, ECO:0000269|PubMed:18753286}.
g30763	DOT2	SART-1 family protein DOT2	Q9LFE0	Arabidopsis thaliana	Plays a role in root, shoot and flower development. Probably required for normal root and shoot meristem organization and maintenance and the proper expression of PIN and PLT genes (PubMed:19000164). Involved in leaf vasculature patterning (PubMed:18643975). {ECO:0000269|PubMed:18643975, ECO:0000269|PubMed:19000164}.
g30764	MBR2	E3 ubiquitin-protein ligase MBR2	O49500	Arabidopsis thaliana	E3 ubiquitin-protein ligase that functions as a regulator of MED25 stability by targeting MED25 for degradation in a RING-H2-dependent way. Proteasome-dependent degradation of MED25 seems to activate its function as positive regulator of FLOWERING LOCUS T (FT) and is important to induce the expression of FT and consequently to promote flowering. May function downstream of HAL3 and be required for HAL3-regulated plant growth. Activation of MBR2 by HAL3 may lead to the degradation of cell cycle suppressors, resulting in enhancement of cell division and plant growth. {ECO:0000269|PubMed:19543273, ECO:0000269|PubMed:22992513}.
g30765	creC	Probable catabolite repression protein creC	A2QVV2	Aspergillus niger (strain ATCC MYA-4892 / CBS 513.88 / FGSC A1513)	Component of the regulatory network controlling carbon source utilization through ubiquitination and deubiquitination involving creA, creB, creC, creD and acrB. Required to prevent the proteolysis of the CreB deubiquitinating enzyme in the absence of carbon catabolite repression. CreB deubiquitinating enzyme stabilized in a complex with the CreC leads to the expression of genes such as those in the proline and quinate pathways (By similarity). {ECO:0000250}.
g30772	HERK1	Receptor-like protein kinase HERK 1	Q9LX66	Arabidopsis thaliana	Receptor-like protein kinase required for cell elongation during vegetative growth, mostly in a brassinosteroid-(BR-) independent manner. {ECO:0000269|PubMed:19383785}.
g30773	MOM1	Helicase protein MOM1	Q9M658	Arabidopsis thaliana	Together with PIAL1 and PIAL2, regulates transcriptional gene silencing (TGS) independently of changes in DNA methylation (PubMed:22346760, PubMed:27113777). Required for the heritable maintenance of transcriptional gene silencing (TGS) in heterochromatin, and particularly in the intermediate bivalent heterochromatin, characterized by an unsual methylation pattern consisting in hypermethylated DNA and histone H3 'Lys-4' methylation (H3K4me) together with depletion of histone H3 'Lys-9' methylation (H3K9me), in a chromatin methylation-independent manner, in a non-CG methylation context. May play a role in the RNA polymerase IV/V (Pol-IV/V)-mediated RNA-directed DNA methylation (RdDM) leading to TGS (also called siRNA-mediated TGS pathway), probably by modulating small interfering RNA (siRNA) accumulation. Especially involved in the gene silencing of the transcriptionally silent information region (TSI), 5S ribosomal RNA genes (localized in the pericentromeric heterochromatin of chromosomes 3, 4, and 5) and of 180-bp satellite repeats and 106B long terminal repeat (LTR)-like repeats of the chromocenters. Prevents the aberrant mRNA transcriptional read-through. {ECO:0000269|PubMed:10821279, ECO:0000269|PubMed:10899982, ECO:0000269|PubMed:12370435, ECO:0000269|PubMed:12609046, ECO:0000269|PubMed:17082818, ECO:0000269|PubMed:17082821, ECO:0000269|PubMed:18725928, ECO:0000269|PubMed:19910926, ECO:0000269|PubMed:20404545, ECO:0000269|PubMed:20826701, ECO:0000269|PubMed:21070421, ECO:0000269|PubMed:22346760, ECO:0000269|PubMed:27113777}.
g30774	MOM1	Helicase protein MOM1	Q9M658	Arabidopsis thaliana	Together with PIAL1 and PIAL2, regulates transcriptional gene silencing (TGS) independently of changes in DNA methylation (PubMed:22346760, PubMed:27113777). Required for the heritable maintenance of transcriptional gene silencing (TGS) in heterochromatin, and particularly in the intermediate bivalent heterochromatin, characterized by an unsual methylation pattern consisting in hypermethylated DNA and histone H3 'Lys-4' methylation (H3K4me) together with depletion of histone H3 'Lys-9' methylation (H3K9me), in a chromatin methylation-independent manner, in a non-CG methylation context. May play a role in the RNA polymerase IV/V (Pol-IV/V)-mediated RNA-directed DNA methylation (RdDM) leading to TGS (also called siRNA-mediated TGS pathway), probably by modulating small interfering RNA (siRNA) accumulation. Especially involved in the gene silencing of the transcriptionally silent information region (TSI), 5S ribosomal RNA genes (localized in the pericentromeric heterochromatin of chromosomes 3, 4, and 5) and of 180-bp satellite repeats and 106B long terminal repeat (LTR)-like repeats of the chromocenters. Prevents the aberrant mRNA transcriptional read-through. {ECO:0000269|PubMed:10821279, ECO:0000269|PubMed:10899982, ECO:0000269|PubMed:12370435, ECO:0000269|PubMed:12609046, ECO:0000269|PubMed:17082818, ECO:0000269|PubMed:17082821, ECO:0000269|PubMed:18725928, ECO:0000269|PubMed:19910926, ECO:0000269|PubMed:20404545, ECO:0000269|PubMed:20826701, ECO:0000269|PubMed:21070421, ECO:0000269|PubMed:22346760, ECO:0000269|PubMed:27113777}.
g30775	At1g65750	Putative ribonuclease H protein At1g65750	P0C2F6	Arabidopsis thaliana	NA
g30777	SAUR54	Protein SMALL AUXIN UP-REGULATED RNA 54	Q9FXI0	Arabidopsis thaliana	Provide a mechanistic link between auxin and plasma membrane H(+)-ATPases (PM H(+)-ATPases, e.g. AHA1 and AHA2), and triggers PM H(+)-ATPases activity by promoting phosphorylation of their C-terminal autoinhibitory domain as a result of PP2C-D subfamily of type 2C phosphatases inhibition, thus leading to the acidification of the apoplast and the facilitation of solutes and water uptake to drive cell expansion (By similarity). Triggers plant growth probably by promoting cell elongation (By similarity). Regulates branch angles and bending (By similarity). {ECO:0000250|UniProtKB:O65648, ECO:0000250|UniProtKB:Q9SI60}.
g30778	TRP5	Telomere repeat-binding protein 5	Q6R0E3	Arabidopsis thaliana	Binds specifically to the plant telomeric double-stranded DNA sequences. At least 6 repeats of telomeric sequences are required for binding.
g30785	PCRK2	Serine/threonine-protein kinase PCRK2	Q9LZF8	Arabidopsis thaliana	Functions redundantly with PCRK1 in basal resistance against bacterial pathogens and in regulation of plant immunity. Functions together with PCRK1 downstream of the pathogen-associated molecular pattern (PAMP) receptor FLS2. Contributes to the induction of SARD1 and CBP60G, which are transcriptional activator of ICS1, an enzyme involved in salicylate (SA) biosynthesis upon pathogen attack. {ECO:0000269|PubMed:27208222}.
g30793	DPB	Transcription factor-like protein DPB	Q9FNY2	Arabidopsis thaliana	Involved in the regulation of the G1/S transition. Increases the DNA binding activity of E2F proteins after heterodimerization. The complex DPB/E2FC restricts cell division and lateral root initiation and may function as a negative regulator of E2F-regulated genes. The interaction with SKP2A is controlled by auxin. {ECO:0000269|PubMed:11891240, ECO:0000269|PubMed:16920782}.
g30794	znf593	Zinc finger protein 593	B0BLT0	Xenopus tropicalis	Involved in pre-60S ribosomal particles maturation by promoting the nuclear export of the 60S ribosome. Negatively modulates the DNA binding activity of Oct-2 and therefore its transcriptional regulatory activity. {ECO:0000250|UniProtKB:O00488}.
g30795	ABCB1	ABC transporter B family member 1	Q9ZR72	Arabidopsis thaliana	Brassinosteroid exporter that, in conjunction with ABCB19, supports the accumulation of exogenous brassinosteroids (BR) in the apoplast, thus promoting BR signaling initiation involving the specific receptor BRI1 and required for plant growth and stress responses (PubMed:38513023, PubMed:39497419). Auxin efflux transporter that acts as a negative regulator of light signaling to promote hypocotyl elongation (PubMed:32855213, PubMed:39497419). May contribute to the regulation of leaf position and morphology during PHOT1-mediated blue light responses involving auxin distribution, especially in low light fluence (PubMed:32855213, PubMed:35528937). Together with ABCB19 and in a FKBP42/TWD1-dependent manner, supports seed development by promoting stamen elongation and, to a lesser extent, anther dehiscence and pollen maturation, probably as auxin transporters (PubMed:35512423, PubMed:35528937). Mediates the accumulation of chlorophyll and anthocyanin, as well as the expression of genes in response to light. Participates directly in auxin efflux and thus regulates the polar (presumably basipetal) auxin transport (from root tips to root elongating zone). Also transports some auxin metabolites such as oxindoleacetic acid and indoleacetaldehyde. Involved in diverse auxin-mediated responses including gravitropism, phototropism and lateral root formation. Confers resistance to herbicides such as dicamba, pendimethalin, oryzalin, and monosodium acid methanearsonate (MSMA), but not to herbicides such as glyphosate, atrazine, bentazon and fluazifop-p-butyl. Also mediates resistance to xenobiotics such as cycloheximide and the cytokinin N6-(2-isopentenyl)adenine (2IP). {ECO:0000269|PubMed:10760241, ECO:0000269|PubMed:11701880, ECO:0000269|PubMed:12640467, ECO:0000269|PubMed:14517332, ECO:0000269|PubMed:15908594, ECO:0000269|PubMed:16212599, ECO:0000269|PubMed:32855213, ECO:0000269|PubMed:35512423, ECO:0000269|PubMed:35528937, ECO:0000269|PubMed:38513023, ECO:0000269|PubMed:39497419, ECO:0000269|PubMed:9761790}.
g30796	CCL7	Probable CoA ligase CCL7	M4IRL6	Humulus lupulus	NA
g30797	UBC25	Probable ubiquitin-conjugating enzyme E2 25	Q9LUQ5	Arabidopsis thaliana	Accepts the ubiquitin from the E1 complex and catalyzes its covalent attachment to other proteins. {ECO:0000250|UniProtKB:P42743}.
g30798	UBC25	Probable ubiquitin-conjugating enzyme E2 25	Q9LUQ5	Arabidopsis thaliana	Accepts the ubiquitin from the E1 complex and catalyzes its covalent attachment to other proteins. {ECO:0000250|UniProtKB:P42743}.
g308	L7AT	Limonoid 7-O-acetyltransferse	A0A067ETA8	Citrus sinensis	Acetyltransferase involved in the biosynthesis of limonoids triterpene natural products such as limonin, a compound with insecticidal activity responsible for the bitter taste in citrus (PubMed:36701471). Catalyzes the formation of (1S)-1,7-diacetoxy-luvungin A from (1S)-1-acetoxy-luvungin A (PubMed:36701471). {ECO:0000269|PubMed:36701471}.
g30813	UGT73E1	UDP-glycosyltransferase 73E1	Q6VAA9	Stevia rebaudiana	May glycosylate diterpenes or flavonols in leaves. {ECO:0000250|UniProtKB:Q6VAA6}.
g30814	UGT73E1	UDP-glycosyltransferase 73E1	Q6VAA9	Stevia rebaudiana	May glycosylate diterpenes or flavonols in leaves. {ECO:0000250|UniProtKB:Q6VAA6}.
g30828	PAB7	Polyadenylate-binding protein 7	Q9ZQA8	Arabidopsis thaliana	Binds the poly(A) tail of mRNA. Appears to be an important mediator of the multiple roles of the poly(A) tail in mRNA biogenesis, stability and translation (By similarity). {ECO:0000250}.
g30902	DDR4	DDT domain-containing protein DDR4	F4IDY7	Arabidopsis thaliana	Probable transcription regulator. {ECO:0000305|PubMed:23691993}.
g30919	ITN1	Ankyrin repeat-containing protein ITN1	Q9C7A2	Arabidopsis thaliana	Involved in salt stress tolerance. May act through abscisic acid (ABA) signaling pathways and promote reactive oxygen species (ROS) production. {ECO:0000269|PubMed:18643991}.
g30921	At2g25737	Sulfite exporter TauE/SafE family protein 3	Q8L7A0	Arabidopsis thaliana	NA
g30922	ALKBH1C	DNA N(6)-methyladenine demethylase ALKBH1C	Q9LJH2	Arabidopsis thaliana	Dioxygenase that catalyzes DNA N(6)-methyladenine (6 mA) demethylation with a low efficiency (PubMed:38432357). {ECO:0000269|PubMed:38432357}.
g30932	TOL9	TOM1-like protein 9	Q8L860	Arabidopsis thaliana	Might contribute to the loading of the ESCRT machinery. {ECO:0000305|PubMed:16488176}.
g30934	BSPA	Bark storage protein A	Q07469	Populus deltoides	May play a role in nitrogen storage.
g30935	NPF1.2	Protein NRT1/ PTR FAMILY 1.2	Q9M817	Arabidopsis thaliana	Low-affinity nitrate transporter involved in xylem-to-phloem transfer for redistributing nitrate into developing leaves. Not involved in dipeptides transport. {ECO:0000269|PubMed:24006285}.
g30936	NPF1.2	Protein NRT1/ PTR FAMILY 1.2	Q9M817	Arabidopsis thaliana	Low-affinity nitrate transporter involved in xylem-to-phloem transfer for redistributing nitrate into developing leaves. Not involved in dipeptides transport. {ECO:0000269|PubMed:24006285}.
g30940	RRP46	Exosome complex exonuclease RRP46 homolog	Q9LX74	Arabidopsis thaliana	Probable component of the exosome 3'->5' exoribonuclease complex, a complex that degrades inherently unstable mRNAs containing AU-rich elements (AREs) within their 3'-untranslated regions. {ECO:0000250|UniProtKB:Q84T68}.
g30941	ATL42	E3 ubiquitin-protein ligase ATL42	Q5XF85	Arabidopsis thaliana	E3 ubiquitin-protein ligase able to catalyze polyubiquitination with ubiquitin-conjugating enzyme E2 UBC8 in vitro. {ECO:0000269|PubMed:15644464}.
g30942	At5g03795	Probable glycosyltransferase At5g03795	Q9FFN2	Arabidopsis thaliana	May be involved in cell wall biosynthesis.
g31095	At4g16563	Probable aspartyl protease At4g16563	Q940R4	Arabidopsis thaliana	NA
g31096	CHX15	Cation/H(+) antiporter 15	Q9SIT5	Arabidopsis thaliana	May operate as a cation/H(+) antiporter. {ECO:0000250}.
g31097	NPF6.3	Protein NRT1/ PTR FAMILY 6.3	Q05085	Arabidopsis thaliana	Dual affinity nitrate transporter. Involved in proton-dependent nitrate uptake and in the regulation of the nitrate transporter NRT2.1. Also acts as a nitrate sensor that trigger a specific signaling pathway stimulating lateral root growth and seed germination. The uptake activity is not required for sensor function. Displays an auxin transport facilitation inhibited by high nitrate concentration. Required to prevent auxin accumulation in preemerged lateral root primordia and young lateral roots when external nitrate concentration is low or null. May be involved in the basipetal transport of auxin out of the lateral root tips. Acts as a bidirectional transporter involved in root-to-shoot nitrate translocation. Recognizes specifically nitrate and chlorate, but not nitrite, alanine, sulfate, phosphate or the di-peptide Ala-Ala. {ECO:0000269|PubMed:10330471, ECO:0000269|PubMed:12509525, ECO:0000269|PubMed:12606566, ECO:0000269|PubMed:15319483, ECO:0000269|PubMed:17148611, ECO:0000269|PubMed:19633234, ECO:0000269|PubMed:19766570, ECO:0000269|PubMed:20627075, ECO:0000269|PubMed:23645597, ECO:0000269|PubMed:8453665, ECO:0000269|PubMed:9844028}.
g31101	NA	Vacuolar-processing enzyme	P49042	Ricinus communis	Asparagine-specific endopeptidase involved in the processing of vacuolar seed protein precursors into the mature forms.
g31334	MYB111	Transcription factor MYB111	Q9FJ07	Arabidopsis thaliana	Flavonol-specific transcription activator involved in the regulation of several genes of flavonoid biosynthesis. Activates the expression of CHS, CHI, F3H and FLS1. Controls flavonol biosynthesis primarily in cotyledons and leaves (PubMed:17419845, PubMed:20731781). Confers tolerance to UV-B (PubMed:19895401). {ECO:0000269|PubMed:17419845, ECO:0000269|PubMed:19895401, ECO:0000269|PubMed:20731781}.
g31454	THRRS	Threonine--tRNA ligase, mitochondrial 1	O04630	Arabidopsis thaliana	NA
g31493	ROC3	Homeobox-leucine zipper protein ROC3	A2ZAI7	Oryza sativa subsp. indica	Probable transcription factor. {ECO:0000250}.
g3167	TPR4	Topless-related protein 4	Q27GK7	Arabidopsis thaliana	Transcription corepressor of Zinc finger transcription factors GAF1/IDD2 and ENY/IDD1 in regulation of gibberellin homeostasis and signaling. {ECO:0000269|PubMed:25035403}.
g31874	Pola2	DNA polymerase alpha subunit B	P33611	Mus musculus	Accessory subunit of the DNA polymerase alpha complex (also known as the alpha DNA polymerase-primase complex) which plays an essential role in the initiation of DNA synthesis (By similarity). During the S phase of the cell cycle, the DNA polymerase alpha complex (composed of a catalytic subunit POLA1, an accessory subunit POLA2 and two primase subunits, the catalytic subunit PRIM1 and the regulatory subunit PRIM2) is recruited to DNA at the replicative forks via direct interactions with MCM10 and WDHD1 (By similarity). The primase subunit of the polymerase alpha complex initiates DNA synthesis by oligomerising short RNA primers on both leading and lagging strands. These primers are initially extended by the polymerase alpha catalytic subunit and subsequently transferred to polymerase delta and polymerase epsilon for processive synthesis on the lagging and leading strand, respectively (By similarity). {ECO:0000250|UniProtKB:P09884, ECO:0000250|UniProtKB:P20664, ECO:0000250|UniProtKB:Q14181}.
g31875	PCMP-E57	Pentatricopeptide repeat-containing protein At1g33350	Q9C501	Arabidopsis thaliana	NA
g31876	yuiD	Uncharacterized membrane protein YuiD	O32107	Bacillus subtilis (strain 168)	NA
g32042	ergic3	Endoplasmic reticulum-Golgi intermediate compartment protein 3	Q803I2	Danio rerio	Possible role in transport between endoplasmic reticulum and Golgi. {ECO:0000250}.
g32199	AGL80	Agamous-like MADS-box protein AGL80	Q9FJK3	Arabidopsis thaliana	Probable transcription factor. Controls central cell differentiation during female gametophyte development. Required for the expression of DEMETER and DD46, but not for the expression of FIS2 (PubMed:16798889). Probable transcription factor that may function in the maintenance of the proper function of the central cell in pollen tube attraction (Probable). {ECO:0000269|PubMed:16798889, ECO:0000305|PubMed:26462908}.
g32203	OsI_14861	Senescence-specific cysteine protease SAG39	A2XQE8	Oryza sativa subsp. indica	Cysteine protease that may have a developmental senescence specific cell death function during apoptosis, heavy metal detoxification, and hypersensitive response. {ECO:0000250|UniProtKB:Q9FJ47}.
g32209	XTH6	Xyloglucan endotransglucosylase protein 6	A0A067XRK9	Diospyros kaki	Catalyzes xyloglucan endotransglycosylation (XET). Cleaves and religates xyloglucan polymers. Does not catalyze xyloglucan endohydrolysis (XEH). Probably involved in cell wall restructuring during postharvest fruit softening. {ECO:0000269|PubMed:27242828}.
g325	KIN14G	Kinesin-like protein KIN-14G	O81635	Arabidopsis thaliana	Microtubule-binding motor protein.
g326	TIF3A1	Eukaryotic translation initiation factor 3 subunit A	Q9LD55	Arabidopsis thaliana	RNA-binding component of the eukaryotic translation initiation factor 3 (eIF-3) complex, which is involved in protein synthesis of a specialized repertoire of mRNAs and, together with other initiation factors, stimulates binding of mRNA and methionyl-tRNAi to the 40S ribosome. The eIF-3 complex specifically targets and initiates translation of a subset of mRNAs involved in cell proliferation. {ECO:0000255|HAMAP-Rule:MF_03000}.
g33060	RCA	Ribulose bisphosphate carboxylase/oxygenase activase, chloroplastic	P93431	Oryza sativa subsp. japonica	Activation of RuBisCO (ribulose-1,5-bisphosphate carboxylase/oxygenase; EC 4.1.1.39) involves the ATP-dependent carboxylation of the epsilon-amino group of lysine leading to a carbamate structure.
g33061	4CL1	4-coumarate--CoA ligase 1	O24145	Nicotiana tabacum	Carboxylate--CoA ligase that may use 4-coumarate as substrate. Follows a two-step reaction mechanism, wherein the carboxylate substrate first undergoes adenylation by ATP, followed by a thioesterification in the presence of CoA to yield the final CoA thioester. {ECO:0000250|UniProtKB:O24146}.
g33062	ACR11	ACT domain-containing protein ACR11	Q9FZ47	Arabidopsis thaliana	May be involved in feedback regulation of amino acid metabolism. May be involved in the regulation of glutamine metabolism. {ECO:0000303|PubMed:21861936}.
g334	EBP2	Probable rRNA-processing protein EBP2 homolog	Q9LUJ5	Arabidopsis thaliana	Required for the processing of the 27S pre-rRNA (By similarity). Plays an important role in plant growth and senescence by modulating ribosome biogenesis in nucleolus. Associates with ribosomes (PubMed:26163696). {ECO:0000250|UniProtKB:P36049, ECO:0000269|PubMed:26163696}.
g335	CBP60B	Calmodulin-binding protein 60 B	A0A1U8IPT1	Gossypium hirsutum	Transcription activator that binds DNA in a sequence-specific manner, likely 5'-GAAATTTTGG-3', to promote the expression of target genes (By similarity). Required for pathogen resistance (PubMed:29757140). {ECO:0000250|UniProtKB:F4K2R6, ECO:0000269|PubMed:29757140}.
g33934	PUP3	Purine permease 3	Q9FZ95	Arabidopsis thaliana	May be involved in transport of purine derivatives during pollen germination and tube elongation. {ECO:0000269|PubMed:12662305}.
g33963	SVP	MADS-box protein SVP	Q9FVC1	Arabidopsis thaliana	Transcription repressor that inhibit floral transition in the autonomous flowering pathway, independent of photoperiod and temperature. Acts in a dosage-dependent manner. Together with AGL24 and AP1, controls the identity of the floral meristem and regulates expression of class B, C and E genes. Promotes EFM expression to suppress flowering (PubMed:25132385). {ECO:0000269|PubMed:16679456, ECO:0000269|PubMed:18694458, ECO:0000269|PubMed:19656343, ECO:0000269|PubMed:25132385}.
g34048	smarcal1	SWI/SNF-related matrix-associated actin-dependent regulator of chromatin subfamily A-like protein 1	Q0P4U8	Xenopus tropicalis	ATP-dependent annealing helicase that catalyzes the rewinding of the stably unwound DNA. Rewinds single-stranded DNA bubbles that are stably bound by replication protein A (RPA). Acts throughout the genome to reanneal stably unwound DNA, performing the opposite reaction of many enzymes, such as helicases and polymerases, that unwind DNA (By similarity). {ECO:0000250|UniProtKB:Q9NZC9}.
g34054	DELTA-ADR	AP-3 complex subunit delta	Q9C744	Arabidopsis thaliana	Part of the AP-3 complex, an adaptor-related complex which seems to be clathrin-associated. The complex is associated with the Golgi region as well as more peripheral structures. It facilitates the budding of vesicles from the Golgi membrane and may be directly involved in trafficking to the vacuole. It also function in maintaining the identity of lytic vacuoles and in regulating the transition between storage and lytic vacuoles. {ECO:0000269|PubMed:21670741}.
g34055	PFP-ALPHA1	Pyrophosphate--fructose 6-phosphate 1-phosphotransferase subunit alpha 1	Q9SYP2	Arabidopsis thaliana	Regulatory subunit of pyrophosphate--fructose 6-phosphate 1-phosphotransferase. {ECO:0000255|HAMAP-Rule:MF_03185, ECO:0000269|PubMed:19533038}.
g34128	UBC32	Ubiquitin-conjugating enzyme E2 32	Q9LSP7	Arabidopsis thaliana	Accepts the ubiquitin from the E1 complex and catalyzes its covalent attachment to other proteins. {ECO:0000250|UniProtKB:P42743}.
g34153	COBL7	COBRA-like protein 7	Q8GZ17	Arabidopsis thaliana	NA
g34155	ARR2	Two-component response regulator ARR2	Q9ZWJ9	Arabidopsis thaliana	Transcriptional activator that binds specifically to the DNA sequence 5'-[AG]GATT-3'. Functions as a response regulator involved in His-to-Asp phosphorelay signal transduction system. Phosphorylation of the Asp residue in the receiver domain activates the ability of the protein to promote the transcription of target genes. Could directly activate some type-A response regulators in response to cytokinins. Involved in the expression of nuclear genes for components of mitochondrial complex I. Promotes cytokinin-mediated leaf longevity. Involved in the ethylene signaling pathway in an ETR1-dependent manner and in the cytokinin signaling pathway. {ECO:0000269|PubMed:11370868, ECO:0000269|PubMed:11574878, ECO:0000269|PubMed:15282545, ECO:0000269|PubMed:16407152}.
g34156	DI19-6	Protein DEHYDRATION-INDUCED 19 homolog 6	Q6NM26	Arabidopsis thaliana	NA
g34160	At5g54830	Cytochrome b561, DM13 and DOMON domain-containing protein At5g54830	Q9FFU6	Arabidopsis thaliana	May act as a catecholamine-responsive trans-membrane electron transporter. {ECO:0000269|PubMed:15022831}.
g34161	CHIT5	Class V chitinase CHIT5	A0A1B1J8Z2	Lotus japonicus	Possesses chitinase activity in vitro toward glycol chitin, carboxymethyl-chitin, colloidal chitin, and the chitin oligosaccharides (N-acetylglucosamine) (GlcNAc)6 and (GlcNAc)5 (PubMed:27383628). Hydrolyzes (GlcNAc)6 into (GlcNAc)4 and (GlcNAc)2, or two (GlcNAc)3 molecules (PubMed:27383628). Has the capacity to inhibit hyphal growth of the fungus Trichoderma viride in an agar-plate bioassay (PubMed:27383628). Involved in symbiotic signaling (PubMed:30284535). Required for root hair infection threads (ITs) elongation and nodule development (PubMed:30284535). Possesses Nod factor (NF) hydrolase activity (PubMed:30284535). NFs are lipo-chitooligosaccharide signaling molecules produced by nitrogen-fixing rhizobia to initiate nodulation (symbiosis) on the roots of legumes (PubMed:30284535). Modulates NF levels and signaling to complete transition of infected nodules to functional nitrogen-fixing organs (PubMed:30284535). {ECO:0000269|PubMed:27383628, ECO:0000269|PubMed:30284535}.
g34162	RPL9	Large ribosomal subunit protein uL6	P30707	Pisum sativum	NA
g34163	CHIT5	Class V chitinase CHIT5	A0A1B1J8Z2	Lotus japonicus	Possesses chitinase activity in vitro toward glycol chitin, carboxymethyl-chitin, colloidal chitin, and the chitin oligosaccharides (N-acetylglucosamine) (GlcNAc)6 and (GlcNAc)5 (PubMed:27383628). Hydrolyzes (GlcNAc)6 into (GlcNAc)4 and (GlcNAc)2, or two (GlcNAc)3 molecules (PubMed:27383628). Has the capacity to inhibit hyphal growth of the fungus Trichoderma viride in an agar-plate bioassay (PubMed:27383628). Involved in symbiotic signaling (PubMed:30284535). Required for root hair infection threads (ITs) elongation and nodule development (PubMed:30284535). Possesses Nod factor (NF) hydrolase activity (PubMed:30284535). NFs are lipo-chitooligosaccharide signaling molecules produced by nitrogen-fixing rhizobia to initiate nodulation (symbiosis) on the roots of legumes (PubMed:30284535). Modulates NF levels and signaling to complete transition of infected nodules to functional nitrogen-fixing organs (PubMed:30284535). {ECO:0000269|PubMed:27383628, ECO:0000269|PubMed:30284535}.
g34165	At1g80640	Probable receptor-like protein kinase At1g80640	Q0V7T5	Arabidopsis thaliana	NA
g34240	ADK2	Adenosine kinase 2	Q9LZG0	Arabidopsis thaliana	ATP dependent phosphorylation of adenosine and other related nucleoside analogs to monophosphate derivatives (PubMed:11115893). Essential to sustain methyl recycling (PubMed:17272833). {ECO:0000269|PubMed:11115893, ECO:0000269|PubMed:17272833}.
g34241	AKT1	Potassium channel AKT1	Q38998	Arabidopsis thaliana	Highly selective inward-rectifying potassium channel that mediate potassium uptake by plant roots in response to low K(+) conditions, by a calcium-, CBL-, and CIPK-dependent pathway. Positively regulated by phosphorylation by CIPK23. Negatively regulated by a kinase-independent regulatory mechanism involving a competing direct binding of CBL10. Involved in the stomatal regulation by monitoring the turgor pressure in guard cells. Assuming opened or closed conformations in response to the voltage difference across the membrane, the channel is activated by hyperpolarization. May interact with the cytoskeleton or with regulatory proteins (PubMed:12678562, PubMed:16814720, PubMed:16895985, PubMed:17898163, PubMed:9572739). Is essential with POT5/HAK5 for high-affinity potassium uptake in roots during seedling establishment and postgermination growth under low potassium conditions (PubMed:20413648). {ECO:0000269|PubMed:12678562, ECO:0000269|PubMed:16814720, ECO:0000269|PubMed:16895985, ECO:0000269|PubMed:17898163, ECO:0000269|PubMed:20413648, ECO:0000269|PubMed:9572739}.
g34348	FER	Receptor-like protein kinase FERONIA	Q9SCZ4	Arabidopsis thaliana	Receptor-like protein kinase that mediates the female control of male gamete delivery during fertilization, including growth cessation of compatible pollen tubes ensuring a reproductive isolation barriers, by regulating MLO7 subcellular polarization upon pollen tube perception in the female gametophyte synergids. Required for cell elongation during vegetative growth, mostly in a brassinosteroids- (BR-) independent manner. Acts as an upstream regulator for the Rac/Rop-signaling pathway that controls ROS-mediated root hair development. Seems to regulate a cross-talk between brassinosteroids and ethylene signaling pathways during hypocotyl elongation. Negative regulator of brassinosteroid response in light-grown hypocotyls, but required for brassinosteroid response in etiolated seedlings. Mediates sensitivity to powdery mildew (e.g. Golovinomyces orontii). Positive regulator of auxin-promoted growth that represses the abscisic acid (ABA) signaling via the activation of ABI2 phosphatase. Required for RALF1-mediated extracellular alkalinization in a signaling pathway preventing cell expansion. {ECO:0000269|PubMed:17673660, ECO:0000269|PubMed:19383785, ECO:0000269|PubMed:20400488, ECO:0000269|PubMed:20876100, ECO:0000269|PubMed:21071669, ECO:0000269|PubMed:22908257, ECO:0000269|PubMed:24458638}.
g34927	APF1	Aspartyl protease family protein 1	Q8VYV9	Arabidopsis thaliana	Aspartyl protease. Not able to cleave BAG6. {ECO:0000269|PubMed:26739014}.
g34929	MYB4	Transcription factor MYB4	Q7XBH4	Oryza sativa subsp. japonica	Transcriptional activator involved in cold stress response (PubMed:14675437, PubMed:20807373, PubMed:22246661). Regulates positively the expression of genes involved in reactive oxygen species (ROS) scavenging such as peroxidase and superoxide dismutase during cold stress. Transactivates a complex gene network that have major effects on stress tolerance and panicle development (PubMed:20807373). {ECO:0000269|PubMed:14675437, ECO:0000269|PubMed:20807373, ECO:0000269|PubMed:22246661}.
g34932	PER64	Peroxidase 64	Q43872	Arabidopsis thaliana	Removal of H(2)O(2), oxidation of toxic reductants, biosynthesis and degradation of lignin, suberization, auxin catabolism, response to environmental stresses such as wounding, pathogen attack and oxidative stress. These functions might be dependent on each isozyme/isoform in each plant tissue.
g34933	ZMYM5	Zinc finger MYM-type protein 5	Q9UJ78	Homo sapiens	Functions as a transcriptional regulator. {ECO:0000269|PubMed:17126306}.
g34935	pol	Retrovirus-related Pol polyprotein from transposon opus	Q8I7P9	Drosophila melanogaster	NA
g34936	Tf2-9	Transposon Tf2-9 polyprotein	P0CT40	Schizosaccharomyces pombe (strain 972 / ATCC 24843)	NA
g34937	QH5	R-linalool synthase QH5, chloroplastic	Q9SPN1	Artemisia annua	Monoterpene synthase that catalyzes the formation of (3R)-linalool from geranyl diphosphate, but not from isopentenyl diphosphate, dimethylallyl diphosphate, chrysanthemyl diphosphate, farnesyl diphosphate, (+)-copalyl diphosphate or geranylgeranyl diphosphate. {ECO:0000269|PubMed:10562427}.
g35027	At3g51120	Zinc finger CCCH domain-containing protein 44	Q9SD34	Arabidopsis thaliana	NA
g35395	SABP2	Salicylic acid-binding protein 2	Q6RYA0	Nicotiana tabacum	Required to convert methyl salicylate (MeSA) to salicylic acid (SA) as part of the signal transduction pathways that activate systemic acquired resistance in systemic tissue. MeSA is believed to be an inactive form that needs to be demethylated to exert a biological effect. Also able to catalyze the conversion of acibenzolar-S-methyl into acibenzolar to induce systemic acquired resistance. {ECO:0000269|PubMed:14673096, ECO:0000269|PubMed:15668381, ECO:0000269|PubMed:17916738, ECO:0000269|PubMed:19131332, ECO:0000269|PubMed:20621100, ECO:0000269|PubMed:20797615}.
g35396	SABP2	Salicylic acid-binding protein 2	Q6RYA0	Nicotiana tabacum	Required to convert methyl salicylate (MeSA) to salicylic acid (SA) as part of the signal transduction pathways that activate systemic acquired resistance in systemic tissue. MeSA is believed to be an inactive form that needs to be demethylated to exert a biological effect. Also able to catalyze the conversion of acibenzolar-S-methyl into acibenzolar to induce systemic acquired resistance. {ECO:0000269|PubMed:14673096, ECO:0000269|PubMed:15668381, ECO:0000269|PubMed:17916738, ECO:0000269|PubMed:19131332, ECO:0000269|PubMed:20621100, ECO:0000269|PubMed:20797615}.
g35616	DEK4	DEK domain-containing chromatin-associated protein 4	F4K4Y5	Arabidopsis thaliana	Chromatin-associated protein which contributes to the modulation of chromatin structure (such as super-helical structure of DNA) and function (By similarity). Binds to chromatin of protein-coding genes throughout the genome to regulate nucleosome occupancy and chromatin accessibility, and to modulate the expression of target genes (By similarity). {ECO:0000250|UniProtKB:Q9SUA1}.
g35618	DEK1	DEK domain-containing chromatin-associated protein 1	Q9SMM8	Arabidopsis thaliana	Chromatin-associated protein which contributes to the modulation of chromatin structure (such as super-helical structure of DNA) and function (By similarity). Binds to chromatin of protein-coding genes throughout the genome to regulate nucleosome occupancy and chromatin accessibility, and to modulate the expression of target genes (By similarity). {ECO:0000250|UniProtKB:Q9SUA1}.
g35628	BAM4	Inactive beta-amylase 4, chloroplastic	Q9FM68	Arabidopsis thaliana	No alpha-1,4-glucan hydrolase activity, including beta-amylase, alpha-amylase, a-glucosidase or alpha-amyloglucosidase. However, facilitates or regulates starch breakdown, especially at night, by a mechanism involving direct interaction with starch or other alpha-1,4-glucan. {ECO:0000269|PubMed:18390594, ECO:0000269|PubMed:19664588}.
g35629	TIC20-V	Protein TIC 20-v, chloroplastic	Q9FM67	Arabidopsis thaliana	May be involved in protein precursor import into chloroplasts. Not redundant with TIC20-I, TIC20-II or TIC20-IV.
g35630	FLA2	Fasciclin-like arabinogalactan protein 2	Q9SU13	Arabidopsis thaliana	May be a cell surface adhesion protein.
g4047	PP2A13	F-box protein PP2-A13	Q9LEX0	Arabidopsis thaliana	Component of SCF(ASK-cullin-F-box) E3 ubiquitin ligase complexes, which may mediate the ubiquitination and subsequent proteasomal degradation of target proteins. {ECO:0000250}.
g416	STP13	Sugar transport protein 13	Q94AZ2	Arabidopsis thaliana	Mediates an active uptake of hexoses, probably by sugar/hydrogen symport. {ECO:0000250}.
g418	NA	Stellacyanin	P00302	Toxicodendron vernicifluum	NA
g4181	WRKY70	WRKY DNA-binding transcription factor 70	K4BIZ9	Solanum lycopersicum	Transcription factor involved in senescence, biotic and abiotic stress responses by modulating various phytohormones signaling pathways (By similarity). Interacts specifically with the W box (5'-(T)TGAC[CT]-3'), a frequently occurring elicitor-responsive cis-acting element (By similarity). Required for the resistance (R) gene Mi-1-mediated resistance to potato aphid (e.g. M.euphorbiae) and root-knot nematode (e.g. M.javanica) (PubMed:21898085). {ECO:0000250|UniProtKB:Q9LY00, ECO:0000250|UniProtKB:Q9SUP6, ECO:0000269|PubMed:21898085}.
g4190	RTNLB16	Reticulon-like protein B16	Q8GYH6	Arabidopsis thaliana	NA
g4191	SODA	Superoxide dismutase [Mn], mitochondrial	P35017	Hevea brasiliensis	Destroys superoxide anion radicals which are normally produced within the cells and which are toxic to biological systems.
g4193	INV*DC4	Beta-fructofuranosidase, soluble isoenzyme I	P80065	Daucus carota	May participate in the regulation of the hexose level in mature tissues and in the utilization of sucrose stored in vacuoles.
g423	HIDM	2-hydroxyisoflavanone dehydratase	Q5NUF4	Glycyrrhiza echinata	Dehydratase that mediates the biosynthesis of isoflavonoids. Can better use 2,7-dihydroxy-4'-methoxyisoflavanone as substrate. Has also a slight carboxylesterase activity toward p-nitrophenyl butyrate. {ECO:0000269|PubMed:15734910}.
g445	MTN2	5'-methylthioadenosine/S-adenosylhomocysteine nucleosidase	Q7XA67	Arabidopsis thaliana	Enzyme of the methionine cycle that catalyzes the irreversible cleavage of the glycosidic bond in 5'-methylthioadenosine (MTA) and S-adenosylhomocysteine (SAH/AdoHcy) to a lesser extent, to adenine and the corresponding thioribose, 5'-methylthioribose and S-ribosylhomocysteine, respectively (PubMed:18342331, PubMed:19249293). Contributes to the maintenance of AdoMet homeostasis and is required to sustain high rates of ethylene synthesis. {ECO:0000269|PubMed:17144895, ECO:0000269|PubMed:18342331, ECO:0000269|PubMed:19249293, ECO:0000269|PubMed:20345605, ECO:0000269|PubMed:20554051}.
g4458	ABCC10	ABC transporter C family member 10	Q9LYS2	Arabidopsis thaliana	Pump for glutathione S-conjugates. {ECO:0000250}.
g4459	ABCC10	ABC transporter C family member 10	Q9LYS2	Arabidopsis thaliana	Pump for glutathione S-conjugates. {ECO:0000250}.
g446	SN2	Snakin-2	Q93X17	Solanum tuberosum	Has an antimicrobial activity. Causes a rapid aggregation of both Gram-positive and Gram-negative bacteria, but the antimicrobial activity is not correlated with the capacity to aggregate bacteria. {ECO:0000269|PubMed:11891250}.
g4460	ABCC10	ABC transporter C family member 10	Q9LYS2	Arabidopsis thaliana	Pump for glutathione S-conjugates. {ECO:0000250}.
g4462	PRR37	Two-component response regulator-like PRR37	A2YQ93	Oryza sativa subsp. indica	Controls photoperiodic flowering response. Seems to be one of the component of the circadian clock. Expression of several members of the ARR-like family is controlled by circadian rhythm. The particular coordinated sequential expression of PRR73, PRR37, PRR95, PRR59 and PPR1 result to circadian waves that may be at the basis of the endogenous circadian clock (By similarity). {ECO:0000250}.
g4463	PBL27	Serine/threonine-protein kinase PBL27	Q1PDV6	Arabidopsis thaliana	Receptor-like cytoplasmic kinase involved in the transduction of signal between the host cell surface chitin receptor complex CERK1-LYK5 and the intracellular MAPKKK5-dependent mitogen-activated protein kinase (MAPK) cascade that leads to chitin-induced immunity (PubMed:24750441, PubMed:27679653). Phosphorylates and activates MAPKKK5 when phosphorylated by CERK1 after elicitation by chitin (PubMed:27679653). {ECO:0000269|PubMed:24750441, ECO:0000269|PubMed:27679653}.
g4464	TBC1D9	TBC1 domain family member 9	Q6ZT07	Homo sapiens	May act as a GTPase-activating protein for Rab family protein(s).
g447	SN2	Snakin-2	Q93X17	Solanum tuberosum	Has an antimicrobial activity. Causes a rapid aggregation of both Gram-positive and Gram-negative bacteria, but the antimicrobial activity is not correlated with the capacity to aggregate bacteria. {ECO:0000269|PubMed:11891250}.
g448	KdelR	ER lumen protein-retaining receptor	O76767	Drosophila melanogaster	Required for the retention of luminal endoplasmic reticulum proteins. Determines the specificity of the luminal ER protein retention system. Also required for normal vesicular traffic through the Golgi (By similarity). {ECO:0000250}.
g455	EIF4B3	Eukaryotic translation initiation factor 4B3	Q9SZP8	Arabidopsis thaliana	Promotes the eIF4F and eIF4A RNA-dependent ATP-hydrolysis activity with different efficiency depending on mRNAs, thus providing mRNA discrimination during initiation of translation. {ECO:0000250|UniProtKB:Q9AUJ7}.
g456	fhaB	Filamentous hemagglutinin	P12255	Bordetella pertussis (strain Tohama I / ATCC BAA-589 / NCTC 13251)	Evidence for a role in host-cell binding and infection.
g459	TLP1	Thaumatin-like protein 1	A0A1P8B554	Arabidopsis thaliana	Involved in local responses of roots to colonization by non-pathogenic plant growth-promoting rhizobacteria (PGPR) fluorescent Pseudomonas spp., but seems to not being required for the establishment of subsequent induced systemic resistance (ISR). {ECO:0000269|PubMed:15988566}.
g460	ORF	Transactivator/viroplasmin protein	P09524	Figwort mosaic virus (strain DxS)	Enhances the translation of downstream ORFs on polycistronic mRNAs derived from figwort mosaic virus.
g462	XYN5	Endo-1,4-beta-xylanase 5	A0A1P8B8F8	Arabidopsis thaliana	Binds to and hydrolyzes insoluble and soluble xylan substrates. {ECO:0000250|UniProtKB:A3DH97}.
g463	XYN5	Endo-1,4-beta-xylanase 5	A0A1P8B8F8	Arabidopsis thaliana	Binds to and hydrolyzes insoluble and soluble xylan substrates. {ECO:0000250|UniProtKB:A3DH97}.
g464	UBC23	Probable ubiquitin-conjugating enzyme E2 23	Q9ZVX1	Arabidopsis thaliana	Accepts the ubiquitin from the E1 complex and catalyzes its covalent attachment to other proteins. {ECO:0000250|UniProtKB:P42743}.
g466	F6H	Flavonoid-6-hydroxylase	M1KXD0	Ocimum basilicum	Hydroxylase involved in the biosynthesis of polymethoxylated flavonoids natural products such as nevadensin and salvigenin, aroma compounds which contribute to the flavor of sweet basil, and exhibit pharmacological activities such as anti-allergic, anti-oxidant, antibacterial, anti-proliferative, and anti-inflammatory effects (PubMed:23184958). Catalyzes the 6-hydroxylation of 7-O-methylated precursors such as the conversion of genkwanin (GENK) to scutellarein-7-methyl ether (SCU7Me) (PubMed:23184958). Can also use, with a lower efficiency, apigenin-7,4'-dimethyl ether (AdM), naringenin-7-methyl ether (SAK) and naringenin-7,4'-dimethyl ether (NdM) as substrates (PubMed:23184958). {ECO:0000269|PubMed:23184958}.
g5985	XRN4	5'-3' exoribonuclease 4	Q9FQ04	Arabidopsis thaliana	Possesses 5'->3' exoribonuclease activity. Acts as an endogenous post-transcriptional gene silencing (PTGS) suppressor. Degrades miRNA target cleavage products that lack a 5'-cap structure. Antagonizes the negative feedback regulation on EIN3 by promoting EBF1 and EBF2 mRNA decay, which consequently allows the accumulation of EIN3 protein to trigger the ethylene response. {ECO:0000269|PubMed:15260969, ECO:0000269|PubMed:15528448, ECO:0000269|PubMed:16920797, ECO:0000269|PubMed:17085683}.
g5986	rub	Rubredoxin	P73068	Synechocystis sp. (strain ATCC 27184 / PCC 6803 / Kazusa)	Rubredoxin is a small nonheme, iron protein lacking acid-labile sulfide. Its single Fe, chelated to 4 Cys, functions as an electron acceptor and may also stabilize the conformation of the molecule. Could be involved in hydrogenase-linked redox processes (By similarity). {ECO:0000250}.
g5987	FRS5	Protein FAR1-RELATED SEQUENCE 5	Q9SZL8	Arabidopsis thaliana	Putative transcription activator involved in regulating light control of development.
g5997	SUVH9	Histone-lysine N-methyltransferase family member SUVH9	Q9T0G7	Arabidopsis thaliana	Histone methyltransferase family member that plays a role in gene silencing (PubMed:19043555, PubMed:24463519, PubMed:27171427). Together with MORC6 and SUVH2, regulates the silencing of some transposable elements (TEs) (PubMed:27171427). According to PubMed:19043555, the protein does not bind S-adenosyl-L-methionine and lacks methyltransferase activity. Instead, it may function downstream of DRM2 in RNA-directed DNA methylation, binding to methylated DNA and recruiting DNA-directed RNA polymerase V to chromatin (PubMed:24463519, PubMed:27171427). {ECO:0000269|PubMed:19043555, ECO:0000269|PubMed:24463519, ECO:0000269|PubMed:27171427}.
g5998	ACIN1	Apoptotic chromatin condensation inducer in the nucleus	Q9UKV3	Homo sapiens	Auxiliary component of the splicing-dependent multiprotein exon junction complex (EJC) deposited at splice junction on mRNAs. The EJC is a dynamic structure consisting of core proteins and several peripheral nuclear and cytoplasmic associated factors that join the complex only transiently either during EJC assembly or during subsequent mRNA metabolism. Component of the ASAP complexes which bind RNA in a sequence-independent manner and are proposed to be recruited to the EJC prior to or during the splicing process and to regulate specific excision of introns in specific transcription subsets; ACIN1 confers RNA-binding to the complex. The ASAP complex can inhibit RNA processing during in vitro splicing reactions. The ASAP complex promotes apoptosis and is disassembled after induction of apoptosis. Involved in the splicing modulation of BCL2L1/Bcl-X (and probably other apoptotic genes); specifically inhibits formation of proapoptotic isoforms such as Bcl-X(S); the activity is different from the established EJC assembly and function. Induces apoptotic chromatin condensation after activation by CASP3. Regulates cyclin A1, but not cyclin A2, expression in leukemia cells. {ECO:0000269|PubMed:10490026, ECO:0000269|PubMed:12665594, ECO:0000269|PubMed:18559500, ECO:0000269|PubMed:22203037, ECO:0000269|PubMed:22388736}.
g6031	DRG3	Developmentally-regulated G-protein 3	Q9SVA6	Arabidopsis thaliana	Binds GDP and GTP, and has low GTPase activity in vitro. {ECO:0000269|PubMed:19460440}.
g6032	SKIP6	F-box/kelch-repeat protein SKIP6	Q9SJ04	Arabidopsis thaliana	NA
g6071	lacZ	Beta-galactosidase	A5F5U6	Vibrio cholerae serotype O1 (strain ATCC 39541 / Classical Ogawa 395 / O395)	NA
g6427	CPK24	Calcium-dependent protein kinase 24	Q9SIQ7	Arabidopsis thaliana	May play a role in signal transduction pathways that involve calcium as a second messenger.
g6428	At3g28040	Probably inactive leucine-rich repeat receptor-like protein kinase At3g28040	Q9LRT1	Arabidopsis thaliana	NA
g650	SYP124	Syntaxin-124	O64791	Arabidopsis thaliana	Vesicle trafficking protein that functions in the secretory pathway. {ECO:0000250}.
g652	GLCAT14A	Beta-glucuronosyltransferase GlcAT14A	Q9FLD7	Arabidopsis thaliana	Beta-glucuronosyltransferase involved in the biosynthesis of type II arabinogalactan (AG). Modifies both the beta-1,6-linked galactan and beta-1,3-linked galactan present in type II AG. Transfers glucuronate to beta-1,6-galactooligosaccharides with degrees of polymerization ranging from 3 to 11. Transfers glucuronate to beta-1,3-galactooligosaccharides with degrees of polymerization ranging from 5 to 7. The addition of glucuronate at the O6 position may terminate galactose chain extension. Required for cell elongation during seedling growth. {ECO:0000269|PubMed:24128328}.
g656	RPV1	Disease resistance protein RPV1	V9M2S5	Vitis rotundifolia	Disease resistance (R) protein that confers resistance to multiple powdery and downy mildew by promoting cell death (PubMed:24033846, PubMed:28008335). Acts as a NAD(+) hydrolase (NADase): in response to activation, catalyzes cleavage of NAD(+) into ADP-D-ribose (ADPR) and nicotinamide; NAD(+) cleavage triggering a defense system that promotes cell death (PubMed:31439792). {ECO:0000269|PubMed:24033846, ECO:0000269|PubMed:28008335, ECO:0000269|PubMed:31439792}.
g657	LIP1	Lipoyl synthase, mitochondrial	B7FM45	Medicago truncatula	Catalyzes the radical-mediated insertion of two sulfur atoms into the C-6 and C-8 positions of the octanoyl moiety bound to the lipoyl domains of lipoate-dependent enzymes, thereby converting the octanoylated domains into lipoylated derivatives. {ECO:0000255|HAMAP-Rule:MF_03128}.
g6718	FAO1	Long-chain-alcohol oxidase FAO1	B5WWZ8	Lotus japonicus	Long-chain fatty alcohol oxidase involved in the omega-oxidation pathway of lipid degradation. {ECO:0000269|PubMed:18396913}.
g699	FLY2	Transmembrane E3 ubiquitin-protein ligase FLY2	Q500V2	Arabidopsis thaliana	E3 ubiquitin-protein ligase that may be involved in xylem development. {ECO:0000305|PubMed:23482858}.
g704	ATC401	Pentatricopeptide repeat-containing protein At5g21222	Q8S9D1	Arabidopsis thaliana	NA
g705	Os04g0620700	Nucleolin 2	Q7XTT4	Oryza sativa subsp. japonica	Involved in pre-rRNA processing and ribosome assembly. {ECO:0000250}.
g7378	NA	Putative AC transposase	P08770	Zea mays	NA
g7379	E2FC	Transcription factor E2FC	Q9FV70	Arabidopsis thaliana	Involved in transcriptional repression. May act by repressing E2F-regulated genes in mature differentiated cells, but is not an antagonist of E2FA. Restricts cell division and is involved in the coordination between cell proliferation and endoreduplication during development. May play a role during the transition from skotomorphogenesis to photomorphogenesis. Regulated by phosphorylation-dependent proteolysis via the protein-ubiquitin ligase SCF(SKP2A) complex. {ECO:0000269|PubMed:11786543, ECO:0000269|PubMed:11891240, ECO:0000269|PubMed:12468727, ECO:0000269|PubMed:16920782, ECO:0000269|PubMed:19662336}.
g7412	P4H3	Probable prolyl 4-hydroxylase 3	Q9LN20	Arabidopsis thaliana	Catalyzes the post-translational formation of 4-hydroxyproline in -Xaa-Pro-Gly- sequences in proline-rich peptide sequences of plant glycoproteins and other proteins. Hydroxyprolines are important constituent of many plant cell wall glycoproteins such as extensins, hydroxyproline-rich glycoproteins, lectins and arabinogalactan proteins. {ECO:0000250|UniProtKB:Q9ZW86}.
g7413	At5g07610	F-box protein At5g07610	Q9FLS0	Arabidopsis thaliana	NA
g7651	At1g70260	WAT1-related protein At1g70260	F4I5D5	Arabidopsis thaliana	NA
g7652	At3g28050	WAT1-related protein At3g28050	Q94JU2	Arabidopsis thaliana	NA
g7653	RSZP21	Serine/arginine-rich splicing factor RSZ21	Q6K4N0	Oryza sativa subsp. japonica	Involved in pre-mRNA splicing. {ECO:0000250}.
g7782	UGT75L6	Crocetin glucosyltransferase, chloroplastic	F8WKW0	Gardenia jasminoides	Glucosyltransferase acting on a broad range of substrates, including crocetin, 4-coumaric acid, caffeic acid and ferulic acid. No activity with indol-3-acetic acid, bixin and norbixin, and no formation of O-glucosides. Involved with UGT94E5 in sequential glycosylation of crocetin to crocin (bis(beta-D-gentiobiosyl) crocetin). {ECO:0000269|PubMed:22569263}.
g7784	At3g26115	D-cysteine desulfhydrase 2, mitochondrial	A1L4V7	Arabidopsis thaliana	Catalyzes the production of hydrogen sulfide (H2S) from cysteine. Can accept both D-cysteine and L-cysteine as substrate. {ECO:0000269|Ref.6}.
g7785	Os02g0190300	Putative multidrug resistance protein	Q6YUU5	Oryza sativa subsp. japonica	NA
g7857	GG1	Guanine nucleotide-binding protein subunit gamma 1	Q9FDX9	Arabidopsis thaliana	Guanine nucleotide-binding proteins (G proteins) are involved as a modulator or transducer in various transmembrane signaling systems. The beta and gamma chains are required for the GTPase activity, for replacement of GDP by GTP, and for G protein-effector interaction. Involved in the abscisic acid (ABA) and ethylene signaling pathways. Regulates acropetal transport of auxin (IAA) in roots and hypocotyls, and thus modulates root architecture (e.g. lateral root formation). The heterotrimeric G-protein controls defense responses to necrotrophic and vascular fungi probably by modulating cell wall-related genes expression; involved in resistance to fungal pathogens such as Alternaria brassicicola, Plectosphaerella cucumerina and Fusarium oxysporum. {ECO:0000269|PubMed:17383830, ECO:0000269|PubMed:17468261, ECO:0000269|PubMed:19948787, ECO:0000269|PubMed:20862254, ECO:0000269|PubMed:21980142, ECO:0000269|PubMed:22209167}.
g7858	arl5	ADP-ribosylation factor-like protein 5	Q55AD9	Dictyostelium discoideum	May bind and exchange GTP and GDP. {ECO:0000250}.
g7882	DIT2-1	Dicarboxylate transporter 2.1, chloroplastic	Q9FMF7	Arabidopsis thaliana	Glutamate/malate translocator involved with DIT1 in primary ammonia assimilation and in the re-assimilation of ammonia generated by the photorespiratory pathway. Exports the end product of ammonia assimilation, glutamate, from plastids to the cytosol. The precursor for ammonia assimilation, 2-oxoglutarate, is imported from the cytosol by DIT1. {ECO:0000269|PubMed:12154133, ECO:0000269|PubMed:12887583}.
g7884	SAC6	Phosphoinositide phosphatase SAC6	Q7X911	Arabidopsis thaliana	Phosphoinositide phosphatase that hydrolyzes PtdIns(3)P and PtdIns(4)P. Involved in priming for different defense responses. {ECO:0000269|PubMed:12713536, ECO:0000269|PubMed:15722464}.
g7892	At5g43745	Putative ion channel POLLUX-like 2	Q940Y9	Arabidopsis thaliana	NA
g7893	EFG1	rRNA-processing protein EFG1	A8N5J5	Coprinopsis cinerea (strain Okayama-7 / 130 / ATCC MYA-4618 / FGSC 9003)	Involved in rRNA processing. {ECO:0000250}.
g7894	MNS4	Alpha-mannosidase I MNS4	Q9FG93	Arabidopsis thaliana	Can convert Man(9)GlcNAc(2) and Man(8)GlcNAc(2) into N-glycans with a terminal alpha-1,6-linked Man residue in the C-branch. Functions in the formation of unique N-glycan structures that are specifically recognized by components of the endoplasmic reticulum-associated degradation (ERAD) machinery, which leads to the degradation of misfolded glycoproteins. Most likely generates N-glycan signal on misfolded glycoproteins that is subsequently recognized by OS9. Required for ERAD of the heavily glycosylated and misfolded BRI1 variants BRI1-5 and BRI1-9. Does not seem to play role in N-glycan processing of correctly folded proteins destined for secretion. {ECO:0000269|PubMed:24737672}.
g7895	PCMP-H40	Pentatricopeptide repeat-containing protein At1g11290, chloroplastic	Q3E6Q1	Arabidopsis thaliana	Involved in multiple sites RNA editing events in chloroplasts. Involved in the editing of the site 7 of ndhB (ndhB-7) and site 5 of ndhD (ndhD-5) transcripts, which are two plastid-encoded subunits of the chloroplast NAD(P)H dehydrogenase (NDH) complex. Involved in the editing of the site 3 of rpoB (rpoB-3) transcript. Required for the activity of the NDH complex of the photosynthetic electron transport chain. Possesses low endoribonuclease activity in vitro. {ECO:0000269|PubMed:19182104}.
g7896	PCMP-E27	Pentatricopeptide repeat-containing protein At3g29230	Q9LS72	Arabidopsis thaliana	NA
g7897	PCMP-H16	Pentatricopeptide repeat-containing protein At5g04780, mitochondrial	Q9LZ19	Arabidopsis thaliana	NA
g8159	SAUR66	Auxin-responsive protein SAUR66	Q9C7Q1	Arabidopsis thaliana	May promote auxin-stimulated organ elongation, such as hypocotyls, stamen filaments and petals. {ECO:0000250|UniProtKB:F4I1H5}.
g8160	SAC7	Phosphoinositide phosphatase SAC7	Q9C5G5	Arabidopsis thaliana	Phosphoinositide phosphatase that preferentially hydrolyzes PtdIns(4)P. Regulates the accumulation of PtdIns(4)P on membrane compartments at the tips of growing root hairs leading to proper root hair development. {ECO:0000269|PubMed:12713536, ECO:0000269|PubMed:18281508, ECO:0000269|Ref.7}.
g8217	CYP21-1	Peptidyl-prolyl cis-trans isomerase CYP21-1	O49605	Arabidopsis thaliana	PPIases accelerate the folding of proteins. It catalyzes the cis-trans isomerization of proline imidic peptide bonds in oligopeptides (By similarity). {ECO:0000250}.
g8393	SYP131	Putative syntaxin-131	Q9SRV7	Arabidopsis thaliana	Vesicle trafficking protein that functions in the secretory pathway. {ECO:0000250}.
g8394	NA	Isocitrate lyase	P49297	Solanum lycopersicum	Involved in storage lipid mobilization during the growth of higher plant seedling. {ECO:0000250|UniProtKB:P28297}.
g857	NA	LINE-1 retrotransposable element ORF2 protein	O00370	Homo sapiens	Has reverse transcriptase activity required for target-primed reverse transcription of the LINE-1 element mRNA, a crucial step in LINE-1 retrotransposition (PubMed:38096901, PubMed:38096902, PubMed:7516468, PubMed:9140393). Selectively binds and reversely transcribes RNA with a poly(A) tail consisting of at least 20 adenosines (PubMed:38096901). Also has endonuclease activity that allows the introduction of nicks in the chromosomal target DNA (PubMed:17626046, PubMed:34554261, PubMed:38096901, PubMed:38096902, PubMed:8945517). Cleaves DNA in AT-rich regions between a 5' stretch of purines and a 3' stretch of pyrimidines, corresponding to the sites of LINE-1 integration in the genome (PubMed:8945517). Conformational properties of the target DNA sequence rather than specific nucleotides are key determinants of the ORF2p capacity for sequence-specific DNA recognition (PubMed:17626046, PubMed:34554261). Unlike related endonucleases, does not bend the DNA helix but causes compression near the cleavage site (PubMed:34554261). {ECO:0000269|PubMed:17626046, ECO:0000269|PubMed:34554261, ECO:0000269|PubMed:38096901, ECO:0000269|PubMed:38096902, ECO:0000269|PubMed:7516468, ECO:0000269|PubMed:8945517, ECO:0000269|PubMed:9140393}.
g8574	TY3B-I	Transposon Ty3-I Gag-Pol polyprotein	Q7LHG5	Saccharomyces cerevisiae (strain ATCC 204508 / S288c)	Capsid protein (CA) is the structural component of the virus-like particle (VLP), forming the shell that encapsulates the genomic RNA-nucleocapsid complex. {ECO:0000250}.; FUNCTION: Nucleocapsid protein p11 (NC) forms the nucleocore that coats the retro-elements dimeric RNA. Binds these RNAs through its zinc fingers (By similarity). Promotes primer tRNA(i)-Met annealing to the multipartite primer-binding site (PBS), dimerization of Ty3 RNA and initiation of reverse transcription (By similarity). {ECO:0000250}.; FUNCTION: The aspartyl protease (PR) mediates the proteolytic cleavages of the Gag and Gag-Pol polyproteins after assembly of the VLP. {ECO:0000250}.; FUNCTION: Reverse transcriptase/ribonuclease H (RT) is a multifunctional enzyme that catalyzes the conversion of the retro-elements RNA genome into dsDNA within the VLP. The enzyme displays a DNA polymerase activity that can copy either DNA or RNA templates, and a ribonuclease H (RNase H) activity that cleaves the RNA strand of RNA-DNA heteroduplexes during plus-strand synthesis and hydrolyzes RNA primers. The conversion leads to a linear dsDNA copy of the retrotransposon that includes long terminal repeats (LTRs) at both ends (By similarity). {ECO:0000250}.; FUNCTION: Integrase (IN) targets the VLP to the nucleus, where a subparticle preintegration complex (PIC) containing at least integrase and the newly synthesized dsDNA copy of the retrotransposon must transit the nuclear membrane. Once in the nucleus, integrase performs the integration of the dsDNA into the host genome (By similarity). {ECO:0000250}.
g8875	AMSH1	AMSH-like ubiquitin thioesterase 1	Q8VYB5	Arabidopsis thaliana	Zinc metalloprotease that cleaves 'Lys-48'- and 'Lys-63'-linked polyubiquitin chains. {ECO:0000250}.
g891	UPL5	E3 ubiquitin-protein ligase UPL5	Q9SU29	Arabidopsis thaliana	E3 ubiquitin protein ligase that regulates leaf senescence through ubiquitination and subsequent degradation of WRKY53. {ECO:0000269|PubMed:20409006}.
g896	ENODL14	Early nodulin-like protein 14	Q9SK27	Arabidopsis thaliana	May act as a carbohydrate transporter (PubMed:24470637). Required, together with ENODL11, ENODL12, ENODL13, ENODL14 and ENODL15, for male-female communication and pollen tube reception and burst at the synergid cell surface of the female gametophyte (PubMed:27524487). {ECO:0000269|PubMed:27524487, ECO:0000303|PubMed:24470637}.
g8987	RPS13	Small ribosomal subunit protein uS13c	P42732	Arabidopsis thaliana	Located at the top of the head of the 30S subunit, it contacts several helices of the 16S rRNA. {ECO:0000250}.
g9005	Gspt1	Eukaryotic peptide chain release factor GTP-binding subunit ERF3A	Q8R050	Mus musculus	GTPase component of the eRF1-eRF3-GTP ternary complex, a ternary complex that mediates translation termination in response to the termination codons UAA, UAG and UGA. GSPT1/ERF3A mediates ETF1/ERF1 delivery to stop codons: The eRF1-eRF3-GTP complex binds to a stop codon in the ribosomal A-site. GTP hydrolysis by GSPT1/ERF3A induces a conformational change that leads to its dissociation, permitting ETF1/ERF1 to accommodate fully in the A-site. Component of the transient SURF complex which recruits UPF1 to stalled ribosomes in the context of nonsense-mediated decay (NMD) of mRNAs containing premature stop codons. Required for SHFL-mediated translation termination which inhibits programmed ribosomal frameshifting (-1PRF) of mRNA from viruses and cellular genes. {ECO:0000250|UniProtKB:P15170}.
g9006	LAMT	Loganic acid O-methyltransferase	B2KPR3	Catharanthus roseus	Component of the seco-iridoid and derivatives monoterpenoid indole alkaloids (MIAs, e.g. vinblastine and ajmalicine) biosynthesis pathway. Catalyzes the methylation of loganic acid (6S,7R) to produce loganin (PubMed:18326827, PubMed:24104568, PubMed:29399933). Weak activity with secologanic acid as substrate. Inactive on deoxyloganic, dehydrologanic, epiloganic and loganetic acid (PubMed:18326827). {ECO:0000269|PubMed:18326827, ECO:0000269|PubMed:24104568, ECO:0000269|PubMed:29399933}.
g9014	XAT3	Alpha-1,3-arabinosyltransferase XAT3	Q10I20	Oryza sativa subsp. japonica	Glycosyltransferase involved in the arabinosylation of xylan, the major hemicellulose (non-cellulosic component) of primary and secondary walls of angiosperms (PubMed:22215597). Possesses alpha-1,3-arabinosyltransferase activity, transferring an arabinofuranose residue to the xylan backbone (PubMed:22215597). {ECO:0000269|PubMed:22215597}.
g932	OSCA1.2	Hyperosmolality-gated Ca2+ permeable channel 1.2	Q5XEZ5	Arabidopsis thaliana	Acts as an osmosensitive calcium-permeable cation channel (PubMed:24503647, PubMed:30382938, PubMed:38592763, PubMed:30382939). Specifically conducts cations including Ca(2+), K(+) and Na(+) in vitro. Inactivation or closure of the channel is calcium-dependent (PubMed:24503647). Mechanosensitive ion channel that converts mechanical stimuli into a flow of ions: activated in response to membrane stretch and poke (PubMed:30382938, PubMed:38592763, PubMed:30382939, PubMed:38570680). {ECO:0000269|PubMed:24503647, ECO:0000269|PubMed:30382938, ECO:0000269|PubMed:30382939, ECO:0000269|PubMed:38570680, ECO:0000269|PubMed:38592763}.
g997	PDF2	Homeobox-leucine zipper protein PROTODERMAL FACTOR 2	Q93V99	Arabidopsis thaliana	Probable transcription factor that binds to the L1 box DNA sequence 5'-TAAATG[CT]A-3'. Plays a role in maintaining the identity of L1 cells, possibly by interacting with their L1 box or other target-gene promoters; binds to the LIP1 gene promoter and stimulates its expression upon imbibition (PubMed:24989044). Acts as a positive regulator of gibberellins (GAs)-regulated epidermal gene expression (e.g. LIP1, LIP2, LTP1, FDH and PDF1) (PubMed:24989044). Functionally redundant to ATML1 (PubMed:24989044). Involved, together with HDG proteins (e.g. HDG1, HDG2, HDG5 and HDG12), in the regulation of flower organs development by promoting the expression of APETALA 3 (AP3) in the epidermis and internal cell layers of developing flowers (PubMed:23590515). Seems to promote cell differentiation (PubMed:25564655). {ECO:0000269|PubMed:12505995, ECO:0000269|PubMed:23590515, ECO:0000269|PubMed:24989044, ECO:0000269|PubMed:25564655}.
