g243	sp|Q93W20|NIFU2_ARATH	80.791	177	77	8.91e-101	295	sp|Q93W20|NIFU2_ARATH NifU-like protein 2, chloroplastic OS=Arabidopsis thaliana OX=3702 GN=NIFU2 PE=1 SV=1	0	N/A	N/A
g243	sp|Q93W20|NIFU2_ARATH	34.677	124	77	9.35e-10	60.1	sp|Q93W20|NIFU2_ARATH NifU-like protein 2, chloroplastic OS=Arabidopsis thaliana OX=3702 GN=NIFU2 PE=1 SV=1	0	N/A	N/A
g243	sp|Q84LK7|NIFU1_ORYSJ	72.024	168	72	7.60e-82	246	sp|Q84LK7|NIFU1_ORYSJ NifU-like protein 1, chloroplastic OS=Oryza sativa subsp. japonica OX=39947 GN=NIFU1 PE=1 SV=1	0	N/A	N/A
g243	sp|Q84RQ7|NIFU3_ARATH	71.613	155	67	7.25e-73	224	sp|Q84RQ7|NIFU3_ARATH NifU-like protein 3, chloroplastic OS=Arabidopsis thaliana OX=3702 GN=NIFU3 PE=2 SV=1	0	N/A	N/A
g243	sp|Q93W77|NIFU1_ARATH	39.161	143	61	8.91e-27	105	sp|Q93W77|NIFU1_ARATH NifU-like protein 1, chloroplastic OS=Arabidopsis thaliana OX=3702 GN=NIFU1 PE=1 SV=1	0	N/A	N/A
g243	sp|P33179|NIFU_ANASL	56.522	69	29	1.11e-19	84.0	sp|P33179|NIFU_ANASL Nitrogen fixation protein NifU (Fragment) OS=Anabaena sp. (strain L31) OX=29412 GN=nifU PE=3 SV=1	0	N/A	N/A
g244	sp|Q9LNK7|NIPA3_ARATH	77.586	348	99	0.0	550	sp|Q9LNK7|NIPA3_ARATH Probable magnesium transporter NIPA3 OS=Arabidopsis thaliana OX=3702 GN=At1g34470 PE=2 SV=1	0	N/A	N/A
g244	sp|Q94AH3|NIPA4_ARATH	77.035	344	99	0.0	547	sp|Q94AH3|NIPA4_ARATH Probable magnesium transporter NIPA4 OS=Arabidopsis thaliana OX=3702 GN=At1g71900 PE=2 SV=1	0	N/A	N/A
g244	sp|F4JKQ7|NIPA5_ARATH	73.803	355	99	0.0	512	sp|F4JKQ7|NIPA5_ARATH Probable magnesium transporter NIPA5 OS=Arabidopsis thaliana OX=3702 GN=At4g09640 PE=2 SV=1	0	N/A	N/A
g244	sp|B3LFA3|NIPA2_ARATH	72.973	296	87	1.39e-144	414	sp|B3LFA3|NIPA2_ARATH Probable magnesium transporter NIPA2 OS=Arabidopsis thaliana OX=3702 GN=At4g13800 PE=2 SV=1	0	N/A	N/A
g244	sp|Q8GWX2|NIPA6_ARATH	58.805	318	93	3.54e-141	405	sp|Q8GWX2|NIPA6_ARATH Probable magnesium transporter NIPA6 OS=Arabidopsis thaliana OX=3702 GN=At2g21120 PE=2 SV=1	0	N/A	N/A
g245	sp|Q5BPL5|EI24_ARATH	58.075	322	95	1.39e-126	368	sp|Q5BPL5|EI24_ARATH Protein EI24 homolog OS=Arabidopsis thaliana OX=3702 GN=At4g06676 PE=2 SV=1	0	N/A	N/A
g245	sp|Q54PW9|EI24_DICDI	26.101	318	94	1.26e-29	118	sp|Q54PW9|EI24_DICDI Protein EI24 homolog OS=Dictyostelium discoideum OX=44689 GN=DDB_G0284253 PE=3 SV=1	0	N/A	N/A
g245	sp|Q4KM77|EI24_RAT	26.800	250	73	3.67e-20	93.2	sp|Q4KM77|EI24_RAT Etoposide-induced protein 2.4 homolog OS=Rattus norvegicus OX=10116 GN=Ei24 PE=1 SV=1	0	N/A	N/A
g245	sp|O14681|EI24_HUMAN	26.400	250	73	3.78e-20	93.2	sp|O14681|EI24_HUMAN Etoposide-induced protein 2.4 homolog OS=Homo sapiens OX=9606 GN=EI24 PE=1 SV=4	0	N/A	N/A
g245	sp|Q61070|EI24_MOUSE	25.692	253	74	5.77e-20	92.4	sp|Q61070|EI24_MOUSE Etoposide-induced protein 2.4 OS=Mus musculus OX=10090 GN=Ei24 PE=1 SV=3	0	N/A	N/A
g246	sp|F4J4Y5|MD26A_ARATH	25.063	395	92	8.84e-17	85.9	sp|F4J4Y5|MD26A_ARATH Probable mediator of RNA polymerase II transcription subunit 26a OS=Arabidopsis thaliana OX=3702 GN=MED26A PE=3 SV=1	0	N/A	N/A
g246	sp|F4KFC7|MD26C_ARATH	26.906	223	48	2.56e-14	77.0	sp|F4KFC7|MD26C_ARATH Probable mediator of RNA polymerase II transcription subunit 26c OS=Arabidopsis thaliana OX=3702 GN=MED26C PE=1 SV=1	0	N/A	N/A
g246	sp|Q9FHK9|MD26B_ARATH	45.570	79	19	1.70e-08	59.7	sp|Q9FHK9|MD26B_ARATH Probable mediator of RNA polymerase II transcription subunit 26b OS=Arabidopsis thaliana OX=3702 GN=MED26B PE=2 SV=1	0	N/A	N/A
g308	sp|A0A067ETA8|L7AT_CITSI	34.273	461	84	7.35e-84	270	sp|A0A067ETA8|L7AT_CITSI Limonoid 7-O-acetyltransferse OS=Citrus sinensis OX=2711 GN=L7AT PE=1 SV=1	0	N/A	N/A
g308	sp|P0DXH6|L7AT_MELAZ	33.623	461	84	4.23e-82	265	sp|P0DXH6|L7AT_MELAZ Epi-neemfruitin B 7-O-acetyltransferse L7AT OS=Melia azedarach OX=155640 GN=L7AT PE=1 SV=1	0	N/A	N/A
g308	sp|P0DXH2|L21AT_MELAZ	35.088	456	84	3.64e-70	233	sp|P0DXH2|L21AT_MELAZ Limonoid 21-O-acetyltransferse OS=Melia azedarach OX=155640 GN=L21AT PE=1 SV=1	0	N/A	N/A
g308	sp|A0A9E7LUL3|AKS2_ALSSC	31.878	458	84	4.82e-70	234	sp|A0A9E7LUL3|AKS2_ALSSC Akuammiline synthase 2 OS=Alstonia scholaris OX=52822 GN=AKS2 PE=1 SV=1	0	N/A	N/A
g308	sp|A0A9E7S5E3|AKS1_ALSSC	34.978	446	83	4.86e-69	230	sp|A0A9E7S5E3|AKS1_ALSSC Akuammiline synthase 1 OS=Alstonia scholaris OX=52822 GN=AKS1 PE=1 SV=1	0	N/A	N/A
g325	sp|O81635|KN14G_ARATH	64.847	458	66	0.0	627	sp|O81635|KN14G_ARATH Kinesin-like protein KIN-14G OS=Arabidopsis thaliana OX=3702 GN=KIN14G PE=1 SV=2	0	N/A	N/A
g325	sp|O81635|KN14G_ARATH	46.442	267	66	3.40e-63	236	sp|O81635|KN14G_ARATH Kinesin-like protein KIN-14G OS=Arabidopsis thaliana OX=3702 GN=KIN14G PE=1 SV=2	0	N/A	N/A
g325	sp|B9G8P1|KN14P_ORYSJ	65.548	447	63	0.0	617	sp|B9G8P1|KN14P_ORYSJ Kinesin-like protein KIN-14P OS=Oryza sativa subsp. japonica OX=39947 GN=KIN14P PE=3 SV=2	0	N/A	N/A
g325	sp|B9G8P1|KN14P_ORYSJ	43.651	252	63	2.36e-54	209	sp|B9G8P1|KN14P_ORYSJ Kinesin-like protein KIN-14P OS=Oryza sativa subsp. japonica OX=39947 GN=KIN14P PE=3 SV=2	0	N/A	N/A
g325	sp|F4HZF0|KN14H_ARATH	67.824	432	61	0.0	611	sp|F4HZF0|KN14H_ARATH Kinesin-like protein KIN-14H OS=Arabidopsis thaliana OX=3702 GN=KIN14H PE=3 SV=2	0	N/A	N/A
g325	sp|F4HZF0|KN14H_ARATH	44.082	245	61	6.95e-55	211	sp|F4HZF0|KN14H_ARATH Kinesin-like protein KIN-14H OS=Arabidopsis thaliana OX=3702 GN=KIN14H PE=3 SV=2	0	N/A	N/A
g325	sp|F4IL57|KN14I_ARATH	64.350	446	65	0.0	608	sp|F4IL57|KN14I_ARATH Kinesin-like protein KIN-14I OS=Arabidopsis thaliana OX=3702 GN=KIN14I PE=2 SV=1	0	N/A	N/A
g325	sp|F4IL57|KN14I_ARATH	52.045	269	65	4.94e-76	274	sp|F4IL57|KN14I_ARATH Kinesin-like protein KIN-14I OS=Arabidopsis thaliana OX=3702 GN=KIN14I PE=2 SV=1	0	N/A	N/A
g325	sp|Q0IMS9|KN14Q_ORYSJ	62.241	482	64	0.0	608	sp|Q0IMS9|KN14Q_ORYSJ Kinesin-like protein KIN-14Q OS=Oryza sativa subsp. japonica OX=39947 GN=KIN14Q PE=1 SV=1	0	N/A	N/A
g325	sp|Q0IMS9|KN14Q_ORYSJ	44.156	231	64	2.25e-51	200	sp|Q0IMS9|KN14Q_ORYSJ Kinesin-like protein KIN-14Q OS=Oryza sativa subsp. japonica OX=39947 GN=KIN14Q PE=1 SV=1	0	N/A	N/A
g326	sp|Q9LD55|EIF3A_ARATH	64.506	941	99	0.0	1134	sp|Q9LD55|EIF3A_ARATH Eukaryotic translation initiation factor 3 subunit A OS=Arabidopsis thaliana OX=3702 GN=TIF3A1 PE=1 SV=1	0	N/A	N/A
g326	sp|Q40554|EIF3A_TOBAC	64.369	943	99	0.0	1099	sp|Q40554|EIF3A_TOBAC Eukaryotic translation initiation factor 3 subunit A OS=Nicotiana tabacum OX=4097 GN=TIF3A1 PE=2 SV=1	0	N/A	N/A
g326	sp|Q9XHR2|EIF3A_MAIZE	59.681	940	99	0.0	1038	sp|Q9XHR2|EIF3A_MAIZE Eukaryotic translation initiation factor 3 subunit A OS=Zea mays OX=4577 GN=TIF3A1 PE=2 SV=1	0	N/A	N/A
g326	sp|Q6PCR7|EIF3A_DANRE	36.406	857	86	1.14e-157	499	sp|Q6PCR7|EIF3A_DANRE Eukaryotic translation initiation factor 3 subunit A OS=Danio rerio OX=7955 GN=eif3a PE=2 SV=1	0	N/A	N/A
g326	sp|P23116|EIF3A_MOUSE	37.108	830	84	8.28e-157	499	sp|P23116|EIF3A_MOUSE Eukaryotic translation initiation factor 3 subunit A OS=Mus musculus OX=10090 GN=Eif3a PE=1 SV=5	0	N/A	N/A
g334	sp|Q9LUJ5|EBP2_ARATH	61.386	303	97	5.39e-115	336	sp|Q9LUJ5|EBP2_ARATH Probable rRNA-processing protein EBP2 homolog OS=Arabidopsis thaliana OX=3702 GN=EBP2 PE=1 SV=1	0	N/A	N/A
g334	sp|O13802|EBP2_SCHPO	31.343	268	85	7.35e-26	108	sp|O13802|EBP2_SCHPO Probable rRNA-processing protein ebp2 OS=Schizosaccharomyces pombe (strain 972 / ATCC 24843) OX=284812 GN=ebp2 PE=1 SV=1	0	N/A	N/A
g334	sp|P36049|EBP2_YEAST	30.038	263	84	2.91e-22	99.4	sp|P36049|EBP2_YEAST rRNA-processing protein EBP2 OS=Saccharomyces cerevisiae (strain ATCC 204508 / S288c) OX=559292 GN=EBP2 PE=1 SV=1	0	N/A	N/A
g334	sp|Q09958|EBP2_CAEEL	34.783	207	60	1.91e-21	95.9	sp|Q09958|EBP2_CAEEL Probable rRNA-processing protein EBP2 homolog OS=Caenorhabditis elegans OX=6239 GN=C18A3.3 PE=1 SV=2	0	N/A	N/A
g334	sp|Q9D903|EBP2_MOUSE	30.000	310	94	1.11e-17	85.1	sp|Q9D903|EBP2_MOUSE Probable rRNA-processing protein EBP2 OS=Mus musculus OX=10090 GN=Ebna1bp2 PE=2 SV=1	0	N/A	N/A
g335	sp|A0A1U8IPT1|CB60B_GOSHI	34.933	521	91	2.97e-94	300	sp|A0A1U8IPT1|CB60B_GOSHI Calmodulin-binding protein 60 B OS=Gossypium hirsutum OX=3635 GN=CBP60B PE=1 SV=1	0	N/A	N/A
g335	sp|Q9FKL6|CB60B_ARATH	46.809	329	64	5.60e-88	286	sp|Q9FKL6|CB60B_ARATH Calmodulin-binding protein 60 B OS=Arabidopsis thaliana OX=3702 GN=CBP60B PE=2 SV=1	0	N/A	N/A
g335	sp|Q0WVV6|CB60D_ARATH	44.044	361	70	5.05e-84	274	sp|Q0WVV6|CB60D_ARATH Calmodulin-binding protein 60 D OS=Arabidopsis thaliana OX=3702 GN=CBP60D PE=2 SV=1	0	N/A	N/A
g335	sp|C0SV51|CB60C_ARATH	42.059	340	67	6.72e-82	269	sp|C0SV51|CB60C_ARATH Calmodulin-binding protein 60 C OS=Arabidopsis thaliana OX=3702 GN=CBP60C PE=2 SV=1	0	N/A	N/A
g335	sp|F4K2R6|CB60G_ARATH	41.379	348	68	2.09e-81	266	sp|F4K2R6|CB60G_ARATH Calmodulin-binding protein 60 G OS=Arabidopsis thaliana OX=3702 GN=CBP60G PE=1 SV=1	0	N/A	N/A
g416	sp|Q94AZ2|STP13_ARATH	83.908	522	99	0.0	889	sp|Q94AZ2|STP13_ARATH Sugar transport protein 13 OS=Arabidopsis thaliana OX=3702 GN=STP13 PE=1 SV=2	0	N/A	N/A
g416	sp|Q10PW9|MST4_ORYSJ	80.350	514	99	0.0	845	sp|Q10PW9|MST4_ORYSJ Sugar transport protein MST4 OS=Oryza sativa subsp. japonica OX=39947 GN=MST4 PE=1 SV=1	0	N/A	N/A
g416	sp|Q7EZD7|MST3_ORYSJ	59.768	517	99	0.0	630	sp|Q7EZD7|MST3_ORYSJ Sugar transport protein MST3 OS=Oryza sativa subsp. japonica OX=39947 GN=MST3 PE=2 SV=1	0	N/A	N/A
g416	sp|O04249|STP7_ARATH	58.546	509	97	0.0	622	sp|O04249|STP7_ARATH Sugar transport protein 7 OS=Arabidopsis thaliana OX=3702 GN=STP7 PE=1 SV=1	0	N/A	N/A
g416	sp|P23586|STP1_ARATH	59.091	506	97	0.0	605	sp|P23586|STP1_ARATH Sugar transport protein 1 OS=Arabidopsis thaliana OX=3702 GN=STP1 PE=1 SV=2	0	N/A	N/A
g418	sp|P00302|STEL_TOXVR	52.941	102	53	2.42e-35	122	sp|P00302|STEL_TOXVR Stellacyanin OS=Toxicodendron vernicifluum OX=4013 PE=1 SV=1	0	N/A	N/A
g418	sp|P80728|MAVI_CUCPE	48.571	105	56	1.83e-34	120	sp|P80728|MAVI_CUCPE Mavicyanin OS=Cucurbita pepo OX=3663 PE=1 SV=1	0	N/A	N/A
g418	sp|O82081|UCC1_ARATH	36.601	153	81	3.18e-29	111	sp|O82081|UCC1_ARATH Uclacyanin 1 OS=Arabidopsis thaliana OX=3702 GN=UCC1 PE=1 SV=1	0	N/A	N/A
g418	sp|Q41001|BCP_PEA	41.026	117	63	1.18e-25	100	sp|Q41001|BCP_PEA Blue copper protein OS=Pisum sativum OX=3888 PE=2 SV=1	0	N/A	N/A
g418	sp|P60496|BABL_LILLO	41.748	103	55	3.63e-22	89.7	sp|P60496|BABL_LILLO Chemocyanin OS=Lilium longiflorum OX=4690 PE=1 SV=1	0	N/A	N/A
g423	sp|Q5NUF4|HIDM_GLYEC	49.536	323	99	9.28e-100	299	sp|Q5NUF4|HIDM_GLYEC 2-hydroxyisoflavanone dehydratase OS=Glycyrrhiza echinata OX=46348 GN=HIDM PE=1 SV=1	0	N/A	N/A
g423	sp|A0A2P1GIY2|HL3_CATRO	47.401	327	99	2.48e-91	277	sp|A0A2P1GIY2|HL3_CATRO Hydrolase 3 OS=Catharanthus roseus OX=4058 GN=HL3 PE=1 SV=1	0	N/A	N/A
g423	sp|Q5NUF3|HIDH_SOYBN	45.201	323	99	3.89e-90	274	sp|Q5NUF3|HIDH_SOYBN 2-hydroxyisoflavanone dehydratase OS=Glycine max OX=3847 GN=HIDH PE=1 SV=1	0	N/A	N/A
g423	sp|A0A2P1GIW2|CS_CATRO	45.399	326	99	1.69e-87	268	sp|A0A2P1GIW2|CS_CATRO Catharanthine synthase OS=Catharanthus roseus OX=4058 GN=CS PE=1 SV=1	0	N/A	N/A
g423	sp|A0A2P1GIW3|TS_CATRO	46.012	326	99	4.44e-84	259	sp|A0A2P1GIW3|TS_CATRO Tabersonine synthase OS=Catharanthus roseus OX=4058 GN=TS PE=1 SV=1	0	N/A	N/A
g445	sp|Q7XA67|MTN2_ARATH	67.886	246	91	8.41e-126	360	sp|Q7XA67|MTN2_ARATH 5'-methylthioadenosine/S-adenosylhomocysteine nucleosidase OS=Arabidopsis thaliana OX=3702 GN=MTN2 PE=1 SV=1	0	N/A	N/A
g445	sp|Q9T0I8|MTN1_ARATH	66.393	244	91	7.79e-122	351	sp|Q9T0I8|MTN1_ARATH 5'-methylthioadenosine nucleosidase OS=Arabidopsis thaliana OX=3702 GN=MTN1 PE=1 SV=1	0	N/A	N/A
g445	sp|A0KIZ1|MTNN_AERHH	30.808	198	68	7.44e-16	77.8	sp|A0KIZ1|MTNN_AERHH 5'-methylthioadenosine/S-adenosylhomocysteine nucleosidase OS=Aeromonas hydrophila subsp. hydrophila (strain ATCC 7966 / DSM 30187 / BCRC 13018 / CCUG 14551 / JCM 1027 / KCTC 2358 / NCIMB 9240 / NCTC 8049) OX=380703 GN=mtnN PE=1 SV=1	0	N/A	N/A
g445	sp|Q6LUR4|MTNN_PHOPR	29.048	210	71	9.23e-16	77.8	sp|Q6LUR4|MTNN_PHOPR 5'-methylthioadenosine/S-adenosylhomocysteine nucleosidase OS=Photobacterium profundum (strain SS9) OX=298386 GN=mtnN PE=3 SV=1	0	N/A	N/A
g445	sp|C3LQF1|MTNN_VIBCM	31.416	226	77	2.67e-15	76.3	sp|C3LQF1|MTNN_VIBCM 5'-methylthioadenosine/S-adenosylhomocysteine nucleosidase OS=Vibrio cholerae serotype O1 (strain M66-2) OX=579112 GN=mtnN PE=3 SV=1	0	N/A	N/A
g446	sp|Q93X17|SNAK2_SOLTU	63.462	104	100	8.46e-35	118	sp|Q93X17|SNAK2_SOLTU Snakin-2 OS=Solanum tuberosum OX=4113 GN=SN2 PE=1 SV=1	0	N/A	N/A
g446	sp|P46689|GASA1_ARATH	60.194	103	100	1.64e-29	104	sp|P46689|GASA1_ARATH Gibberellin-regulated protein 1 OS=Arabidopsis thaliana OX=3702 GN=GASA1 PE=2 SV=2	0	N/A	N/A
g446	sp|F4IQJ4|GASAB_ARATH	59.211	76	74	1.95e-27	99.0	sp|F4IQJ4|GASAB_ARATH Gibberellin-regulated protein 11 OS=Arabidopsis thaliana OX=3702 GN=GASA11 PE=3 SV=1	0	N/A	N/A
g446	sp|P46687|GASA3_ARATH	48.544	103	100	5.62e-24	90.5	sp|P46687|GASA3_ARATH Gibberellin-regulated protein 3 OS=Arabidopsis thaliana OX=3702 GN=GASA3 PE=2 SV=1	0	N/A	N/A
g446	sp|Q8GWK5|GASA9_ARATH	44.444	108	94	6.57e-24	90.9	sp|Q8GWK5|GASA9_ARATH Gibberellin-regulated protein 9 OS=Arabidopsis thaliana OX=3702 GN=GASA9 PE=3 SV=1	0	N/A	N/A
g447	sp|Q93X17|SNAK2_SOLTU	63.462	104	100	1.46e-32	112	sp|Q93X17|SNAK2_SOLTU Snakin-2 OS=Solanum tuberosum OX=4113 GN=SN2 PE=1 SV=1	0	N/A	N/A
g447	sp|P46689|GASA1_ARATH	59.804	102	100	2.90e-28	101	sp|P46689|GASA1_ARATH Gibberellin-regulated protein 1 OS=Arabidopsis thaliana OX=3702 GN=GASA1 PE=2 SV=2	0	N/A	N/A
g447	sp|F4IQJ4|GASAB_ARATH	63.636	66	65	5.78e-25	92.8	sp|F4IQJ4|GASAB_ARATH Gibberellin-regulated protein 11 OS=Arabidopsis thaliana OX=3702 GN=GASA11 PE=3 SV=1	0	N/A	N/A
g447	sp|P46687|GASA3_ARATH	68.254	63	62	1.88e-23	89.0	sp|P46687|GASA3_ARATH Gibberellin-regulated protein 3 OS=Arabidopsis thaliana OX=3702 GN=GASA3 PE=2 SV=1	0	N/A	N/A
g447	sp|Q8GWK5|GASA9_ARATH	43.925	107	94	1.59e-21	84.7	sp|Q8GWK5|GASA9_ARATH Gibberellin-regulated protein 9 OS=Arabidopsis thaliana OX=3702 GN=GASA9 PE=3 SV=1	0	N/A	N/A
g448	sp|O76767|ERD2_DROME	34.211	228	82	1.86e-30	116	sp|O76767|ERD2_DROME ER lumen protein-retaining receptor OS=Drosophila melanogaster OX=7227 GN=KdelR PE=2 SV=1	0	N/A	N/A
g448	sp|Q09473|ERD22_CAEEL	33.628	226	82	2.46e-30	115	sp|Q09473|ERD22_CAEEL ER lumen protein-retaining receptor erd-2.2 OS=Caenorhabditis elegans OX=6239 GN=erd-2.2 PE=3 SV=1	0	N/A	N/A
g448	sp|P48583|ERD21_CAEEL	32.407	216	78	1.43e-29	114	sp|P48583|ERD21_CAEEL ER lumen protein-retaining receptor erd-2.1 OS=Caenorhabditis elegans OX=6239 GN=erd-2.1 PE=3 SV=2	0	N/A	N/A
g448	sp|O44017|ERD2_ENTH1	31.081	222	81	6.65e-29	112	sp|O44017|ERD2_ENTH1 ER lumen protein-retaining receptor OS=Entamoeba histolytica (strain ATCC 30459 / HM-1:IMSS / ABRM) OX=294381 GN=ERD2 PE=3 SV=2	0	N/A	N/A
g448	sp|Q86JE5|ERD2_DICDI	31.140	228	81	6.89e-29	112	sp|Q86JE5|ERD2_DICDI ER lumen protein-retaining receptor OS=Dictyostelium discoideum OX=44689 GN=kdelr PE=3 SV=1	0	N/A	N/A
g455	sp|Q9SZP8|IF4B3_ARATH	43.939	462	99	5.67e-68	225	sp|Q9SZP8|IF4B3_ARATH Eukaryotic translation initiation factor 4B3 OS=Arabidopsis thaliana OX=3702 GN=EIF4B3 PE=1 SV=1	0	N/A	N/A
g455	sp|Q9AUJ7|IF4B1_WHEAT	34.405	311	71	1.16e-17	88.6	sp|Q9AUJ7|IF4B1_WHEAT Eukaryotic translation initiation factor 4B1 OS=Triticum aestivum OX=4565 GN=EIF4B PE=1 SV=1	0	N/A	N/A
g455	sp|Q9LIN5|IF4B1_ARATH	32.286	350	72	2.37e-17	87.4	sp|Q9LIN5|IF4B1_ARATH Eukaryotic translation initiation factor 4B1 OS=Arabidopsis thaliana OX=3702 GN=EIF4B1 PE=1 SV=1	0	N/A	N/A
g456	sp|P12255|FHAB_BORPE	27.976	168	37	5.91e-10	65.5	sp|P12255|FHAB_BORPE Filamentous hemagglutinin OS=Bordetella pertussis (strain Tohama I / ATCC BAA-589 / NCTC 13251) OX=257313 GN=fhaB PE=1 SV=4	0	N/A	N/A
g456	sp|A8AUS0|SSPA_STRGC	29.518	166	35	9.41e-07	55.1	sp|A8AUS0|SSPA_STRGC Streptococcal surface protein A OS=Streptococcus gordonii (strain Challis / ATCC 35105 / BCRC 15272 / CH1 / DL1 / V288) OX=467705 GN=sspA PE=1 SV=1	0	N/A	N/A
g459	sp|A0A1P8B554|THLP1_ARATH	68.293	246	61	2.44e-114	337	sp|A0A1P8B554|THLP1_ARATH Thaumatin-like protein 1 OS=Arabidopsis thaliana OX=3702 GN=TLP1 PE=2 SV=1	0	N/A	N/A
g459	sp|P28493|PR5_ARATH	56.962	237	60	7.93e-85	261	sp|P28493|PR5_ARATH Pathogenesis-related protein 5 OS=Arabidopsis thaliana OX=3702 GN=At1g75040 PE=1 SV=1	0	N/A	N/A
g459	sp|P50699|TLPH_ARATH	59.276	221	56	2.48e-84	259	sp|P50699|TLPH_ARATH Thaumatin-like protein OS=Arabidopsis thaliana OX=3702 GN=At1g18250 PE=2 SV=2	0	N/A	N/A
g459	sp|Q5DWG1|CRJ35_CRYJA	55.932	236	60	2.79e-83	256	sp|Q5DWG1|CRJ35_CRYJA Pathogenesis-related thaumatin-like protein 3.5 OS=Cryptomeria japonica OX=3369 PE=1 SV=1	0	N/A	N/A
g459	sp|Q9FSG7|TP1A_MALDO	54.583	240	60	4.51e-83	256	sp|Q9FSG7|TP1A_MALDO Thaumatin-like protein 1a OS=Malus domestica OX=3750 GN=TL1 PE=1 SV=1	0	N/A	N/A
g460	sp|P09524|IBMP_FMVD	42.857	133	44	1.72e-16	82.8	sp|P09524|IBMP_FMVD Transactivator/viroplasmin protein OS=Figwort mosaic virus (strain DxS) OX=10650 GN=ORF VI PE=3 SV=1	0	N/A	N/A
g462	sp|A0A1P8B8F8|XYN5_ARATH	36.134	476	85	1.05e-95	305	sp|A0A1P8B8F8|XYN5_ARATH Endo-1,4-beta-xylanase 5 OS=Arabidopsis thaliana OX=3702 GN=XYN5 PE=3 SV=1	0	N/A	N/A
g462	sp|Q84WT5|XYN5L_ARATH	33.996	553	96	4.09e-93	298	sp|Q84WT5|XYN5L_ARATH Endo-1,4-beta-xylanase 5-like OS=Arabidopsis thaliana OX=3702 GN=At4g33820 PE=2 SV=1	0	N/A	N/A
g462	sp|Q680B7|XYN4_ARATH	34.105	475	85	1.50e-86	281	sp|Q680B7|XYN4_ARATH Endo-1,4-beta-xylanase 4 OS=Arabidopsis thaliana OX=3702 GN=XYN4 PE=2 SV=1	0	N/A	N/A
g462	sp|A0A1P8AWH8|XYN1_ARATH	36.166	459	82	5.40e-82	278	sp|A0A1P8AWH8|XYN1_ARATH Endo-1,4-beta-xylanase 1 OS=Arabidopsis thaliana OX=3702 GN=XYN1 PE=1 SV=1	0	N/A	N/A
g462	sp|O80596|XYN2_ARATH	34.719	481	87	5.15e-80	274	sp|O80596|XYN2_ARATH Endo-1,4-beta-xylanase 2 OS=Arabidopsis thaliana OX=3702 GN=XYN2 PE=3 SV=1	0	N/A	N/A
g463	sp|A0A1P8B8F8|XYN5_ARATH	32.737	559	98	2.65e-94	301	sp|A0A1P8B8F8|XYN5_ARATH Endo-1,4-beta-xylanase 5 OS=Arabidopsis thaliana OX=3702 GN=XYN5 PE=3 SV=1	0	N/A	N/A
g463	sp|Q84WT5|XYN5L_ARATH	34.109	516	91	5.65e-93	298	sp|Q84WT5|XYN5L_ARATH Endo-1,4-beta-xylanase 5-like OS=Arabidopsis thaliana OX=3702 GN=At4g33820 PE=2 SV=1	0	N/A	N/A
g463	sp|Q680B7|XYN4_ARATH	32.847	548	95	8.11e-93	298	sp|Q680B7|XYN4_ARATH Endo-1,4-beta-xylanase 4 OS=Arabidopsis thaliana OX=3702 GN=XYN4 PE=2 SV=1	0	N/A	N/A
g463	sp|A0A1P8AWH8|XYN1_ARATH	34.211	494	88	6.74e-84	283	sp|A0A1P8AWH8|XYN1_ARATH Endo-1,4-beta-xylanase 1 OS=Arabidopsis thaliana OX=3702 GN=XYN1 PE=1 SV=1	0	N/A	N/A
g463	sp|O80596|XYN2_ARATH	32.477	545	96	9.53e-78	268	sp|O80596|XYN2_ARATH Endo-1,4-beta-xylanase 2 OS=Arabidopsis thaliana OX=3702 GN=XYN2 PE=3 SV=1	0	N/A	N/A
g464	sp|Q9ZVX1|UBC23_ARATH	75.000	40	41	2.54e-14	70.1	sp|Q9ZVX1|UBC23_ARATH Probable ubiquitin-conjugating enzyme E2 23 OS=Arabidopsis thaliana OX=3702 GN=UBC23 PE=1 SV=1	0	N/A	N/A
g464	sp|Q8VY10|UBC24_ARATH	78.947	38	39	1.59e-13	67.8	sp|Q8VY10|UBC24_ARATH Probable ubiquitin-conjugating enzyme E2 24 OS=Arabidopsis thaliana OX=3702 GN=UBC24 PE=1 SV=1	0	N/A	N/A
g464	sp|Q9LUQ5|UBC25_ARATH	48.837	43	44	2.20e-08	53.1	sp|Q9LUQ5|UBC25_ARATH Probable ubiquitin-conjugating enzyme E2 25 OS=Arabidopsis thaliana OX=3702 GN=UBC25 PE=2 SV=1	0	N/A	N/A
g464	sp|Q8GY87|UBC26_ARATH	51.163	43	44	1.28e-07	50.8	sp|Q8GY87|UBC26_ARATH Probable ubiquitin-conjugating enzyme E2 26 OS=Arabidopsis thaliana OX=3702 GN=UBC26 PE=2 SV=2	0	N/A	N/A
g464	sp|F4HPP7|UBC39_ARATH	44.186	43	44	6.27e-07	48.9	sp|F4HPP7|UBC39_ARATH Putative ubiquitin-conjugating enzyme E2 39 OS=Arabidopsis thaliana OX=3702 GN=UBC39 PE=3 SV=1	0	N/A	N/A
g466	sp|M1KXD0|F6H_OCIBA	70.000	60	53	6.67e-23	95.1	sp|M1KXD0|F6H_OCIBA Flavonoid-6-hydroxylase OS=Ocimum basilicum OX=39350 GN=F6H PE=1 SV=1	0	N/A	N/A
g466	sp|Q9SZ46|C82C4_ARATH	72.414	58	51	9.70e-23	94.7	sp|Q9SZ46|C82C4_ARATH Xanthotoxin 5-hydroxylase CYP82C4 OS=Arabidopsis thaliana OX=3702 GN=CYP82C4 PE=1 SV=1	0	N/A	N/A
g466	sp|O49394|C82C2_ARATH	70.690	58	51	4.66e-22	92.8	sp|O49394|C82C2_ARATH Xanthotoxin 5-hydroxylase CYP82C2 OS=Arabidopsis thaliana OX=3702 GN=CYP82C2 PE=1 SV=2	0	N/A	N/A
g466	sp|M1KVN4|F6H_MENPI	65.000	60	53	2.80e-21	90.5	sp|M1KVN4|F6H_MENPI Flavonoid-6-hydroxylase OS=Mentha piperita OX=34256 GN=F6H PE=1 SV=1	0	N/A	N/A
g466	sp|O49396|C82C3_ARATH	70.690	58	51	2.55e-20	87.8	sp|O49396|C82C3_ARATH Cytochrome P450 82C3 OS=Arabidopsis thaliana OX=3702 GN=CYP82C3 PE=2 SV=3	0	N/A	N/A
g650	sp|O64791|SY124_ARATH	70.066	304	99	4.49e-150	425	sp|O64791|SY124_ARATH Syntaxin-124 OS=Arabidopsis thaliana OX=3702 GN=SYP124 PE=2 SV=1	0	N/A	N/A
g650	sp|Q9SXB0|SY125_ARATH	74.460	278	92	1.12e-146	416	sp|Q9SXB0|SY125_ARATH Syntaxin-125 OS=Arabidopsis thaliana OX=3702 GN=SYP125 PE=2 SV=1	0	N/A	N/A
g650	sp|Q9ZQZ8|SY123_ARATH	64.918	305	99	8.22e-135	387	sp|Q9ZQZ8|SY123_ARATH Syntaxin-123 OS=Arabidopsis thaliana OX=3702 GN=SYP123 PE=2 SV=1	0	N/A	N/A
g650	sp|Q9ZSD4|SY121_ARATH	58.868	265	86	2.69e-106	316	sp|Q9ZSD4|SY121_ARATH Syntaxin-121 OS=Arabidopsis thaliana OX=3702 GN=SYP121 PE=1 SV=1	0	N/A	N/A
g650	sp|Q9SVC2|SY122_ARATH	54.325	289	92	1.56e-100	301	sp|Q9SVC2|SY122_ARATH Syntaxin-122 OS=Arabidopsis thaliana OX=3702 GN=SYP122 PE=1 SV=1	0	N/A	N/A
g652	sp|Q9FLD7|GT14A_ARATH	58.011	181	50	4.92e-68	223	sp|Q9FLD7|GT14A_ARATH Beta-glucuronosyltransferase GlcAT14A OS=Arabidopsis thaliana OX=3702 GN=GLCAT14A PE=2 SV=1	0	N/A	N/A
g652	sp|Q9LFQ0|GT14B_ARATH	56.906	181	50	6.41e-64	212	sp|Q9LFQ0|GT14B_ARATH Beta-glucuronosyltransferase GlcAT14B OS=Arabidopsis thaliana OX=3702 GN=GLCAT14B PE=2 SV=1	0	N/A	N/A
g652	sp|Q8S8P3|GT14C_ARATH	51.667	180	50	3.40e-54	185	sp|Q8S8P3|GT14C_ARATH Beta-glucuronosyltransferase GlcAT14C OS=Arabidopsis thaliana OX=3702 GN=GLCAT14C PE=2 SV=1	0	N/A	N/A
g656	sp|V9M2S5|RPV1_VITRO	32.090	402	61	2.84e-32	136	sp|V9M2S5|RPV1_VITRO Disease resistance protein RPV1 OS=Vitis rotundifolia OX=103349 GN=RPV1 PE=1 SV=1	0	N/A	N/A
g656	sp|V9M398|RUN1_VITRO	29.847	392	61	7.06e-30	129	sp|V9M398|RUN1_VITRO Disease resistance protein RUN1 OS=Vitis rotundifolia OX=103349 GN=RUN1 PE=1 SV=1	0	N/A	N/A
g656	sp|V9M398|RUN1_VITRO	29.630	270	61	9.35e-09	62.4	sp|V9M398|RUN1_VITRO Disease resistance protein RUN1 OS=Vitis rotundifolia OX=103349 GN=RUN1 PE=1 SV=1	0	N/A	N/A
g656	sp|Q9CAK1|RLM1B_ARATH	27.381	420	69	1.24e-28	125	sp|Q9CAK1|RLM1B_ARATH Disease resistance protein RML1B OS=Arabidopsis thaliana OX=3702 GN=RLM1B PE=2 SV=1	0	N/A	N/A
g656	sp|Q9FHF0|RPS4B_ARATH	26.483	472	73	1.47e-27	122	sp|Q9FHF0|RPS4B_ARATH Disease resistance protein RPS4B OS=Arabidopsis thaliana OX=3702 GN=RPS4B PE=1 SV=1	0	N/A	N/A
g656	sp|F4KIF3|CSA1_ARATH	23.756	623	94	9.33e-27	119	sp|F4KIF3|CSA1_ARATH Disease resistance-like protein CSA1 OS=Arabidopsis thaliana OX=3702 GN=CSA1 PE=3 SV=1	0	N/A	N/A
g657	sp|B7FM45|LIAS_MEDTR	78.740	381	100	0.0	595	sp|B7FM45|LIAS_MEDTR Lipoyl synthase, mitochondrial OS=Medicago truncatula OX=3880 GN=LIP1 PE=2 SV=1	0	N/A	N/A
g657	sp|A5CB81|LIAS_VITVI	85.057	348	91	0.0	590	sp|A5CB81|LIAS_VITVI Lipoyl synthase, mitochondrial OS=Vitis vinifera OX=29760 GN=LIP1 PE=3 SV=1	0	N/A	N/A
g657	sp|Q3LSN4|LIAS1_PEA	86.431	339	89	0.0	577	sp|Q3LSN4|LIAS1_PEA Lipoyl synthase 1, mitochondrial OS=Pisum sativum OX=3888 GN=LIP1-1 PE=2 SV=1	0	N/A	N/A
g657	sp|Q3LSN5|LIAS2_PEA	86.136	339	89	0.0	575	sp|Q3LSN5|LIAS2_PEA Lipoyl synthase 2, mitochondrial OS=Pisum sativum OX=3888 GN=LIP1-2 PE=2 SV=1	0	N/A	N/A
g657	sp|A2XU53|LIAS_ORYSI	85.152	330	88	0.0	575	sp|A2XU53|LIAS_ORYSI Lipoyl synthase, mitochondrial OS=Oryza sativa subsp. indica OX=39946 GN=LIP1 PE=3 SV=2	0	N/A	N/A
g699	sp|Q500V2|FLY2_ARATH	74.419	172	100	3.63e-99	299	sp|Q500V2|FLY2_ARATH Transmembrane E3 ubiquitin-protein ligase FLY2 OS=Arabidopsis thaliana OX=3702 GN=FLY2 PE=2 SV=1	0	N/A	N/A
g699	sp|Q5PP23|FLY1_ARATH	73.837	172	100	2.16e-97	295	sp|Q5PP23|FLY1_ARATH Transmembrane E3 ubiquitin-protein ligase FLY1 OS=Arabidopsis thaliana OX=3702 GN=FLY1 PE=1 SV=1	0	N/A	N/A
g699	sp|P36096|TUL1_YEAST	31.472	197	94	7.40e-28	112	sp|P36096|TUL1_YEAST Transmembrane E3 ubiquitin-protein ligase 1 OS=Saccharomyces cerevisiae (strain ATCC 204508 / S288c) OX=559292 GN=TUL1 PE=1 SV=1	0	N/A	N/A
g699	sp|E9QSG0|DSCA_ASPFU	31.111	225	96	5.21e-26	106	sp|E9QSG0|DSCA_ASPFU DSC E3 ubiquitin ligase complex subunit A OS=Aspergillus fumigatus (strain ATCC MYA-4609 / CBS 101355 / FGSC A1100 / Af293) OX=330879 GN=dscA PE=3 SV=1	0	N/A	N/A
g699	sp|B0XQY0|DSCA_ASPFC	31.111	225	96	5.21e-26	106	sp|B0XQY0|DSCA_ASPFC DSC E3 ubiquitin ligase complex subunit A OS=Aspergillus fumigatus (strain CBS 144.89 / FGSC A1163 / CEA10) OX=451804 GN=dscA PE=3 SV=1	0	N/A	N/A
g704	sp|Q8S9D1|PP395_ARATH	62.996	454	76	0.0	606	sp|Q8S9D1|PP395_ARATH Pentatricopeptide repeat-containing protein At5g21222 OS=Arabidopsis thaliana OX=3702 GN=ATC401 PE=2 SV=1	0	N/A	N/A
g704	sp|Q8S9D1|PP395_ARATH	30.376	372	76	4.14e-49	186	sp|Q8S9D1|PP395_ARATH Pentatricopeptide repeat-containing protein At5g21222 OS=Arabidopsis thaliana OX=3702 GN=ATC401 PE=2 SV=1	0	N/A	N/A
g704	sp|Q8S9D1|PP395_ARATH	21.168	137	76	1.13e-06	55.5	sp|Q8S9D1|PP395_ARATH Pentatricopeptide repeat-containing protein At5g21222 OS=Arabidopsis thaliana OX=3702 GN=ATC401 PE=2 SV=1	0	N/A	N/A
g704	sp|Q8GZ63|PP397_ARATH	58.315	463	77	0.0	559	sp|Q8GZ63|PP397_ARATH Pentatricopeptide repeat-containing protein At5g25630 OS=Arabidopsis thaliana OX=3702 GN=At5g25630 PE=2 SV=2	0	N/A	N/A
g704	sp|Q8GZ63|PP397_ARATH	27.793	367	77	8.12e-41	159	sp|Q8GZ63|PP397_ARATH Pentatricopeptide repeat-containing protein At5g25630 OS=Arabidopsis thaliana OX=3702 GN=At5g25630 PE=2 SV=2	0	N/A	N/A
g704	sp|Q8GZ63|PP397_ARATH	25.649	308	77	4.55e-28	122	sp|Q8GZ63|PP397_ARATH Pentatricopeptide repeat-containing protein At5g25630 OS=Arabidopsis thaliana OX=3702 GN=At5g25630 PE=2 SV=2	0	N/A	N/A
g704	sp|Q8GZ63|PP397_ARATH	25.000	204	77	9.89e-18	90.5	sp|Q8GZ63|PP397_ARATH Pentatricopeptide repeat-containing protein At5g25630 OS=Arabidopsis thaliana OX=3702 GN=At5g25630 PE=2 SV=2	0	N/A	N/A
g704	sp|Q8GZ63|PP397_ARATH	25.904	166	77	9.40e-13	74.7	sp|Q8GZ63|PP397_ARATH Pentatricopeptide repeat-containing protein At5g25630 OS=Arabidopsis thaliana OX=3702 GN=At5g25630 PE=2 SV=2	0	N/A	N/A
g704	sp|Q9LQ14|PPR96_ARATH	28.409	440	77	1.10e-60	216	sp|Q9LQ14|PPR96_ARATH Pentatricopeptide repeat-containing protein At1g62930, chloroplastic OS=Arabidopsis thaliana OX=3702 GN=At1g62930 PE=2 SV=2	0	N/A	N/A
g704	sp|Q9LQ14|PPR96_ARATH	26.376	436	77	3.17e-52	192	sp|Q9LQ14|PPR96_ARATH Pentatricopeptide repeat-containing protein At1g62930, chloroplastic OS=Arabidopsis thaliana OX=3702 GN=At1g62930 PE=2 SV=2	0	N/A	N/A
g704	sp|Q9LQ14|PPR96_ARATH	23.425	508	77	1.29e-44	171	sp|Q9LQ14|PPR96_ARATH Pentatricopeptide repeat-containing protein At1g62930, chloroplastic OS=Arabidopsis thaliana OX=3702 GN=At1g62930 PE=2 SV=2	0	N/A	N/A
g704	sp|Q9LQ14|PPR96_ARATH	23.667	300	77	1.89e-25	114	sp|Q9LQ14|PPR96_ARATH Pentatricopeptide repeat-containing protein At1g62930, chloroplastic OS=Arabidopsis thaliana OX=3702 GN=At1g62930 PE=2 SV=2	0	N/A	N/A
g704	sp|Q9CAN5|PPR98_ARATH	27.465	426	74	3.16e-58	209	sp|Q9CAN5|PPR98_ARATH Pentatricopeptide repeat-containing protein At1g63080, mitochondrial OS=Arabidopsis thaliana OX=3702 GN=At1g63080 PE=2 SV=1	0	N/A	N/A
g704	sp|Q9CAN5|PPR98_ARATH	23.596	445	74	3.31e-48	181	sp|Q9CAN5|PPR98_ARATH Pentatricopeptide repeat-containing protein At1g63080, mitochondrial OS=Arabidopsis thaliana OX=3702 GN=At1g63080 PE=2 SV=1	0	N/A	N/A
g704	sp|Q9CAN5|PPR98_ARATH	24.236	458	74	2.63e-47	179	sp|Q9CAN5|PPR98_ARATH Pentatricopeptide repeat-containing protein At1g63080, mitochondrial OS=Arabidopsis thaliana OX=3702 GN=At1g63080 PE=2 SV=1	0	N/A	N/A
g704	sp|Q3EDF8|PPR28_ARATH	25.858	437	74	5.63e-58	207	sp|Q3EDF8|PPR28_ARATH Pentatricopeptide repeat-containing protein At1g09900 OS=Arabidopsis thaliana OX=3702 GN=At1g09900 PE=2 SV=1	0	N/A	N/A
g704	sp|Q3EDF8|PPR28_ARATH	27.295	414	74	1.08e-48	182	sp|Q3EDF8|PPR28_ARATH Pentatricopeptide repeat-containing protein At1g09900 OS=Arabidopsis thaliana OX=3702 GN=At1g09900 PE=2 SV=1	0	N/A	N/A
g704	sp|Q3EDF8|PPR28_ARATH	27.249	378	74	6.42e-45	171	sp|Q3EDF8|PPR28_ARATH Pentatricopeptide repeat-containing protein At1g09900 OS=Arabidopsis thaliana OX=3702 GN=At1g09900 PE=2 SV=1	0	N/A	N/A
g704	sp|Q3EDF8|PPR28_ARATH	23.779	307	74	4.77e-32	134	sp|Q3EDF8|PPR28_ARATH Pentatricopeptide repeat-containing protein At1g09900 OS=Arabidopsis thaliana OX=3702 GN=At1g09900 PE=2 SV=1	0	N/A	N/A
g704	sp|Q3EDF8|PPR28_ARATH	25.871	201	74	2.00e-15	83.2	sp|Q3EDF8|PPR28_ARATH Pentatricopeptide repeat-containing protein At1g09900 OS=Arabidopsis thaliana OX=3702 GN=At1g09900 PE=2 SV=1	0	N/A	N/A
g705	sp|Q7XTT4|NUCL2_ORYSJ	45.894	207	32	5.43e-49	185	sp|Q7XTT4|NUCL2_ORYSJ Nucleolin 2 OS=Oryza sativa subsp. japonica OX=39947 GN=Os04g0620700 PE=2 SV=2	0	N/A	N/A
g705	sp|Q1PEP5|NUCL2_ARATH	38.676	287	45	2.73e-41	162	sp|Q1PEP5|NUCL2_ARATH Nucleolin 2 OS=Arabidopsis thaliana OX=3702 GN=NUCL2 PE=1 SV=1	0	N/A	N/A
g705	sp|Q6Z1C0|NUCL1_ORYSJ	44.444	189	30	5.35e-39	154	sp|Q6Z1C0|NUCL1_ORYSJ Nucleolin 1 OS=Oryza sativa subsp. japonica OX=39947 GN=Os08g0192900 PE=2 SV=1	0	N/A	N/A
g705	sp|Q9FVQ1|NUCL1_ARATH	41.176	204	31	1.98e-34	141	sp|Q9FVQ1|NUCL1_ARATH Nucleolin 1 OS=Arabidopsis thaliana OX=3702 GN=NUCL1 PE=1 SV=1	0	N/A	N/A
g705	sp|P15771|NUCL_CHICK	32.432	185	29	2.64e-10	67.0	sp|P15771|NUCL_CHICK Nucleolin OS=Gallus gallus OX=9031 GN=NCL PE=1 SV=1	0	N/A	N/A
g857	sp|O00370|LORF2_HUMAN	24.938	802	45	4.10e-47	189	sp|O00370|LORF2_HUMAN LINE-1 retrotransposable element ORF2 protein OS=Homo sapiens OX=9606 PE=1 SV=1	0	N/A	N/A
g857	sp|P08548|LIN1_NYCCO	25.033	755	43	6.48e-45	182	sp|P08548|LIN1_NYCCO LINE-1 reverse transcriptase homolog OS=Nycticebus coucang OX=9470 PE=4 SV=1	0	N/A	N/A
g857	sp|P14381|YTX2_XENLA	23.867	750	43	3.06e-43	177	sp|P14381|YTX2_XENLA Transposon TX1 uncharacterized 149 kDa protein OS=Xenopus laevis OX=8355 PE=4 SV=1	0	N/A	N/A
g857	sp|P11369|LORF2_MOUSE	24.219	768	44	1.17e-39	165	sp|P11369|LORF2_MOUSE LINE-1 retrotransposable element ORF2 protein OS=Mus musculus OX=10090 GN=Pol PE=1 SV=2	0	N/A	N/A
g857	sp|P0C2F6|RNHX1_ARATH	26.166	386	21	2.96e-25	116	sp|P0C2F6|RNHX1_ARATH Putative ribonuclease H protein At1g65750 OS=Arabidopsis thaliana OX=3702 GN=At1g65750 PE=3 SV=1	0	N/A	N/A
g891	sp|Q9SU29|UPL5_ARATH	48.823	807	90	0.0	755	sp|Q9SU29|UPL5_ARATH E3 ubiquitin-protein ligase UPL5 OS=Arabidopsis thaliana OX=3702 GN=UPL5 PE=1 SV=1	0	N/A	N/A
g891	sp|F8W2M1|HACE1_DANRE	36.182	351	39	1.61e-55	210	sp|F8W2M1|HACE1_DANRE E3 ubiquitin-protein ligase HACE1 OS=Danio rerio OX=7955 GN=hace1 PE=3 SV=2	0	N/A	N/A
g891	sp|P39940|RSP5_YEAST	34.454	357	40	1.74e-55	209	sp|P39940|RSP5_YEAST E3 ubiquitin-protein ligase RSP5 OS=Saccharomyces cerevisiae (strain ATCC 204508 / S288c) OX=559292 GN=RSP5 PE=1 SV=1	0	N/A	N/A
g891	sp|D3ZBM7|HACE1_RAT	35.043	351	39	4.45e-55	209	sp|D3ZBM7|HACE1_RAT E3 ubiquitin-protein ligase HACE1 OS=Rattus norvegicus OX=10116 GN=Hace1 PE=1 SV=1	0	N/A	N/A
g891	sp|Q7TMY8|HUWE1_MOUSE	32.570	393	44	5.83e-55	211	sp|Q7TMY8|HUWE1_MOUSE E3 ubiquitin-protein ligase HUWE1 OS=Mus musculus OX=10090 GN=Huwe1 PE=1 SV=5	0	N/A	N/A
g896	sp|Q9SK27|ENL14_ARATH	38.298	94	57	2.40e-14	70.1	sp|Q9SK27|ENL14_ARATH Early nodulin-like protein 14 OS=Arabidopsis thaliana OX=3702 GN=ENODL14 PE=1 SV=2	0	N/A	N/A
g896	sp|O82081|UCC1_ARATH	30.370	135	83	1.71e-13	69.3	sp|O82081|UCC1_ARATH Uclacyanin 1 OS=Arabidopsis thaliana OX=3702 GN=UCC1 PE=1 SV=1	0	N/A	N/A
g896	sp|P80728|MAVI_CUCPE	34.409	93	57	1.01e-12	63.9	sp|P80728|MAVI_CUCPE Mavicyanin OS=Cucurbita pepo OX=3663 PE=1 SV=1	0	N/A	N/A
g896	sp|Q8LC95|ENL13_ARATH	30.952	126	76	1.19e-12	65.9	sp|Q8LC95|ENL13_ARATH Early nodulin-like protein 13 OS=Arabidopsis thaliana OX=3702 GN=ENODL13 PE=1 SV=2	0	N/A	N/A
g896	sp|Q9SZ51|ENL15_ARATH	35.789	95	57	1.42e-11	62.8	sp|Q9SZ51|ENL15_ARATH Early nodulin-like protein 15 OS=Arabidopsis thaliana OX=3702 GN=ENODL15 PE=1 SV=1	0	N/A	N/A
g932	sp|Q5XEZ5|OSC12_ARATH	75.032	773	99	0.0	1180	sp|Q5XEZ5|OSC12_ARATH Hyperosmolality-gated Ca2+ permeable channel 1.2 OS=Arabidopsis thaliana OX=3702 GN=OSCA1.2 PE=1 SV=1	0	N/A	N/A
g932	sp|Q9XEA1|OSC11_ARATH	73.624	781	99	0.0	1150	sp|Q9XEA1|OSC11_ARATH Hyperosmolality-gated Ca2+ permeable channel 1.1 OS=Arabidopsis thaliana OX=3702 GN=OSCA1 PE=1 SV=1	0	N/A	N/A
g932	sp|B5TYT3|OSC13_ARATH	72.063	766	98	0.0	1130	sp|B5TYT3|OSC13_ARATH Hyperosmolality-gated Ca2+ permeable channel 1.3 OS=Arabidopsis thaliana OX=3702 GN=OSCA1.3 PE=1 SV=1	0	N/A	N/A
g932	sp|Q9LVE4|OSC15_ARATH	72.281	754	97	0.0	1116	sp|Q9LVE4|OSC15_ARATH Hyperosmolality-gated Ca2+ permeable channel 1.5 OS=Arabidopsis thaliana OX=3702 GN=OSCA1.5 PE=2 SV=1	0	N/A	N/A
g932	sp|F4HYR3|OSC14_ARATH	71.299	770	98	0.0	1097	sp|F4HYR3|OSC14_ARATH Hyperosmolality-gated Ca2+ permeable channel 1.4 OS=Arabidopsis thaliana OX=3702 GN=OSCA1.4 PE=3 SV=2	0	N/A	N/A
g997	sp|Q93V99|PDF2_ARATH	79.026	739	99	0.0	1185	sp|Q93V99|PDF2_ARATH Homeobox-leucine zipper protein PROTODERMAL FACTOR 2 OS=Arabidopsis thaliana OX=3702 GN=PDF2 PE=1 SV=1	0	N/A	N/A
g997	sp|Q8RWU4|ATML1_ARATH	76.285	759	99	0.0	1176	sp|Q8RWU4|ATML1_ARATH Homeobox-leucine zipper protein MERISTEM L1 OS=Arabidopsis thaliana OX=3702 GN=ATML1 PE=1 SV=1	0	N/A	N/A
g997	sp|Q94C37|HDG2_ARATH	72.418	736	99	0.0	1066	sp|Q94C37|HDG2_ARATH Homeobox-leucine zipper protein HDG2 OS=Arabidopsis thaliana OX=3702 GN=HDG2 PE=1 SV=1	0	N/A	N/A
g997	sp|Q0J9X2|ROC2_ORYSJ	75.770	714	96	0.0	1060	sp|Q0J9X2|ROC2_ORYSJ Homeobox-leucine zipper protein ROC2 OS=Oryza sativa subsp. japonica OX=39947 GN=ROC2 PE=2 SV=1	0	N/A	N/A
g997	sp|Q6ZAR0|ROC1_ORYSJ	74.823	707	95	0.0	1043	sp|Q6ZAR0|ROC1_ORYSJ Homeobox-leucine zipper protein ROC1 OS=Oryza sativa subsp. japonica OX=39947 GN=ROC1 PE=2 SV=1	0	N/A	N/A
g1091	sp|P0CT40|TF29_SCHPO	35.235	894	79	1.48e-164	524	sp|P0CT40|TF29_SCHPO Transposon Tf2-9 polyprotein OS=Schizosaccharomyces pombe (strain 972 / ATCC 24843) OX=284812 GN=Tf2-9 PE=3 SV=1	0	N/A	N/A
g1091	sp|P0CT37|TF24_SCHPO	35.235	894	79	1.48e-164	524	sp|P0CT37|TF24_SCHPO Transposon Tf2-4 polyprotein OS=Schizosaccharomyces pombe (strain 972 / ATCC 24843) OX=284812 GN=Tf2-4 PE=3 SV=1	0	N/A	N/A
g1091	sp|P0CT35|TF22_SCHPO	35.235	894	79	1.48e-164	524	sp|P0CT35|TF22_SCHPO Transposon Tf2-2 polyprotein OS=Schizosaccharomyces pombe (strain 972 / ATCC 24843) OX=284812 GN=Tf2-2 PE=3 SV=1	0	N/A	N/A
g1091	sp|P0CT34|TF21_SCHPO	35.235	894	79	1.48e-164	524	sp|P0CT34|TF21_SCHPO Transposon Tf2-1 polyprotein OS=Schizosaccharomyces pombe (strain 972 / ATCC 24843) OX=284812 GN=Tf2-1 PE=3 SV=1	0	N/A	N/A
g1091	sp|P0CT39|TF26_SCHPO	35.235	894	79	1.50e-164	524	sp|P0CT39|TF26_SCHPO Transposon Tf2-6 polyprotein OS=Schizosaccharomyces pombe (strain 972 / ATCC 24843) OX=284812 GN=Tf2-6 PE=3 SV=1	0	N/A	N/A
g1092	sp|O65416|SKI27_ARATH	40.491	163	82	6.52e-28	107	sp|O65416|SKI27_ARATH F-box protein SKIP27 OS=Arabidopsis thaliana OX=3702 GN=SKIP27 PE=1 SV=2	0	N/A	N/A
g1092	sp|Q8GX77|FB316_ARATH	44.578	166	86	9.16e-27	102	sp|Q8GX77|FB316_ARATH F-box protein At1g61340 OS=Arabidopsis thaliana OX=3702 GN=At1g61340 PE=2 SV=1	0	N/A	N/A
g1092	sp|Q9S9T6|FB220_ARATH	45.455	154	85	2.31e-25	98.6	sp|Q9S9T6|FB220_ARATH F-box protein At4g05010 OS=Arabidopsis thaliana OX=3702 GN=At4g05010 PE=2 SV=1	0	N/A	N/A
g1092	sp|Q5XF11|FB248_ARATH	30.172	116	58	5.90e-08	54.3	sp|Q5XF11|FB248_ARATH F-box protein At4g35930 OS=Arabidopsis thaliana OX=3702 GN=At4g35930 PE=2 SV=1	0	N/A	N/A
g1093	sp|O65418|APC4_ARATH	63.021	768	99	0.0	946	sp|O65418|APC4_ARATH Anaphase-promoting complex subunit 4 OS=Arabidopsis thaliana OX=3702 GN=APC4 PE=2 SV=2	0	N/A	N/A
g1093	sp|Q91W96|APC4_MOUSE	26.711	453	59	3.17e-40	162	sp|Q91W96|APC4_MOUSE Anaphase-promoting complex subunit 4 OS=Mus musculus OX=10090 GN=Anapc4 PE=1 SV=1	0	N/A	N/A
g1093	sp|Q9UJX5|APC4_HUMAN	25.495	455	59	8.11e-40	161	sp|Q9UJX5|APC4_HUMAN Anaphase-promoting complex subunit 4 OS=Homo sapiens OX=9606 GN=ANAPC4 PE=1 SV=2	0	N/A	N/A
g1093	sp|Q5RAQ5|APC4_PONAB	26.222	450	59	1.02e-39	160	sp|Q5RAQ5|APC4_PONAB Anaphase-promoting complex subunit 4 OS=Pongo abelii OX=9601 GN=ANAPC4 PE=2 SV=1	0	N/A	N/A
g1093	sp|Q54NI1|APC4_DICDI	25.566	309	41	1.25e-19	97.8	sp|Q54NI1|APC4_DICDI Anaphase-promoting complex subunit 4 OS=Dictyostelium discoideum OX=44689 GN=anapc4 PE=3 SV=1	0	N/A	N/A
g1094	sp|Q9FKL6|CB60B_ARATH	61.051	647	98	0.0	740	sp|Q9FKL6|CB60B_ARATH Calmodulin-binding protein 60 B OS=Arabidopsis thaliana OX=3702 GN=CBP60B PE=2 SV=1	0	N/A	N/A
g1094	sp|C0SV51|CB60C_ARATH	59.219	640	99	0.0	709	sp|C0SV51|CB60C_ARATH Calmodulin-binding protein 60 C OS=Arabidopsis thaliana OX=3702 GN=CBP60C PE=2 SV=1	0	N/A	N/A
g1094	sp|Q0WVV6|CB60D_ARATH	60.987	628	97	0.0	707	sp|Q0WVV6|CB60D_ARATH Calmodulin-binding protein 60 D OS=Arabidopsis thaliana OX=3702 GN=CBP60D PE=2 SV=1	0	N/A	N/A
g1094	sp|F4IPM3|CB60E_ARATH	52.707	628	99	0.0	612	sp|F4IPM3|CB60E_ARATH Calmodulin-binding protein 60 E OS=Arabidopsis thaliana OX=3702 GN=CBP60E PE=2 SV=1	0	N/A	N/A
g1094	sp|F4JR57|CB60F_ARATH	64.946	368	76	2.52e-172	504	sp|F4JR57|CB60F_ARATH Calmodulin-binding protein 60 F OS=Arabidopsis thaliana OX=3702 GN=CBP60F PE=2 SV=1	0	N/A	N/A
g1094	sp|F4JR57|CB60F_ARATH	51.327	113	76	8.62e-22	103	sp|F4JR57|CB60F_ARATH Calmodulin-binding protein 60 F OS=Arabidopsis thaliana OX=3702 GN=CBP60F PE=2 SV=1	0	N/A	N/A
g1096	sp|F2Y4A3|SPHK2_ARATH	58.723	470	95	0.0	574	sp|F2Y4A3|SPHK2_ARATH Sphingosine kinase 2 OS=Arabidopsis thaliana OX=3702 GN=SPHK2 PE=1 SV=1	0	N/A	N/A
g1096	sp|Q8L7L1|SPHK1_ARATH	56.639	482	98	0.0	558	sp|Q8L7L1|SPHK1_ARATH Sphingosine kinase 1 OS=Arabidopsis thaliana OX=3702 GN=SPHK1 PE=1 SV=1	0	N/A	N/A
g1096	sp|Q91V26|SPHK1_RAT	32.571	350	69	1.75e-46	169	sp|Q91V26|SPHK1_RAT Sphingosine kinase 1 OS=Rattus norvegicus OX=10116 GN=Sphk1 PE=1 SV=1	0	N/A	N/A
g1096	sp|Q9NYA1|SPHK1_HUMAN	32.578	353	69	2.18e-46	169	sp|Q9NYA1|SPHK1_HUMAN Sphingosine kinase 1 OS=Homo sapiens OX=9606 GN=SPHK1 PE=1 SV=1	0	N/A	N/A
g1096	sp|Q8CI15|SPHK1_MOUSE	31.214	346	69	8.86e-44	161	sp|Q8CI15|SPHK1_MOUSE Sphingosine kinase 1 OS=Mus musculus OX=10090 GN=Sphk1 PE=1 SV=1	0	N/A	N/A
g1101	sp|Q9SVG3|BBE21_ARATH	55.289	501	94	0.0	561	sp|Q9SVG3|BBE21_ARATH Berberine bridge enzyme-like 21 OS=Arabidopsis thaliana OX=3702 GN=At4g20840 PE=2 SV=1	0	N/A	N/A
g1101	sp|Q9SA99|BBE2_ARATH	52.930	529	98	0.0	559	sp|Q9SA99|BBE2_ARATH Berberine bridge enzyme-like 2 OS=Arabidopsis thaliana OX=3702 GN=At1g11770 PE=2 SV=1	0	N/A	N/A
g1101	sp|Q9SVG4|RETOL_ARATH	55.686	510	96	0.0	540	sp|Q9SVG4|RETOL_ARATH Berberine bridge enzyme-like 19 OS=Arabidopsis thaliana OX=3702 GN=At4g20830 PE=1 SV=2	0	N/A	N/A
g1101	sp|Q9LPC3|BBE1_ARATH	54.545	506	94	0.0	535	sp|Q9LPC3|BBE1_ARATH Berberine bridge enzyme-like 1 OS=Arabidopsis thaliana OX=3702 GN=SEC1A PE=2 SV=1	0	N/A	N/A
g1101	sp|Q9SA89|BBE12_ARATH	50.377	530	99	2.01e-174	505	sp|Q9SA89|BBE12_ARATH Berberine bridge enzyme-like 12 OS=Arabidopsis thaliana OX=3702 GN=At1g30740 PE=2 SV=1	0	N/A	N/A
g1102	sp|P37545|YABD_BACSU	30.108	279	96	2.11e-32	123	sp|P37545|YABD_BACSU Uncharacterized metal-dependent hydrolase YabD OS=Bacillus subtilis (strain 168) OX=224308 GN=yabD PE=3 SV=1	0	N/A	N/A
g1102	sp|Q05AV0|TAT3A_XENLA	28.956	297	98	6.33e-25	103	sp|Q05AV0|TAT3A_XENLA Putative deoxyribonuclease tatdn3-A OS=Xenopus laevis OX=8355 GN=tatdn3-a PE=2 SV=1	0	N/A	N/A
g1102	sp|P73335|DTD3_SYNY3	27.018	285	96	1.41e-24	102	sp|P73335|DTD3_SYNY3 D-aminoacyl-tRNA deacylase OS=Synechocystis sp. (strain ATCC 27184 / PCC 6803 / Kazusa) OX=1111708 GN=dtd3 PE=1 SV=1	0	N/A	N/A
g1102	sp|Q8K9J1|Y343_BUCAP	26.132	287	96	3.03e-24	101	sp|Q8K9J1|Y343_BUCAP Uncharacterized metal-dependent hydrolase BUsg_343 OS=Buchnera aphidicola subsp. Schizaphis graminum (strain Sg) OX=198804 GN=BUsg_343 PE=3 SV=1	0	N/A	N/A
g1102	sp|Q6P8M1|TATD1_MOUSE	25.589	297	97	1.01e-21	95.5	sp|Q6P8M1|TATD1_MOUSE Deoxyribonuclease TATDN1 OS=Mus musculus OX=10090 GN=Tatdn1 PE=1 SV=1	0	N/A	N/A
g1103	sp|Q8K9J1|Y343_BUCAP	31.068	103	78	5.93e-07	49.7	sp|Q8K9J1|Y343_BUCAP Uncharacterized metal-dependent hydrolase BUsg_343 OS=Buchnera aphidicola subsp. Schizaphis graminum (strain Sg) OX=198804 GN=BUsg_343 PE=3 SV=1	0	N/A	N/A
g1103	sp|P39408|YJJV_ECOLI	28.000	100	80	1.21e-06	48.9	sp|P39408|YJJV_ECOLI Uncharacterized metal-dependent hydrolase YjjV OS=Escherichia coli (strain K12) OX=83333 GN=yjjV PE=1 SV=2	0	N/A	N/A
g1103	sp|A1A4M4|TATD3_BOVIN	30.088	113	85	1.38e-06	48.9	sp|A1A4M4|TATD3_BOVIN Putative deoxyribonuclease TATDN3 OS=Bos taurus OX=9913 GN=TATDN3 PE=2 SV=1	0	N/A	N/A
g1103	sp|Q05AV0|TAT3A_XENLA	31.967	122	90	1.96e-06	48.5	sp|Q05AV0|TAT3A_XENLA Putative deoxyribonuclease tatdn3-A OS=Xenopus laevis OX=8355 GN=tatdn3-a PE=2 SV=1	0	N/A	N/A
g1103	sp|P37545|YABD_BACSU	31.579	95	78	2.07e-06	48.1	sp|P37545|YABD_BACSU Uncharacterized metal-dependent hydrolase YabD OS=Bacillus subtilis (strain 168) OX=224308 GN=yabD PE=3 SV=1	0	N/A	N/A
g1104	sp|P0AFQ7|YCFH_ECOLI	30.534	131	92	5.62e-10	58.9	sp|P0AFQ7|YCFH_ECOLI Uncharacterized metal-dependent hydrolase YcfH OS=Escherichia coli (strain K12) OX=83333 GN=ycfH PE=1 SV=1	0	N/A	N/A
g1104	sp|P0AFQ8|YCFH_ECOL6	30.534	131	92	5.62e-10	58.9	sp|P0AFQ8|YCFH_ECOL6 Uncharacterized metal-dependent hydrolase YcfH OS=Escherichia coli O6:H1 (strain CFT073 / ATCC 700928 / UPEC) OX=199310 GN=ycfH PE=3 SV=1	0	N/A	N/A
g1104	sp|P0AFQ9|YCFH_ECO57	30.534	131	92	5.62e-10	58.9	sp|P0AFQ9|YCFH_ECO57 Uncharacterized metal-dependent hydrolase YcfH OS=Escherichia coli O157:H7 OX=83334 GN=ycfH PE=3 SV=1	0	N/A	N/A
g1104	sp|P37545|YABD_BACSU	28.358	134	94	1.56e-09	57.8	sp|P37545|YABD_BACSU Uncharacterized metal-dependent hydrolase YabD OS=Bacillus subtilis (strain 168) OX=224308 GN=yabD PE=3 SV=1	0	N/A	N/A
g1104	sp|Q05AV0|TAT3A_XENLA	29.323	133	94	1.86e-09	57.4	sp|Q05AV0|TAT3A_XENLA Putative deoxyribonuclease tatdn3-A OS=Xenopus laevis OX=8355 GN=tatdn3-a PE=2 SV=1	0	N/A	N/A
g1105	sp|Q9SCV4|BGAL8_ARATH	56.631	837	97	0.0	963	sp|Q9SCV4|BGAL8_ARATH Beta-galactosidase 8 OS=Arabidopsis thaliana OX=3702 GN=BGAL8 PE=2 SV=2	0	N/A	N/A
g1105	sp|Q10NX8|BGAL6_ORYSJ	55.114	831	97	0.0	963	sp|Q10NX8|BGAL6_ORYSJ Beta-galactosidase 6 OS=Oryza sativa subsp. japonica OX=39947 GN=Os03g0255100 PE=1 SV=2	0	N/A	N/A
g1105	sp|P45582|BGAL_ASPOF	52.289	830	97	0.0	884	sp|P45582|BGAL_ASPOF Beta-galactosidase OS=Asparagus officinalis OX=4686 PE=2 SV=1	0	N/A	N/A
g1105	sp|Q5N8X6|BGAL3_ORYSJ	52.439	820	97	0.0	880	sp|Q5N8X6|BGAL3_ORYSJ Beta-galactosidase 3 OS=Oryza sativa subsp. japonica OX=39947 GN=Os01g0875500 PE=3 SV=1	0	N/A	N/A
g1105	sp|Q9SCW1|BGAL1_ARATH	51.826	849	99	0.0	879	sp|Q9SCW1|BGAL1_ARATH Beta-galactosidase 1 OS=Arabidopsis thaliana OX=3702 GN=BGAL1 PE=2 SV=1	0	N/A	N/A
g1108	sp|Q9Y493|ZAN_HUMAN	27.273	231	48	9.09e-15	82.4	sp|Q9Y493|ZAN_HUMAN Zonadhesin OS=Homo sapiens OX=9606 GN=ZAN PE=2 SV=5	0	N/A	N/A
g1108	sp|Q9Y493|ZAN_HUMAN	25.817	306	48	4.01e-11	70.5	sp|Q9Y493|ZAN_HUMAN Zonadhesin OS=Homo sapiens OX=9606 GN=ZAN PE=2 SV=5	0	N/A	N/A
g1108	sp|Q9Y493|ZAN_HUMAN	23.158	380	48	1.38e-08	62.4	sp|Q9Y493|ZAN_HUMAN Zonadhesin OS=Homo sapiens OX=9606 GN=ZAN PE=2 SV=5	0	N/A	N/A
g1108	sp|Q9Y493|ZAN_HUMAN	27.711	166	48	3.29e-06	54.3	sp|Q9Y493|ZAN_HUMAN Zonadhesin OS=Homo sapiens OX=9606 GN=ZAN PE=2 SV=5	0	N/A	N/A
g1108	sp|Q28983|ZAN_PIG	29.710	276	34	1.04e-13	79.0	sp|Q28983|ZAN_PIG Zonadhesin OS=Sus scrofa OX=9823 GN=ZAN PE=1 SV=1	0	N/A	N/A
g1109	sp|Q53FA7|QORX_HUMAN	42.073	328	99	1.38e-79	248	sp|Q53FA7|QORX_HUMAN Quinone oxidoreductase PIG3 OS=Homo sapiens OX=9606 GN=TP53I3 PE=1 SV=2	0	N/A	N/A
g1109	sp|Q6AYT0|QOR_RAT	33.639	327	99	7.15e-50	172	sp|Q6AYT0|QOR_RAT Quinone oxidoreductase OS=Rattus norvegicus OX=10116 GN=Cryz PE=2 SV=1	0	N/A	N/A
g1109	sp|P11415|QOR_CAVPO	32.722	327	99	2.00e-48	168	sp|P11415|QOR_CAVPO Quinone oxidoreductase OS=Cavia porcellus OX=10141 GN=CRYZ PE=1 SV=1	0	N/A	N/A
g1109	sp|P47199|QOR_MOUSE	33.435	329	99	3.14e-47	165	sp|P47199|QOR_MOUSE Quinone oxidoreductase OS=Mus musculus OX=10090 GN=Cryz PE=1 SV=1	0	N/A	N/A
g1109	sp|O97764|QOR_BOVIN	32.110	327	99	1.80e-44	157	sp|O97764|QOR_BOVIN Zeta-crystallin OS=Bos taurus OX=9913 GN=CRYZ PE=2 SV=2	0	N/A	N/A
g1111	sp|Q9Y493|ZAN_HUMAN	27.982	218	50	3.12e-15	83.6	sp|Q9Y493|ZAN_HUMAN Zonadhesin OS=Homo sapiens OX=9606 GN=ZAN PE=2 SV=5	0	N/A	N/A
g1111	sp|Q9Y493|ZAN_HUMAN	25.938	320	50	7.70e-15	82.4	sp|Q9Y493|ZAN_HUMAN Zonadhesin OS=Homo sapiens OX=9606 GN=ZAN PE=2 SV=5	0	N/A	N/A
g1111	sp|Q9Y493|ZAN_HUMAN	23.096	407	50	5.87e-11	69.7	sp|Q9Y493|ZAN_HUMAN Zonadhesin OS=Homo sapiens OX=9606 GN=ZAN PE=2 SV=5	0	N/A	N/A
g1111	sp|Q9Y493|ZAN_HUMAN	30.612	147	50	3.61e-08	60.8	sp|Q9Y493|ZAN_HUMAN Zonadhesin OS=Homo sapiens OX=9606 GN=ZAN PE=2 SV=5	0	N/A	N/A
g1111	sp|Q28983|ZAN_PIG	30.142	282	39	7.24e-15	82.4	sp|Q28983|ZAN_PIG Zonadhesin OS=Sus scrofa OX=9823 GN=ZAN PE=1 SV=1	0	N/A	N/A
g1117	sp|Q8GWA1|NDA1_ARATH	68.487	476	89	0.0	672	sp|Q8GWA1|NDA1_ARATH Internal alternative NAD(P)H-ubiquinone oxidoreductase A1, mitochondrial OS=Arabidopsis thaliana OX=3702 GN=NDA1 PE=2 SV=1	0	N/A	N/A
g1117	sp|M0ZYF3|INDA1_SOLTU	71.957	460	86	0.0	670	sp|M0ZYF3|INDA1_SOLTU Internal alternative NAD(P)H-ubiquinone oxidoreductase A1, mitochondrial OS=Solanum tuberosum OX=4113 GN=NDA1 PE=3 SV=1	0	N/A	N/A
g1117	sp|Q9ST63|NDA1_SOLTU	71.957	460	86	0.0	667	sp|Q9ST63|NDA1_SOLTU Internal alternative NAD(P)H-ubiquinone oxidoreductase A1, mitochondrial OS=Solanum tuberosum OX=4113 GN=NDA1 PE=1 SV=1	0	N/A	N/A
g1117	sp|O80874|NDA2_ARATH	71.239	452	84	0.0	665	sp|O80874|NDA2_ARATH Internal alternative NAD(P)H-ubiquinone oxidoreductase A2, mitochondrial OS=Arabidopsis thaliana OX=3702 GN=NDA2 PE=1 SV=1	0	N/A	N/A
g1117	sp|Q55CD9|NDH_DICDI	40.000	440	81	3.91e-97	305	sp|Q55CD9|NDH_DICDI Probable NADH dehydrogenase OS=Dictyostelium discoideum OX=44689 GN=DDB_G0270104 PE=3 SV=2	0	N/A	N/A
g1120	sp|Q10NX8|BGAL6_ORYSJ	55.596	831	97	0.0	970	sp|Q10NX8|BGAL6_ORYSJ Beta-galactosidase 6 OS=Oryza sativa subsp. japonica OX=39947 GN=Os03g0255100 PE=1 SV=2	0	N/A	N/A
g1120	sp|Q9SCV4|BGAL8_ARATH	56.631	837	97	0.0	959	sp|Q9SCV4|BGAL8_ARATH Beta-galactosidase 8 OS=Arabidopsis thaliana OX=3702 GN=BGAL8 PE=2 SV=2	0	N/A	N/A
g1120	sp|P45582|BGAL_ASPOF	52.410	830	97	0.0	882	sp|P45582|BGAL_ASPOF Beta-galactosidase OS=Asparagus officinalis OX=4686 PE=2 SV=1	0	N/A	N/A
g1120	sp|Q5N8X6|BGAL3_ORYSJ	52.561	820	97	0.0	879	sp|Q5N8X6|BGAL3_ORYSJ Beta-galactosidase 3 OS=Oryza sativa subsp. japonica OX=39947 GN=Os01g0875500 PE=3 SV=1	0	N/A	N/A
g1120	sp|Q9SCW1|BGAL1_ARATH	52.284	832	98	0.0	873	sp|Q9SCW1|BGAL1_ARATH Beta-galactosidase 1 OS=Arabidopsis thaliana OX=3702 GN=BGAL1 PE=2 SV=1	0	N/A	N/A
g1121	sp|P37545|YABD_BACSU	30.769	273	95	1.38e-32	123	sp|P37545|YABD_BACSU Uncharacterized metal-dependent hydrolase YabD OS=Bacillus subtilis (strain 168) OX=224308 GN=yabD PE=3 SV=1	0	N/A	N/A
g1121	sp|Q05AV0|TAT3A_XENLA	30.584	291	98	1.66e-29	115	sp|Q05AV0|TAT3A_XENLA Putative deoxyribonuclease tatdn3-A OS=Xenopus laevis OX=8355 GN=tatdn3-a PE=2 SV=1	0	N/A	N/A
g1121	sp|P73335|DTD3_SYNY3	28.520	277	95	1.02e-26	108	sp|P73335|DTD3_SYNY3 D-aminoacyl-tRNA deacylase OS=Synechocystis sp. (strain ATCC 27184 / PCC 6803 / Kazusa) OX=1111708 GN=dtd3 PE=1 SV=1	0	N/A	N/A
g1121	sp|Q8K9J1|Y343_BUCAP	29.078	282	96	1.20e-26	108	sp|Q8K9J1|Y343_BUCAP Uncharacterized metal-dependent hydrolase BUsg_343 OS=Buchnera aphidicola subsp. Schizaphis graminum (strain Sg) OX=198804 GN=BUsg_343 PE=3 SV=1	0	N/A	N/A
g1121	sp|A1A4M4|TATD3_BOVIN	29.329	283	95	4.55e-25	103	sp|A1A4M4|TATD3_BOVIN Putative deoxyribonuclease TATDN3 OS=Bos taurus OX=9913 GN=TATDN3 PE=2 SV=1	0	N/A	N/A
g1122	sp|P37545|YABD_BACSU	30.108	279	96	1.96e-32	123	sp|P37545|YABD_BACSU Uncharacterized metal-dependent hydrolase YabD OS=Bacillus subtilis (strain 168) OX=224308 GN=yabD PE=3 SV=1	0	N/A	N/A
g1122	sp|P73335|DTD3_SYNY3	27.018	285	96	1.60e-24	102	sp|P73335|DTD3_SYNY3 D-aminoacyl-tRNA deacylase OS=Synechocystis sp. (strain ATCC 27184 / PCC 6803 / Kazusa) OX=1111708 GN=dtd3 PE=1 SV=1	0	N/A	N/A
g1122	sp|Q05AV0|TAT3A_XENLA	29.153	295	97	2.45e-24	102	sp|Q05AV0|TAT3A_XENLA Putative deoxyribonuclease tatdn3-A OS=Xenopus laevis OX=8355 GN=tatdn3-a PE=2 SV=1	0	N/A	N/A
g1122	sp|Q8K9J1|Y343_BUCAP	26.132	287	96	8.00e-24	100	sp|Q8K9J1|Y343_BUCAP Uncharacterized metal-dependent hydrolase BUsg_343 OS=Buchnera aphidicola subsp. Schizaphis graminum (strain Sg) OX=198804 GN=BUsg_343 PE=3 SV=1	0	N/A	N/A
g1122	sp|Q6P8M1|TATD1_MOUSE	25.926	297	97	4.86e-22	96.7	sp|Q6P8M1|TATD1_MOUSE Deoxyribonuclease TATDN1 OS=Mus musculus OX=10090 GN=Tatdn1 PE=1 SV=1	0	N/A	N/A
g1124	sp|Q9SA99|BBE2_ARATH	51.765	425	98	1.91e-145	427	sp|Q9SA99|BBE2_ARATH Berberine bridge enzyme-like 2 OS=Arabidopsis thaliana OX=3702 GN=At1g11770 PE=2 SV=1	0	N/A	N/A
g1124	sp|Q9SVG3|BBE21_ARATH	53.149	397	93	4.40e-144	424	sp|Q9SVG3|BBE21_ARATH Berberine bridge enzyme-like 21 OS=Arabidopsis thaliana OX=3702 GN=At4g20840 PE=2 SV=1	0	N/A	N/A
g1124	sp|Q9LPC3|BBE1_ARATH	53.367	401	93	9.36e-136	402	sp|Q9LPC3|BBE1_ARATH Berberine bridge enzyme-like 1 OS=Arabidopsis thaliana OX=3702 GN=SEC1A PE=2 SV=1	0	N/A	N/A
g1124	sp|Q9SVG4|RETOL_ARATH	52.475	404	95	3.03e-132	395	sp|Q9SVG4|RETOL_ARATH Berberine bridge enzyme-like 19 OS=Arabidopsis thaliana OX=3702 GN=At4g20830 PE=1 SV=2	0	N/A	N/A
g1124	sp|Q9SA85|BBE8_ARATH	49.299	428	99	1.36e-122	369	sp|Q9SA85|BBE8_ARATH Berberine bridge enzyme-like 8 OS=Arabidopsis thaliana OX=3702 GN=At1g30700 PE=2 SV=1	0	N/A	N/A
g1125	sp|Q9SVG4|RETOL_ARATH	70.833	72	97	3.29e-29	110	sp|Q9SVG4|RETOL_ARATH Berberine bridge enzyme-like 19 OS=Arabidopsis thaliana OX=3702 GN=At4g20830 PE=1 SV=2	0	N/A	N/A
g1125	sp|Q9LPC3|BBE1_ARATH	67.606	71	96	1.28e-28	109	sp|Q9LPC3|BBE1_ARATH Berberine bridge enzyme-like 1 OS=Arabidopsis thaliana OX=3702 GN=SEC1A PE=2 SV=1	0	N/A	N/A
g1125	sp|Q9SA89|BBE12_ARATH	66.197	71	96	1.47e-28	108	sp|Q9SA89|BBE12_ARATH Berberine bridge enzyme-like 12 OS=Arabidopsis thaliana OX=3702 GN=At1g30740 PE=2 SV=1	0	N/A	N/A
g1125	sp|Q9SVG3|BBE21_ARATH	67.606	71	96	2.88e-28	108	sp|Q9SVG3|BBE21_ARATH Berberine bridge enzyme-like 21 OS=Arabidopsis thaliana OX=3702 GN=At4g20840 PE=2 SV=1	0	N/A	N/A
g1125	sp|A6P6V9|CBDAS_CANSA	70.833	72	96	1.23e-27	106	sp|A6P6V9|CBDAS_CANSA Cannabidiolic acid synthase OS=Cannabis sativa OX=3483 GN=CBDAS PE=1 SV=1	0	N/A	N/A
g1146	sp|M0ZYF3|INDA1_SOLTU	71.739	460	86	0.0	669	sp|M0ZYF3|INDA1_SOLTU Internal alternative NAD(P)H-ubiquinone oxidoreductase A1, mitochondrial OS=Solanum tuberosum OX=4113 GN=NDA1 PE=3 SV=1	0	N/A	N/A
g1146	sp|Q8GWA1|NDA1_ARATH	68.067	476	89	0.0	668	sp|Q8GWA1|NDA1_ARATH Internal alternative NAD(P)H-ubiquinone oxidoreductase A1, mitochondrial OS=Arabidopsis thaliana OX=3702 GN=NDA1 PE=2 SV=1	0	N/A	N/A
g1146	sp|Q9ST63|NDA1_SOLTU	71.739	460	86	0.0	667	sp|Q9ST63|NDA1_SOLTU Internal alternative NAD(P)H-ubiquinone oxidoreductase A1, mitochondrial OS=Solanum tuberosum OX=4113 GN=NDA1 PE=1 SV=1	0	N/A	N/A
g1146	sp|O80874|NDA2_ARATH	71.239	452	84	0.0	666	sp|O80874|NDA2_ARATH Internal alternative NAD(P)H-ubiquinone oxidoreductase A2, mitochondrial OS=Arabidopsis thaliana OX=3702 GN=NDA2 PE=1 SV=1	0	N/A	N/A
g1146	sp|Q55CD9|NDH_DICDI	39.773	440	81	2.76e-96	303	sp|Q55CD9|NDH_DICDI Probable NADH dehydrogenase OS=Dictyostelium discoideum OX=44689 GN=DDB_G0270104 PE=3 SV=2	0	N/A	N/A
g1149	sp|Q38945|DPNPH_ARATH	64.267	375	83	7.85e-172	489	sp|Q38945|DPNPH_ARATH 3',5'-bisphosphate nucleotidase AHL OS=Arabidopsis thaliana OX=3702 GN=AHL PE=1 SV=1	0	N/A	N/A
g1149	sp|Q42546|DPNP1_ARATH	44.173	369	82	1.04e-89	280	sp|Q42546|DPNP1_ARATH 3'(2'),5'-bisphosphate nucleotidase 1 OS=Arabidopsis thaliana OX=3702 GN=SAL1 PE=1 SV=1	0	N/A	N/A
g1149	sp|Q84VY5|DPNP4_ARATH	39.153	378	84	7.09e-79	251	sp|Q84VY5|DPNP4_ARATH Probable 3'(2'),5'-bisphosphate nucleotidase 4 OS=Arabidopsis thaliana OX=3702 GN=SAL4 PE=2 SV=1	0	N/A	N/A
g1149	sp|Q2QWT4|DPNP_ORYSJ	40.947	359	79	1.05e-78	251	sp|Q2QWT4|DPNP_ORYSJ 3'(2'),5'-bisphosphate nucleotidase OS=Oryza sativa subsp. japonica OX=39947 GN=Os12g0183300 PE=2 SV=1	0	N/A	N/A
g1149	sp|P0C5A3|DPNP_ORYSA	40.947	359	79	1.05e-78	251	sp|P0C5A3|DPNP_ORYSA 3'(2'),5'-bisphosphate nucleotidase OS=Oryza sativa OX=4530 GN=RHL PE=1 SV=1	0	N/A	N/A
g1150	sp|Q9M5P2|SCAM3_ARATH	65.132	304	100	2.71e-142	405	sp|Q9M5P2|SCAM3_ARATH Secretory carrier-associated membrane protein 3 OS=Arabidopsis thaliana OX=3702 GN=SCAMP3 PE=1 SV=1	0	N/A	N/A
g1150	sp|A2YMP7|SCAM1_ORYSI	64.052	306	100	9.96e-142	404	sp|A2YMP7|SCAM1_ORYSI Putative secretory carrier-associated membrane protein 1 OS=Oryza sativa subsp. indica OX=39946 GN=SCAMP1 PE=3 SV=1	0	N/A	N/A
g1150	sp|Q8H5X5|SCAM1_ORYSJ	64.052	306	100	1.65e-141	404	sp|Q8H5X5|SCAM1_ORYSJ Secretory carrier-associated membrane protein 1 OS=Oryza sativa subsp. japonica OX=39947 GN=SCAMP1 PE=2 SV=1	0	N/A	N/A
g1150	sp|Q75IC7|SCAM4_ORYSJ	63.245	302	98	1.70e-140	401	sp|Q75IC7|SCAM4_ORYSJ Secretory carrier-associated membrane protein 4 OS=Oryza sativa subsp. japonica OX=39947 GN=SCAMP4 PE=2 SV=1	0	N/A	N/A
g1150	sp|Q9SXA5|SCAM5_ARATH	64.052	306	100	3.86e-139	397	sp|Q9SXA5|SCAM5_ARATH Secretory carrier-associated membrane protein 5 OS=Arabidopsis thaliana OX=3702 GN=SCAMP5 PE=2 SV=2	0	N/A	N/A
g1151	sp|Q9FVC8|DAPA2_ARATH	81.081	333	88	0.0	585	sp|Q9FVC8|DAPA2_ARATH 4-hydroxy-tetrahydrodipicolinate synthase 2, chloroplastic OS=Arabidopsis thaliana OX=3702 GN=DHDPS2 PE=1 SV=2	0	N/A	N/A
g1151	sp|Q42948|DAPA_TOBAC	80.180	333	88	0.0	582	sp|Q42948|DAPA_TOBAC 4-hydroxy-tetrahydrodipicolinate synthase, chloroplastic OS=Nicotiana tabacum OX=4097 GN=DHPS1 PE=2 SV=1	0	N/A	N/A
g1151	sp|Q9LZX6|DAPA1_ARATH	74.933	371	97	0.0	575	sp|Q9LZX6|DAPA1_ARATH 4-hydroxy-tetrahydrodipicolinate synthase 1, chloroplastic OS=Arabidopsis thaliana OX=3702 GN=DHDPS1 PE=1 SV=2	0	N/A	N/A
g1151	sp|Q42800|DAPA_SOYBN	77.982	327	86	0.0	548	sp|Q42800|DAPA_SOYBN 4-hydroxy-tetrahydrodipicolinate synthase, chloroplastic OS=Glycine max OX=3847 GN=DHPS1 PE=2 SV=1	0	N/A	N/A
g1151	sp|P26259|DAPA_MAIZE	69.377	369	97	0.0	545	sp|P26259|DAPA_MAIZE 4-hydroxy-tetrahydrodipicolinate synthase, chloroplastic OS=Zea mays OX=4577 PE=1 SV=2	0	N/A	N/A
g1157	sp|Q0WW40|FBK5_ARATH	25.688	327	81	3.32e-19	91.7	sp|Q0WW40|FBK5_ARATH F-box/kelch-repeat protein At1g16250 OS=Arabidopsis thaliana OX=3702 GN=At1g16250 PE=2 SV=1	0	N/A	N/A
g1157	sp|Q9P2G9|KLHL8_HUMAN	27.511	229	59	3.70e-13	74.7	sp|Q9P2G9|KLHL8_HUMAN Kelch-like protein 8 OS=Homo sapiens OX=9606 GN=KLHL8 PE=1 SV=4	0	N/A	N/A
g1157	sp|Q84M94|FBK15_ARATH	24.790	238	58	4.40e-13	73.9	sp|Q84M94|FBK15_ARATH F-box/kelch-repeat protein At1g26930 OS=Arabidopsis thaliana OX=3702 GN=At1g26930 PE=2 SV=1	0	N/A	N/A
g1157	sp|P59280|KLHL8_MOUSE	27.948	229	59	4.68e-13	74.3	sp|P59280|KLHL8_MOUSE Kelch-like protein 8 OS=Mus musculus OX=10090 GN=Klhl8 PE=2 SV=2	0	N/A	N/A
g1157	sp|Q9CAG8|FBK28_ARATH	29.586	169	42	3.19e-12	70.9	sp|Q9CAG8|FBK28_ARATH F-box/kelch-repeat protein At1g67480 OS=Arabidopsis thaliana OX=3702 GN=At1g67480 PE=2 SV=1	0	N/A	N/A
g1160	sp|Q8LK56|DME_ARATH	77.570	107	36	5.97e-47	172	sp|Q8LK56|DME_ARATH Transcriptional activator DEMETER OS=Arabidopsis thaliana OX=3702 GN=DME PE=1 SV=2	0	N/A	N/A
g1160	sp|Q9SJQ6|ROS1_ARATH	84.848	99	33	6.10e-47	172	sp|Q9SJQ6|ROS1_ARATH DNA glycosylase/AP lyase ROS1 OS=Arabidopsis thaliana OX=3702 GN=ROS1 PE=1 SV=2	0	N/A	N/A
g1160	sp|B8YIE8|ROS1C_ORYSJ	75.455	110	37	6.21e-46	169	sp|B8YIE8|ROS1C_ORYSJ Protein ROS1C OS=Oryza sativa subsp. japonica OX=39947 GN=ROS1C PE=2 SV=2	0	N/A	N/A
g1160	sp|C7IW64|ROS1A_ORYSJ	64.964	137	45	9.80e-45	166	sp|C7IW64|ROS1A_ORYSJ Protein ROS1A OS=Oryza sativa subsp. japonica OX=39947 GN=ROS1A PE=1 SV=2	0	N/A	N/A
g1160	sp|Q9SR66|DML2_ARATH	76.768	99	33	2.15e-42	159	sp|Q9SR66|DML2_ARATH DEMETER-like protein 2 OS=Arabidopsis thaliana OX=3702 GN=DML2 PE=3 SV=2	0	N/A	N/A
g1221	sp|Q680U9|TFB2_ARATH	75.670	448	99	0.0	726	sp|Q680U9|TFB2_ARATH General transcription and DNA repair factor IIH subunit TFB2 OS=Arabidopsis thaliana OX=3702 GN=TFB2 PE=2 SV=1	0	N/A	N/A
g1221	sp|P60027|TF2H4_PANTR	32.527	455	99	7.15e-82	263	sp|P60027|TF2H4_PANTR General transcription factor IIH subunit 4 OS=Pan troglodytes OX=9598 GN=GTF2H4 PE=3 SV=1	0	N/A	N/A
g1221	sp|Q92759|TF2H4_HUMAN	32.527	455	99	7.15e-82	263	sp|Q92759|TF2H4_HUMAN General transcription factor IIH subunit 4 OS=Homo sapiens OX=9606 GN=GTF2H4 PE=1 SV=1	0	N/A	N/A
g1221	sp|O70422|TF2H4_MOUSE	32.667	450	98	7.49e-81	260	sp|O70422|TF2H4_MOUSE General transcription factor IIH subunit 4 OS=Mus musculus OX=10090 GN=Gtf2h4 PE=1 SV=1	0	N/A	N/A
g1221	sp|P87303|TFB2_SCHPO	33.729	421	92	2.27e-74	243	sp|P87303|TFB2_SCHPO General transcription and DNA repair factor IIH subunit tfb2 OS=Schizosaccharomyces pombe (strain 972 / ATCC 24843) OX=284812 GN=tfb2 PE=1 SV=2	0	N/A	N/A
g1222	sp|P73625|MUTS2_SYNY3	30.238	883	95	5.38e-118	381	sp|P73625|MUTS2_SYNY3 Endonuclease MutS2 OS=Synechocystis sp. (strain ATCC 27184 / PCC 6803 / Kazusa) OX=1111708 GN=mutS2 PE=3 SV=1	0	N/A	N/A
g1222	sp|B8D298|MUTS2_HALOH	31.285	895	95	3.09e-98	328	sp|B8D298|MUTS2_HALOH Endonuclease MutS2 OS=Halothermothrix orenii (strain H 168 / OCM 544 / DSM 9562) OX=373903 GN=mutS2 PE=3 SV=1	0	N/A	N/A
g1222	sp|C3KTI4|MUTS2_CLOB6	29.238	879	95	4.46e-93	314	sp|C3KTI4|MUTS2_CLOB6 Endonuclease MutS2 OS=Clostridium botulinum (strain 657 / Type Ba4) OX=515621 GN=mutS2 PE=3 SV=1	0	N/A	N/A
g1222	sp|B1L0S3|MUTS2_CLOBM	29.091	880	95	1.46e-90	307	sp|B1L0S3|MUTS2_CLOBM Endonuclease MutS2 OS=Clostridium botulinum (strain Loch Maree / Type A3) OX=498214 GN=mutS2 PE=3 SV=1	0	N/A	N/A
g1222	sp|A5N245|MUTS2_CLOK5	29.459	869	95	8.53e-90	305	sp|A5N245|MUTS2_CLOK5 Endonuclease MutS2 OS=Clostridium kluyveri (strain ATCC 8527 / DSM 555 / NBRC 12016 / NCIMB 10680 / K1) OX=431943 GN=mutS2 PE=3 SV=1	0	N/A	N/A
g1252	sp|Q94ID6|ERF81_ARATH	82.667	75	55	2.40e-36	125	sp|Q94ID6|ERF81_ARATH Ethylene-responsive transcription factor 12 OS=Arabidopsis thaliana OX=3702 GN=ERF12 PE=1 SV=1	0	N/A	N/A
g1252	sp|Q40477|ERF4_TOBAC	86.667	60	44	2.19e-30	111	sp|Q40477|ERF4_TOBAC Ethylene-responsive transcription factor 4 OS=Nicotiana tabacum OX=4097 GN=ERF4 PE=1 SV=1	0	N/A	N/A
g1252	sp|Q9LW49|ERF4_NICSY	86.667	60	44	5.31e-30	110	sp|Q9LW49|ERF4_NICSY Ethylene-responsive transcription factor 4 OS=Nicotiana sylvestris OX=4096 GN=ERF4 PE=2 SV=1	0	N/A	N/A
g1252	sp|Q9FE67|ERF80_ARATH	80.000	65	48	5.40e-30	110	sp|Q9FE67|ERF80_ARATH Ethylene-responsive transcription factor 9 OS=Arabidopsis thaliana OX=3702 GN=ERF9 PE=1 SV=1	0	N/A	N/A
g1252	sp|O80339|ERF82_ARATH	84.483	58	43	2.92e-28	106	sp|O80339|ERF82_ARATH Ethylene-responsive transcription factor 3 OS=Arabidopsis thaliana OX=3702 GN=ERF3 PE=1 SV=1	0	N/A	N/A
g1310	sp|Q5SVZ6|ZMYM1_HUMAN	26.316	551	78	2.09e-44	175	sp|Q5SVZ6|ZMYM1_HUMAN Zinc finger MYM-type protein 1 OS=Homo sapiens OX=9606 GN=ZMYM1 PE=1 SV=1	0	N/A	N/A
g1310	sp|O43422|P52K_HUMAN	23.819	487	70	1.72e-17	90.5	sp|O43422|P52K_HUMAN 52 kDa repressor of the inhibitor of the protein kinase OS=Homo sapiens OX=9606 GN=THAP12 PE=1 SV=2	0	N/A	N/A
g1310	sp|Q9CUX1|P52K_MOUSE	22.133	497	72	3.15e-17	89.7	sp|Q9CUX1|P52K_MOUSE 52 kDa repressor of the inhibitor of the protein kinase OS=Mus musculus OX=10090 GN=Thap12 PE=2 SV=2	0	N/A	N/A
g1310	sp|O60290|ZN862_HUMAN	22.201	518	74	3.60e-07	57.4	sp|O60290|ZN862_HUMAN Zinc finger protein 862 OS=Homo sapiens OX=9606 GN=ZNF862 PE=1 SV=2	0	N/A	N/A
g1355	sp|Q9LMI0|TPS7_ARATH	70.093	856	99	0.0	1269	sp|Q9LMI0|TPS7_ARATH Probable alpha,alpha-trehalose-phosphate synthase [UDP-forming] 7 OS=Arabidopsis thaliana OX=3702 GN=TPS7 PE=1 SV=1	0	N/A	N/A
g1355	sp|O23617|TPS5_ARATH	61.983	847	98	0.0	1127	sp|O23617|TPS5_ARATH Alpha,alpha-trehalose-phosphate synthase [UDP-forming] 5 OS=Arabidopsis thaliana OX=3702 GN=TPS5 PE=1 SV=2	0	N/A	N/A
g1355	sp|Q94AH8|TPS6_ARATH	60.743	861	98	0.0	1111	sp|Q94AH8|TPS6_ARATH Alpha,alpha-trehalose-phosphate synthase [UDP-forming] 6 OS=Arabidopsis thaliana OX=3702 GN=TPS6 PE=1 SV=2	0	N/A	N/A
g1355	sp|Q0WUI9|TPS8_ARATH	58.983	846	98	0.0	1068	sp|Q0WUI9|TPS8_ARATH Probable alpha,alpha-trehalose-phosphate synthase [UDP-forming] 8 OS=Arabidopsis thaliana OX=3702 GN=TPS8 PE=2 SV=1	0	N/A	N/A
g1355	sp|Q9LRA7|TPS9_ARATH	57.876	857	99	0.0	1067	sp|Q9LRA7|TPS9_ARATH Probable alpha,alpha-trehalose-phosphate synthase [UDP-forming] 9 OS=Arabidopsis thaliana OX=3702 GN=TPS9 PE=2 SV=1	0	N/A	N/A
g1529	sp|Q40479|ERF2_TOBAC	53.000	100	31	4.93e-32	122	sp|Q40479|ERF2_TOBAC Ethylene-responsive transcription factor 2 OS=Nicotiana tabacum OX=4097 GN=ERF2 PE=2 SV=1	0	N/A	N/A
g1529	sp|Q9LW50|ERF2_NICSY	60.256	78	24	1.21e-29	116	sp|Q9LW50|ERF2_NICSY Ethylene-responsive transcription factor 2 OS=Nicotiana sylvestris OX=4096 GN=ERF2 PE=2 SV=1	0	N/A	N/A
g1529	sp|Q40476|ERF1_TOBAC	42.361	144	45	3.47e-29	115	sp|Q40476|ERF1_TOBAC Ethylene-responsive transcription factor 1 OS=Nicotiana tabacum OX=4097 GN=ERF1 PE=2 SV=1	0	N/A	N/A
g1529	sp|Q8L9K1|ERF99_ARATH	58.140	86	27	3.89e-28	112	sp|Q8L9K1|ERF99_ARATH Ethylene-responsive transcription factor 13 OS=Arabidopsis thaliana OX=3702 GN=ERF13 PE=1 SV=2	0	N/A	N/A
g1529	sp|Q84XB3|ERF1_SOLLC	57.692	78	24	1.18e-27	111	sp|Q84XB3|ERF1_SOLLC Ethylene-responsive transcription factor 1 OS=Solanum lycopersicum OX=4081 GN=ERF1 PE=2 SV=1	0	N/A	N/A
g1530	sp|Q40479|ERF2_TOBAC	43.750	144	45	2.84e-28	112	sp|Q40479|ERF2_TOBAC Ethylene-responsive transcription factor 2 OS=Nicotiana tabacum OX=4097 GN=ERF2 PE=2 SV=1	0	N/A	N/A
g1530	sp|Q8L9K1|ERF99_ARATH	54.545	99	31	2.24e-27	109	sp|Q8L9K1|ERF99_ARATH Ethylene-responsive transcription factor 13 OS=Arabidopsis thaliana OX=3702 GN=ERF13 PE=1 SV=2	0	N/A	N/A
g1530	sp|Q9LW48|ERF5_NICSY	57.831	83	26	9.62e-26	107	sp|Q9LW48|ERF5_NICSY Ethylene-responsive transcription factor 5 OS=Nicotiana sylvestris OX=4096 GN=ERF5 PE=2 SV=1	0	N/A	N/A
g1530	sp|Q40476|ERF1_TOBAC	44.615	130	41	2.84e-25	104	sp|Q40476|ERF1_TOBAC Ethylene-responsive transcription factor 1 OS=Nicotiana tabacum OX=4097 GN=ERF1 PE=2 SV=1	0	N/A	N/A
g1530	sp|O80338|EF101_ARATH	57.143	91	28	3.49e-25	104	sp|O80338|EF101_ARATH Ethylene-responsive transcription factor 2 OS=Arabidopsis thaliana OX=3702 GN=ERF2 PE=2 SV=1	0	N/A	N/A
g1598	sp|F4J158|DTX24_ARATH	51.153	477	98	1.46e-179	515	sp|F4J158|DTX24_ARATH Protein DETOXIFICATION 24 OS=Arabidopsis thaliana OX=3702 GN=DTX24 PE=2 SV=1	0	N/A	N/A
g1598	sp|Q8L616|DTX25_ARATH	51.797	473	96	1.10e-177	511	sp|Q8L616|DTX25_ARATH Protein DETOXIFICATION 25 OS=Arabidopsis thaliana OX=3702 GN=DTX25 PE=2 SV=1	0	N/A	N/A
g1598	sp|Q8W488|DTX21_ARATH	48.504	468	96	8.40e-160	465	sp|Q8W488|DTX21_ARATH Protein DETOXIFICATION 21 OS=Arabidopsis thaliana OX=3702 GN=DTX21 PE=1 SV=1	0	N/A	N/A
g1598	sp|F4HPH2|DTX20_ARATH	47.890	474	97	6.81e-158	460	sp|F4HPH2|DTX20_ARATH Protein DETOXIFICATION 20 OS=Arabidopsis thaliana OX=3702 GN=DTX20 PE=3 SV=1	0	N/A	N/A
g1598	sp|F4HPH1|DTX22_ARATH	47.436	468	96	1.30e-153	449	sp|F4HPH1|DTX22_ARATH Protein DETOXIFICATION 22 OS=Arabidopsis thaliana OX=3702 GN=DTX22 PE=2 SV=1	0	N/A	N/A
g1599	sp|F4HVY0|CER1_ARATH	56.667	360	99	2.92e-149	437	sp|F4HVY0|CER1_ARATH Very-long-chain aldehyde decarbonylase CER1 OS=Arabidopsis thaliana OX=3702 GN=CER1 PE=1 SV=1	0	N/A	N/A
g1599	sp|B8BHF1|GLO15_ORYSI	55.402	361	99	8.81e-148	434	sp|B8BHF1|GLO15_ORYSI Very-long-chain aldehyde decarbonylase GL1-5 OS=Oryza sativa subsp. indica OX=39946 GN=GL1-5 PE=2 SV=1	0	N/A	N/A
g1599	sp|Q7XDI3|GLO15_ORYSJ	55.402	361	99	1.00e-147	433	sp|Q7XDI3|GLO15_ORYSJ Very-long-chain aldehyde decarbonylase GL1-5 OS=Oryza sativa subsp. japonica OX=39947 GN=GL1-5 PE=1 SV=1	0	N/A	N/A
g1599	sp|F4HVX7|CERL1_ARATH	51.630	368	99	1.06e-131	393	sp|F4HVX7|CERL1_ARATH Protein CER1-like 1 OS=Arabidopsis thaliana OX=3702 GN=At1g02190 PE=2 SV=1	0	N/A	N/A
g1599	sp|B8AFI3|GLO14_ORYSI	51.389	360	99	5.49e-129	385	sp|B8AFI3|GLO14_ORYSI Very-long-chain aldehyde decarbonylase GL1-4 OS=Oryza sativa subsp. indica OX=39946 GN=GL1-4 PE=3 SV=1	0	N/A	N/A
g1601	sp|Q9LZX8|BIG2_ARATH	71.468	1798	99	0.0	2555	sp|Q9LZX8|BIG2_ARATH Brefeldin A-inhibited guanine nucleotide-exchange protein 2 OS=Arabidopsis thaliana OX=3702 GN=BIG2 PE=2 SV=1	0	N/A	N/A
g1601	sp|Q9LPC5|BIG3_ARATH	69.719	1780	99	0.0	2466	sp|Q9LPC5|BIG3_ARATH Brefeldin A-inhibited guanine nucleotide-exchange protein 3 OS=Arabidopsis thaliana OX=3702 GN=BIG3 PE=1 SV=1	0	N/A	N/A
g1601	sp|F4JSZ5|BIG1_ARATH	47.603	1773	99	0.0	1598	sp|F4JSZ5|BIG1_ARATH Brefeldin A-inhibited guanine nucleotide-exchange protein 1 OS=Arabidopsis thaliana OX=3702 GN=BIG1 PE=2 SV=1	0	N/A	N/A
g1601	sp|F4JN05|BIG4_ARATH	47.549	1775	99	0.0	1560	sp|F4JN05|BIG4_ARATH Brefeldin A-inhibited guanine nucleotide-exchange protein 4 OS=Arabidopsis thaliana OX=3702 GN=BIG4 PE=3 SV=1	0	N/A	N/A
g1601	sp|Q9Y6D5|BIG2_HUMAN	33.835	1794	94	0.0	883	sp|Q9Y6D5|BIG2_HUMAN Brefeldin A-inhibited guanine nucleotide-exchange protein 2 OS=Homo sapiens OX=9606 GN=ARFGEF2 PE=1 SV=3	0	N/A	N/A
g1979	sp|P24859|SEC14_KLULA	27.755	245	95	1.60e-13	72.0	sp|P24859|SEC14_KLULA SEC14 cytosolic factor OS=Kluyveromyces lactis (strain ATCC 8585 / CBS 2359 / DSM 70799 / NBRC 1267 / NRRL Y-1140 / WM37) OX=284590 GN=SEC14 PE=3 SV=2	0	N/A	N/A
g1979	sp|Q10137|SEC14_SCHPO	25.806	248	95	3.99e-13	70.5	sp|Q10137|SEC14_SCHPO Sec14 cytosolic factor OS=Schizosaccharomyces pombe (strain 972 / ATCC 24843) OX=284812 GN=sec14 PE=4 SV=1	0	N/A	N/A
g1979	sp|P24280|SEC14_YEAST	27.755	245	95	1.81e-12	68.9	sp|P24280|SEC14_YEAST SEC14 cytosolic factor OS=Saccharomyces cerevisiae (strain ATCC 204508 / S288c) OX=559292 GN=SEC14 PE=1 SV=3	0	N/A	N/A
g1979	sp|P33324|YKJ1_YEAST	26.459	257	97	2.81e-12	68.6	sp|P33324|YKJ1_YEAST CRAL-TRIO domain-containing protein YKL091C OS=Saccharomyces cerevisiae (strain ATCC 204508 / S288c) OX=559292 GN=YKL091C PE=1 SV=2	0	N/A	N/A
g1979	sp|P53989|SEC14_CANGA	27.049	244	94	6.12e-12	67.4	sp|P53989|SEC14_CANGA SEC14 cytosolic factor OS=Candida glabrata (strain ATCC 2001 / BCRC 20586 / JCM 3761 / NBRC 0622 / NRRL Y-65 / CBS 138) OX=284593 GN=SEC14 PE=3 SV=1	0	N/A	N/A
g1980	sp|Q10137|SEC14_SCHPO	27.049	244	94	2.67e-17	82.0	sp|Q10137|SEC14_SCHPO Sec14 cytosolic factor OS=Schizosaccharomyces pombe (strain 972 / ATCC 24843) OX=284812 GN=sec14 PE=4 SV=1	0	N/A	N/A
g1980	sp|P24280|SEC14_YEAST	25.410	244	95	7.02e-16	78.6	sp|P24280|SEC14_YEAST SEC14 cytosolic factor OS=Saccharomyces cerevisiae (strain ATCC 204508 / S288c) OX=559292 GN=SEC14 PE=1 SV=3	0	N/A	N/A
g1980	sp|P24859|SEC14_KLULA	25.506	247	95	1.25e-15	77.8	sp|P24859|SEC14_KLULA SEC14 cytosolic factor OS=Kluyveromyces lactis (strain ATCC 8585 / CBS 2359 / DSM 70799 / NBRC 1267 / NRRL Y-1140 / WM37) OX=284590 GN=SEC14 PE=3 SV=2	0	N/A	N/A
g1980	sp|P33324|YKJ1_YEAST	27.778	234	87	5.68e-15	76.3	sp|P33324|YKJ1_YEAST CRAL-TRIO domain-containing protein YKL091C OS=Saccharomyces cerevisiae (strain ATCC 204508 / S288c) OX=559292 GN=YKL091C PE=1 SV=2	0	N/A	N/A
g1980	sp|P53989|SEC14_CANGA	25.103	243	94	1.92e-14	74.3	sp|P53989|SEC14_CANGA SEC14 cytosolic factor OS=Candida glabrata (strain ATCC 2001 / BCRC 20586 / JCM 3761 / NBRC 0622 / NRRL Y-65 / CBS 138) OX=284593 GN=SEC14 PE=3 SV=1	0	N/A	N/A
g2399	sp|O04486|RAA2A_ARATH	86.636	217	100	3.47e-137	385	sp|O04486|RAA2A_ARATH Ras-related protein RABA2a OS=Arabidopsis thaliana OX=3702 GN=RABA2A PE=2 SV=1	0	N/A	N/A
g2399	sp|Q39434|RB2BV_BETVU	75.234	214	99	2.10e-121	345	sp|Q39434|RB2BV_BETVU Ras-related protein Rab2BV OS=Beta vulgaris OX=161934 GN=RAB2BV PE=2 SV=1	0	N/A	N/A
g2399	sp|Q40193|RB11C_LOTJA	73.611	216	99	4.02e-118	337	sp|Q40193|RB11C_LOTJA Ras-related protein Rab11C OS=Lotus japonicus OX=34305 GN=RAB11C PE=2 SV=1	0	N/A	N/A
g2399	sp|Q9LNW1|RAA2B_ARATH	74.299	214	99	5.94e-118	337	sp|Q9LNW1|RAA2B_ARATH Ras-related protein RABA2b OS=Arabidopsis thaliana OX=3702 GN=RABA2B PE=2 SV=2	0	N/A	N/A
g2399	sp|Q96283|RAA2C_ARATH	74.324	222	99	1.53e-115	331	sp|Q96283|RAA2C_ARATH Ras-related protein RABA2c OS=Arabidopsis thaliana OX=3702 GN=RABA2C PE=2 SV=4	0	N/A	N/A
g2400	sp|Q9ZRE2|RABD1_ARATH	84.804	204	100	8.29e-127	358	sp|Q9ZRE2|RABD1_ARATH Ras-related protein RABD1 OS=Arabidopsis thaliana OX=3702 GN=RABD1 PE=1 SV=1	0	N/A	N/A
g2400	sp|Q9SEH3|RAD2C_ARATH	81.000	200	99	7.39e-121	343	sp|Q9SEH3|RAD2C_ARATH Ras-related protein RABD2c OS=Arabidopsis thaliana OX=3702 GN=RABD2C PE=1 SV=1	0	N/A	N/A
g2400	sp|Q05737|YPTM2_MAIZE	79.104	201	99	2.62e-119	339	sp|Q05737|YPTM2_MAIZE GTP-binding protein YPTM2 OS=Zea mays OX=4577 GN=YPTM2 PE=2 SV=1	0	N/A	N/A
g2400	sp|P28188|RAD2A_ARATH	79.104	201	99	3.71e-119	339	sp|P28188|RAD2A_ARATH Ras-related protein RABD2a OS=Arabidopsis thaliana OX=3702 GN=RABD2A PE=1 SV=3	0	N/A	N/A
g2400	sp|Q9FPJ4|RAD2B_ARATH	80.000	200	99	6.20e-119	338	sp|Q9FPJ4|RAD2B_ARATH Ras-related protein RABD2b OS=Arabidopsis thaliana OX=3702 GN=RABD2B PE=1 SV=1	0	N/A	N/A
g3167	sp|Q27GK7|TPR4_ARATH	74.738	1144	100	0.0	1767	sp|Q27GK7|TPR4_ARATH Topless-related protein 4 OS=Arabidopsis thaliana OX=3702 GN=TPR4 PE=1 SV=2	0	N/A	N/A
g3167	sp|Q10NY2|TPR3_ORYSJ	72.940	1153	100	0.0	1740	sp|Q10NY2|TPR3_ORYSJ Protein TPR3 OS=Oryza sativa subsp. japonica OX=39947 GN=TPR3 PE=1 SV=1	0	N/A	N/A
g3167	sp|Q94AI7|TPL_ARATH	72.664	1145	100	0.0	1716	sp|Q94AI7|TPL_ARATH Protein TOPLESS OS=Arabidopsis thaliana OX=3702 GN=TPL PE=1 SV=1	0	N/A	N/A
g3167	sp|Q0WV90|TPR1_ARATH	71.790	1145	100	0.0	1709	sp|Q0WV90|TPR1_ARATH Topless-related protein 1 OS=Arabidopsis thaliana OX=3702 GN=TPR1 PE=1 SV=3	0	N/A	N/A
g3167	sp|Q0J7U6|TPR2_ORYSJ	66.084	1144	99	0.0	1573	sp|Q0J7U6|TPR2_ORYSJ Protein TOPLESS-RELATED PROTEIN 2 OS=Oryza sativa subsp. japonica OX=39947 GN=TPR2 PE=1 SV=1	0	N/A	N/A
g4047	sp|Q9LEX0|P2A13_ARATH	51.264	277	98	2.51e-96	288	sp|Q9LEX0|P2A13_ARATH F-box protein PP2-A13 OS=Arabidopsis thaliana OX=3702 GN=PP2A13 PE=1 SV=1	0	N/A	N/A
g4047	sp|Q9LN77|P2A12_ARATH	51.938	258	92	1.18e-95	286	sp|Q9LN77|P2A12_ARATH F-box protein PP2-A12 OS=Arabidopsis thaliana OX=3702 GN=P2A12 PE=2 SV=1	0	N/A	N/A
g4047	sp|Q9FJ80|P2A14_ARATH	47.535	284	99	2.20e-91	275	sp|Q9FJ80|P2A14_ARATH F-box protein PP2-A14 OS=Arabidopsis thaliana OX=3702 GN=PP2A14 PE=1 SV=1	0	N/A	N/A
g4047	sp|Q9CAN4|P2A11_ARATH	49.110	281	99	9.29e-91	273	sp|Q9CAN4|P2A11_ARATH F-box protein PP2-A11 OS=Arabidopsis thaliana OX=3702 GN=PP2A11 PE=1 SV=1	0	N/A	N/A
g4047	sp|Q9LF92|P2A15_ARATH	48.084	287	99	2.85e-86	262	sp|Q9LF92|P2A15_ARATH F-box protein PP2-A15 OS=Arabidopsis thaliana OX=3702 GN=PP2A15 PE=2 SV=1	0	N/A	N/A
g4181	sp|K4BIZ9|WRK70_SOLLC	38.636	264	83	2.77e-39	142	sp|K4BIZ9|WRK70_SOLLC WRKY DNA-binding transcription factor 70 OS=Solanum lycopersicum OX=4081 GN=WRKY70 PE=2 SV=1	0	N/A	N/A
g4181	sp|Q9LY00|WRK70_ARATH	37.118	229	68	7.73e-36	134	sp|Q9LY00|WRK70_ARATH Probable WRKY transcription factor 70 OS=Arabidopsis thaliana OX=3702 GN=WRKY70 PE=1 SV=1	0	N/A	N/A
g4181	sp|Q93WU8|WRK54_ARATH	41.250	160	45	6.28e-30	119	sp|Q93WU8|WRK54_ARATH Probable WRKY transcription factor 54 OS=Arabidopsis thaliana OX=3702 GN=WRKY54 PE=1 SV=2	0	N/A	N/A
g4181	sp|Q0DFT7|WRK19_ORYSJ	46.512	86	27	3.23e-22	97.1	sp|Q0DFT7|WRK19_ORYSJ Transcription factor WRKY19 OS=Oryza sativa subsp. japonica OX=39947 GN=WRKY19 PE=2 SV=1	0	N/A	N/A
g4181	sp|B8AWM1|WK452_ORYSI	32.184	174	53	4.24e-22	97.8	sp|B8AWM1|WK452_ORYSI Transcription factor WRKY45-2 OS=Oryza sativa subsp. indica OX=39946 GN=WRKY45-2 PE=2 SV=1	0	N/A	N/A
g4190	sp|Q8GYH6|RTNLP_ARATH	63.507	211	93	1.33e-96	284	sp|Q8GYH6|RTNLP_ARATH Reticulon-like protein B16 OS=Arabidopsis thaliana OX=3702 GN=RTNLB16 PE=2 SV=1	0	N/A	N/A
g4190	sp|Q9SH59|RTNLC_ARATH	34.928	209	92	5.56e-43	148	sp|Q9SH59|RTNLC_ARATH Reticulon-like protein B3 OS=Arabidopsis thaliana OX=3702 GN=RTNLB3 PE=2 SV=1	0	N/A	N/A
g4190	sp|Q9SUR3|RTNLA_ARATH	33.990	203	89	7.19e-43	149	sp|Q9SUR3|RTNLA_ARATH Reticulon-like protein B1 OS=Arabidopsis thaliana OX=3702 GN=RTNLB1 PE=1 SV=1	0	N/A	N/A
g4190	sp|Q9SUT9|RTNLB_ARATH	34.975	203	89	1.30e-42	148	sp|Q9SUT9|RTNLB_ARATH Reticulon-like protein B2 OS=Arabidopsis thaliana OX=3702 GN=RTNLB2 PE=1 SV=1	0	N/A	N/A
g4190	sp|Q6DBN4|RTNLF_ARATH	34.146	205	90	2.40e-42	147	sp|Q6DBN4|RTNLF_ARATH Reticulon-like protein B6 OS=Arabidopsis thaliana OX=3702 GN=RTNLB6 PE=1 SV=1	0	N/A	N/A
g4191	sp|P35017|SODM_HEVBR	81.545	233	100	7.08e-138	389	sp|P35017|SODM_HEVBR Superoxide dismutase [Mn], mitochondrial OS=Hevea brasiliensis OX=3981 GN=SODA PE=2 SV=1	0	N/A	N/A
g4191	sp|P11796|SODM_NICPL	80.000	230	100	2.00e-136	385	sp|P11796|SODM_NICPL Superoxide dismutase [Mn], mitochondrial OS=Nicotiana plumbaginifolia OX=4092 GN=SODA PE=1 SV=1	0	N/A	N/A
g4191	sp|Q9SM64|SODM_PRUPE	79.565	230	100	1.12e-134	380	sp|Q9SM64|SODM_PRUPE Superoxide dismutase [Mn], mitochondrial OS=Prunus persica OX=3760 GN=SOD PE=2 SV=1	0	N/A	N/A
g4191	sp|O81235|SODM1_ARATH	79.476	229	99	1.18e-133	378	sp|O81235|SODM1_ARATH Superoxide dismutase [Mn] 1, mitochondrial OS=Arabidopsis thaliana OX=3702 GN=MSD1 PE=1 SV=2	0	N/A	N/A
g4191	sp|O49066|SODM_CAPAN	76.522	230	100	1.26e-129	367	sp|O49066|SODM_CAPAN Superoxide dismutase [Mn], mitochondrial OS=Capsicum annuum OX=4072 GN=SODA PE=2 SV=1	0	N/A	N/A
g4193	sp|P80065|INVB_DAUCA	53.834	652	99	0.0	708	sp|P80065|INVB_DAUCA Beta-fructofuranosidase, soluble isoenzyme I OS=Daucus carota OX=4039 GN=INV*DC4 PE=1 SV=2	0	N/A	N/A
g4193	sp|P29000|INVA_SOLLC	56.406	562	90	0.0	664	sp|P29000|INVA_SOLLC Acid beta-fructofuranosidase OS=Solanum lycopersicum OX=4081 GN=TIV1 PE=2 SV=1	0	N/A	N/A
g4193	sp|H2DF88|RHVI2_ROSHC	51.895	607	97	0.0	657	sp|H2DF88|RHVI2_ROSHC Acid beta-fructofuranosidase 2, vacuolar OS=Rosa hybrid cultivar OX=128735 PE=2 SV=1	0	N/A	N/A
g4193	sp|P93761|INV1_CAPAN	55.258	561	90	0.0	643	sp|P93761|INV1_CAPAN Acid beta-fructofuranosidase AIV-18 OS=Capsicum annuum OX=4072 PE=2 SV=1	0	N/A	N/A
g4193	sp|P29001|INVA_VIGRR	52.289	568	91	0.0	628	sp|P29001|INVA_VIGRR Acid beta-fructofuranosidase OS=Vigna radiata var. radiata OX=3916 GN=INVA PE=1 SV=1	0	N/A	N/A
g4458	sp|Q9LYS2|AB10C_ARATH	62.903	62	54	5.90e-20	87.0	sp|Q9LYS2|AB10C_ARATH ABC transporter C family member 10 OS=Arabidopsis thaliana OX=3702 GN=ABCC10 PE=2 SV=2	0	N/A	N/A
g4458	sp|Q8VZZ4|AB6C_ARATH	41.071	56	49	1.67e-08	54.3	sp|Q8VZZ4|AB6C_ARATH ABC transporter C family member 6 OS=Arabidopsis thaliana OX=3702 GN=ABCC6 PE=2 SV=3	0	N/A	N/A
g4458	sp|Q7GB25|AB5C_ARATH	39.286	56	49	1.39e-07	51.6	sp|Q7GB25|AB5C_ARATH ABC transporter C family member 5 OS=Arabidopsis thaliana OX=3702 GN=ABCC5 PE=2 SV=2	0	N/A	N/A
g4458	sp|Q10RX7|AB13C_ORYSJ	38.333	60	53	5.10e-07	50.1	sp|Q10RX7|AB13C_ORYSJ ABC transporter C family member 13 OS=Oryza sativa subsp. japonica OX=39947 GN=ABCC13 PE=2 SV=1	0	N/A	N/A
g4458	sp|A2XCD4|AB13C_ORYSI	38.333	60	53	5.10e-07	50.1	sp|A2XCD4|AB13C_ORYSI ABC transporter C family member 13 OS=Oryza sativa subsp. indica OX=39946 GN=ABCC13 PE=3 SV=1	0	N/A	N/A
g4459	sp|Q9LYS2|AB10C_ARATH	63.866	119	94	1.92e-47	166	sp|Q9LYS2|AB10C_ARATH ABC transporter C family member 10 OS=Arabidopsis thaliana OX=3702 GN=ABCC10 PE=2 SV=2	0	N/A	N/A
g4459	sp|Q8LGU1|AB8C_ARATH	41.739	115	91	6.20e-24	99.0	sp|Q8LGU1|AB8C_ARATH ABC transporter C family member 8 OS=Arabidopsis thaliana OX=3702 GN=ABCC8 PE=2 SV=3	0	N/A	N/A
g4459	sp|Q9LZJ5|AB14C_ARATH	37.288	118	93	2.51e-18	82.8	sp|Q9LZJ5|AB14C_ARATH ABC transporter C family member 14 OS=Arabidopsis thaliana OX=3702 GN=ABCC14 PE=1 SV=1	0	N/A	N/A
g4459	sp|Q7DM58|AB4C_ARATH	33.594	128	100	1.38e-17	80.9	sp|Q7DM58|AB4C_ARATH ABC transporter C family member 4 OS=Arabidopsis thaliana OX=3702 GN=ABCC4 PE=1 SV=2	0	N/A	N/A
g4459	sp|Q8VZZ4|AB6C_ARATH	35.714	112	88	6.40e-17	79.0	sp|Q8VZZ4|AB6C_ARATH ABC transporter C family member 6 OS=Arabidopsis thaliana OX=3702 GN=ABCC6 PE=2 SV=3	0	N/A	N/A
g4460	sp|Q9LYS2|AB10C_ARATH	57.627	59	79	1.32e-19	84.0	sp|Q9LYS2|AB10C_ARATH ABC transporter C family member 10 OS=Arabidopsis thaliana OX=3702 GN=ABCC10 PE=2 SV=2	0	N/A	N/A
g4460	sp|Q9LK64|AB3C_ARATH	55.357	56	75	3.46e-16	74.3	sp|Q9LK64|AB3C_ARATH ABC transporter C family member 3 OS=Arabidopsis thaliana OX=3702 GN=ABCC3 PE=1 SV=1	0	N/A	N/A
g4460	sp|A7KVC2|AB4C_MAIZE	48.276	58	77	1.15e-14	70.1	sp|A7KVC2|AB4C_MAIZE ABC transporter C family MRP4 OS=Zea mays OX=4577 GN=MRP4 PE=2 SV=1	0	N/A	N/A
g4460	sp|Q8LGU1|AB8C_ARATH	41.667	60	80	2.10e-14	69.3	sp|Q8LGU1|AB8C_ARATH ABC transporter C family member 8 OS=Arabidopsis thaliana OX=3702 GN=ABCC8 PE=2 SV=3	0	N/A	N/A
g4460	sp|Q10RX7|AB13C_ORYSJ	44.828	58	77	1.00e-13	67.4	sp|Q10RX7|AB13C_ORYSJ ABC transporter C family member 13 OS=Oryza sativa subsp. japonica OX=39947 GN=ABCC13 PE=2 SV=1	0	N/A	N/A
g4462	sp|A2YQ93|PRR37_ORYSI	44.429	700	88	1.26e-127	397	sp|A2YQ93|PRR37_ORYSI Two-component response regulator-like PRR37 OS=Oryza sativa subsp. indica OX=39946 GN=PRR37 PE=2 SV=2	0	N/A	N/A
g4462	sp|A2XFB7|PRR73_ORYSI	43.188	690	87	3.49e-125	392	sp|A2XFB7|PRR73_ORYSI Two-component response regulator-like PRR73 OS=Oryza sativa subsp. indica OX=39946 GN=PRR73 PE=2 SV=2	0	N/A	N/A
g4462	sp|Q10N34|PRR73_ORYSJ	43.188	690	87	4.32e-125	391	sp|Q10N34|PRR73_ORYSJ Two-component response regulator-like PRR73 OS=Oryza sativa subsp. japonica OX=39947 GN=PRR73 PE=2 SV=1	0	N/A	N/A
g4462	sp|Q0D3B6|PRR37_ORYSJ	43.840	698	88	1.78e-123	386	sp|Q0D3B6|PRR37_ORYSJ Two-component response regulator-like PRR37 OS=Oryza sativa subsp. japonica OX=39947 GN=PRR37 PE=2 SV=1	0	N/A	N/A
g4462	sp|Q93WK5|APRR7_ARATH	58.596	285	87	1.02e-91	303	sp|Q93WK5|APRR7_ARATH Two-component response regulator-like APRR7 OS=Arabidopsis thaliana OX=3702 GN=APRR7 PE=1 SV=1	0	N/A	N/A
g4462	sp|Q93WK5|APRR7_ARATH	38.730	315	87	4.05e-30	130	sp|Q93WK5|APRR7_ARATH Two-component response regulator-like APRR7 OS=Arabidopsis thaliana OX=3702 GN=APRR7 PE=1 SV=1	0	N/A	N/A
g4463	sp|Q1PDV6|PBL27_ARATH	74.935	387	99	0.0	582	sp|Q1PDV6|PBL27_ARATH Serine/threonine-protein kinase PBL27 OS=Arabidopsis thaliana OX=3702 GN=PBL27 PE=1 SV=1	0	N/A	N/A
g4463	sp|Q0WRY5|PBL7_ARATH	75.798	376	97	0.0	568	sp|Q0WRY5|PBL7_ARATH Probable serine/threonine-protein kinase PBL7 OS=Arabidopsis thaliana OX=3702 GN=PBL7 PE=1 SV=1	0	N/A	N/A
g4463	sp|Q6I5Q6|RK185_ORYSJ	78.613	346	90	0.0	551	sp|Q6I5Q6|RK185_ORYSJ Receptor-like cytoplasmic kinase 185 OS=Oryza sativa subsp. japonica OX=39947 GN=RLCK185 PE=1 SV=1	0	N/A	N/A
g4463	sp|Q9FE20|PBS1_ARATH	68.354	395	99	0.0	540	sp|Q9FE20|PBS1_ARATH Serine/threonine-protein kinase PBS1 OS=Arabidopsis thaliana OX=3702 GN=PBS1 PE=1 SV=1	0	N/A	N/A
g4463	sp|Q9LQQ8|PBL5_ARATH	63.659	410	99	0.0	524	sp|Q9LQQ8|PBL5_ARATH Probable serine/threonine-protein kinase PBL5 OS=Arabidopsis thaliana OX=3702 GN=PBL5 PE=2 SV=1	0	N/A	N/A
g4464	sp|Q6ZT07|TBCD9_HUMAN	33.639	327	36	2.74e-41	167	sp|Q6ZT07|TBCD9_HUMAN TBC1 domain family member 9 OS=Homo sapiens OX=9606 GN=TBC1D9 PE=1 SV=2	0	N/A	N/A
g4464	sp|Q3UYK3|TBCD9_MOUSE	39.286	252	30	4.86e-41	166	sp|Q3UYK3|TBCD9_MOUSE TBC1 domain family member 9 OS=Mus musculus OX=10090 GN=Tbc1d9 PE=2 SV=2	0	N/A	N/A
g4464	sp|Q9Z1A9|TBCD8_MOUSE	32.831	332	37	2.68e-40	164	sp|Q9Z1A9|TBCD8_MOUSE TBC1 domain family member 8 OS=Mus musculus OX=10090 GN=Tbc1d8 PE=1 SV=2	0	N/A	N/A
g4464	sp|Q0IIM8|TBC8B_HUMAN	33.025	324	36	3.12e-40	164	sp|Q0IIM8|TBC8B_HUMAN TBC1 domain family member 8B OS=Homo sapiens OX=9606 GN=TBC1D8B PE=1 SV=2	0	N/A	N/A
g4464	sp|O95759|TBCD8_HUMAN	33.133	332	37	7.99e-40	162	sp|O95759|TBCD8_HUMAN TBC1 domain family member 8 OS=Homo sapiens OX=9606 GN=TBC1D8 PE=1 SV=3	0	N/A	N/A
g5985	sp|Q9FQ04|XRN4_ARATH	56.654	526	94	0.0	582	sp|Q9FQ04|XRN4_ARATH 5'-3' exoribonuclease 4 OS=Arabidopsis thaliana OX=3702 GN=XRN4 PE=1 SV=1	0	N/A	N/A
g5985	sp|Q9FQ03|XRN3_ARATH	49.465	374	64	4.12e-116	370	sp|Q9FQ03|XRN3_ARATH 5'-3' exoribonuclease 3 OS=Arabidopsis thaliana OX=3702 GN=XRN3 PE=1 SV=1	0	N/A	N/A
g5985	sp|Q9FQ02|XRN2_ARATH	44.477	344	60	1.24e-92	308	sp|Q9FQ02|XRN2_ARATH 5'-3' exoribonuclease 2 OS=Arabidopsis thaliana OX=3702 GN=XRN2 PE=1 SV=1	0	N/A	N/A
g5985	sp|P40848|XRN2_SCHPO	43.770	313	54	6.85e-66	234	sp|P40848|XRN2_SCHPO 5'-3' exoribonuclease 2 OS=Schizosaccharomyces pombe (strain 972 / ATCC 24843) OX=284812 GN=dhp1 PE=1 SV=1	0	N/A	N/A
g5985	sp|Q9H0D6|XRN2_HUMAN	39.617	366	66	1.38e-63	227	sp|Q9H0D6|XRN2_HUMAN 5'-3' exoribonuclease 2 OS=Homo sapiens OX=9606 GN=XRN2 PE=1 SV=1	0	N/A	N/A
g5986	sp|P73068|RUBR_SYNY3	41.964	112	58	1.88e-24	95.5	sp|P73068|RUBR_SYNY3 Rubredoxin OS=Synechocystis sp. (strain ATCC 27184 / PCC 6803 / Kazusa) OX=1111708 GN=rub PE=3 SV=1	0	N/A	N/A
g5986	sp|Q9XBL8|RUBR_TRIV2	46.729	107	54	7.80e-23	91.3	sp|Q9XBL8|RUBR_TRIV2 Rubredoxin OS=Trichormus variabilis (strain ATCC 29413 / PCC 7937) OX=240292 GN=rub PE=3 SV=1	0	N/A	N/A
g5986	sp|Q9WWN1|RUBR_NOSS1	46.729	107	54	1.05e-22	90.9	sp|Q9WWN1|RUBR_NOSS1 Rubredoxin OS=Nostoc sp. (strain PCC 7120 / SAG 25.82 / UTEX 2576) OX=103690 GN=rub PE=3 SV=2	0	N/A	N/A
g5986	sp|P24297|RUBR_PYRFU	57.778	45	24	4.41e-13	64.3	sp|P24297|RUBR_PYRFU Rubredoxin OS=Pyrococcus furiosus (strain ATCC 43587 / DSM 3638 / JCM 8422 / Vc1) OX=186497 GN=rub PE=1 SV=2	0	N/A	N/A
g5986	sp|Q9V099|RUBR_PYRAB	53.191	47	25	2.16e-12	62.4	sp|Q9V099|RUBR_PYRAB Rubredoxin OS=Pyrococcus abyssi (strain GE5 / Orsay) OX=272844 GN=rub PE=1 SV=1	0	N/A	N/A
g5987	sp|Q9SZL8|FRS5_ARATH	27.113	284	86	1.45e-17	86.3	sp|Q9SZL8|FRS5_ARATH Protein FAR1-RELATED SEQUENCE 5 OS=Arabidopsis thaliana OX=3702 GN=FRS5 PE=1 SV=1	0	N/A	N/A
g5987	sp|Q9SWG3|FAR1_ARATH	27.237	257	80	5.86e-11	66.6	sp|Q9SWG3|FAR1_ARATH Protein FAR-RED IMPAIRED RESPONSE 1 OS=Arabidopsis thaliana OX=3702 GN=FAR1 PE=1 SV=1	0	N/A	N/A
g5987	sp|Q3E7I5|FRS12_ARATH	25.630	238	80	4.68e-08	57.8	sp|Q3E7I5|FRS12_ARATH Protein FAR1-RELATED SEQUENCE 12 OS=Arabidopsis thaliana OX=3702 GN=FRS12 PE=2 SV=1	0	N/A	N/A
g5997	sp|Q9T0G7|SUVH9_ARATH	55.083	659	97	0.0	729	sp|Q9T0G7|SUVH9_ARATH Histone-lysine N-methyltransferase family member SUVH9 OS=Arabidopsis thaliana OX=3702 GN=SUVH9 PE=1 SV=1	0	N/A	N/A
g5997	sp|O22781|SUVH2_ARATH	52.276	681	100	0.0	721	sp|O22781|SUVH2_ARATH Histone-lysine N-methyltransferase family member SUVH2 OS=Arabidopsis thaliana OX=3702 GN=SUVH2 PE=1 SV=1	0	N/A	N/A
g5997	sp|Q9FF80|SUVH1_ARATH	39.804	510	78	1.82e-110	350	sp|Q9FF80|SUVH1_ARATH Histone-lysine N-methyltransferase, H3 lysine-9 specific SUVH1 OS=Arabidopsis thaliana OX=3702 GN=SUVH1 PE=2 SV=1	0	N/A	N/A
g5997	sp|Q93YF5|SUVH1_TOBAC	41.126	462	70	1.86e-105	338	sp|Q93YF5|SUVH1_TOBAC Histone-lysine N-methyltransferase, H3 lysine-9 specific SUVH1 OS=Nicotiana tabacum OX=4097 GN=SUVH1 PE=1 SV=1	0	N/A	N/A
g5997	sp|Q9C5P4|SUVH3_ARATH	38.866	476	71	8.86e-102	327	sp|Q9C5P4|SUVH3_ARATH Histone-lysine N-methyltransferase, H3 lysine-9 specific SUVH3 OS=Arabidopsis thaliana OX=3702 GN=SUVH3 PE=2 SV=2	0	N/A	N/A
g5998	sp|Q9UKV3|ACINU_HUMAN	40.336	119	16	6.11e-19	95.9	sp|Q9UKV3|ACINU_HUMAN Apoptotic chromatin condensation inducer in the nucleus OS=Homo sapiens OX=9606 GN=ACIN1 PE=1 SV=2	0	N/A	N/A
g5998	sp|Q9JIX8|ACINU_MOUSE	40.336	119	16	7.01e-19	95.5	sp|Q9JIX8|ACINU_MOUSE Apoptotic chromatin condensation inducer in the nucleus OS=Mus musculus OX=10090 GN=Acin1 PE=1 SV=3	0	N/A	N/A
g6031	sp|Q9SVA6|DRG3_ARATH	91.057	369	100	0.0	686	sp|Q9SVA6|DRG3_ARATH Developmentally-regulated G-protein 3 OS=Arabidopsis thaliana OX=3702 GN=DRG3 PE=1 SV=1	0	N/A	N/A
g6031	sp|Q9Y295|DRG1_HUMAN	71.390	367	99	0.0	550	sp|Q9Y295|DRG1_HUMAN Developmentally-regulated GTP-binding protein 1 OS=Homo sapiens OX=9606 GN=DRG1 PE=1 SV=1	0	N/A	N/A
g6031	sp|Q3MHP5|DRG1_BOVIN	71.390	367	99	0.0	550	sp|Q3MHP5|DRG1_BOVIN Developmentally-regulated GTP-binding protein 1 OS=Bos taurus OX=9913 GN=DRG1 PE=2 SV=1	0	N/A	N/A
g6031	sp|P32233|DRG1_MOUSE	71.390	367	99	0.0	548	sp|P32233|DRG1_MOUSE Developmentally-regulated GTP-binding protein 1 OS=Mus musculus OX=10090 GN=Drg1 PE=1 SV=1	0	N/A	N/A
g6031	sp|P43690|DRG1_XENLA	70.845	367	99	0.0	546	sp|P43690|DRG1_XENLA Developmentally-regulated GTP-binding protein 1 OS=Xenopus laevis OX=8355 GN=drg1 PE=1 SV=1	0	N/A	N/A
g6032	sp|Q9SJ04|SKIP6_ARATH	48.421	380	84	1.28e-115	346	sp|Q9SJ04|SKIP6_ARATH F-box/kelch-repeat protein SKIP6 OS=Arabidopsis thaliana OX=3702 GN=SKIP6 PE=1 SV=1	0	N/A	N/A
g6032	sp|Q9SVA3|FBK98_ARATH	32.918	401	85	2.10e-61	207	sp|Q9SVA3|FBK98_ARATH F-box/kelch-repeat protein At4g39550 OS=Arabidopsis thaliana OX=3702 GN=At4g39550 PE=1 SV=1	0	N/A	N/A
g6032	sp|Q9FI70|FK122_ARATH	32.626	377	81	3.35e-51	180	sp|Q9FI70|FK122_ARATH F-box/kelch-repeat protein At5g49000 OS=Arabidopsis thaliana OX=3702 GN=At5g49000 PE=2 SV=1	0	N/A	N/A
g6032	sp|Q1PE10|FK102_ARATH	31.387	411	87	3.01e-48	173	sp|Q1PE10|FK102_ARATH F-box/kelch-repeat protein At4g39590 OS=Arabidopsis thaliana OX=3702 GN=At4g39590 PE=2 SV=1	0	N/A	N/A
g6032	sp|Q9SVA0|FK101_ARATH	30.914	372	81	1.67e-46	167	sp|Q9SVA0|FK101_ARATH F-box/kelch-repeat protein At4g39580 OS=Arabidopsis thaliana OX=3702 GN=At4g39580 PE=4 SV=1	0	N/A	N/A
g6071	sp|A5F5U6|BGAL_VIBC3	40.568	1092	97	0.0	764	sp|A5F5U6|BGAL_VIBC3 Beta-galactosidase OS=Vibrio cholerae serotype O1 (strain ATCC 39541 / Classical Ogawa 395 / O395) OX=345073 GN=lacZ PE=3 SV=2	0	N/A	N/A
g6071	sp|Q6LL68|BGAL_PHOPR	41.618	1026	90	0.0	751	sp|Q6LL68|BGAL_PHOPR Beta-galactosidase OS=Photobacterium profundum (strain SS9) OX=298386 GN=lacZ PE=3 SV=1	0	N/A	N/A
g6071	sp|Q8D4H3|BGAL_VIBVU	41.159	1035	90	0.0	743	sp|Q8D4H3|BGAL_VIBVU Beta-galactosidase OS=Vibrio vulnificus (strain CMCP6) OX=216895 GN=lacZ PE=3 SV=2	0	N/A	N/A
g6071	sp|Q7MG04|BGAL_VIBVY	40.870	1035	90	0.0	739	sp|Q7MG04|BGAL_VIBVY Beta-galactosidase OS=Vibrio vulnificus (strain YJ016) OX=196600 GN=lacZ PE=3 SV=1	0	N/A	N/A
g6071	sp|P81650|BGAL_PSEHA	40.723	1024	89	0.0	738	sp|P81650|BGAL_PSEHA Beta-galactosidase OS=Pseudoalteromonas haloplanktis OX=228 GN=lacZ PE=1 SV=2	0	N/A	N/A
g6427	sp|Q9SIQ7|CDPKO_ARATH	61.410	539	99	0.0	678	sp|Q9SIQ7|CDPKO_ARATH Calcium-dependent protein kinase 24 OS=Arabidopsis thaliana OX=3702 GN=CPK24 PE=2 SV=1	0	N/A	N/A
g6427	sp|Q42438|CDPK8_ARATH	59.057	530	99	0.0	655	sp|Q42438|CDPK8_ARATH Calcium-dependent protein kinase 8 OS=Arabidopsis thaliana OX=3702 GN=CPK8 PE=1 SV=1	0	N/A	N/A
g6427	sp|Q38873|CDPK7_ARATH	58.801	534	99	0.0	655	sp|Q38873|CDPK7_ARATH Calcium-dependent protein kinase 7 OS=Arabidopsis thaliana OX=3702 GN=CPK7 PE=2 SV=1	0	N/A	N/A
g6427	sp|Q84SL0|CDPKK_ORYSJ	62.781	489	91	0.0	652	sp|Q84SL0|CDPKK_ORYSJ Calcium-dependent protein kinase 20 OS=Oryza sativa subsp. japonica OX=39947 GN=CPK20 PE=2 SV=2	0	N/A	N/A
g6427	sp|Q75GE8|CDPK8_ORYSJ	59.919	494	92	0.0	640	sp|Q75GE8|CDPK8_ORYSJ Calcium-dependent protein kinase 8 OS=Oryza sativa subsp. japonica OX=39947 GN=CPK8 PE=2 SV=1	0	N/A	N/A
g6428	sp|Q9LRT1|Y3804_ARATH	60.857	1004	99	0.0	1191	sp|Q9LRT1|Y3804_ARATH Probably inactive leucine-rich repeat receptor-like protein kinase At3g28040 OS=Arabidopsis thaliana OX=3702 GN=At3g28040 PE=1 SV=1	0	N/A	N/A
g6428	sp|Q9LY03|IRK_ARATH	41.742	999	99	0.0	719	sp|Q9LY03|IRK_ARATH Probable LRR receptor-like serine/threonine-protein kinase IRK OS=Arabidopsis thaliana OX=3702 GN=IRK PE=1 SV=1	0	N/A	N/A
g6428	sp|Q9LZV7|PXC2_ARATH	41.576	1015	99	0.0	701	sp|Q9LZV7|PXC2_ARATH Leucine-rich repeat receptor-like protein kinase PXC2 OS=Arabidopsis thaliana OX=3702 GN=PXC2 PE=1 SV=1	0	N/A	N/A
g6428	sp|Q9M0G7|MIK1_ARATH	33.532	1005	96	4.19e-143	456	sp|Q9M0G7|MIK1_ARATH MDIS1-interacting receptor like kinase 1 OS=Arabidopsis thaliana OX=3702 GN=MIK1 PE=1 SV=1	0	N/A	N/A
g6428	sp|O49545|BAME1_ARATH	33.631	1008	96	6.65e-143	456	sp|O49545|BAME1_ARATH Leucine-rich repeat receptor-like serine/threonine-protein kinase BAM1 OS=Arabidopsis thaliana OX=3702 GN=BAM1 PE=1 SV=1	0	N/A	N/A
g6718	sp|B5WWZ8|FAO1_LOTJA	59.546	749	98	0.0	915	sp|B5WWZ8|FAO1_LOTJA Long-chain-alcohol oxidase FAO1 OS=Lotus japonicus OX=34305 GN=FAO1 PE=1 SV=1	0	N/A	N/A
g6718	sp|B5WWZ9|FAO2_LOTJA	56.366	754	99	0.0	862	sp|B5WWZ9|FAO2_LOTJA Long-chain-alcohol oxidase FAO2 OS=Lotus japonicus OX=34305 GN=FAO2 PE=2 SV=1	0	N/A	N/A
g6718	sp|Q9LW56|FAO3_ARATH	58.003	731	95	0.0	840	sp|Q9LW56|FAO3_ARATH Long-chain-alcohol oxidase FAO3 OS=Arabidopsis thaliana OX=3702 GN=FAO3 PE=1 SV=1	0	N/A	N/A
g6718	sp|Q94BP3|FAO4B_ARATH	53.034	758	99	0.0	792	sp|Q94BP3|FAO4B_ARATH Long-chain-alcohol oxidase FAO4B OS=Arabidopsis thaliana OX=3702 GN=FAO4B PE=2 SV=2	0	N/A	N/A
g6718	sp|Q9ZWB9|FAO1_ARATH	51.413	743	98	0.0	750	sp|Q9ZWB9|FAO1_ARATH Long-chain-alcohol oxidase FAO1 OS=Arabidopsis thaliana OX=3702 GN=FAO1 PE=3 SV=2	0	N/A	N/A
g7378	sp|P08770|TRA1_MAIZE	28.571	602	85	4.43e-62	225	sp|P08770|TRA1_MAIZE Putative AC transposase OS=Zea mays OX=4577 PE=2 SV=2	0	N/A	N/A
g7378	sp|P03010|TRAC9_MAIZE	27.768	587	80	4.40e-57	211	sp|P03010|TRAC9_MAIZE Putative AC9 transposase OS=Zea mays OX=4577 PE=4 SV=1	0	N/A	N/A
g7378	sp|B9FJG3|RSLE1_ORYSJ	23.217	659	87	1.23e-44	174	sp|B9FJG3|RSLE1_ORYSJ Zinc finger BED domain-containing protein RICESLEEPER 1 OS=Oryza sativa subsp. japonica OX=39947 GN=Os05g0239150 PE=3 SV=1	0	N/A	N/A
g7378	sp|Q6AVI0|RSLE2_ORYSJ	22.628	685	91	2.03e-44	173	sp|Q6AVI0|RSLE2_ORYSJ Zinc finger BED domain-containing protein RICESLEEPER 2 OS=Oryza sativa subsp. japonica OX=39947 GN=Os03g0733400 PE=2 SV=1	0	N/A	N/A
g7378	sp|Q75HY5|RSLE3_ORYSJ	22.422	669	90	3.23e-37	152	sp|Q75HY5|RSLE3_ORYSJ Zinc finger BED domain-containing protein RICESLEEPER 3 OS=Oryza sativa subsp. japonica OX=39947 GN=Os05g0583200 PE=2 SV=1	0	N/A	N/A
g7379	sp|Q9FV70|E2FC_ARATH	49.825	285	67	9.14e-83	262	sp|Q9FV70|E2FC_ARATH Transcription factor E2FC OS=Arabidopsis thaliana OX=3702 GN=E2FC PE=1 SV=1	0	N/A	N/A
g7379	sp|Q9FV71|E2FB_ARATH	42.727	330	69	2.84e-79	255	sp|Q9FV71|E2FB_ARATH Transcription factor E2FB OS=Arabidopsis thaliana OX=3702 GN=E2FB PE=1 SV=1	0	N/A	N/A
g7379	sp|Q9FNY0|E2FA_ARATH	42.012	338	71	4.23e-71	234	sp|Q9FNY0|E2FA_ARATH Transcription factor E2FA OS=Arabidopsis thaliana OX=3702 GN=E2FA PE=1 SV=1	0	N/A	N/A
g7379	sp|P56931|E2F2_MOUSE	40.741	216	50	1.60e-41	155	sp|P56931|E2F2_MOUSE Transcription factor E2F2 OS=Mus musculus OX=10090 GN=E2f2 PE=1 SV=2	0	N/A	N/A
g7379	sp|Q14209|E2F2_HUMAN	42.233	206	49	2.19e-41	154	sp|Q14209|E2F2_HUMAN Transcription factor E2F2 OS=Homo sapiens OX=9606 GN=E2F2 PE=1 SV=1	0	N/A	N/A
g7412	sp|Q9LN20|P4H3_ARATH	73.356	289	96	1.27e-156	441	sp|Q9LN20|P4H3_ARATH Probable prolyl 4-hydroxylase 3 OS=Arabidopsis thaliana OX=3702 GN=P4H3 PE=2 SV=1	0	N/A	N/A
g7412	sp|F4JZ24|P4H10_ARATH	69.550	289	96	2.36e-147	418	sp|F4JZ24|P4H10_ARATH Probable prolyl 4-hydroxylase 10 OS=Arabidopsis thaliana OX=3702 GN=P4H10 PE=3 SV=1	0	N/A	N/A
g7412	sp|Q24JN5|P4H5_ARATH	69.444	252	83	9.13e-127	366	sp|Q24JN5|P4H5_ARATH Prolyl 4-hydroxylase 5 OS=Arabidopsis thaliana OX=3702 GN=P4H5 PE=2 SV=1	0	N/A	N/A
g7412	sp|F4JNU8|P4H8_ARATH	69.020	255	84	1.49e-123	357	sp|F4JNU8|P4H8_ARATH Probable prolyl 4-hydroxylase 8 OS=Arabidopsis thaliana OX=3702 GN=P4H8 PE=3 SV=1	0	N/A	N/A
g7412	sp|Q8L970|P4H7_ARATH	56.731	208	69	2.16e-83	256	sp|Q8L970|P4H7_ARATH Probable prolyl 4-hydroxylase 7 OS=Arabidopsis thaliana OX=3702 GN=P4H7 PE=2 SV=1	0	N/A	N/A
g7413	sp|Q9FLS0|FB253_ARATH	29.808	416	96	8.16e-34	133	sp|Q9FLS0|FB253_ARATH F-box protein At5g07610 OS=Arabidopsis thaliana OX=3702 GN=At5g07610 PE=2 SV=1	0	N/A	N/A
g7413	sp|Q9LJC0|FB170_ARATH	27.094	203	49	1.25e-07	56.6	sp|Q9LJC0|FB170_ARATH Putative F-box protein At3g21120 OS=Arabidopsis thaliana OX=3702 GN=At3g21120 PE=4 SV=1	0	N/A	N/A
g7413	sp|Q9LUU3|FBK58_ARATH	26.457	223	54	3.03e-07	55.5	sp|Q9LUU3|FBK58_ARATH Putative F-box/kelch-repeat protein At3g17280 OS=Arabidopsis thaliana OX=3702 GN=At3g17280 PE=4 SV=1	0	N/A	N/A
g7413	sp|Q9FGY4|FB341_ARATH	25.338	296	72	6.03e-07	54.7	sp|Q9FGY4|FB341_ARATH F-box protein At5g49610 OS=Arabidopsis thaliana OX=3702 GN=At5g49610 PE=1 SV=1	0	N/A	N/A
g7413	sp|Q2V414|FBL37_ARATH	32.934	167	41	1.45e-06	53.5	sp|Q2V414|FBL37_ARATH F-box/LRR-repeat protein At2g40920 OS=Arabidopsis thaliana OX=3702 GN=At2g40920 PE=2 SV=2	0	N/A	N/A
g7651	sp|F4I5D5|WTR11_ARATH	42.857	364	97	4.38e-103	311	sp|F4I5D5|WTR11_ARATH WAT1-related protein At1g70260 OS=Arabidopsis thaliana OX=3702 GN=At1g70260 PE=2 SV=1	0	N/A	N/A
g7651	sp|Q9ZUI8|WTR9_ARATH	42.978	356	95	4.83e-92	283	sp|Q9ZUI8|WTR9_ARATH WAT1-related protein At1g60050 OS=Arabidopsis thaliana OX=3702 GN=At1g60050 PE=3 SV=1	0	N/A	N/A
g7651	sp|Q9FL08|WTR42_ARATH	32.370	346	95	3.31e-55	187	sp|Q9FL08|WTR42_ARATH WAT1-related protein At5g40240 OS=Arabidopsis thaliana OX=3702 GN=At5g40240 PE=2 SV=1	0	N/A	N/A
g7651	sp|Q94JU2|WTR18_ARATH	32.970	367	97	2.36e-54	185	sp|Q94JU2|WTR18_ARATH WAT1-related protein At3g28050 OS=Arabidopsis thaliana OX=3702 GN=At3g28050 PE=2 SV=1	0	N/A	N/A
g7651	sp|Q945L4|WTR40_ARATH	30.473	338	94	3.92e-50	174	sp|Q945L4|WTR40_ARATH WAT1-related protein At5g40210 OS=Arabidopsis thaliana OX=3702 GN=At5g40210 PE=2 SV=1	0	N/A	N/A
g7652	sp|Q94JU2|WTR18_ARATH	38.227	361	99	2.45e-67	219	sp|Q94JU2|WTR18_ARATH WAT1-related protein At3g28050 OS=Arabidopsis thaliana OX=3702 GN=At3g28050 PE=2 SV=1	0	N/A	N/A
g7652	sp|F4KHA8|WTR41_ARATH	36.752	351	98	5.30e-64	210	sp|F4KHA8|WTR41_ARATH WAT1-related protein At5g40230 OS=Arabidopsis thaliana OX=3702 GN=At5g40230 PE=3 SV=1	0	N/A	N/A
g7652	sp|Q945L4|WTR40_ARATH	36.391	338	95	1.46e-60	200	sp|Q945L4|WTR40_ARATH WAT1-related protein At5g40210 OS=Arabidopsis thaliana OX=3702 GN=At5g40210 PE=2 SV=1	0	N/A	N/A
g7652	sp|Q9FL08|WTR42_ARATH	33.523	352	96	7.83e-59	197	sp|Q9FL08|WTR42_ARATH WAT1-related protein At5g40240 OS=Arabidopsis thaliana OX=3702 GN=At5g40240 PE=2 SV=1	0	N/A	N/A
g7652	sp|Q56X95|WTR23_ARATH	35.897	351	99	9.79e-53	181	sp|Q56X95|WTR23_ARATH WAT1-related protein At3g28130 OS=Arabidopsis thaliana OX=3702 GN=At3g28130 PE=2 SV=1	0	N/A	N/A
g7653	sp|Q6K4N0|RSZ21_ORYSJ	63.351	191	80	6.90e-59	187	sp|Q6K4N0|RSZ21_ORYSJ Serine/arginine-rich splicing factor RSZ21 OS=Oryza sativa subsp. japonica OX=39947 GN=RSZP21 PE=2 SV=1	0	N/A	N/A
g7653	sp|O81126|RSZ22_ARATH	64.737	190	80	8.85e-58	184	sp|O81126|RSZ22_ARATH Serine/arginine-rich splicing factor RSZ22 OS=Arabidopsis thaliana OX=3702 GN=RSZ22 PE=1 SV=1	0	N/A	N/A
g7653	sp|Q69KL9|RZ21A_ORYSJ	62.694	193	81	9.41e-58	184	sp|Q69KL9|RZ21A_ORYSJ Serine/arginine-rich splicing factor RSZ21A OS=Oryza sativa subsp. japonica OX=39947 GN=RSZ21A PE=2 SV=1	0	N/A	N/A
g7653	sp|Q6K9C3|RZP23_ORYSJ	55.399	213	80	1.85e-53	173	sp|Q6K9C3|RZP23_ORYSJ Serine/arginine-rich splicing factor RSZ23 OS=Oryza sativa subsp. japonica OX=39947 GN=RSZ23 PE=2 SV=1	0	N/A	N/A
g7653	sp|O81127|RSZ21_ARATH	63.776	196	80	1.58e-49	163	sp|O81127|RSZ21_ARATH Serine/arginine-rich splicing factor RSZ21 OS=Arabidopsis thaliana OX=3702 GN=RSZ21 PE=1 SV=1	0	N/A	N/A
g7782	sp|F8WKW0|UGT1_GARJA	54.797	469	98	0.0	524	sp|F8WKW0|UGT1_GARJA Crocetin glucosyltransferase, chloroplastic OS=Gardenia jasminoides OX=114476 GN=UGT75L6 PE=1 SV=1	0	N/A	N/A
g7782	sp|K4CWS6|U75C1_SOLLC	55.745	470	98	2.55e-174	500	sp|K4CWS6|U75C1_SOLLC UDP-glycosyltransferase 75C1 OS=Solanum lycopersicum OX=4081 GN=UGT75C1 PE=1 SV=1	0	N/A	N/A
g7782	sp|A7MAS5|75L17_MALDO	51.143	481	99	2.17e-170	490	sp|A7MAS5|75L17_MALDO Phloretin 4'-O-glucosyltransferase OS=Malus domestica OX=3750 GN=UGT75L17 PE=1 SV=1	0	N/A	N/A
g7782	sp|Q9ZR25|5GT_VERHY	52.229	471	98	5.35e-157	456	sp|Q9ZR25|5GT_VERHY Anthocyanidin 3-O-glucoside 5-O-glucosyltransferase OS=Verbena hybrida OX=76714 GN=HGT8 PE=2 SV=1	0	N/A	N/A
g7782	sp|Q9ZR27|5GT1_PERFR	49.683	473	98	8.24e-148	432	sp|Q9ZR27|5GT1_PERFR Anthocyanidin 3-O-glucoside 5-O-glucosyltransferase 1 OS=Perilla frutescens OX=48386 GN=PF3R4 PE=1 SV=1	0	N/A	N/A
g7784	sp|A1L4V7|DCYD2_ARATH	57.005	414	98	1.82e-164	471	sp|A1L4V7|DCYD2_ARATH D-cysteine desulfhydrase 2, mitochondrial OS=Arabidopsis thaliana OX=3702 GN=At3g26115 PE=2 SV=1	0	N/A	N/A
g7784	sp|B9EYZ1|DCYD2_ORYSJ	52.713	387	91	2.58e-125	371	sp|B9EYZ1|DCYD2_ORYSJ Putative D-cysteine desulfhydrase 2, mitochondrial OS=Oryza sativa subsp. japonica OX=39947 GN=Os01g0695600 PE=3 SV=1	0	N/A	N/A
g7784	sp|Q9WY68|1A1D_THEMA	26.415	318	77	9.18e-17	84.0	sp|Q9WY68|1A1D_THEMA Putative 1-aminocyclopropane-1-carboxylate deaminase OS=Thermotoga maritima (strain ATCC 43589 / DSM 3109 / JCM 10099 / NBRC 100826 / MSB8) OX=243274 GN=TM_0225 PE=3 SV=1	0	N/A	N/A
g7784	sp|F4HYF3|DCYD1_ARATH	25.434	346	81	1.95e-15	80.9	sp|F4HYF3|DCYD1_ARATH Bifunctional D-cysteine desulfhydrase/1-aminocyclopropane-1-carboxylate deaminase, mitochondrial OS=Arabidopsis thaliana OX=3702 GN=DCD PE=1 SV=1	0	N/A	N/A
g7784	sp|Q6ZHE5|DCYD1_ORYSJ	27.273	330	78	1.34e-14	78.6	sp|Q6ZHE5|DCYD1_ORYSJ D-cysteine desulfhydrase 1, mitochondrial OS=Oryza sativa subsp. japonica OX=39947 GN=DCD1 PE=1 SV=2	0	N/A	N/A
g7785	sp|Q6YUU5|MDR_ORYSJ	53.569	1247	99	0.0	1341	sp|Q6YUU5|MDR_ORYSJ Putative multidrug resistance protein OS=Oryza sativa subsp. japonica OX=39947 GN=Os02g0190300 PE=3 SV=1	0	N/A	N/A
g7785	sp|Q6YUU5|MDR_ORYSJ	37.847	576	99	1.39e-114	390	sp|Q6YUU5|MDR_ORYSJ Putative multidrug resistance protein OS=Oryza sativa subsp. japonica OX=39947 GN=Os02g0190300 PE=3 SV=1	0	N/A	N/A
g7785	sp|Q9LHD1|AB15B_ARATH	54.137	1245	99	0.0	1333	sp|Q9LHD1|AB15B_ARATH ABC transporter B family member 15 OS=Arabidopsis thaliana OX=3702 GN=ABCB15 PE=3 SV=1	0	N/A	N/A
g7785	sp|Q9LSJ5|AB18B_ARATH	51.846	1246	99	0.0	1308	sp|Q9LSJ5|AB18B_ARATH ABC transporter B family member 18 OS=Arabidopsis thaliana OX=3702 GN=ABCB18 PE=3 SV=1	0	N/A	N/A
g7785	sp|Q9LSJ6|AB17B_ARATH	50.958	1252	99	0.0	1283	sp|Q9LSJ6|AB17B_ARATH ABC transporter B family member 17 OS=Arabidopsis thaliana OX=3702 GN=ABCB17 PE=3 SV=1	0	N/A	N/A
g7785	sp|Q9LSJ6|AB17B_ARATH	38.880	607	99	3.25e-112	384	sp|Q9LSJ6|AB17B_ARATH ABC transporter B family member 17 OS=Arabidopsis thaliana OX=3702 GN=ABCB17 PE=3 SV=1	0	N/A	N/A
g7785	sp|Q9LSJ2|AB22B_ARATH	50.161	1246	99	0.0	1283	sp|Q9LSJ2|AB22B_ARATH ABC transporter B family member 22 OS=Arabidopsis thaliana OX=3702 GN=ABCB22 PE=3 SV=2	0	N/A	N/A
g7857	sp|Q9FDX9|GG1_ARATH	54.444	90	93	3.74e-31	108	sp|Q9FDX9|GG1_ARATH Guanine nucleotide-binding protein subunit gamma 1 OS=Arabidopsis thaliana OX=3702 GN=GG1 PE=1 SV=1	0	N/A	N/A
g7857	sp|Q93V47|GG2_ARATH	56.250	80	82	1.46e-22	86.7	sp|Q93V47|GG2_ARATH Guanine nucleotide-binding protein subunit gamma 2 OS=Arabidopsis thaliana OX=3702 GN=GG2 PE=1 SV=1	0	N/A	N/A
g7857	sp|Q6YXX9|GG2_ORYSJ	52.000	75	77	2.82e-20	82.4	sp|Q6YXX9|GG2_ORYSJ Guanine nucleotide-binding protein subunit gamma 2 OS=Oryza sativa subsp. japonica OX=39947 GN=RGG2 PE=1 SV=1	0	N/A	N/A
g7857	sp|A2X0N9|GG2_ORYSI	52.000	75	77	2.82e-20	82.4	sp|A2X0N9|GG2_ORYSI Guanine nucleotide-binding protein subunit gamma 2 OS=Oryza sativa subsp. indica OX=39946 GN=RGG2 PE=2 SV=1	0	N/A	N/A
g7857	sp|Q75WU1|GG1_ORYSJ	48.750	80	82	1.56e-19	79.0	sp|Q75WU1|GG1_ORYSJ Guanine nucleotide-binding protein subunit gamma 1 OS=Oryza sativa subsp. japonica OX=39947 GN=RGG1 PE=1 SV=1	0	N/A	N/A
g7858	sp|Q55AD9|ARL5_DICDI	59.444	180	97	1.01e-77	233	sp|Q55AD9|ARL5_DICDI ADP-ribosylation factor-like protein 5 OS=Dictyostelium discoideum OX=44689 GN=arl5 PE=3 SV=1	0	N/A	N/A
g7858	sp|P51646|ARL5A_RAT	58.757	177	97	1.43e-74	224	sp|P51646|ARL5A_RAT ADP-ribosylation factor-like protein 5A OS=Rattus norvegicus OX=10116 GN=Arl5a PE=2 SV=1	0	N/A	N/A
g7858	sp|Q9Y689|ARL5A_HUMAN	58.757	177	97	1.56e-74	224	sp|Q9Y689|ARL5A_HUMAN ADP-ribosylation factor-like protein 5A OS=Homo sapiens OX=9606 GN=ARL5A PE=1 SV=1	0	N/A	N/A
g7858	sp|Q80ZU0|ARL5A_MOUSE	58.757	177	97	5.68e-74	223	sp|Q80ZU0|ARL5A_MOUSE ADP-ribosylation factor-like protein 5A OS=Mus musculus OX=10090 GN=Arl5a PE=1 SV=1	0	N/A	N/A
g7858	sp|Q2KJ96|ARL5A_BOVIN	58.757	177	97	6.26e-74	223	sp|Q2KJ96|ARL5A_BOVIN ADP-ribosylation factor-like protein 5A OS=Bos taurus OX=9913 GN=ARL5A PE=2 SV=1	0	N/A	N/A
g7882	sp|Q9FMF7|DIT21_ARATH	63.057	471	94	0.0	620	sp|Q9FMF7|DIT21_ARATH Dicarboxylate transporter 2.1, chloroplastic OS=Arabidopsis thaliana OX=3702 GN=DIT2-1 PE=1 SV=1	0	N/A	N/A
g7882	sp|Q8L7Z9|DIT2_SPIOL	62.420	471	94	0.0	601	sp|Q8L7Z9|DIT2_SPIOL Dicarboxylate transporter 2, chloroplastic OS=Spinacia oleracea OX=3562 GN=DIT2 PE=1 SV=1	0	N/A	N/A
g7882	sp|Q9FMF8|DIT22_ARATH	58.174	471	94	0.0	573	sp|Q9FMF8|DIT22_ARATH Dicarboxylate transporter 2.2, chloroplastic OS=Arabidopsis thaliana OX=3702 GN=DIT2-2 PE=2 SV=1	0	N/A	N/A
g7882	sp|Q9LXV3|DIT1_ARATH	45.223	471	94	2.42e-139	416	sp|Q9LXV3|DIT1_ARATH Dicarboxylate transporter 1, chloroplastic OS=Arabidopsis thaliana OX=3702 GN=DIT1 PE=1 SV=1	0	N/A	N/A
g7882	sp|Q41364|DIT1_SPIOL	44.915	472	94	5.44e-138	412	sp|Q41364|DIT1_SPIOL Dicarboxylate transporter 1, chloroplastic OS=Spinacia oleracea OX=3562 GN=DIT1 PE=1 SV=1	0	N/A	N/A
g7884	sp|Q7X911|SAC6_ARATH	60.169	118	54	1.93e-42	153	sp|Q7X911|SAC6_ARATH Phosphoinositide phosphatase SAC6 OS=Arabidopsis thaliana OX=3702 GN=SAC6 PE=2 SV=1	0	N/A	N/A
g7884	sp|Q9C5G5|SAC7_ARATH	61.017	118	54	2.32e-42	153	sp|Q9C5G5|SAC7_ARATH Phosphoinositide phosphatase SAC7 OS=Arabidopsis thaliana OX=3702 GN=SAC7 PE=2 SV=1	0	N/A	N/A
g7884	sp|Q96328|SAC8_ARATH	46.154	117	55	5.23e-30	119	sp|Q96328|SAC8_ARATH Phosphoinositide phosphatase SAC8 OS=Arabidopsis thaliana OX=3702 GN=SAC8 PE=2 SV=1	0	N/A	N/A
g7884	sp|Q55AW9|SAC1_DICDI	26.882	186	86	1.14e-13	72.4	sp|Q55AW9|SAC1_DICDI Phosphatidylinositol-3-phosphatase SAC1 OS=Dictyostelium discoideum OX=44689 GN=sac1 PE=3 SV=1	0	N/A	N/A
g7884	sp|Q9W0I6|SAC1_DROME	37.143	105	48	5.42e-13	70.5	sp|Q9W0I6|SAC1_DROME Phosphatidylinositol-3-phosphatase SAC1 OS=Drosophila melanogaster OX=7227 GN=Sac1 PE=2 SV=1	0	N/A	N/A
g7892	sp|Q940Y9|POLL2_ARATH	65.826	793	94	0.0	1025	sp|Q940Y9|POLL2_ARATH Putative ion channel POLLUX-like 2 OS=Arabidopsis thaliana OX=3702 GN=At5g43745 PE=2 SV=1	0	N/A	N/A
g7892	sp|Q8VZM7|POLL1_ARATH	62.929	758	90	0.0	942	sp|Q8VZM7|POLL1_ARATH Putative ion channel POLLUX-like 1 OS=Arabidopsis thaliana OX=3702 GN=At5g02940 PE=2 SV=1	0	N/A	N/A
g7892	sp|Q5H8A6|CASTO_LOTJA	25.619	687	77	6.53e-53	202	sp|Q5H8A6|CASTO_LOTJA Ion channel CASTOR OS=Lotus japonicus OX=34305 GN=CASTOR PE=1 SV=1	0	N/A	N/A
g7892	sp|Q75LD5|CASTO_ORYSJ	25.111	677	75	3.73e-52	200	sp|Q75LD5|CASTO_ORYSJ Probable ion channel CASTOR OS=Oryza sativa subsp. japonica OX=39947 GN=Os03g0843600 PE=2 SV=1	0	N/A	N/A
g7892	sp|Q6RHR6|DMI1_MEDTR	24.441	716	80	7.61e-52	199	sp|Q6RHR6|DMI1_MEDTR Ion channel DMI1 OS=Medicago truncatula OX=3880 GN=DMI1 PE=1 SV=1	0	N/A	N/A
g7893	sp|A8N5J5|EFG1P_COPC7	31.875	160	40	6.21e-13	71.6	sp|A8N5J5|EFG1P_COPC7 rRNA-processing protein EFG1 OS=Coprinopsis cinerea (strain Okayama-7 / 130 / ATCC MYA-4618 / FGSC 9003) OX=240176 GN=EFG1 PE=3 SV=1	0	N/A	N/A
g7893	sp|Q09867|EFG1P_SCHPO	33.784	148	39	2.84e-12	68.2	sp|Q09867|EFG1P_SCHPO rRNA-processing protein efg1 OS=Schizosaccharomyces pombe (strain 972 / ATCC 24843) OX=284812 GN=efg1 PE=3 SV=2	0	N/A	N/A
g7893	sp|Q75D81|EFG1P_EREGS	34.965	143	38	1.91e-10	63.5	sp|Q75D81|EFG1P_EREGS rRNA-processing protein EFG1 OS=Eremothecium gossypii (strain ATCC 10895 / CBS 109.51 / FGSC 9923 / NRRL Y-1056) OX=284811 GN=EFG1 PE=3 SV=2	0	N/A	N/A
g7893	sp|P0CN34|EFG1P_CRYNJ	36.290	124	34	1.15e-09	62.0	sp|P0CN34|EFG1P_CRYNJ rRNA-processing protein EFG1 OS=Cryptococcus neoformans var. neoformans serotype D (strain JEC21 / ATCC MYA-565) OX=214684 GN=EFG1 PE=3 SV=1	0	N/A	N/A
g7893	sp|P0CN35|EFG1P_CRYNB	36.290	124	34	1.15e-09	62.0	sp|P0CN35|EFG1P_CRYNB rRNA-processing protein EFG1 OS=Cryptococcus neoformans var. neoformans serotype D (strain B-3501A) OX=283643 GN=EFG1 PE=3 SV=1	0	N/A	N/A
g7894	sp|Q9FG93|MNS4_ARATH	74.653	576	97	0.0	897	sp|Q9FG93|MNS4_ARATH Alpha-mannosidase I MNS4 OS=Arabidopsis thaliana OX=3702 GN=MNS4 PE=1 SV=1	0	N/A	N/A
g7894	sp|Q9SXC9|MNS5_ARATH	49.061	479	78	1.74e-147	440	sp|Q9SXC9|MNS5_ARATH Alpha-mannosidase I MNS5 OS=Arabidopsis thaliana OX=3702 GN=MNS5 PE=1 SV=1	0	N/A	N/A
g7894	sp|Q8BJT9|EDEM2_MOUSE	46.855	461	75	5.18e-143	429	sp|Q8BJT9|EDEM2_MOUSE ER degradation-enhancing alpha-mannosidase-like protein 2 OS=Mus musculus OX=10090 GN=Edem2 PE=1 SV=1	0	N/A	N/A
g7894	sp|Q9BV94|EDEM2_HUMAN	47.682	453	74	1.43e-142	428	sp|Q9BV94|EDEM2_HUMAN ER degradation-enhancing alpha-mannosidase-like protein 2 OS=Homo sapiens OX=9606 GN=EDEM2 PE=1 SV=2	0	N/A	N/A
g7894	sp|Q925U4|EDEM1_MOUSE	46.596	470	74	2.77e-129	396	sp|Q925U4|EDEM1_MOUSE ER degradation-enhancing alpha-mannosidase-like protein 1 OS=Mus musculus OX=10090 GN=Edem1 PE=1 SV=1	0	N/A	N/A
g7895	sp|Q3E6Q1|PPR32_ARATH	36.250	80	91	8.27e-09	53.9	sp|Q3E6Q1|PPR32_ARATH Pentatricopeptide repeat-containing protein At1g11290, chloroplastic OS=Arabidopsis thaliana OX=3702 GN=PCMP-H40 PE=2 SV=1	0	N/A	N/A
g7895	sp|Q9LSL8|PP446_ARATH	30.769	78	91	2.46e-07	49.7	sp|Q9LSL8|PP446_ARATH Pentatricopeptide repeat-containing protein At5g65570 OS=Arabidopsis thaliana OX=3702 GN=PCMP-H47 PE=2 SV=1	0	N/A	N/A
g7895	sp|Q38959|PP257_ARATH	37.313	67	78	3.36e-07	49.3	sp|Q38959|PP257_ARATH Pentatricopeptide repeat-containing protein At3g26630, chloroplastic OS=Arabidopsis thaliana OX=3702 GN=PCMP-A6 PE=2 SV=1	0	N/A	N/A
g7895	sp|Q9FHR3|PP403_ARATH	35.821	67	78	1.12e-06	47.8	sp|Q9FHR3|PP403_ARATH Putative pentatricopeptide repeat-containing protein At5g37570 OS=Arabidopsis thaliana OX=3702 GN=PCMP-E37 PE=3 SV=1	0	N/A	N/A
g7895	sp|Q9C866|PPR65_ARATH	32.353	68	79	1.85e-06	47.4	sp|Q9C866|PPR65_ARATH Pentatricopeptide repeat-containing protein At1g31430 OS=Arabidopsis thaliana OX=3702 GN=PCMP-E55 PE=2 SV=1	0	N/A	N/A
g7896	sp|Q9LS72|PP261_ARATH	35.795	352	97	1.23e-61	210	sp|Q9LS72|PP261_ARATH Pentatricopeptide repeat-containing protein At3g29230 OS=Arabidopsis thaliana OX=3702 GN=PCMP-E27 PE=2 SV=1	0	N/A	N/A
g7896	sp|Q9LS72|PP261_ARATH	24.306	144	97	3.29e-08	58.5	sp|Q9LS72|PP261_ARATH Pentatricopeptide repeat-containing protein At3g29230 OS=Arabidopsis thaliana OX=3702 GN=PCMP-E27 PE=2 SV=1	0	N/A	N/A
g7896	sp|Q9LS72|PP261_ARATH	26.577	222	97	4.83e-08	58.2	sp|Q9LS72|PP261_ARATH Pentatricopeptide repeat-containing protein At3g29230 OS=Arabidopsis thaliana OX=3702 GN=PCMP-E27 PE=2 SV=1	0	N/A	N/A
g7896	sp|Q9FHR3|PP403_ARATH	32.448	339	97	2.40e-56	195	sp|Q9FHR3|PP403_ARATH Putative pentatricopeptide repeat-containing protein At5g37570 OS=Arabidopsis thaliana OX=3702 GN=PCMP-E37 PE=3 SV=1	0	N/A	N/A
g7896	sp|Q9SY02|PP301_ARATH	34.395	314	96	1.24e-55	196	sp|Q9SY02|PP301_ARATH Pentatricopeptide repeat-containing protein At4g02750 OS=Arabidopsis thaliana OX=3702 GN=PCMP-H24 PE=3 SV=1	0	N/A	N/A
g7896	sp|Q9SY02|PP301_ARATH	26.498	317	96	1.69e-27	117	sp|Q9SY02|PP301_ARATH Pentatricopeptide repeat-containing protein At4g02750 OS=Arabidopsis thaliana OX=3702 GN=PCMP-H24 PE=3 SV=1	0	N/A	N/A
g7896	sp|Q9SY02|PP301_ARATH	25.767	326	96	4.12e-25	109	sp|Q9SY02|PP301_ARATH Pentatricopeptide repeat-containing protein At4g02750 OS=Arabidopsis thaliana OX=3702 GN=PCMP-H24 PE=3 SV=1	0	N/A	N/A
g7896	sp|O22137|PP202_ARATH	32.768	354	97	1.28e-55	194	sp|O22137|PP202_ARATH Pentatricopeptide repeat-containing protein At2g45350, chloroplastic OS=Arabidopsis thaliana OX=3702 GN=CRR4 PE=1 SV=2	0	N/A	N/A
g7896	sp|Q9LN01|PPR21_ARATH	32.320	362	100	1.45e-55	196	sp|Q9LN01|PPR21_ARATH Pentatricopeptide repeat-containing protein At1g08070, chloroplastic OS=Arabidopsis thaliana OX=3702 GN=PCMP-H12 PE=2 SV=1	0	N/A	N/A
g7896	sp|Q9LN01|PPR21_ARATH	23.200	250	100	3.27e-14	77.0	sp|Q9LN01|PPR21_ARATH Pentatricopeptide repeat-containing protein At1g08070, chloroplastic OS=Arabidopsis thaliana OX=3702 GN=PCMP-H12 PE=2 SV=1	0	N/A	N/A
g7896	sp|Q9LN01|PPR21_ARATH	25.628	199	100	2.68e-13	74.3	sp|Q9LN01|PPR21_ARATH Pentatricopeptide repeat-containing protein At1g08070, chloroplastic OS=Arabidopsis thaliana OX=3702 GN=PCMP-H12 PE=2 SV=1	0	N/A	N/A
g7897	sp|Q9LZ19|PP364_ARATH	46.364	110	79	3.44e-29	114	sp|Q9LZ19|PP364_ARATH Pentatricopeptide repeat-containing protein At5g04780, mitochondrial OS=Arabidopsis thaliana OX=3702 GN=PCMP-H16 PE=2 SV=2	0	N/A	N/A
g7897	sp|Q9SIT7|PP151_ARATH	43.511	131	94	1.04e-28	112	sp|Q9SIT7|PP151_ARATH Pentatricopeptide repeat-containing protein At2g13600 OS=Arabidopsis thaliana OX=3702 GN=PCMP-E76 PE=3 SV=1	0	N/A	N/A
g7897	sp|Q8S9M4|PP198_ARATH	40.909	132	95	1.31e-27	109	sp|Q8S9M4|PP198_ARATH Pentatricopeptide repeat-containing protein At2g41080 OS=Arabidopsis thaliana OX=3702 GN=PCMP-H29 PE=2 SV=2	0	N/A	N/A
g7897	sp|O82380|PP175_ARATH	45.455	110	79	3.89e-27	108	sp|O82380|PP175_ARATH Pentatricopeptide repeat-containing protein At2g29760, chloroplastic OS=Arabidopsis thaliana OX=3702 GN=PCMP-H33 PE=2 SV=1	0	N/A	N/A
g7897	sp|Q9STE1|PP333_ARATH	43.243	111	80	4.34e-27	108	sp|Q9STE1|PP333_ARATH Pentatricopeptide repeat-containing protein At4g21300 OS=Arabidopsis thaliana OX=3702 GN=PCMP-E36 PE=3 SV=1	0	N/A	N/A
g8159	sp|Q9C7Q1|SAU66_ARATH	41.985	131	92	6.23e-28	102	sp|Q9C7Q1|SAU66_ARATH Auxin-responsive protein SAUR66 OS=Arabidopsis thaliana OX=3702 GN=SAUR66 PE=2 SV=1	0	N/A	N/A
g8159	sp|F4I1I4|SAU67_ARATH	42.742	124	90	1.40e-26	99.8	sp|F4I1I4|SAU67_ARATH Auxin-responsive protein SAUR67 OS=Arabidopsis thaliana OX=3702 GN=SAUR67 PE=2 SV=1	0	N/A	N/A
g8159	sp|Q9C7Q8|SAU62_ARATH	46.552	116	84	2.46e-26	99.0	sp|Q9C7Q8|SAU62_ARATH Auxin-responsive protein SAUR62 OS=Arabidopsis thaliana OX=3702 GN=SAUR62 PE=2 SV=1	0	N/A	N/A
g8159	sp|Q0WPR6|SAU65_ARATH	44.275	131	85	4.03e-26	98.6	sp|Q0WPR6|SAU65_ARATH Auxin-responsive protein SAUR65 OS=Arabidopsis thaliana OX=3702 GN=SAUR65 PE=2 SV=1	0	N/A	N/A
g8159	sp|Q6NMM0|SAU61_ARATH	40.625	128	88	1.85e-25	96.7	sp|Q6NMM0|SAU61_ARATH Auxin-responsive protein SAUR61 OS=Arabidopsis thaliana OX=3702 GN=SAUR61 PE=2 SV=1	0	N/A	N/A
g8160	sp|Q9C5G5|SAC7_ARATH	61.864	118	47	6.93e-43	156	sp|Q9C5G5|SAC7_ARATH Phosphoinositide phosphatase SAC7 OS=Arabidopsis thaliana OX=3702 GN=SAC7 PE=2 SV=1	0	N/A	N/A
g8160	sp|Q7X911|SAC6_ARATH	61.017	118	47	7.20e-43	156	sp|Q7X911|SAC6_ARATH Phosphoinositide phosphatase SAC6 OS=Arabidopsis thaliana OX=3702 GN=SAC6 PE=2 SV=1	0	N/A	N/A
g8160	sp|Q96328|SAC8_ARATH	46.154	117	47	6.80e-30	120	sp|Q96328|SAC8_ARATH Phosphoinositide phosphatase SAC8 OS=Arabidopsis thaliana OX=3702 GN=SAC8 PE=2 SV=1	0	N/A	N/A
g8160	sp|Q55AW9|SAC1_DICDI	26.882	186	74	5.41e-13	71.6	sp|Q55AW9|SAC1_DICDI Phosphatidylinositol-3-phosphatase SAC1 OS=Dictyostelium discoideum OX=44689 GN=sac1 PE=3 SV=1	0	N/A	N/A
g8160	sp|Q9W0I6|SAC1_DROME	37.143	105	41	3.42e-12	69.3	sp|Q9W0I6|SAC1_DROME Phosphatidylinositol-3-phosphatase SAC1 OS=Drosophila melanogaster OX=7227 GN=Sac1 PE=2 SV=1	0	N/A	N/A
g8217	sp|O49605|CP21A_ARATH	76.238	202	83	5.19e-110	318	sp|O49605|CP21A_ARATH Peptidyl-prolyl cis-trans isomerase CYP21-1 OS=Arabidopsis thaliana OX=3702 GN=CYP21-1 PE=2 SV=1	0	N/A	N/A
g8217	sp|Q8LDP4|CP19D_ARATH	58.911	202	83	6.61e-82	246	sp|Q8LDP4|CP19D_ARATH Peptidyl-prolyl cis-trans isomerase CYP19-4 OS=Arabidopsis thaliana OX=3702 GN=CYP19-4 PE=1 SV=2	0	N/A	N/A
g8217	sp|Q9SP02|CP20A_ARATH	60.541	185	76	4.26e-78	237	sp|Q9SP02|CP20A_ARATH Peptidyl-prolyl cis-trans isomerase CYP20-1 OS=Arabidopsis thaliana OX=3702 GN=CYP20-1 PE=1 SV=1	0	N/A	N/A
g8217	sp|Q9TW32|PPIB_DICDI	56.796	206	85	1.18e-74	228	sp|Q9TW32|PPIB_DICDI Peptidyl-prolyl cis-trans isomerase B OS=Dictyostelium discoideum OX=44689 GN=cypB PE=1 SV=1	0	N/A	N/A
g8217	sp|Q8L8W5|CP21B_ARATH	51.584	221	88	1.91e-72	223	sp|Q8L8W5|CP21B_ARATH Peptidyl-prolyl cis-trans isomerase CYP21-2 OS=Arabidopsis thaliana OX=3702 GN=CYP21-2 PE=2 SV=1	0	N/A	N/A
g8393	sp|Q9SRV7|SY131_ARATH	53.041	296	93	5.57e-97	291	sp|Q9SRV7|SY131_ARATH Putative syntaxin-131 OS=Arabidopsis thaliana OX=3702 GN=SYP131 PE=3 SV=1	0	N/A	N/A
g8393	sp|Q7XIE2|SY132_ORYSJ	50.859	291	91	1.79e-91	277	sp|Q7XIE2|SY132_ORYSJ Syntaxin-132 OS=Oryza sativa subsp. japonica OX=39947 GN=SYP132 PE=2 SV=1	0	N/A	N/A
g8393	sp|Q8VZU2|SY132_ARATH	56.701	291	91	2.64e-88	269	sp|Q8VZU2|SY132_ARATH Syntaxin-132 OS=Arabidopsis thaliana OX=3702 GN=SYP132 PE=1 SV=1	0	N/A	N/A
g8393	sp|O64791|SY124_ARATH	39.688	320	98	7.06e-69	219	sp|O64791|SY124_ARATH Syntaxin-124 OS=Arabidopsis thaliana OX=3702 GN=SYP124 PE=2 SV=1	0	N/A	N/A
g8393	sp|Q9SXB0|SY125_ARATH	41.237	291	91	6.75e-66	212	sp|Q9SXB0|SY125_ARATH Syntaxin-125 OS=Arabidopsis thaliana OX=3702 GN=SYP125 PE=2 SV=1	0	N/A	N/A
g8394	sp|P49297|ACEA_SOLLC	86.783	575	100	0.0	1063	sp|P49297|ACEA_SOLLC Isocitrate lyase OS=Solanum lycopersicum OX=4081 PE=2 SV=1	0	N/A	N/A
g8394	sp|P17069|ACEA_GOSHI	84.028	576	100	0.0	1046	sp|P17069|ACEA_GOSHI Isocitrate lyase OS=Gossypium hirsutum OX=3635 PE=2 SV=1	0	N/A	N/A
g8394	sp|P93110|ACEA_CUCMA	83.507	576	100	0.0	1030	sp|P93110|ACEA_CUCMA Isocitrate lyase OS=Cucurbita maxima OX=3661 PE=2 SV=1	0	N/A	N/A
g8394	sp|P25248|ACEA_BRANA	83.160	576	100	0.0	1027	sp|P25248|ACEA_BRANA Isocitrate lyase OS=Brassica napus OX=3708 PE=2 SV=1	0	N/A	N/A
g8394	sp|P15479|ACEA_RICCO	83.333	576	100	0.0	1022	sp|P15479|ACEA_RICCO Isocitrate lyase OS=Ricinus communis OX=3988 PE=2 SV=1	0	N/A	N/A
g8574	sp|Q7LHG5|YI31B_YEAST	29.145	947	51	1.13e-88	323	sp|Q7LHG5|YI31B_YEAST Transposon Ty3-I Gag-Pol polyprotein OS=Saccharomyces cerevisiae (strain ATCC 204508 / S288c) OX=559292 GN=TY3B-I PE=1 SV=2	0	N/A	N/A
g8574	sp|Q99315|YG31B_YEAST	29.374	926	50	3.23e-87	319	sp|Q99315|YG31B_YEAST Transposon Ty3-G Gag-Pol polyprotein OS=Saccharomyces cerevisiae (strain ATCC 204508 / S288c) OX=559292 GN=TY3B-G PE=1 SV=3	0	N/A	N/A
g8574	sp|P04323|POL3_DROME	41.330	421	23	1.89e-86	311	sp|P04323|POL3_DROME Retrovirus-related Pol polyprotein from transposon 17.6 OS=Drosophila melanogaster OX=7227 GN=pol PE=4 SV=1	0	N/A	N/A
g8574	sp|P20825|POL2_DROME	29.630	729	38	1.10e-82	300	sp|P20825|POL2_DROME Retrovirus-related Pol polyprotein from transposon 297 OS=Drosophila melanogaster OX=7227 GN=pol PE=4 SV=1	0	N/A	N/A
g8574	sp|P0CT40|TF29_SCHPO	27.701	870	47	8.70e-82	300	sp|P0CT40|TF29_SCHPO Transposon Tf2-9 polyprotein OS=Schizosaccharomyces pombe (strain 972 / ATCC 24843) OX=284812 GN=Tf2-9 PE=3 SV=1	0	N/A	N/A
g8875	sp|Q8VYB5|AMSH1_ARATH	56.848	533	96	0.0	555	sp|Q8VYB5|AMSH1_ARATH AMSH-like ubiquitin thioesterase 1 OS=Arabidopsis thaliana OX=3702 GN=AMSH1 PE=2 SV=1	0	N/A	N/A
g8875	sp|Q5PNU3|AMSH3_ARATH	43.511	524	96	7.94e-140	416	sp|Q5PNU3|AMSH3_ARATH AMSH-like ubiquitin thioesterase 3 OS=Arabidopsis thaliana OX=3702 GN=AMSH3 PE=1 SV=2	0	N/A	N/A
g8875	sp|Q6NKP9|AMSH2_ARATH	57.386	176	33	2.61e-78	248	sp|Q6NKP9|AMSH2_ARATH AMSH-like ubiquitin thioesterase 2 OS=Arabidopsis thaliana OX=3702 GN=AMSH2 PE=2 SV=1	0	N/A	N/A
g8875	sp|Q9P371|SST2_SCHPO	58.993	139	26	3.34e-48	176	sp|Q9P371|SST2_SCHPO AMSH-like protease sst2 OS=Schizosaccharomyces pombe (strain 972 / ATCC 24843) OX=284812 GN=sst2 PE=1 SV=1	0	N/A	N/A
g8875	sp|Q54Q40|D1039_DICDI	47.429	175	33	1.49e-47	179	sp|Q54Q40|D1039_DICDI Probable ubiquitin thioesterase DG1039 OS=Dictyostelium discoideum OX=44689 GN=DG1039 PE=3 SV=1	0	N/A	N/A
g8987	sp|P42732|RR13_ARATH	71.429	161	91	2.40e-76	228	sp|P42732|RR13_ARATH Small ribosomal subunit protein uS13c OS=Arabidopsis thaliana OX=3702 GN=RPS13 PE=2 SV=1	0	N/A	N/A
g8987	sp|P82163|RR13_SPIOL	69.591	171	99	3.13e-76	228	sp|P82163|RR13_SPIOL Small ribosomal subunit protein uS13c OS=Spinacia oleracea OX=3562 GN=RPS13 PE=1 SV=3	0	N/A	N/A
g8987	sp|Q9CA19|RT13_ARATH	48.344	151	91	2.88e-41	138	sp|Q9CA19|RT13_ARATH Small ribosomal subunit protein uS13m OS=Arabidopsis thaliana OX=3702 GN=RPS13 PE=1 SV=1	0	N/A	N/A
g8987	sp|Q9RDV8|RS13_MYCGA	56.667	120	72	3.38e-39	132	sp|Q9RDV8|RS13_MYCGA Small ribosomal subunit protein uS13 OS=Mycoplasmoides gallisepticum (strain R(low / passage 15 / clone 2)) OX=710127 GN=rpsM PE=3 SV=3	0	N/A	N/A
g8987	sp|Q6YQZ7|RS13_ONYPE	52.893	121	72	2.43e-38	130	sp|Q6YQZ7|RS13_ONYPE Small ribosomal subunit protein uS13 OS=Onion yellows phytoplasma (strain OY-M) OX=262768 GN=rpsM PE=3 SV=1	0	N/A	N/A
g9005	sp|Q8R050|ERF3A_MOUSE	58.178	428	81	4.67e-179	521	sp|Q8R050|ERF3A_MOUSE Eukaryotic peptide chain release factor GTP-binding subunit ERF3A OS=Mus musculus OX=10090 GN=Gspt1 PE=1 SV=2	0	N/A	N/A
g9005	sp|P15170|ERF3A_HUMAN	57.944	428	81	6.48e-179	515	sp|P15170|ERF3A_HUMAN Eukaryotic peptide chain release factor GTP-binding subunit ERF3A OS=Homo sapiens OX=9606 GN=GSPT1 PE=1 SV=1	0	N/A	N/A
g9005	sp|Q8IYD1|ERF3B_HUMAN	57.243	428	81	1.26e-175	512	sp|Q8IYD1|ERF3B_HUMAN Eukaryotic peptide chain release factor GTP-binding subunit ERF3B OS=Homo sapiens OX=9606 GN=GSPT2 PE=1 SV=2	0	N/A	N/A
g9005	sp|Q5R4B3|ERF3B_PONAB	57.243	428	81	1.87e-175	511	sp|Q5R4B3|ERF3B_PONAB Eukaryotic peptide chain release factor GTP-binding subunit ERF3B OS=Pongo abelii OX=9601 GN=GSPT2 PE=2 SV=1	0	N/A	N/A
g9005	sp|Q149F3|ERF3B_MOUSE	57.009	428	81	7.17e-175	510	sp|Q149F3|ERF3B_MOUSE Eukaryotic peptide chain release factor GTP-binding subunit ERF3B OS=Mus musculus OX=10090 GN=Gspt2 PE=1 SV=1	0	N/A	N/A
g9006	sp|B2KPR3|LAMT_CATRO	46.328	354	97	2.83e-109	327	sp|B2KPR3|LAMT_CATRO Loganic acid O-methyltransferase OS=Catharanthus roseus OX=4058 GN=LAMT PE=1 SV=1	0	N/A	N/A
g9006	sp|Q9LS10|MT810_ARATH	41.389	360	98	7.07e-89	274	sp|Q9LS10|MT810_ARATH Probable S-adenosylmethionine-dependent methyltransferase At5g38100 OS=Arabidopsis thaliana OX=3702 GN=At5g38100 PE=2 SV=1	0	N/A	N/A
g9006	sp|Q9FKR0|MT878_ARATH	42.500	360	98	8.38e-89	274	sp|Q9FKR0|MT878_ARATH Probable S-adenosylmethionine-dependent methyltransferase At5g38780 OS=Arabidopsis thaliana OX=3702 GN=At5g38780 PE=2 SV=1	0	N/A	N/A
g9006	sp|Q9FKC8|MT799_ARATH	40.669	359	97	1.08e-81	256	sp|Q9FKC8|MT799_ARATH Probable S-adenosylmethionine-dependent methyltransferase At5g37990 OS=Arabidopsis thaliana OX=3702 GN=At5g37990 PE=3 SV=2	0	N/A	N/A
g9006	sp|Q9FKD0|MT797_ARATH	39.554	359	97	4.62e-79	249	sp|Q9FKD0|MT797_ARATH Probable S-adenosylmethionine-dependent methyltransferase At5g37970 OS=Arabidopsis thaliana OX=3702 GN=At5g37970 PE=3 SV=1	0	N/A	N/A
g9014	sp|Q10I20|XAT3_ORYSJ	43.968	373	70	8.61e-110	341	sp|Q10I20|XAT3_ORYSJ Alpha-1,3-arabinosyltransferase XAT3 OS=Oryza sativa subsp. japonica OX=39947 GN=XAT3 PE=1 SV=1	0	N/A	N/A
g9014	sp|Q6ZFR0|XAT2_ORYSJ	42.119	387	72	1.59e-106	333	sp|Q6ZFR0|XAT2_ORYSJ Alpha-1,3-arabinosyltransferase XAT2 OS=Oryza sativa subsp. japonica OX=39947 GN=XAT2 PE=1 SV=1	0	N/A	N/A
g9014	sp|Q5Z8T8|XYXT1_ORYSJ	41.278	407	73	5.23e-102	317	sp|Q5Z8T8|XYXT1_ORYSJ Beta-1,2-xylosyltransferase XYXT1 OS=Oryza sativa subsp. japonica OX=39947 GN=XYXT1 PE=1 SV=1	0	N/A	N/A
g9014	sp|Q6Z7I3|XAX1_ORYSJ	37.306	386	71	2.16e-84	275	sp|Q6Z7I3|XAX1_ORYSJ Beta-1,2-xylosyltransferease XAX1 OS=Oryza sativa subsp. japonica OX=39947 GN=XAX1 PE=1 SV=1	0	N/A	N/A
g9014	sp|Q9SS43|MUC21_ARATH	35.443	395	70	2.17e-75	249	sp|Q9SS43|MUC21_ARATH Xylan glycosyltransferase MUCI21 OS=Arabidopsis thaliana OX=3702 GN=MUCI21 PE=1 SV=1	0	N/A	N/A
g11089	sp|B9DFI7|PMT2_ARATH	77.236	615	99	0.0	1022	sp|B9DFI7|PMT2_ARATH Probable methyltransferase PMT2 OS=Arabidopsis thaliana OX=3702 GN=At1g26850 PE=2 SV=2	0	N/A	N/A
g11089	sp|Q94EJ6|PMTE_ARATH	67.758	611	99	0.0	877	sp|Q94EJ6|PMTE_ARATH Probable methyltransferase PMT14 OS=Arabidopsis thaliana OX=3702 GN=At4g18030 PE=2 SV=1	0	N/A	N/A
g11089	sp|Q9ZPH9|PMTF_ARATH	53.048	607	97	0.0	686	sp|Q9ZPH9|PMTF_ARATH Probable methyltransferase PMT15 OS=Arabidopsis thaliana OX=3702 GN=At4g00750 PE=2 SV=1	0	N/A	N/A
g11089	sp|Q9SZX8|PMTH_ARATH	52.640	625	98	0.0	682	sp|Q9SZX8|PMTH_ARATH Probable methyltransferase PMT17 OS=Arabidopsis thaliana OX=3702 GN=At4g10440 PE=3 SV=1	0	N/A	N/A
g11089	sp|Q9C884|PMTI_ARATH	52.258	620	96	0.0	676	sp|Q9C884|PMTI_ARATH Probable methyltransferase PMT18 OS=Arabidopsis thaliana OX=3702 GN=At1g33170 PE=2 SV=1	0	N/A	N/A
g11207	sp|Q9LK64|AB3C_ARATH	50.638	1333	99	0.0	1291	sp|Q9LK64|AB3C_ARATH ABC transporter C family member 3 OS=Arabidopsis thaliana OX=3702 GN=ABCC3 PE=1 SV=1	0	N/A	N/A
g11207	sp|Q7GB25|AB5C_ARATH	48.248	1341	99	0.0	1265	sp|Q7GB25|AB5C_ARATH ABC transporter C family member 5 OS=Arabidopsis thaliana OX=3702 GN=ABCC5 PE=2 SV=2	0	N/A	N/A
g11207	sp|Q8VZZ4|AB6C_ARATH	48.482	1285	98	0.0	1224	sp|Q8VZZ4|AB6C_ARATH ABC transporter C family member 6 OS=Arabidopsis thaliana OX=3702 GN=ABCC6 PE=2 SV=3	0	N/A	N/A
g11207	sp|Q9LK62|AB7C_ARATH	48.651	1260	96	0.0	1213	sp|Q9LK62|AB7C_ARATH ABC transporter C family member 7 OS=Arabidopsis thaliana OX=3702 GN=ABCC7 PE=1 SV=1	0	N/A	N/A
g11207	sp|A7KVC2|AB4C_MAIZE	46.746	1337	99	0.0	1209	sp|A7KVC2|AB4C_MAIZE ABC transporter C family MRP4 OS=Zea mays OX=4577 GN=MRP4 PE=2 SV=1	0	N/A	N/A
g11850	sp|O49662|AHL24_ARATH	56.707	328	100	5.54e-86	263	sp|O49662|AHL24_ARATH AT-hook motif nuclear-localized protein 24 OS=Arabidopsis thaliana OX=3702 GN=AHL24 PE=2 SV=1	0	N/A	N/A
g11850	sp|Q9LZX7|AHL18_ARATH	60.000	255	86	1.47e-82	252	sp|Q9LZX7|AHL18_ARATH AT-hook motif nuclear-localized protein 18 OS=Arabidopsis thaliana OX=3702 GN=AHL18 PE=2 SV=1	0	N/A	N/A
g11850	sp|O22130|AHL22_ARATH	56.962	316	97	1.16e-81	252	sp|O22130|AHL22_ARATH AT-hook motif nuclear-localized protein 22 OS=Arabidopsis thaliana OX=3702 GN=AHL22 PE=1 SV=1	0	N/A	N/A
g11850	sp|Q9SZ70|AHL26_ARATH	54.783	345	100	4.49e-79	246	sp|Q9SZ70|AHL26_ARATH AT-hook motif nuclear-localized protein 26 OS=Arabidopsis thaliana OX=3702 GN=AHL26 PE=2 SV=1	0	N/A	N/A
g11850	sp|O82166|AHL21_ARATH	73.885	157	53	7.14e-73	228	sp|O82166|AHL21_ARATH AT-hook motif nuclear-localized protein 21 OS=Arabidopsis thaliana OX=3702 GN=AHL21 PE=2 SV=1	0	N/A	N/A
g12243	sp|Q9FUY2|LEUNG_ARATH	74.099	749	81	0.0	1069	sp|Q9FUY2|LEUNG_ARATH Transcriptional corepressor LEUNIG OS=Arabidopsis thaliana OX=3702 GN=LUG PE=1 SV=2	0	N/A	N/A
g12243	sp|O48847|LUH_ARATH	43.384	786	96	1.20e-172	523	sp|O48847|LUH_ARATH Transcriptional corepressor LEUNIG_HOMOLOG OS=Arabidopsis thaliana OX=3702 GN=LUH PE=1 SV=1	0	N/A	N/A
g12243	sp|O48847|LUH_ARATH	66.667	114	96	1.57e-38	158	sp|O48847|LUH_ARATH Transcriptional corepressor LEUNIG_HOMOLOG OS=Arabidopsis thaliana OX=3702 GN=LUH PE=1 SV=1	0	N/A	N/A
g12243	sp|Q8YRI1|YY46_NOSS1	35.179	307	34	4.27e-37	155	sp|Q8YRI1|YY46_NOSS1 Uncharacterized WD repeat-containing protein alr3466 OS=Nostoc sp. (strain PCC 7120 / SAG 25.82 / UTEX 2576) OX=103690 GN=alr3466 PE=4 SV=1	0	N/A	N/A
g12243	sp|Q8YRI1|YY46_NOSS1	33.935	277	34	6.43e-35	148	sp|Q8YRI1|YY46_NOSS1 Uncharacterized WD repeat-containing protein alr3466 OS=Nostoc sp. (strain PCC 7120 / SAG 25.82 / UTEX 2576) OX=103690 GN=alr3466 PE=4 SV=1	0	N/A	N/A
g12243	sp|Q8YRI1|YY46_NOSS1	33.447	293	34	4.69e-34	145	sp|Q8YRI1|YY46_NOSS1 Uncharacterized WD repeat-containing protein alr3466 OS=Nostoc sp. (strain PCC 7120 / SAG 25.82 / UTEX 2576) OX=103690 GN=alr3466 PE=4 SV=1	0	N/A	N/A
g12243	sp|Q8YRI1|YY46_NOSS1	32.278	316	34	6.80e-34	144	sp|Q8YRI1|YY46_NOSS1 Uncharacterized WD repeat-containing protein alr3466 OS=Nostoc sp. (strain PCC 7120 / SAG 25.82 / UTEX 2576) OX=103690 GN=alr3466 PE=4 SV=1	0	N/A	N/A
g12243	sp|Q8YRI1|YY46_NOSS1	30.744	309	34	1.24e-31	137	sp|Q8YRI1|YY46_NOSS1 Uncharacterized WD repeat-containing protein alr3466 OS=Nostoc sp. (strain PCC 7120 / SAG 25.82 / UTEX 2576) OX=103690 GN=alr3466 PE=4 SV=1	0	N/A	N/A
g12243	sp|Q8YRI1|YY46_NOSS1	40.336	119	34	2.99e-13	78.2	sp|Q8YRI1|YY46_NOSS1 Uncharacterized WD repeat-containing protein alr3466 OS=Nostoc sp. (strain PCC 7120 / SAG 25.82 / UTEX 2576) OX=103690 GN=alr3466 PE=4 SV=1	0	N/A	N/A
g12243	sp|Q00808|HETE1_PODAS	31.408	277	31	3.50e-29	129	sp|Q00808|HETE1_PODAS Vegetative incompatibility protein HET-E-1 OS=Podospora anserina OX=2587412 GN=HET-E1 PE=4 SV=1	0	N/A	N/A
g12243	sp|Q00808|HETE1_PODAS	30.634	284	31	2.18e-28	127	sp|Q00808|HETE1_PODAS Vegetative incompatibility protein HET-E-1 OS=Podospora anserina OX=2587412 GN=HET-E1 PE=4 SV=1	0	N/A	N/A
g12243	sp|Q00808|HETE1_PODAS	30.986	284	31	3.68e-28	126	sp|Q00808|HETE1_PODAS Vegetative incompatibility protein HET-E-1 OS=Podospora anserina OX=2587412 GN=HET-E1 PE=4 SV=1	0	N/A	N/A
g12243	sp|Q00808|HETE1_PODAS	29.032	248	31	2.91e-22	107	sp|Q00808|HETE1_PODAS Vegetative incompatibility protein HET-E-1 OS=Podospora anserina OX=2587412 GN=HET-E1 PE=4 SV=1	0	N/A	N/A
g12243	sp|Q00808|HETE1_PODAS	32.143	196	31	3.10e-20	100	sp|Q00808|HETE1_PODAS Vegetative incompatibility protein HET-E-1 OS=Podospora anserina OX=2587412 GN=HET-E1 PE=4 SV=1	0	N/A	N/A
g12243	sp|Q00808|HETE1_PODAS	37.209	86	31	3.27e-08	61.6	sp|Q00808|HETE1_PODAS Vegetative incompatibility protein HET-E-1 OS=Podospora anserina OX=2587412 GN=HET-E1 PE=4 SV=1	0	N/A	N/A
g12243	sp|Q8YTC2|Y2800_NOSS1	27.384	409	39	1.48e-28	127	sp|Q8YTC2|Y2800_NOSS1 Uncharacterized WD repeat-containing protein alr2800 OS=Nostoc sp. (strain PCC 7120 / SAG 25.82 / UTEX 2576) OX=103690 GN=alr2800 PE=4 SV=1	0	N/A	N/A
g12243	sp|Q8YTC2|Y2800_NOSS1	27.114	343	39	1.68e-27	124	sp|Q8YTC2|Y2800_NOSS1 Uncharacterized WD repeat-containing protein alr2800 OS=Nostoc sp. (strain PCC 7120 / SAG 25.82 / UTEX 2576) OX=103690 GN=alr2800 PE=4 SV=1	0	N/A	N/A
g12243	sp|Q8YTC2|Y2800_NOSS1	28.832	274	39	4.88e-27	122	sp|Q8YTC2|Y2800_NOSS1 Uncharacterized WD repeat-containing protein alr2800 OS=Nostoc sp. (strain PCC 7120 / SAG 25.82 / UTEX 2576) OX=103690 GN=alr2800 PE=4 SV=1	0	N/A	N/A
g12243	sp|Q8YTC2|Y2800_NOSS1	28.137	263	39	1.02e-21	105	sp|Q8YTC2|Y2800_NOSS1 Uncharacterized WD repeat-containing protein alr2800 OS=Nostoc sp. (strain PCC 7120 / SAG 25.82 / UTEX 2576) OX=103690 GN=alr2800 PE=4 SV=1	0	N/A	N/A
g12243	sp|Q8YTC2|Y2800_NOSS1	28.986	207	39	2.61e-15	84.7	sp|Q8YTC2|Y2800_NOSS1 Uncharacterized WD repeat-containing protein alr2800 OS=Nostoc sp. (strain PCC 7120 / SAG 25.82 / UTEX 2576) OX=103690 GN=alr2800 PE=4 SV=1	0	N/A	N/A
g12243	sp|Q8YTC2|Y2800_NOSS1	30.405	148	39	1.44e-13	79.0	sp|Q8YTC2|Y2800_NOSS1 Uncharacterized WD repeat-containing protein alr2800 OS=Nostoc sp. (strain PCC 7120 / SAG 25.82 / UTEX 2576) OX=103690 GN=alr2800 PE=4 SV=1	0	N/A	N/A
g12244	sp|Q6GQI5|CCD93_XENLA	31.535	241	89	3.81e-21	95.9	sp|Q6GQI5|CCD93_XENLA Coiled-coil domain-containing protein 93 OS=Xenopus laevis OX=8355 GN=ccdc93 PE=2 SV=1	0	N/A	N/A
g12244	sp|Q5ZKI4|CCD93_CHICK	30.870	230	87	1.57e-20	94.0	sp|Q5ZKI4|CCD93_CHICK Coiled-coil domain-containing protein 93 OS=Gallus gallus OX=9031 GN=CCDC93 PE=2 SV=1	0	N/A	N/A
g12244	sp|Q640U7|CCD93_XENTR	31.250	224	82	2.25e-20	93.6	sp|Q640U7|CCD93_XENTR Coiled-coil domain-containing protein 93 OS=Xenopus tropicalis OX=8364 GN=ccdc93 PE=2 SV=1	0	N/A	N/A
g12244	sp|Q54CV3|CCD93_DICDI	34.694	147	56	2.22e-19	90.9	sp|Q54CV3|CCD93_DICDI Coiled-coil domain-containing protein 93 homolog OS=Dictyostelium discoideum OX=44689 GN=DDB_G0292680 PE=3 SV=1	0	N/A	N/A
g12244	sp|Q7TQK5|CCD93_MOUSE	30.932	236	84	1.61e-17	85.1	sp|Q7TQK5|CCD93_MOUSE Coiled-coil domain-containing protein 93 OS=Mus musculus OX=10090 GN=Ccdc93 PE=1 SV=1	0	N/A	N/A
g13006	sp|Q9SRT2|BH062_ARATH	42.824	425	87	1.27e-86	275	sp|Q9SRT2|BH062_ARATH Transcription factor bHLH62 OS=Arabidopsis thaliana OX=3702 GN=BHLH62 PE=2 SV=1	0	N/A	N/A
g13006	sp|Q9FJL4|BH078_ARATH	38.631	453	87	3.02e-66	223	sp|Q9FJL4|BH078_ARATH Transcription factor bHLH78 OS=Arabidopsis thaliana OX=3702 GN=BHLH78 PE=1 SV=1	0	N/A	N/A
g13006	sp|Q9LK48|BH077_ARATH	44.509	346	74	1.91e-62	209	sp|Q9LK48|BH077_ARATH Transcription factor bHLH77 OS=Arabidopsis thaliana OX=3702 GN=BHLH77 PE=1 SV=1	0	N/A	N/A
g13006	sp|Q9CAA9|BH049_ARATH	47.638	254	55	1.18e-59	205	sp|Q9CAA9|BH049_ARATH Transcription factor bHLH49 OS=Arabidopsis thaliana OX=3702 GN=BHLH49 PE=1 SV=1	0	N/A	N/A
g13006	sp|Q9C670|BH076_ARATH	45.556	270	51	3.78e-52	182	sp|Q9C670|BH076_ARATH Transcription factor bHLH76 OS=Arabidopsis thaliana OX=3702 GN=BHLH76 PE=1 SV=1	0	N/A	N/A
g13101	sp|Q9FNL7|PTR3_ARATH	71.701	576	92	0.0	833	sp|Q9FNL7|PTR3_ARATH Protein NRT1/ PTR FAMILY 5.2 OS=Arabidopsis thaliana OX=3702 GN=NPF5.2 PE=2 SV=1	0	N/A	N/A
g13101	sp|Q9FNL8|PTR4_ARATH	67.657	572	92	0.0	771	sp|Q9FNL8|PTR4_ARATH Protein NRT1/ PTR FAMILY 5.3 OS=Arabidopsis thaliana OX=3702 GN=NPF5.3 PE=2 SV=1	0	N/A	N/A
g13101	sp|Q8VZR7|PTR30_ARATH	51.978	556	89	0.0	581	sp|Q8VZR7|PTR30_ARATH Protein NRT1/ PTR FAMILY 5.1 OS=Arabidopsis thaliana OX=3702 GN=NPF5.1 PE=2 SV=2	0	N/A	N/A
g13101	sp|P46032|PTR2_ARATH	45.455	561	89	6.02e-179	522	sp|P46032|PTR2_ARATH Protein NRT1/ PTR FAMILY 8.3 OS=Arabidopsis thaliana OX=3702 GN=NPF8.3 PE=1 SV=1	0	N/A	N/A
g13101	sp|Q9M390|PTR1_ARATH	45.471	563	90	4.59e-177	517	sp|Q9M390|PTR1_ARATH Protein NRT1/ PTR FAMILY 8.1 OS=Arabidopsis thaliana OX=3702 GN=NPF8.1 PE=1 SV=1	0	N/A	N/A
g13532	sp|Q8K368|FANCI_MOUSE	23.806	1277	87	4.28e-64	243	sp|Q8K368|FANCI_MOUSE Fanconi anemia group I protein homolog OS=Mus musculus OX=10090 GN=Fanci PE=1 SV=2	0	N/A	N/A
g13532	sp|Q9NVI1|FANCI_HUMAN	23.730	1260	87	3.67e-63	240	sp|Q9NVI1|FANCI_HUMAN Fanconi anemia group I protein OS=Homo sapiens OX=9606 GN=FANCI PE=1 SV=4	0	N/A	N/A
g13532	sp|B0I564|FANCI_CHICK	24.000	1275	87	5.56e-60	230	sp|B0I564|FANCI_CHICK Fanconi anemia group I protein OS=Gallus gallus OX=9031 GN=FANCI PE=1 SV=1	0	N/A	N/A
g13533	sp|Q8VZF6|EDR2L_ARATH	45.175	228	80	2.32e-61	209	sp|Q8VZF6|EDR2L_ARATH Protein ENHANCED DISEASE RESISTANCE 2-like OS=Arabidopsis thaliana OX=3702 GN=EDR2L PE=2 SV=1	0	N/A	N/A
g13533	sp|F4JSE7|EDR2_ARATH	44.737	228	80	2.33e-60	206	sp|F4JSE7|EDR2_ARATH Protein ENHANCED DISEASE RESISTANCE 2 OS=Arabidopsis thaliana OX=3702 GN=EDR2 PE=2 SV=1	0	N/A	N/A
g14102	sp|Q9LW83|CE101_ARATH	38.621	725	99	2.46e-135	420	sp|Q9LW83|CE101_ARATH G-type lectin S-receptor-like serine/threonine-protein kinase CES101 OS=Arabidopsis thaliana OX=3702 GN=CES101 PE=2 SV=2	0	N/A	N/A
g14102	sp|O64793|Y1675_ARATH	39.625	694	98	7.69e-130	405	sp|O64793|Y1675_ARATH G-type lectin S-receptor-like serine/threonine-protein kinase At1g67520 OS=Arabidopsis thaliana OX=3702 GN=At1g67520 PE=2 SV=3	0	N/A	N/A
g14102	sp|O81906|B120_ARATH	37.787	696	98	5.47e-128	400	sp|O81906|B120_ARATH G-type lectin S-receptor-like serine/threonine-protein kinase B120 OS=Arabidopsis thaliana OX=3702 GN=B120 PE=2 SV=1	0	N/A	N/A
g14102	sp|Q9SXB8|Y1133_ARATH	38.864	669	94	1.21e-123	389	sp|Q9SXB8|Y1133_ARATH G-type lectin S-receptor-like serine/threonine-protein kinase At1g11330 OS=Arabidopsis thaliana OX=3702 GN=At1g11330 PE=1 SV=3	0	N/A	N/A
g14102	sp|Q09092|SRK6_BRAOV	36.657	712	100	4.82e-122	385	sp|Q09092|SRK6_BRAOV Putative serine/threonine-protein kinase receptor OS=Brassica oleracea var. viridis OX=3713 GN=SRK6 PE=1 SV=2	0	N/A	N/A
g14876	sp|Q5E930|SLAH1_ARATH	53.488	86	61	1.78e-22	94.0	sp|Q5E930|SLAH1_ARATH S-type anion channel SLAH1 OS=Arabidopsis thaliana OX=3702 GN=SLAH1 PE=2 SV=1	0	N/A	N/A
g14876	sp|A8MRV9|SLAH4_ARATH	48.718	78	58	1.06e-19	86.3	sp|A8MRV9|SLAH4_ARATH S-type anion channel SLAH4 OS=Arabidopsis thaliana OX=3702 GN=SLAH4 PE=2 SV=1	0	N/A	N/A
g14876	sp|Q9FLV9|SLAH3_ARATH	33.824	68	49	4.10e-06	48.1	sp|Q9FLV9|SLAH3_ARATH S-type anion channel SLAH3 OS=Arabidopsis thaliana OX=3702 GN=SLAH3 PE=1 SV=1	0	N/A	N/A
g14961	sp|Q9LXA5|LRK91_ARATH	45.776	651	95	6.42e-178	524	sp|Q9LXA5|LRK91_ARATH L-type lectin-domain containing receptor kinase IX.1 OS=Arabidopsis thaliana OX=3702 GN=LECRK91 PE=1 SV=1	0	N/A	N/A
g14961	sp|Q9LSL5|LRK92_ARATH	43.760	649	94	6.63e-168	499	sp|Q9LSL5|LRK92_ARATH L-type lectin-domain containing receptor kinase IX.2 OS=Arabidopsis thaliana OX=3702 GN=LECRK92 PE=1 SV=1	0	N/A	N/A
g14961	sp|Q9FHG4|LRKS7_ARATH	41.051	609	87	3.68e-129	399	sp|Q9FHG4|LRKS7_ARATH Probable L-type lectin-domain containing receptor kinase S.7 OS=Arabidopsis thaliana OX=3702 GN=LECRKS7 PE=2 SV=1	0	N/A	N/A
g14961	sp|O81292|LRK43_ARATH	36.762	593	86	8.64e-117	367	sp|O81292|LRK43_ARATH L-type lectin-domain containing receptor kinase IV.3 OS=Arabidopsis thaliana OX=3702 GN=LECRK43 PE=2 SV=1	0	N/A	N/A
g14961	sp|Q9FG33|LRKS5_ARATH	36.541	665	96	1.45e-116	366	sp|Q9FG33|LRKS5_ARATH Probable L-type lectin-domain containing receptor kinase S.5 OS=Arabidopsis thaliana OX=3702 GN=LECRKS5 PE=2 SV=1	0	N/A	N/A
g14962	sp|Q41159|LCB1_ROBPS	38.628	277	84	1.04e-42	152	sp|Q41159|LCB1_ROBPS Bark agglutinin I polypeptide A OS=Robinia pseudoacacia OX=35938 PE=1 SV=1	0	N/A	N/A
g14962	sp|Q39529|LEC2_CLAKE	37.687	268	80	1.01e-41	149	sp|Q39529|LEC2_CLAKE Agglutinin-2 OS=Cladrastis kentukea OX=38412 PE=1 SV=1	0	N/A	N/A
g14962	sp|Q41162|LCS1_ROBPS	37.993	279	84	3.45e-41	147	sp|Q41162|LCS1_ROBPS Seed agglutinin 1 OS=Robinia pseudoacacia OX=35938 PE=1 SV=1	0	N/A	N/A
g14962	sp|Q41161|LCS2_ROBPS	37.770	278	84	4.05e-41	147	sp|Q41161|LCS2_ROBPS Seed agglutinin 2 OS=Robinia pseudoacacia OX=35938 PE=1 SV=1	0	N/A	N/A
g14962	sp|P93538|LECB_STYJP	37.818	275	83	2.54e-40	145	sp|P93538|LECB_STYJP Bark lectin (Fragment) OS=Styphnolobium japonicum OX=3897 PE=2 SV=1	0	N/A	N/A
g15275	sp|O00370|LORF2_HUMAN	24.042	861	70	2.19e-52	205	sp|O00370|LORF2_HUMAN LINE-1 retrotransposable element ORF2 protein OS=Homo sapiens OX=9606 PE=1 SV=1	0	N/A	N/A
g15275	sp|P14381|YTX2_XENLA	26.054	783	66	3.78e-51	201	sp|P14381|YTX2_XENLA Transposon TX1 uncharacterized 149 kDa protein OS=Xenopus laevis OX=8355 PE=4 SV=1	0	N/A	N/A
g15275	sp|P11369|LORF2_MOUSE	23.229	861	70	2.46e-47	189	sp|P11369|LORF2_MOUSE LINE-1 retrotransposable element ORF2 protein OS=Mus musculus OX=10090 GN=Pol PE=1 SV=2	0	N/A	N/A
g15275	sp|P08548|LIN1_NYCCO	23.691	764	64	3.34e-45	182	sp|P08548|LIN1_NYCCO LINE-1 reverse transcriptase homolog OS=Nycticebus coucang OX=9470 PE=4 SV=1	0	N/A	N/A
g15275	sp|P0C2F6|RNHX1_ARATH	26.087	437	36	2.18e-33	141	sp|P0C2F6|RNHX1_ARATH Putative ribonuclease H protein At1g65750 OS=Arabidopsis thaliana OX=3702 GN=At1g65750 PE=3 SV=1	0	N/A	N/A
g15276	sp|P0CT40|TF29_SCHPO	32.385	914	58	5.30e-145	482	sp|P0CT40|TF29_SCHPO Transposon Tf2-9 polyprotein OS=Schizosaccharomyces pombe (strain 972 / ATCC 24843) OX=284812 GN=Tf2-9 PE=3 SV=1	0	N/A	N/A
g15276	sp|P0CT37|TF24_SCHPO	32.385	914	58	5.30e-145	482	sp|P0CT37|TF24_SCHPO Transposon Tf2-4 polyprotein OS=Schizosaccharomyces pombe (strain 972 / ATCC 24843) OX=284812 GN=Tf2-4 PE=3 SV=1	0	N/A	N/A
g15276	sp|P0CT35|TF22_SCHPO	32.385	914	58	5.30e-145	482	sp|P0CT35|TF22_SCHPO Transposon Tf2-2 polyprotein OS=Schizosaccharomyces pombe (strain 972 / ATCC 24843) OX=284812 GN=Tf2-2 PE=3 SV=1	0	N/A	N/A
g15276	sp|P0CT34|TF21_SCHPO	32.385	914	58	5.30e-145	482	sp|P0CT34|TF21_SCHPO Transposon Tf2-1 polyprotein OS=Schizosaccharomyces pombe (strain 972 / ATCC 24843) OX=284812 GN=Tf2-1 PE=3 SV=1	0	N/A	N/A
g15276	sp|P0CT39|TF26_SCHPO	32.385	914	58	5.35e-145	482	sp|P0CT39|TF26_SCHPO Transposon Tf2-6 polyprotein OS=Schizosaccharomyces pombe (strain 972 / ATCC 24843) OX=284812 GN=Tf2-6 PE=3 SV=1	0	N/A	N/A
g15577	sp|P0C2F6|RNHX1_ARATH	26.727	333	65	2.25e-25	113	sp|P0C2F6|RNHX1_ARATH Putative ribonuclease H protein At1g65750 OS=Arabidopsis thaliana OX=3702 GN=At1g65750 PE=3 SV=1	0	N/A	N/A
g15577	sp|P93295|M310_ARATH	23.239	142	29	4.56e-07	52.8	sp|P93295|M310_ARATH Uncharacterized mitochondrial protein AtMg00310 OS=Arabidopsis thaliana OX=3702 GN=AtMg00310 PE=4 SV=1	0	N/A	N/A
g15763	sp|O23403|PPD1_ARATH	66.270	252	96	5.08e-111	324	sp|O23403|PPD1_ARATH PsbP domain-containing protein 1, chloroplastic OS=Arabidopsis thaliana OX=3702 GN=PPD1 PE=1 SV=1	0	N/A	N/A
g15763	sp|Q8DH84|PSBP_THEVB	28.431	204	80	4.06e-19	85.1	sp|Q8DH84|PSBP_THEVB CyanoP OS=Thermosynechococcus vestitus (strain NIES-2133 / IAM M-273 / BP-1) OX=197221 GN=psbP PE=1 SV=1	0	N/A	N/A
g15763	sp|P73952|PSBP_SYNY3	31.206	141	54	1.50e-08	56.6	sp|P73952|PSBP_SYNY3 CyanoP OS=Synechocystis sp. (strain ATCC 27184 / PCC 6803 / Kazusa) OX=1111708 GN=psbP PE=1 SV=1	0	N/A	N/A
g15763	sp|P82538|PPL1_ARATH	23.118	186	73	1.70e-06	51.2	sp|P82538|PPL1_ARATH PsbP-like protein 1, chloroplastic OS=Arabidopsis thaliana OX=3702 GN=PPL1 PE=1 SV=1	0	N/A	N/A
g15764	sp|Q5DWG1|CRJ35_CRYJA	55.556	216	74	6.48e-84	254	sp|Q5DWG1|CRJ35_CRYJA Pathogenesis-related thaumatin-like protein 3.5 OS=Cryptomeria japonica OX=3369 PE=1 SV=1	0	N/A	N/A
g15764	sp|P28493|PR5_ARATH	53.138	239	82	2.41e-81	248	sp|P28493|PR5_ARATH Pathogenesis-related protein 5 OS=Arabidopsis thaliana OX=3702 GN=At1g75040 PE=1 SV=1	0	N/A	N/A
g15764	sp|P50699|TLPH_ARATH	54.795	219	74	7.32e-79	242	sp|P50699|TLPH_ARATH Thaumatin-like protein OS=Arabidopsis thaliana OX=3702 GN=At1g18250 PE=2 SV=2	0	N/A	N/A
g15764	sp|A0A1P8B554|THLP1_ARATH	45.420	262	86	8.99e-69	216	sp|A0A1P8B554|THLP1_ARATH Thaumatin-like protein 1 OS=Arabidopsis thaliana OX=3702 GN=TLP1 PE=2 SV=1	0	N/A	N/A
g15764	sp|P81295|PRR3_JUNAS	48.325	209	73	1.19e-60	194	sp|P81295|PRR3_JUNAS Pathogenesis-related 5 protein Jun a 3.0101 OS=Juniperus ashei OX=13101 PE=1 SV=1	0	N/A	N/A
g15765	sp|V9M398|RUN1_VITRO	34.082	534	90	6.53e-71	251	sp|V9M398|RUN1_VITRO Disease resistance protein RUN1 OS=Vitis rotundifolia OX=103349 GN=RUN1 PE=1 SV=1	0	N/A	N/A
g15765	sp|V9M2S5|RPV1_VITRO	34.469	499	85	2.13e-64	232	sp|V9M2S5|RPV1_VITRO Disease resistance protein RPV1 OS=Vitis rotundifolia OX=103349 GN=RPV1 PE=1 SV=1	0	N/A	N/A
g15765	sp|A0A290U7C4|ROQ1_NICBE	31.263	499	85	4.57e-60	219	sp|A0A290U7C4|ROQ1_NICBE Disease resistance protein Roq1 OS=Nicotiana benthamiana OX=4100 GN=ROQ1 PE=1 SV=1	0	N/A	N/A
g15765	sp|Q40392|TMVRN_NICGU	31.423	506	84	7.97e-58	213	sp|Q40392|TMVRN_NICGU TMV resistance protein N OS=Nicotiana glutinosa OX=35889 GN=N PE=1 SV=1	0	N/A	N/A
g15765	sp|O82500|Y4117_ARATH	30.197	457	78	1.15e-49	188	sp|O82500|Y4117_ARATH Putative disease resistance protein At4g11170 OS=Arabidopsis thaliana OX=3702 GN=At4g11170 PE=2 SV=1	0	N/A	N/A
g15771	sp|P0C897|Y3264_ARATH	42.254	142	90	1.89e-20	89.7	sp|P0C897|Y3264_ARATH Putative UPF0481 protein At3g02645 OS=Arabidopsis thaliana OX=3702 GN=At3g02645 PE=3 SV=1	0	N/A	N/A
g15772	sp|P0C897|Y3264_ARATH	31.474	502	93	2.06e-59	207	sp|P0C897|Y3264_ARATH Putative UPF0481 protein At3g02645 OS=Arabidopsis thaliana OX=3702 GN=At3g02645 PE=3 SV=1	0	N/A	N/A
g15772	sp|Q9SD53|Y3720_ARATH	22.152	474	89	5.86e-14	77.4	sp|Q9SD53|Y3720_ARATH UPF0481 protein At3g47200 OS=Arabidopsis thaliana OX=3702 GN=At3g47200 PE=2 SV=1	0	N/A	N/A
g15790	sp|O22212|PRP4L_ARATH	66.026	468	87	0.0	654	sp|O22212|PRP4L_ARATH U4/U6 small nuclear ribonucleoprotein PRP4-like protein OS=Arabidopsis thaliana OX=3702 GN=LIS PE=2 SV=1	0	N/A	N/A
g15790	sp|Q3MHE2|PRP4_BOVIN	43.284	469	88	1.68e-131	395	sp|Q3MHE2|PRP4_BOVIN U4/U6 small nuclear ribonucleoprotein Prp4 OS=Bos taurus OX=9913 GN=PRPF4 PE=2 SV=1	0	N/A	N/A
g15790	sp|Q3MHE2|PRP4_BOVIN	27.143	140	88	1.32e-08	61.2	sp|Q3MHE2|PRP4_BOVIN U4/U6 small nuclear ribonucleoprotein Prp4 OS=Bos taurus OX=9913 GN=PRPF4 PE=2 SV=1	0	N/A	N/A
g15790	sp|O43172|PRP4_HUMAN	43.284	469	88	2.37e-131	395	sp|O43172|PRP4_HUMAN U4/U6 small nuclear ribonucleoprotein Prp4 OS=Homo sapiens OX=9606 GN=PRPF4 PE=1 SV=2	0	N/A	N/A
g15790	sp|O43172|PRP4_HUMAN	26.429	140	88	7.69e-08	58.5	sp|O43172|PRP4_HUMAN U4/U6 small nuclear ribonucleoprotein Prp4 OS=Homo sapiens OX=9606 GN=PRPF4 PE=1 SV=2	0	N/A	N/A
g15790	sp|Q5NVD0|PRP4_PONAB	43.284	469	88	2.38e-131	395	sp|Q5NVD0|PRP4_PONAB U4/U6 small nuclear ribonucleoprotein Prp4 OS=Pongo abelii OX=9601 GN=PRPF4 PE=2 SV=1	0	N/A	N/A
g15790	sp|Q5NVD0|PRP4_PONAB	27.143	140	88	2.32e-08	60.5	sp|Q5NVD0|PRP4_PONAB U4/U6 small nuclear ribonucleoprotein Prp4 OS=Pongo abelii OX=9601 GN=PRPF4 PE=2 SV=1	0	N/A	N/A
g15790	sp|Q9DAW6|PRP4_MOUSE	43.284	469	88	4.22e-131	394	sp|Q9DAW6|PRP4_MOUSE U4/U6 small nuclear ribonucleoprotein Prp4 OS=Mus musculus OX=10090 GN=Prpf4 PE=1 SV=1	0	N/A	N/A
g15790	sp|Q9DAW6|PRP4_MOUSE	27.143	140	88	2.82e-08	60.1	sp|Q9DAW6|PRP4_MOUSE U4/U6 small nuclear ribonucleoprotein Prp4 OS=Mus musculus OX=10090 GN=Prpf4 PE=1 SV=1	0	N/A	N/A
g15791	sp|Q9SXD1|PPR91_ARATH	25.217	460	99	9.93e-42	163	sp|Q9SXD1|PPR91_ARATH Pentatricopeptide repeat-containing protein At1g62670, mitochondrial OS=Arabidopsis thaliana OX=3702 GN=At1g62670 PE=3 SV=2	0	N/A	N/A
g15791	sp|Q9SXD1|PPR91_ARATH	22.635	592	99	2.06e-35	145	sp|Q9SXD1|PPR91_ARATH Pentatricopeptide repeat-containing protein At1g62670, mitochondrial OS=Arabidopsis thaliana OX=3702 GN=At1g62670 PE=3 SV=2	0	N/A	N/A
g15791	sp|Q9SXD1|PPR91_ARATH	22.951	488	99	2.89e-22	105	sp|Q9SXD1|PPR91_ARATH Pentatricopeptide repeat-containing protein At1g62670, mitochondrial OS=Arabidopsis thaliana OX=3702 GN=At1g62670 PE=3 SV=2	0	N/A	N/A
g15791	sp|Q9SXD1|PPR91_ARATH	21.941	237	99	2.22e-07	57.8	sp|Q9SXD1|PPR91_ARATH Pentatricopeptide repeat-containing protein At1g62670, mitochondrial OS=Arabidopsis thaliana OX=3702 GN=At1g62670 PE=3 SV=2	0	N/A	N/A
g15791	sp|Q9C8T7|PP101_ARATH	25.581	473	94	1.19e-40	159	sp|Q9C8T7|PP101_ARATH Pentatricopeptide repeat-containing protein At1g63330 OS=Arabidopsis thaliana OX=3702 GN=At1g63330 PE=2 SV=2	0	N/A	N/A
g15791	sp|Q9C8T7|PP101_ARATH	23.952	501	94	1.31e-35	144	sp|Q9C8T7|PP101_ARATH Pentatricopeptide repeat-containing protein At1g63330 OS=Arabidopsis thaliana OX=3702 GN=At1g63330 PE=2 SV=2	0	N/A	N/A
g15791	sp|Q9C8T7|PP101_ARATH	21.607	361	94	8.76e-19	93.6	sp|Q9C8T7|PP101_ARATH Pentatricopeptide repeat-containing protein At1g63330 OS=Arabidopsis thaliana OX=3702 GN=At1g63330 PE=2 SV=2	0	N/A	N/A
g15791	sp|Q9C8T7|PP101_ARATH	21.656	471	94	7.98e-18	90.9	sp|Q9C8T7|PP101_ARATH Pentatricopeptide repeat-containing protein At1g63330 OS=Arabidopsis thaliana OX=3702 GN=At1g63330 PE=2 SV=2	0	N/A	N/A
g15791	sp|Q0WPZ6|PP158_ARATH	23.652	575	95	7.24e-40	159	sp|Q0WPZ6|PP158_ARATH Pentatricopeptide repeat-containing protein At2g17140 OS=Arabidopsis thaliana OX=3702 GN=At2g17140 PE=2 SV=1	0	N/A	N/A
g15791	sp|Q0WPZ6|PP158_ARATH	22.481	645	95	4.64e-22	104	sp|Q0WPZ6|PP158_ARATH Pentatricopeptide repeat-containing protein At2g17140 OS=Arabidopsis thaliana OX=3702 GN=At2g17140 PE=2 SV=1	0	N/A	N/A
g15791	sp|Q0WPZ6|PP158_ARATH	20.872	436	95	2.50e-17	89.7	sp|Q0WPZ6|PP158_ARATH Pentatricopeptide repeat-containing protein At2g17140 OS=Arabidopsis thaliana OX=3702 GN=At2g17140 PE=2 SV=1	0	N/A	N/A
g15791	sp|Q0WPZ6|PP158_ARATH	22.188	329	95	4.43e-15	82.8	sp|Q0WPZ6|PP158_ARATH Pentatricopeptide repeat-containing protein At2g17140 OS=Arabidopsis thaliana OX=3702 GN=At2g17140 PE=2 SV=1	0	N/A	N/A
g15791	sp|Q0WPZ6|PP158_ARATH	21.884	329	95	4.14e-08	60.1	sp|Q0WPZ6|PP158_ARATH Pentatricopeptide repeat-containing protein At2g17140 OS=Arabidopsis thaliana OX=3702 GN=At2g17140 PE=2 SV=1	0	N/A	N/A
g15791	sp|Q9SXD8|PPR90_ARATH	25.159	473	92	2.00e-39	156	sp|Q9SXD8|PPR90_ARATH Pentatricopeptide repeat-containing protein At1g62590 OS=Arabidopsis thaliana OX=3702 GN=At1g62590 PE=2 SV=1	0	N/A	N/A
g15791	sp|Q9SXD8|PPR90_ARATH	23.288	511	92	9.71e-37	149	sp|Q9SXD8|PPR90_ARATH Pentatricopeptide repeat-containing protein At1g62590 OS=Arabidopsis thaliana OX=3702 GN=At1g62590 PE=2 SV=1	0	N/A	N/A
g15791	sp|Q9SXD8|PPR90_ARATH	21.704	493	92	4.07e-19	95.1	sp|Q9SXD8|PPR90_ARATH Pentatricopeptide repeat-containing protein At1g62590 OS=Arabidopsis thaliana OX=3702 GN=At1g62590 PE=2 SV=1	0	N/A	N/A
g15791	sp|Q9SXD8|PPR90_ARATH	21.607	361	92	1.91e-18	92.8	sp|Q9SXD8|PPR90_ARATH Pentatricopeptide repeat-containing protein At1g62590 OS=Arabidopsis thaliana OX=3702 GN=At1g62590 PE=2 SV=1	0	N/A	N/A
g15791	sp|Q9LQ14|PPR96_ARATH	26.087	460	97	2.62e-39	156	sp|Q9LQ14|PPR96_ARATH Pentatricopeptide repeat-containing protein At1g62930, chloroplastic OS=Arabidopsis thaliana OX=3702 GN=At1g62930 PE=2 SV=2	0	N/A	N/A
g15791	sp|Q9LQ14|PPR96_ARATH	21.782	606	97	7.35e-32	134	sp|Q9LQ14|PPR96_ARATH Pentatricopeptide repeat-containing protein At1g62930, chloroplastic OS=Arabidopsis thaliana OX=3702 GN=At1g62930 PE=2 SV=2	0	N/A	N/A
g15791	sp|Q9LQ14|PPR96_ARATH	22.093	516	97	9.77e-27	119	sp|Q9LQ14|PPR96_ARATH Pentatricopeptide repeat-containing protein At1g62930, chloroplastic OS=Arabidopsis thaliana OX=3702 GN=At1g62930 PE=2 SV=2	0	N/A	N/A
g15791	sp|Q9LQ14|PPR96_ARATH	21.649	485	97	6.87e-22	103	sp|Q9LQ14|PPR96_ARATH Pentatricopeptide repeat-containing protein At1g62930, chloroplastic OS=Arabidopsis thaliana OX=3702 GN=At1g62930 PE=2 SV=2	0	N/A	N/A
g15791	sp|Q9LQ14|PPR96_ARATH	20.578	277	97	8.87e-08	58.9	sp|Q9LQ14|PPR96_ARATH Pentatricopeptide repeat-containing protein At1g62930, chloroplastic OS=Arabidopsis thaliana OX=3702 GN=At1g62930 PE=2 SV=2	0	N/A	N/A
g15965	sp|Q65XS5|BC10_ORYSJ	42.308	130	58	1.53e-29	116	sp|Q65XS5|BC10_ORYSJ Glycosyltransferase BC10 OS=Oryza sativa subsp. japonica OX=39947 GN=BC10 PE=1 SV=1	0	N/A	N/A
g15966	sp|P10978|POLX_TOBAC	50.711	211	96	1.43e-50	182	sp|P10978|POLX_TOBAC Retrovirus-related Pol polyprotein from transposon TNT 1-94 OS=Nicotiana tabacum OX=4097 PE=2 SV=1	0	N/A	N/A
g15966	sp|P10978|POLX_TOBAC	41.905	105	96	8.25e-17	84.3	sp|P10978|POLX_TOBAC Retrovirus-related Pol polyprotein from transposon TNT 1-94 OS=Nicotiana tabacum OX=4097 PE=2 SV=1	0	N/A	N/A
g15966	sp|P04146|COPIA_DROME	33.702	181	57	2.06e-20	95.1	sp|P04146|COPIA_DROME Copia protein OS=Drosophila melanogaster OX=7227 GN=GIP PE=1 SV=3	0	N/A	N/A
g15966	sp|P25600|YCH4_YEAST	29.480	173	58	6.78e-18	85.5	sp|P25600|YCH4_YEAST Putative transposon Ty5-1 protein YCL074W OS=Saccharomyces cerevisiae (strain ATCC 204508 / S288c) OX=559292 GN=TY5A PE=5 SV=2	0	N/A	N/A
g15966	sp|Q94HW2|POLR1_ARATH	35.000	140	47	4.06e-17	85.1	sp|Q94HW2|POLR1_ARATH Retrovirus-related Pol polyprotein from transposon RE1 OS=Arabidopsis thaliana OX=3702 GN=RE1 PE=2 SV=1	0	N/A	N/A
g15966	sp|Q9ZT94|POLR2_ARATH	33.562	146	49	7.53e-16	81.6	sp|Q9ZT94|POLR2_ARATH Retrovirus-related Pol polyprotein from transposon RE2 OS=Arabidopsis thaliana OX=3702 GN=RE2 PE=4 SV=1	0	N/A	N/A
g15967	sp|P10978|POLX_TOBAC	56.944	72	29	1.05e-19	91.3	sp|P10978|POLX_TOBAC Retrovirus-related Pol polyprotein from transposon TNT 1-94 OS=Nicotiana tabacum OX=4097 PE=2 SV=1	0	N/A	N/A
g15967	sp|Q65XS5|BC10_ORYSJ	31.351	185	64	7.75e-17	82.0	sp|Q65XS5|BC10_ORYSJ Glycosyltransferase BC10 OS=Oryza sativa subsp. japonica OX=39947 GN=BC10 PE=1 SV=1	0	N/A	N/A
g15967	sp|Q9ZT94|POLR2_ARATH	42.466	73	29	5.14e-10	62.8	sp|Q9ZT94|POLR2_ARATH Retrovirus-related Pol polyprotein from transposon RE2 OS=Arabidopsis thaliana OX=3702 GN=RE2 PE=4 SV=1	0	N/A	N/A
g15967	sp|Q94HW2|POLR1_ARATH	39.726	73	29	5.23e-09	59.7	sp|Q94HW2|POLR1_ARATH Retrovirus-related Pol polyprotein from transposon RE1 OS=Arabidopsis thaliana OX=3702 GN=RE1 PE=2 SV=1	0	N/A	N/A
g15967	sp|P04146|COPIA_DROME	36.986	73	29	9.50e-07	53.1	sp|P04146|COPIA_DROME Copia protein OS=Drosophila melanogaster OX=7227 GN=GIP PE=1 SV=3	0	N/A	N/A
g15968	sp|G3GBK0|C7BL3_CICIN	62.118	491	99	0.0	645	sp|G3GBK0|C7BL3_CICIN Costunolide synthase OS=Cichorium intybus OX=13427 GN=CYP71BL3 PE=1 SV=1	0	N/A	N/A
g15968	sp|X2JE85|C7BL2_TANPA	60.685	496	100	0.0	642	sp|X2JE85|C7BL2_TANPA Costunolide synthase OS=Tanacetum parthenium OX=127999 GN=CYP71BL2 PE=1 SV=1	0	N/A	N/A
g15968	sp|F8S1I0|C7BL2_LACSA	61.741	494	99	0.0	640	sp|F8S1I0|C7BL2_LACSA Costunolide synthase OS=Lactuca sativa OX=4236 GN=CYP71BL2 PE=1 SV=1	0	N/A	N/A
g15968	sp|F8S1H3|C7BL1_HELAN	56.998	493	99	0.0	611	sp|F8S1H3|C7BL1_HELAN Germacrene A acid 8-beta-hydroxylase OS=Helianthus annuus OX=4232 GN=CYP71BL1 PE=1 SV=1	0	N/A	N/A
g15968	sp|A0A2H4DGV8|C7BL6_INUHU	54.545	495	100	0.0	596	sp|A0A2H4DGV8|C7BL6_INUHU Germacrene A acid 8-beta-hydroxylase OS=Inula hupehensis OX=1805964 GN=CYP71BL6 PE=1 SV=1	0	N/A	N/A
g15988	sp|Q9FZ45|Y1686_ARATH	64.449	481	100	0.0	621	sp|Q9FZ45|Y1686_ARATH Uncharacterized membrane protein At1g16860 OS=Arabidopsis thaliana OX=3702 GN=At1g16860 PE=1 SV=1	0	N/A	N/A
g15989	sp|Q9SZH4|PEP_ARATH	54.242	389	87	3.38e-131	390	sp|Q9SZH4|PEP_ARATH RNA-binding KH domain-containing protein PEPPER OS=Arabidopsis thaliana OX=3702 GN=PEP PE=1 SV=1	0	N/A	N/A
g15989	sp|Q9SR13|FLK_ARATH	41.989	362	78	4.16e-80	261	sp|Q9SR13|FLK_ARATH Flowering locus K homology domain OS=Arabidopsis thaliana OX=3702 GN=FLK PE=1 SV=1	0	N/A	N/A
g15989	sp|P58223|Y4837_ARATH	28.446	341	75	9.49e-15	79.7	sp|P58223|Y4837_ARATH KH domain-containing protein At4g18375 OS=Arabidopsis thaliana OX=3702 GN=At4g18375 PE=2 SV=1	0	N/A	N/A
g15989	sp|P58223|Y4837_ARATH	24.096	332	75	5.60e-09	62.0	sp|P58223|Y4837_ARATH KH domain-containing protein At4g18375 OS=Arabidopsis thaliana OX=3702 GN=At4g18375 PE=2 SV=1	0	N/A	N/A
g15989	sp|F4KDN0|HEN4_ARATH	29.730	185	83	1.47e-14	79.7	sp|F4KDN0|HEN4_ARATH KH domain-containing protein HEN4 OS=Arabidopsis thaliana OX=3702 GN=HEN4 PE=1 SV=1	0	N/A	N/A
g15989	sp|F4KDN0|HEN4_ARATH	20.941	425	83	6.76e-11	68.2	sp|F4KDN0|HEN4_ARATH KH domain-containing protein HEN4 OS=Arabidopsis thaliana OX=3702 GN=HEN4 PE=1 SV=1	0	N/A	N/A
g15989	sp|P57721|PCBP3_HUMAN	27.143	350	74	9.03e-14	75.9	sp|P57721|PCBP3_HUMAN Poly(rC)-binding protein 3 OS=Homo sapiens OX=9606 GN=PCBP3 PE=1 SV=2	0	N/A	N/A
g15990	sp|Q9LU72|PPA28_ARATH	61.713	397	97	3.19e-174	494	sp|Q9LU72|PPA28_ARATH Probable inactive purple acid phosphatase 28 OS=Arabidopsis thaliana OX=3702 GN=PAP28 PE=2 SV=1	0	N/A	N/A
g15990	sp|Q9FMK9|PPA29_ARATH	50.562	356	87	9.30e-122	361	sp|Q9FMK9|PPA29_ARATH Probable inactive purple acid phosphatase 29 OS=Arabidopsis thaliana OX=3702 GN=PAP29 PE=2 SV=1	0	N/A	N/A
g15990	sp|Q84LR6|PPA14_ARATH	47.188	409	100	3.92e-107	324	sp|Q84LR6|PPA14_ARATH Probable inactive purple acid phosphatase 14 OS=Arabidopsis thaliana OX=3702 GN=PAP14 PE=2 SV=1	0	N/A	N/A
g15990	sp|Q05924|DCR2_YEAST	34.571	350	83	1.50e-40	154	sp|Q05924|DCR2_YEAST Phosphatase DCR2 OS=Saccharomyces cerevisiae (strain ATCC 204508 / S288c) OX=559292 GN=DCR2 PE=1 SV=1	0	N/A	N/A
g15990	sp|O59759|YJM5_SCHPO	31.751	337	82	2.04e-30	125	sp|O59759|YJM5_SCHPO Uncharacterized protein C1020.05 OS=Schizosaccharomyces pombe (strain 972 / ATCC 24843) OX=284812 GN=SPCC1020.05 PE=3 SV=1	0	N/A	N/A
g16394	sp|Q9LK09|SYP32_ARATH	68.091	351	98	4.68e-149	426	sp|Q9LK09|SYP32_ARATH Syntaxin-32 OS=Arabidopsis thaliana OX=3702 GN=SYP32 PE=2 SV=1	0	N/A	N/A
g16394	sp|Q9FFK1|SYP31_ARATH	45.455	363	99	4.94e-89	273	sp|Q9FFK1|SYP31_ARATH Syntaxin-31 OS=Arabidopsis thaliana OX=3702 GN=SYP31 PE=1 SV=1	0	N/A	N/A
g16394	sp|O13644|SED5_SCHPO	34.582	347	97	2.94e-53	181	sp|O13644|SED5_SCHPO Integral membrane protein sed5 OS=Schizosaccharomyces pombe (strain 972 / ATCC 24843) OX=284812 GN=sed5 PE=3 SV=1	0	N/A	N/A
g16394	sp|Q8K1E0|STX5_MOUSE	36.145	332	93	2.20e-49	172	sp|Q8K1E0|STX5_MOUSE Syntaxin-5 OS=Mus musculus OX=10090 GN=Stx5 PE=1 SV=3	0	N/A	N/A
g16394	sp|Q08851|STX5_RAT	36.036	333	93	5.41e-49	171	sp|Q08851|STX5_RAT Syntaxin-5 OS=Rattus norvegicus OX=10116 GN=Stx5 PE=1 SV=2	0	N/A	N/A
g16395	sp|Q9M0E5|VPS15_ARATH	58.333	96	81	1.37e-26	105	sp|Q9M0E5|VPS15_ARATH Serine/threonine-protein kinase VPS15 OS=Arabidopsis thaliana OX=3702 GN=VPS15 PE=1 SV=1	0	N/A	N/A
g17386	sp|P04146|COPIA_DROME	31.129	1089	95	4.13e-153	493	sp|P04146|COPIA_DROME Copia protein OS=Drosophila melanogaster OX=7227 GN=GIP PE=1 SV=3	0	N/A	N/A
g17386	sp|P10978|POLX_TOBAC	30.805	1081	99	5.72e-143	464	sp|P10978|POLX_TOBAC Retrovirus-related Pol polyprotein from transposon TNT 1-94 OS=Nicotiana tabacum OX=4097 PE=2 SV=1	0	N/A	N/A
g17386	sp|Q94HW2|POLR1_ARATH	37.251	553	86	9.10e-108	370	sp|Q94HW2|POLR1_ARATH Retrovirus-related Pol polyprotein from transposon RE1 OS=Arabidopsis thaliana OX=3702 GN=RE1 PE=2 SV=1	0	N/A	N/A
g17386	sp|Q94HW2|POLR1_ARATH	31.481	378	86	1.63e-40	166	sp|Q94HW2|POLR1_ARATH Retrovirus-related Pol polyprotein from transposon RE1 OS=Arabidopsis thaliana OX=3702 GN=RE1 PE=2 SV=1	0	N/A	N/A
g17386	sp|Q9ZT94|POLR2_ARATH	36.502	526	84	2.51e-103	357	sp|Q9ZT94|POLR2_ARATH Retrovirus-related Pol polyprotein from transposon RE2 OS=Arabidopsis thaliana OX=3702 GN=RE2 PE=4 SV=1	0	N/A	N/A
g17386	sp|Q9ZT94|POLR2_ARATH	30.376	372	84	8.74e-39	161	sp|Q9ZT94|POLR2_ARATH Retrovirus-related Pol polyprotein from transposon RE2 OS=Arabidopsis thaliana OX=3702 GN=RE2 PE=4 SV=1	0	N/A	N/A
g17386	sp|P25600|YCH4_YEAST	30.657	274	27	6.86e-39	150	sp|P25600|YCH4_YEAST Putative transposon Ty5-1 protein YCL074W OS=Saccharomyces cerevisiae (strain ATCC 204508 / S288c) OX=559292 GN=TY5A PE=5 SV=2	0	N/A	N/A
g17837	sp|P10978|POLX_TOBAC	53.160	269	99	2.68e-94	304	sp|P10978|POLX_TOBAC Retrovirus-related Pol polyprotein from transposon TNT 1-94 OS=Nicotiana tabacum OX=4097 PE=2 SV=1	0	N/A	N/A
g17837	sp|P04146|COPIA_DROME	31.801	261	92	3.83e-36	139	sp|P04146|COPIA_DROME Copia protein OS=Drosophila melanogaster OX=7227 GN=GIP PE=1 SV=3	0	N/A	N/A
g17837	sp|Q94HW2|POLR1_ARATH	33.077	260	95	4.91e-35	135	sp|Q94HW2|POLR1_ARATH Retrovirus-related Pol polyprotein from transposon RE1 OS=Arabidopsis thaliana OX=3702 GN=RE1 PE=2 SV=1	0	N/A	N/A
g17837	sp|Q9ZT94|POLR2_ARATH	32.812	256	93	1.17e-33	131	sp|Q9ZT94|POLR2_ARATH Retrovirus-related Pol polyprotein from transposon RE2 OS=Arabidopsis thaliana OX=3702 GN=RE2 PE=4 SV=1	0	N/A	N/A
g17837	sp|P0CV72|RL161_PLAVT	45.890	146	58	5.69e-33	119	sp|P0CV72|RL161_PLAVT Secreted RxLR effector protein 161 OS=Plasmopara viticola OX=143451 GN=RXLR161 PE=2 SV=1	0	N/A	N/A
g17838	sp|P10978|POLX_TOBAC	44.068	236	89	5.18e-49	190	sp|P10978|POLX_TOBAC Retrovirus-related Pol polyprotein from transposon TNT 1-94 OS=Nicotiana tabacum OX=4097 PE=2 SV=1	0	N/A	N/A
g17838	sp|P10978|POLX_TOBAC	42.381	210	89	1.70e-45	179	sp|P10978|POLX_TOBAC Retrovirus-related Pol polyprotein from transposon TNT 1-94 OS=Nicotiana tabacum OX=4097 PE=2 SV=1	0	N/A	N/A
g17838	sp|P10978|POLX_TOBAC	71.429	105	89	6.17e-43	172	sp|P10978|POLX_TOBAC Retrovirus-related Pol polyprotein from transposon TNT 1-94 OS=Nicotiana tabacum OX=4097 PE=2 SV=1	0	N/A	N/A
g17838	sp|P10978|POLX_TOBAC	34.810	158	89	8.83e-19	95.5	sp|P10978|POLX_TOBAC Retrovirus-related Pol polyprotein from transposon TNT 1-94 OS=Nicotiana tabacum OX=4097 PE=2 SV=1	0	N/A	N/A
g17838	sp|P0CV72|RL161_PLAVT	52.336	107	14	1.70e-27	111	sp|P0CV72|RL161_PLAVT Secreted RxLR effector protein 161 OS=Plasmopara viticola OX=143451 GN=RXLR161 PE=2 SV=1	0	N/A	N/A
g17838	sp|P04146|COPIA_DROME	40.952	105	13	9.53e-16	85.5	sp|P04146|COPIA_DROME Copia protein OS=Drosophila melanogaster OX=7227 GN=GIP PE=1 SV=3	0	N/A	N/A
g17838	sp|Q94HW2|POLR1_ARATH	32.903	155	19	1.27e-15	85.1	sp|Q94HW2|POLR1_ARATH Retrovirus-related Pol polyprotein from transposon RE1 OS=Arabidopsis thaliana OX=3702 GN=RE1 PE=2 SV=1	0	N/A	N/A
g17838	sp|Q9ZT94|POLR2_ARATH	34.437	151	18	1.42e-15	85.1	sp|Q9ZT94|POLR2_ARATH Retrovirus-related Pol polyprotein from transposon RE2 OS=Arabidopsis thaliana OX=3702 GN=RE2 PE=4 SV=1	0	N/A	N/A
g17839	sp|Q9LPL6|TOL3_ARATH	50.560	536	97	4.38e-146	432	sp|Q9LPL6|TOL3_ARATH TOM1-like protein 3 OS=Arabidopsis thaliana OX=3702 GN=TOL3 PE=1 SV=1	0	N/A	N/A
g17839	sp|Q6NQK0|TOL4_ARATH	58.192	354	81	2.36e-129	387	sp|Q6NQK0|TOL4_ARATH TOM1-like protein 4 OS=Arabidopsis thaliana OX=3702 GN=TOL4 PE=1 SV=1	0	N/A	N/A
g17839	sp|Q6NQK0|TOL4_ARATH	50.000	88	81	1.51e-12	73.2	sp|Q6NQK0|TOL4_ARATH TOM1-like protein 4 OS=Arabidopsis thaliana OX=3702 GN=TOL4 PE=1 SV=1	0	N/A	N/A
g17839	sp|Q8L860|TOL9_ARATH	51.667	300	53	2.06e-97	312	sp|Q8L860|TOL9_ARATH TOM1-like protein 9 OS=Arabidopsis thaliana OX=3702 GN=TOL9 PE=1 SV=1	0	N/A	N/A
g17839	sp|Q9C9Y1|TOL8_ARATH	50.376	266	48	1.53e-84	277	sp|Q9C9Y1|TOL8_ARATH TOM1-like protein 8 OS=Arabidopsis thaliana OX=3702 GN=TOL8 PE=2 SV=1	0	N/A	N/A
g17839	sp|O80910|TOL6_ARATH	42.857	308	48	9.52e-72	244	sp|O80910|TOL6_ARATH TOM1-like protein 6 OS=Arabidopsis thaliana OX=3702 GN=TOL6 PE=1 SV=1	0	N/A	N/A
g17847	sp|Q8H1D6|RBK1_ARATH	51.351	444	96	2.36e-157	456	sp|Q8H1D6|RBK1_ARATH Receptor-like cytosolic serine/threonine-protein kinase RBK1 OS=Arabidopsis thaliana OX=3702 GN=RBK1 PE=1 SV=1	0	N/A	N/A
g17847	sp|Q8RXC8|RBK2_ARATH	43.450	458	98	1.62e-121	364	sp|Q8RXC8|RBK2_ARATH Receptor-like cytosolic serine/threonine-protein kinase RBK2 OS=Arabidopsis thaliana OX=3702 GN=RBK2 PE=1 SV=1	0	N/A	N/A
g17847	sp|Q5XF57|Y5576_ARATH	52.431	288	64	4.74e-107	331	sp|Q5XF57|Y5576_ARATH Probable receptor-like serine/threonine-protein kinase At5g57670 OS=Arabidopsis thaliana OX=3702 GN=At5g57670 PE=2 SV=1	0	N/A	N/A
g17847	sp|B5X4Z9|STU_ARATH	43.448	290	64	4.25e-75	249	sp|B5X4Z9|STU_ARATH Protein kinase STUNTED OS=Arabidopsis thaliana OX=3702 GN=STU PE=2 SV=1	0	N/A	N/A
g17847	sp|Q9LV48|PERK1_ARATH	40.643	342	74	2.87e-74	248	sp|Q9LV48|PERK1_ARATH Proline-rich receptor-like protein kinase PERK1 OS=Arabidopsis thaliana OX=3702 GN=PERK1 PE=1 SV=1	0	N/A	N/A
g18437	sp|O04616|CUT1A_ARATH	50.000	174	100	2.12e-46	152	sp|O04616|CUT1A_ARATH Protein CURVATURE THYLAKOID 1A, chloroplastic OS=Arabidopsis thaliana OX=3702 GN=CURT1A PE=1 SV=1	0	N/A	N/A
g18437	sp|Q8LDD3|CUT1D_ARATH	38.393	112	65	8.71e-20	85.1	sp|Q8LDD3|CUT1D_ARATH Protein CURVATURE THYLAKOID 1D, chloroplastic OS=Arabidopsis thaliana OX=3702 GN=CURT1D PE=1 SV=1	0	N/A	N/A
g18437	sp|Q9M812|CUT1C_ARATH	36.434	129	75	1.25e-17	78.6	sp|Q9M812|CUT1C_ARATH Protein CURVATURE THYLAKOID 1C, chloroplastic OS=Arabidopsis thaliana OX=3702 GN=CURT1C PE=1 SV=1	0	N/A	N/A
g18437	sp|Q8LCA1|CUT1B_ARATH	38.554	83	48	1.91e-14	70.5	sp|Q8LCA1|CUT1B_ARATH Protein CURVATURE THYLAKOID 1B, chloroplastic OS=Arabidopsis thaliana OX=3702 GN=CURT1B PE=1 SV=2	0	N/A	N/A
g18437	sp|Q119Z5|SYE_TRIEI	47.273	55	32	5.71e-11	63.5	sp|Q119Z5|SYE_TRIEI Glutamate--tRNA ligase OS=Trichodesmium erythraeum (strain IMS101) OX=203124 GN=gltX PE=3 SV=1	0	N/A	N/A
g18438	sp|P19172|CHIA_ARATH	63.787	301	99	3.89e-143	408	sp|P19172|CHIA_ARATH Acidic endochitinase OS=Arabidopsis thaliana OX=3702 GN=CHIB1 PE=2 SV=2	0	N/A	N/A
g18438	sp|P23472|CHLY_HEVBR	70.909	275	91	1.36e-139	399	sp|P23472|CHLY_HEVBR Hevamine-A OS=Hevea brasiliensis OX=3981 PE=1 SV=2	0	N/A	N/A
g18438	sp|P51614|CHIT3_VITVI	65.734	286	93	2.00e-137	393	sp|P51614|CHIT3_VITVI Acidic endochitinase OS=Vitis vinifera OX=29760 GN=CHIT3 PE=2 SV=1	0	N/A	N/A
g18438	sp|P29060|CHIA_TOBAC	63.538	277	91	7.78e-126	363	sp|P29060|CHIA_TOBAC Acidic endochitinase OS=Nicotiana tabacum OX=4097 PE=1 SV=1	0	N/A	N/A
g18438	sp|G1UH28|CHIT_PUNGR	61.566	281	92	1.64e-122	355	sp|G1UH28|CHIT_PUNGR Acidic endochitinase Pun g 14, amyloplastic OS=Punica granatum OX=22663 GN=PSC PE=1 SV=1	0	N/A	N/A
g18439	sp|Q9SZ67|WRK19_ARATH	58.974	195	49	2.81e-67	241	sp|Q9SZ67|WRK19_ARATH Probable WRKY transcription factor 19 OS=Arabidopsis thaliana OX=3702 GN=WRKY19 PE=1 SV=1	0	N/A	N/A
g18439	sp|Q9SZ67|WRK19_ARATH	66.438	146	49	6.99e-56	207	sp|Q9SZ67|WRK19_ARATH Probable WRKY transcription factor 19 OS=Arabidopsis thaliana OX=3702 GN=WRKY19 PE=1 SV=1	0	N/A	N/A
g18439	sp|Q9SZ67|WRK19_ARATH	57.065	184	49	3.46e-54	202	sp|Q9SZ67|WRK19_ARATH Probable WRKY transcription factor 19 OS=Arabidopsis thaliana OX=3702 GN=WRKY19 PE=1 SV=1	0	N/A	N/A
g18439	sp|Q9SZ67|WRK19_ARATH	48.198	222	49	1.55e-52	197	sp|Q9SZ67|WRK19_ARATH Probable WRKY transcription factor 19 OS=Arabidopsis thaliana OX=3702 GN=WRKY19 PE=1 SV=1	0	N/A	N/A
g18441	sp|Q9P7J5|YJNA_SCHPO	50.400	250	32	6.10e-70	237	sp|Q9P7J5|YJNA_SCHPO Uncharacterized AAA domain-containing protein C24B10.10c OS=Schizosaccharomyces pombe (strain 972 / ATCC 24843) OX=284812 GN=SPCC24B10.10c PE=3 SV=1	0	N/A	N/A
g18441	sp|P28737|MSP1_YEAST	41.493	335	42	7.10e-70	237	sp|P28737|MSP1_YEAST Outer mitochondrial transmembrane helix translocase OS=Saccharomyces cerevisiae (strain ATCC 204508 / S288c) OX=559292 GN=MSP1 PE=1 SV=2	0	N/A	N/A
g18441	sp|F6QV99|ATAD1_BOVIN	43.403	288	37	6.05e-69	234	sp|F6QV99|ATAD1_BOVIN Outer mitochondrial transmembrane helix translocase OS=Bos taurus OX=9913 GN=ATAD1 PE=2 SV=2	0	N/A	N/A
g18441	sp|Q505J9|ATAD1_RAT	43.403	288	37	6.11e-69	234	sp|Q505J9|ATAD1_RAT Outer mitochondrial transmembrane helix translocase OS=Rattus norvegicus OX=10116 GN=Atad1 PE=1 SV=1	0	N/A	N/A
g18441	sp|Q9D5T0|ATAD1_MOUSE	43.403	288	37	6.43e-69	234	sp|Q9D5T0|ATAD1_MOUSE Outer mitochondrial transmembrane helix translocase OS=Mus musculus OX=10090 GN=Atad1 PE=1 SV=1	0	N/A	N/A
g19389	sp|Q9ZT94|POLR2_ARATH	44.076	422	99	7.00e-112	361	sp|Q9ZT94|POLR2_ARATH Retrovirus-related Pol polyprotein from transposon RE2 OS=Arabidopsis thaliana OX=3702 GN=RE2 PE=4 SV=1	0	N/A	N/A
g19389	sp|Q94HW2|POLR1_ARATH	45.567	406	95	1.96e-111	360	sp|Q94HW2|POLR1_ARATH Retrovirus-related Pol polyprotein from transposon RE1 OS=Arabidopsis thaliana OX=3702 GN=RE1 PE=2 SV=1	0	N/A	N/A
g19389	sp|P10978|POLX_TOBAC	36.916	428	98	8.74e-75	257	sp|P10978|POLX_TOBAC Retrovirus-related Pol polyprotein from transposon TNT 1-94 OS=Nicotiana tabacum OX=4097 PE=2 SV=1	0	N/A	N/A
g19389	sp|P04146|COPIA_DROME	34.793	411	95	1.67e-65	230	sp|P04146|COPIA_DROME Copia protein OS=Drosophila melanogaster OX=7227 GN=GIP PE=1 SV=3	0	N/A	N/A
g19389	sp|P92519|M810_ARATH	44.541	229	54	1.53e-61	202	sp|P92519|M810_ARATH Uncharacterized mitochondrial protein AtMg00810 OS=Arabidopsis thaliana OX=3702 GN=AtMg00810 PE=4 SV=1	0	N/A	N/A
g19517	sp|Q9Y5Q9|TF3C3_HUMAN	23.919	393	70	2.48e-29	129	sp|Q9Y5Q9|TF3C3_HUMAN General transcription factor 3C polypeptide 3 OS=Homo sapiens OX=9606 GN=GTF3C3 PE=1 SV=1	0	N/A	N/A
g19517	sp|Q9Y5Q9|TF3C3_HUMAN	27.213	305	70	5.68e-22	105	sp|Q9Y5Q9|TF3C3_HUMAN General transcription factor 3C polypeptide 3 OS=Homo sapiens OX=9606 GN=GTF3C3 PE=1 SV=1	0	N/A	N/A
g19517	sp|O74458|SFC4_SCHPO	35.802	162	37	1.78e-15	85.1	sp|O74458|SFC4_SCHPO Transcription factor tau subunit sfc4 OS=Schizosaccharomyces pombe (strain 972 / ATCC 24843) OX=284812 GN=sfc4 PE=1 SV=1	0	N/A	N/A
g19517	sp|O74458|SFC4_SCHPO	28.218	202	37	7.27e-09	63.5	sp|O74458|SFC4_SCHPO Transcription factor tau subunit sfc4 OS=Schizosaccharomyces pombe (strain 972 / ATCC 24843) OX=284812 GN=sfc4 PE=1 SV=1	0	N/A	N/A
g19517	sp|P33339|TFC4_YEAST	28.488	172	34	4.25e-13	77.4	sp|P33339|TFC4_YEAST Transcription factor tau 131 kDa subunit OS=Saccharomyces cerevisiae (strain ATCC 204508 / S288c) OX=559292 GN=TFC4 PE=1 SV=1	0	N/A	N/A
g19517	sp|P33339|TFC4_YEAST	30.323	155	34	9.80e-11	69.7	sp|P33339|TFC4_YEAST Transcription factor tau 131 kDa subunit OS=Saccharomyces cerevisiae (strain ATCC 204508 / S288c) OX=559292 GN=TFC4 PE=1 SV=1	0	N/A	N/A
g19536	sp|Q37145|ACA1_ARATH	78.080	552	100	0.0	885	sp|Q37145|ACA1_ARATH Calcium-transporting ATPase 1 OS=Arabidopsis thaliana OX=3702 GN=ACA1 PE=1 SV=3	0	N/A	N/A
g19536	sp|Q37145|ACA1_ARATH	68.333	120	100	1.74e-43	172	sp|Q37145|ACA1_ARATH Calcium-transporting ATPase 1 OS=Arabidopsis thaliana OX=3702 GN=ACA1 PE=1 SV=3	0	N/A	N/A
g19536	sp|Q2QMX9|ACA10_ORYSJ	74.047	551	99	0.0	840	sp|Q2QMX9|ACA10_ORYSJ Calcium-transporting ATPase 10, plasma membrane-type OS=Oryza sativa subsp. japonica OX=39947 GN=ACA10 PE=2 SV=1	0	N/A	N/A
g19536	sp|Q2QMX9|ACA10_ORYSJ	66.942	121	99	2.83e-38	155	sp|Q2QMX9|ACA10_ORYSJ Calcium-transporting ATPase 10, plasma membrane-type OS=Oryza sativa subsp. japonica OX=39947 GN=ACA10 PE=2 SV=1	0	N/A	N/A
g19536	sp|O81108|ACA2_ARATH	74.909	550	99	0.0	829	sp|O81108|ACA2_ARATH Calcium-transporting ATPase 2, plasma membrane-type OS=Arabidopsis thaliana OX=3702 GN=ACA2 PE=1 SV=1	0	N/A	N/A
g19536	sp|O81108|ACA2_ARATH	63.866	119	99	2.18e-39	159	sp|O81108|ACA2_ARATH Calcium-transporting ATPase 2, plasma membrane-type OS=Arabidopsis thaliana OX=3702 GN=ACA2 PE=1 SV=1	0	N/A	N/A
g19536	sp|O64806|ACA7_ARATH	73.818	550	99	0.0	820	sp|O64806|ACA7_ARATH Putative calcium-transporting ATPase 7, plasma membrane-type OS=Arabidopsis thaliana OX=3702 GN=ACA7 PE=3 SV=2	0	N/A	N/A
g19536	sp|O64806|ACA7_ARATH	58.571	140	99	9.09e-40	160	sp|O64806|ACA7_ARATH Putative calcium-transporting ATPase 7, plasma membrane-type OS=Arabidopsis thaliana OX=3702 GN=ACA7 PE=3 SV=2	0	N/A	N/A
g19536	sp|Q6ATV4|ACA3_ORYSJ	70.833	552	91	0.0	798	sp|Q6ATV4|ACA3_ORYSJ Calcium-transporting ATPase 3, plasma membrane-type OS=Oryza sativa subsp. japonica OX=39947 GN=ACA3 PE=2 SV=1	0	N/A	N/A
g19536	sp|Q6ATV4|ACA3_ORYSJ	48.387	62	91	7.52e-07	56.2	sp|Q6ATV4|ACA3_ORYSJ Calcium-transporting ATPase 3, plasma membrane-type OS=Oryza sativa subsp. japonica OX=39947 GN=ACA3 PE=2 SV=1	0	N/A	N/A
g19537	sp|Q5S1U6|IFRD1_PIG	27.595	395	87	3.26e-28	119	sp|Q5S1U6|IFRD1_PIG Interferon-related developmental regulator 1 OS=Sus scrofa OX=9823 GN=IFRD1 PE=2 SV=1	0	N/A	N/A
g19537	sp|O00458|IFRD1_HUMAN	27.595	395	87	3.96e-26	113	sp|O00458|IFRD1_HUMAN Interferon-related developmental regulator 1 OS=Homo sapiens OX=9606 GN=IFRD1 PE=1 SV=4	0	N/A	N/A
g19537	sp|P19182|IFRD1_MOUSE	27.848	395	87	4.62e-26	113	sp|P19182|IFRD1_MOUSE Interferon-related developmental regulator 1 OS=Mus musculus OX=10090 GN=Ifrd1 PE=1 SV=2	0	N/A	N/A
g19537	sp|P20695|IFRD1_RAT	27.089	395	87	7.84e-24	106	sp|P20695|IFRD1_RAT Interferon-related developmental regulator 1 OS=Rattus norvegicus OX=10116 GN=Ifrd1 PE=2 SV=1	0	N/A	N/A
g19537	sp|Q9D8U0|IFRD2_MOUSE	26.150	413	89	3.93e-21	98.6	sp|Q9D8U0|IFRD2_MOUSE Interferon-related developmental regulator 2 OS=Mus musculus OX=10090 GN=Ifrd2 PE=2 SV=1	0	N/A	N/A
g19538	sp|Q9SD53|Y3720_ARATH	30.435	437	77	1.24e-51	186	sp|Q9SD53|Y3720_ARATH UPF0481 protein At3g47200 OS=Arabidopsis thaliana OX=3702 GN=At3g47200 PE=2 SV=1	0	N/A	N/A
g19538	sp|P0C897|Y3264_ARATH	33.333	171	63	6.42e-14	77.8	sp|P0C897|Y3264_ARATH Putative UPF0481 protein At3g02645 OS=Arabidopsis thaliana OX=3702 GN=At3g02645 PE=3 SV=1	0	N/A	N/A
g19538	sp|P0C897|Y3264_ARATH	28.834	163	63	2.26e-11	69.7	sp|P0C897|Y3264_ARATH Putative UPF0481 protein At3g02645 OS=Arabidopsis thaliana OX=3702 GN=At3g02645 PE=3 SV=1	0	N/A	N/A
g19540	sp|Q9SD53|Y3720_ARATH	28.222	450	78	2.94e-43	163	sp|Q9SD53|Y3720_ARATH UPF0481 protein At3g47200 OS=Arabidopsis thaliana OX=3702 GN=At3g47200 PE=2 SV=1	0	N/A	N/A
g19540	sp|P0C897|Y3264_ARATH	35.000	160	59	3.31e-15	82.0	sp|P0C897|Y3264_ARATH Putative UPF0481 protein At3g02645 OS=Arabidopsis thaliana OX=3702 GN=At3g02645 PE=3 SV=1	0	N/A	N/A
g19540	sp|P0C897|Y3264_ARATH	27.778	162	59	1.14e-10	67.8	sp|P0C897|Y3264_ARATH Putative UPF0481 protein At3g02645 OS=Arabidopsis thaliana OX=3702 GN=At3g02645 PE=3 SV=1	0	N/A	N/A
g19871	sp|Q9FF12|GSXL9_ARATH	73.128	454	98	0.0	695	sp|Q9FF12|GSXL9_ARATH Flavin-containing monooxygenase FMO GS-OX-like 9 OS=Arabidopsis thaliana OX=3702 GN=At5g07800 PE=2 SV=1	0	N/A	N/A
g19871	sp|Q9FLK4|GSXL8_ARATH	70.705	454	98	0.0	667	sp|Q9FLK4|GSXL8_ARATH Flavin-containing monooxygenase FMO GS-OX-like 8 OS=Arabidopsis thaliana OX=3702 GN=At5g61290 PE=1 SV=1	0	N/A	N/A
g19871	sp|Q9SXD5|GSXL3_ARATH	50.552	453	97	4.04e-152	442	sp|Q9SXD5|GSXL3_ARATH Flavin-containing monooxygenase FMO GS-OX-like 3 OS=Arabidopsis thaliana OX=3702 GN=At1g62620 PE=2 SV=2	0	N/A	N/A
g19871	sp|Q9C8U0|GSXL5_ARATH	50.331	453	97	2.46e-151	441	sp|Q9C8U0|GSXL5_ARATH Flavin-containing monooxygenase FMO GS-OX-like 5 OS=Arabidopsis thaliana OX=3702 GN=At1g63370 PE=2 SV=2	0	N/A	N/A
g19871	sp|Q9FWW9|GSXL2_ARATH	51.126	444	95	6.12e-142	417	sp|Q9FWW9|GSXL2_ARATH Flavin-containing monooxygenase FMO GS-OX-like 2 OS=Arabidopsis thaliana OX=3702 GN=At1g12200 PE=2 SV=1	0	N/A	N/A
g19872	sp|C0LGJ1|Y1743_ARATH	59.720	1070	99	0.0	1279	sp|C0LGJ1|Y1743_ARATH Probable LRR receptor-like serine/threonine-protein kinase At1g74360 OS=Arabidopsis thaliana OX=3702 GN=At1g74360 PE=1 SV=1	0	N/A	N/A
g19872	sp|Q8L899|BRI1_SOLPE	33.446	1181	97	8.95e-157	499	sp|Q8L899|BRI1_SOLPE Systemin receptor SR160 OS=Solanum peruvianum OX=4082 PE=1 SV=1	0	N/A	N/A
g19872	sp|Q8GUQ5|BRI1_SOLLC	33.362	1181	97	1.67e-156	499	sp|Q8GUQ5|BRI1_SOLLC Brassinosteroid LRR receptor kinase OS=Solanum lycopersicum OX=4081 GN=CURL3 PE=1 SV=1	0	N/A	N/A
g19872	sp|Q9ZPS9|BRL2_ARATH	33.525	1041	93	1.03e-148	476	sp|Q9ZPS9|BRL2_ARATH Serine/threonine-protein kinase BRI1-like 2 OS=Arabidopsis thaliana OX=3702 GN=BRL2 PE=1 SV=1	0	N/A	N/A
g19872	sp|Q9ZPS9|BRL2_ARATH	33.945	436	93	3.83e-50	197	sp|Q9ZPS9|BRL2_ARATH Serine/threonine-protein kinase BRI1-like 2 OS=Arabidopsis thaliana OX=3702 GN=BRL2 PE=1 SV=1	0	N/A	N/A
g19872	sp|Q9SHI2|Y1723_ARATH	33.210	1081	96	1.91e-147	472	sp|Q9SHI2|Y1723_ARATH Leucine-rich repeat receptor-like serine/threonine-protein kinase At1g17230 OS=Arabidopsis thaliana OX=3702 GN=At1g17230 PE=1 SV=2	0	N/A	N/A
g19919	sp|Q40255|ALDH_LINUS	79.135	532	97	0.0	912	sp|Q40255|ALDH_LINUS Probable aldehyde dehydrogenase OS=Linum usitatissimum OX=4006 GN=FIS1 PE=2 SV=1	0	N/A	N/A
g19919	sp|Q8VZC3|AL121_ARATH	77.390	544	99	0.0	910	sp|Q8VZC3|AL121_ARATH Delta-1-pyrroline-5-carboxylate dehydrogenase 12A1, mitochondrial OS=Arabidopsis thaliana OX=3702 GN=ALDH12A1 PE=1 SV=1	0	N/A	N/A
g19919	sp|P10503|PUTA_SALTY	24.933	373	65	1.91e-19	96.3	sp|P10503|PUTA_SALTY Bifunctional protein PutA OS=Salmonella typhimurium (strain LT2 / SGSC1412 / ATCC 700720) OX=99287 GN=putA PE=2 SV=4	0	N/A	N/A
g19919	sp|O52485|PUTA_KLEAE	24.462	372	65	1.50e-17	90.5	sp|O52485|PUTA_KLEAE Bifunctional protein PutA OS=Klebsiella aerogenes OX=548 GN=putA PE=3 SV=1	0	N/A	N/A
g19919	sp|Q5WH11|IOLA2_SHOC1	24.917	301	54	3.24e-17	88.2	sp|Q5WH11|IOLA2_SHOC1 Malonate-semialdehyde dehydrogenase 2 OS=Shouchella clausii (strain KSM-K16) OX=66692 GN=iolA2 PE=3 SV=1	0	N/A	N/A
g19966	sp|P14133|ASO_CUCSA	51.699	559	97	0.0	602	sp|P14133|ASO_CUCSA L-ascorbate oxidase OS=Cucumis sativus OX=3659 PE=1 SV=1	0	N/A	N/A
g19966	sp|P24792|ASO_CUCMA	51.060	566	98	0.0	599	sp|P24792|ASO_CUCMA L-ascorbate oxidase OS=Cucurbita maxima OX=3661 GN=AAO PE=1 SV=2	0	N/A	N/A
g19966	sp|P37064|ASO_CUCPM	51.460	548	95	0.0	592	sp|P37064|ASO_CUCPM L-ascorbate oxidase OS=Cucurbita pepo var. melopepo OX=3665 PE=1 SV=1	0	N/A	N/A
g19966	sp|Q40588|ASO_TOBAC	51.264	554	96	0.0	584	sp|Q40588|ASO_TOBAC L-ascorbate oxidase OS=Nicotiana tabacum OX=4097 GN=AAO PE=2 SV=1	0	N/A	N/A
g19966	sp|M4DUF2|ASO_BRARP	49.556	563	98	0.0	579	sp|M4DUF2|ASO_BRARP L-ascorbate oxidase OS=Brassica rapa subsp. pekinensis OX=51351 GN=AO PE=2 SV=1	0	N/A	N/A
g19967	sp|P24792|ASO_CUCMA	51.323	567	98	0.0	586	sp|P24792|ASO_CUCMA L-ascorbate oxidase OS=Cucurbita maxima OX=3661 GN=AAO PE=1 SV=2	0	N/A	N/A
g19967	sp|P37064|ASO_CUCPM	51.825	548	95	0.0	580	sp|P37064|ASO_CUCPM L-ascorbate oxidase OS=Cucurbita pepo var. melopepo OX=3665 PE=1 SV=1	0	N/A	N/A
g19967	sp|P14133|ASO_CUCSA	50.000	564	98	0.0	574	sp|P14133|ASO_CUCSA L-ascorbate oxidase OS=Cucumis sativus OX=3659 PE=1 SV=1	0	N/A	N/A
g19967	sp|Q40588|ASO_TOBAC	50.269	557	96	0.0	569	sp|Q40588|ASO_TOBAC L-ascorbate oxidase OS=Nicotiana tabacum OX=4097 GN=AAO PE=2 SV=1	0	N/A	N/A
g19967	sp|M4DUF2|ASO_BRARP	47.619	567	98	0.0	548	sp|M4DUF2|ASO_BRARP L-ascorbate oxidase OS=Brassica rapa subsp. pekinensis OX=51351 GN=AO PE=2 SV=1	0	N/A	N/A
g20072	sp|Q9FGS5|NRT31_ARATH	50.971	206	97	1.54e-62	196	sp|Q9FGS5|NRT31_ARATH High-affinity nitrate transporter 3.1 OS=Arabidopsis thaliana OX=3702 GN=NRT3.1 PE=1 SV=1	0	N/A	N/A
g20072	sp|Q9SB67|NRT32_ARATH	47.059	204	98	4.42e-57	182	sp|Q9SB67|NRT32_ARATH High-affinity nitrate transporter 3.2 OS=Arabidopsis thaliana OX=3702 GN=NRT3.2 PE=2 SV=1	0	N/A	N/A
g20072	sp|Q6ZI50|NAR21_ORYSJ	51.149	174	85	1.80e-55	177	sp|Q6ZI50|NAR21_ORYSJ High-affinity nitrate transporter-activating protein 2.1 OS=Oryza sativa subsp. japonica OX=39947 GN=NAR2.1 PE=1 SV=1	0	N/A	N/A
g20072	sp|Q7XK12|NAR22_ORYSJ	41.176	170	82	2.34e-35	126	sp|Q7XK12|NAR22_ORYSJ Probable high-affinity nitrate transporter-activating protein 2.2 OS=Oryza sativa subsp. japonica OX=39947 GN=NAR2.2 PE=2 SV=1	0	N/A	N/A
g20073	sp|Q8H5F8|ADPRM_ORYSJ	66.058	274	94	2.45e-143	409	sp|Q8H5F8|ADPRM_ORYSJ Manganese-dependent ADP-ribose/CDP-alcohol diphosphatase OS=Oryza sativa subsp. japonica OX=39947 GN=Os07g0688000 PE=2 SV=1	0	N/A	N/A
g20073	sp|Q9SB68|ADPRM_ARATH	69.118	272	93	2.37e-139	398	sp|Q9SB68|ADPRM_ARATH Manganese-dependent ADP-ribose/CDP-alcohol diphosphatase OS=Arabidopsis thaliana OX=3702 GN=At4g24730 PE=2 SV=1	0	N/A	N/A
g20073	sp|Q3LIE5|ADPRM_HUMAN	37.282	287	93	2.47e-58	192	sp|Q3LIE5|ADPRM_HUMAN Manganese-dependent ADP-ribose/CDP-alcohol diphosphatase OS=Homo sapiens OX=9606 GN=ADPRM PE=1 SV=1	0	N/A	N/A
g20073	sp|A7YY53|ADPRM_BOVIN	37.241	290	94	5.14e-58	192	sp|A7YY53|ADPRM_BOVIN Manganese-dependent ADP-ribose/CDP-alcohol diphosphatase OS=Bos taurus OX=9913 GN=ADPRM PE=2 SV=2	0	N/A	N/A
g20073	sp|Q7T0Q0|ADPRM_XENLA	36.806	288	90	1.39e-56	189	sp|Q7T0Q0|ADPRM_XENLA Manganese-dependent ADP-ribose/CDP-alcohol diphosphatase OS=Xenopus laevis OX=8355 GN=adprm PE=2 SV=1	0	N/A	N/A
g20075	sp|Q9FGS5|NRT31_ARATH	50.971	206	97	1.04e-62	196	sp|Q9FGS5|NRT31_ARATH High-affinity nitrate transporter 3.1 OS=Arabidopsis thaliana OX=3702 GN=NRT3.1 PE=1 SV=1	0	N/A	N/A
g20075	sp|Q9SB67|NRT32_ARATH	46.569	204	98	5.87e-57	181	sp|Q9SB67|NRT32_ARATH High-affinity nitrate transporter 3.2 OS=Arabidopsis thaliana OX=3702 GN=NRT3.2 PE=2 SV=1	0	N/A	N/A
g20075	sp|Q6ZI50|NAR21_ORYSJ	50.575	174	85	2.26e-55	177	sp|Q6ZI50|NAR21_ORYSJ High-affinity nitrate transporter-activating protein 2.1 OS=Oryza sativa subsp. japonica OX=39947 GN=NAR2.1 PE=1 SV=1	0	N/A	N/A
g20075	sp|Q7XK12|NAR22_ORYSJ	41.176	170	82	1.16e-35	127	sp|Q7XK12|NAR22_ORYSJ Probable high-affinity nitrate transporter-activating protein 2.2 OS=Oryza sativa subsp. japonica OX=39947 GN=NAR2.2 PE=2 SV=1	0	N/A	N/A
g20076	sp|Q8H5F8|ADPRM_ORYSJ	66.981	318	99	3.48e-168	473	sp|Q8H5F8|ADPRM_ORYSJ Manganese-dependent ADP-ribose/CDP-alcohol diphosphatase OS=Oryza sativa subsp. japonica OX=39947 GN=Os07g0688000 PE=2 SV=1	0	N/A	N/A
g20076	sp|Q9SB68|ADPRM_ARATH	71.010	307	96	5.15e-163	459	sp|Q9SB68|ADPRM_ARATH Manganese-dependent ADP-ribose/CDP-alcohol diphosphatase OS=Arabidopsis thaliana OX=3702 GN=At4g24730 PE=2 SV=1	0	N/A	N/A
g20076	sp|Q3LIE5|ADPRM_HUMAN	39.571	326	97	4.85e-73	231	sp|Q3LIE5|ADPRM_HUMAN Manganese-dependent ADP-ribose/CDP-alcohol diphosphatase OS=Homo sapiens OX=9606 GN=ADPRM PE=1 SV=1	0	N/A	N/A
g20076	sp|A7YY53|ADPRM_BOVIN	39.752	322	95	5.25e-73	231	sp|A7YY53|ADPRM_BOVIN Manganese-dependent ADP-ribose/CDP-alcohol diphosphatase OS=Bos taurus OX=9913 GN=ADPRM PE=2 SV=2	0	N/A	N/A
g20076	sp|Q7T0Q0|ADPRM_XENLA	37.539	317	92	7.91e-68	219	sp|Q7T0Q0|ADPRM_XENLA Manganese-dependent ADP-ribose/CDP-alcohol diphosphatase OS=Xenopus laevis OX=8355 GN=adprm PE=2 SV=1	0	N/A	N/A
g20084	sp|Q7ZVZ7|AB17C_DANRE	50.000	264	66	6.71e-80	250	sp|Q7ZVZ7|AB17C_DANRE Alpha/beta hydrolase domain-containing protein 17C OS=Danio rerio OX=7955 GN=abhd17c PE=2 SV=1	0	N/A	N/A
g20084	sp|Q5ZJ01|AB17B_CHICK	46.947	262	66	7.00e-77	242	sp|Q5ZJ01|AB17B_CHICK Alpha/beta hydrolase domain-containing protein 17B OS=Gallus gallus OX=9031 GN=ABHD17B PE=2 SV=1	0	N/A	N/A
g20084	sp|Q6DCC5|AB17B_XENLA	46.768	263	66	8.88e-77	241	sp|Q6DCC5|AB17B_XENLA Alpha/beta hydrolase domain-containing protein 17B OS=Xenopus laevis OX=8355 GN=abhd17b PE=2 SV=1	0	N/A	N/A
g20084	sp|Q6DEY3|AB17B_XENTR	46.768	263	66	8.98e-77	241	sp|Q6DEY3|AB17B_XENTR Alpha/beta hydrolase domain-containing protein 17B OS=Xenopus tropicalis OX=8364 GN=abhd17b PE=2 SV=1	0	N/A	N/A
g20084	sp|Q5VST6|AB17B_HUMAN	46.768	263	66	9.08e-77	241	sp|Q5VST6|AB17B_HUMAN Alpha/beta hydrolase domain-containing protein 17B OS=Homo sapiens OX=9606 GN=ABHD17B PE=1 SV=1	0	N/A	N/A
g20085	sp|Q6YUU5|MDR_ORYSJ	49.754	1218	97	0.0	1188	sp|Q6YUU5|MDR_ORYSJ Putative multidrug resistance protein OS=Oryza sativa subsp. japonica OX=39947 GN=Os02g0190300 PE=3 SV=1	0	N/A	N/A
g20085	sp|Q9LSJ5|AB18B_ARATH	48.013	1233	98	0.0	1181	sp|Q9LSJ5|AB18B_ARATH ABC transporter B family member 18 OS=Arabidopsis thaliana OX=3702 GN=ABCB18 PE=3 SV=1	0	N/A	N/A
g20085	sp|Q9LHD1|AB15B_ARATH	49.306	1225	98	0.0	1172	sp|Q9LHD1|AB15B_ARATH ABC transporter B family member 15 OS=Arabidopsis thaliana OX=3702 GN=ABCB15 PE=3 SV=1	0	N/A	N/A
g20085	sp|Q9LSJ6|AB17B_ARATH	47.224	1243	99	0.0	1166	sp|Q9LSJ6|AB17B_ARATH ABC transporter B family member 17 OS=Arabidopsis thaliana OX=3702 GN=ABCB17 PE=3 SV=1	0	N/A	N/A
g20085	sp|Q9LSJ2|AB22B_ARATH	46.661	1228	98	0.0	1148	sp|Q9LSJ2|AB22B_ARATH ABC transporter B family member 22 OS=Arabidopsis thaliana OX=3702 GN=ABCB22 PE=3 SV=2	0	N/A	N/A
g20094	sp|F4JRP8|STIL2_ARATH	46.709	790	83	0.0	615	sp|F4JRP8|STIL2_ARATH Protein STICHEL-like 2 OS=Arabidopsis thaliana OX=3702 GN=At4g24790 PE=3 SV=1	0	N/A	N/A
g20094	sp|F4HW65|STIL1_ARATH	45.475	453	49	2.02e-104	352	sp|F4HW65|STIL1_ARATH Protein STICHEL-like 1 OS=Arabidopsis thaliana OX=3702 GN=At1g14460 PE=1 SV=1	0	N/A	N/A
g20094	sp|O64728|STI_ARATH	47.005	434	47	5.39e-104	353	sp|O64728|STI_ARATH Protein STICHEL OS=Arabidopsis thaliana OX=3702 GN=STI PE=1 SV=2	0	N/A	N/A
g20094	sp|F4JRP0|STIL3_ARATH	40.956	481	51	1.68e-96	330	sp|F4JRP0|STIL3_ARATH Protein STICHEL-like 3 OS=Arabidopsis thaliana OX=3702 GN=At4g18820 PE=3 SV=1	0	N/A	N/A
g20094	sp|F4KEM0|STIL4_ARATH	38.254	481	51	5.75e-93	318	sp|F4KEM0|STIL4_ARATH Protein STICHEL-like 4 OS=Arabidopsis thaliana OX=3702 GN=At5g45720 PE=2 SV=1	0	N/A	N/A
g20095	sp|Q9FGR7|PP426_ARATH	62.441	631	88	0.0	836	sp|Q9FGR7|PP426_ARATH Pentatricopeptide repeat-containing protein At5g50280, chloroplastic OS=Arabidopsis thaliana OX=3702 GN=EMB1006 PE=2 SV=1	0	N/A	N/A
g20095	sp|Q76C99|RF1_ORYSI	29.234	431	62	6.49e-47	181	sp|Q76C99|RF1_ORYSI Protein Rf1, mitochondrial OS=Oryza sativa subsp. indica OX=39946 GN=Rf1 PE=2 SV=1	0	N/A	N/A
g20095	sp|Q76C99|RF1_ORYSI	22.056	467	62	2.63e-33	140	sp|Q76C99|RF1_ORYSI Protein Rf1, mitochondrial OS=Oryza sativa subsp. indica OX=39946 GN=Rf1 PE=2 SV=1	0	N/A	N/A
g20095	sp|Q76C99|RF1_ORYSI	27.561	410	62	2.68e-33	140	sp|Q76C99|RF1_ORYSI Protein Rf1, mitochondrial OS=Oryza sativa subsp. indica OX=39946 GN=Rf1 PE=2 SV=1	0	N/A	N/A
g20095	sp|Q76C99|RF1_ORYSI	27.523	327	62	3.79e-28	124	sp|Q76C99|RF1_ORYSI Protein Rf1, mitochondrial OS=Oryza sativa subsp. indica OX=39946 GN=Rf1 PE=2 SV=1	0	N/A	N/A
g20095	sp|Q76C99|RF1_ORYSI	24.523	367	62	4.00e-28	124	sp|Q76C99|RF1_ORYSI Protein Rf1, mitochondrial OS=Oryza sativa subsp. indica OX=39946 GN=Rf1 PE=2 SV=1	0	N/A	N/A
g20095	sp|P0C7Q7|PPR38_ARATH	25.546	458	63	1.74e-45	175	sp|P0C7Q7|PPR38_ARATH Putative pentatricopeptide repeat-containing protein At1g12700, mitochondrial OS=Arabidopsis thaliana OX=3702 GN=At1g12700 PE=3 SV=1	0	N/A	N/A
g20095	sp|P0C7Q7|PPR38_ARATH	26.510	298	63	3.75e-31	132	sp|P0C7Q7|PPR38_ARATH Putative pentatricopeptide repeat-containing protein At1g12700, mitochondrial OS=Arabidopsis thaliana OX=3702 GN=At1g12700 PE=3 SV=1	0	N/A	N/A
g20095	sp|P0C7Q7|PPR38_ARATH	22.642	159	63	3.00e-06	54.3	sp|P0C7Q7|PPR38_ARATH Putative pentatricopeptide repeat-containing protein At1g12700, mitochondrial OS=Arabidopsis thaliana OX=3702 GN=At1g12700 PE=3 SV=1	0	N/A	N/A
g20095	sp|Q0WVK7|PPR12_ARATH	26.932	427	61	4.90e-45	176	sp|Q0WVK7|PPR12_ARATH Pentatricopeptide repeat-containing protein At1g05670, mitochondrial OS=Arabidopsis thaliana OX=3702 GN=At1g05670 PE=2 SV=1	0	N/A	N/A
g20095	sp|Q0WVK7|PPR12_ARATH	27.551	392	61	7.55e-44	172	sp|Q0WVK7|PPR12_ARATH Pentatricopeptide repeat-containing protein At1g05670, mitochondrial OS=Arabidopsis thaliana OX=3702 GN=At1g05670 PE=2 SV=1	0	N/A	N/A
g20095	sp|Q0WVK7|PPR12_ARATH	24.541	436	61	2.14e-38	155	sp|Q0WVK7|PPR12_ARATH Pentatricopeptide repeat-containing protein At1g05670, mitochondrial OS=Arabidopsis thaliana OX=3702 GN=At1g05670 PE=2 SV=1	0	N/A	N/A
g20095	sp|Q0WVK7|PPR12_ARATH	24.578	415	61	3.29e-31	134	sp|Q0WVK7|PPR12_ARATH Pentatricopeptide repeat-containing protein At1g05670, mitochondrial OS=Arabidopsis thaliana OX=3702 GN=At1g05670 PE=2 SV=1	0	N/A	N/A
g20095	sp|Q9S7Q2|PP124_ARATH	23.353	501	70	2.60e-44	174	sp|Q9S7Q2|PP124_ARATH Pentatricopeptide repeat-containing protein At1g74850, chloroplastic OS=Arabidopsis thaliana OX=3702 GN=PTAC2 PE=2 SV=1	0	N/A	N/A
g20095	sp|Q9S7Q2|PP124_ARATH	25.214	468	70	1.40e-34	144	sp|Q9S7Q2|PP124_ARATH Pentatricopeptide repeat-containing protein At1g74850, chloroplastic OS=Arabidopsis thaliana OX=3702 GN=PTAC2 PE=2 SV=1	0	N/A	N/A
g20095	sp|Q9S7Q2|PP124_ARATH	19.780	364	70	5.40e-17	89.4	sp|Q9S7Q2|PP124_ARATH Pentatricopeptide repeat-containing protein At1g74850, chloroplastic OS=Arabidopsis thaliana OX=3702 GN=PTAC2 PE=2 SV=1	0	N/A	N/A
g20095	sp|Q9S7Q2|PP124_ARATH	22.319	345	70	1.68e-10	68.2	sp|Q9S7Q2|PP124_ARATH Pentatricopeptide repeat-containing protein At1g74850, chloroplastic OS=Arabidopsis thaliana OX=3702 GN=PTAC2 PE=2 SV=1	0	N/A	N/A
g20096	sp|Q6PGP7|SKI3_HUMAN	27.219	338	49	7.42e-13	75.9	sp|Q6PGP7|SKI3_HUMAN Superkiller complex protein 3 OS=Homo sapiens OX=9606 GN=SKIC3 PE=1 SV=1	0	N/A	N/A
g20096	sp|Q9M8Y0|SEC_ARATH	22.000	300	43	4.94e-09	63.5	sp|Q9M8Y0|SEC_ARATH Probable UDP-N-acetylglucosamine--peptide N-acetylglucosaminyltransferase SEC OS=Arabidopsis thaliana OX=3702 GN=SEC PE=1 SV=1	0	N/A	N/A
g20096	sp|F8VPK0|SKI3_MOUSE	25.449	334	49	4.94e-09	63.5	sp|F8VPK0|SKI3_MOUSE Superkiller complex protein 3 OS=Mus musculus OX=10090 GN=Skic3 PE=3 SV=1	0	N/A	N/A
g20096	sp|Q96301|SPY_ARATH	23.607	377	56	2.13e-08	61.2	sp|Q96301|SPY_ARATH Probable UDP-N-acetylglucosamine--peptide N-acetylglucosaminyltransferase SPINDLY OS=Arabidopsis thaliana OX=3702 GN=SPY PE=1 SV=1	0	N/A	N/A
g20096	sp|O82422|SPY_HORVU	23.155	393	59	1.86e-07	58.2	sp|O82422|SPY_HORVU Probable UDP-N-acetylglucosamine--peptide N-acetylglucosaminyltransferase SPINDLY OS=Hordeum vulgare OX=4513 GN=SPY PE=2 SV=1	0	N/A	N/A
g20133	sp|Q8LFN2|Y3037_ARATH	36.022	744	93	1.70e-139	432	sp|Q8LFN2|Y3037_ARATH Probable inactive leucine-rich repeat receptor-like protein kinase At3g03770 OS=Arabidopsis thaliana OX=3702 GN=At3g03770 PE=1 SV=1	0	N/A	N/A
g20133	sp|Q9M9S4|Y1143_ARATH	34.310	717	95	4.76e-110	353	sp|Q9M9S4|Y1143_ARATH Probable LRR receptor-like serine/threonine-protein kinase At1g14390 OS=Arabidopsis thaliana OX=3702 GN=At1g14390 PE=1 SV=1	0	N/A	N/A
g20133	sp|C0LGJ9|Y2278_ARATH	34.146	738	96	1.20e-108	350	sp|C0LGJ9|Y2278_ARATH Probable LRR receptor-like serine/threonine-protein kinase At2g02780 OS=Arabidopsis thaliana OX=3702 GN=At2g02780 PE=1 SV=1	0	N/A	N/A
g20133	sp|Q9FIZ3|GSO2_ARATH	29.421	605	95	5.18e-55	208	sp|Q9FIZ3|GSO2_ARATH LRR receptor-like serine/threonine-protein kinase GSO2 OS=Arabidopsis thaliana OX=3702 GN=GSO2 PE=1 SV=2	0	N/A	N/A
g20133	sp|Q9FIZ3|GSO2_ARATH	31.707	205	95	8.96e-20	98.6	sp|Q9FIZ3|GSO2_ARATH LRR receptor-like serine/threonine-protein kinase GSO2 OS=Arabidopsis thaliana OX=3702 GN=GSO2 PE=1 SV=2	0	N/A	N/A
g20133	sp|Q9FIZ3|GSO2_ARATH	27.353	340	95	2.71e-17	90.5	sp|Q9FIZ3|GSO2_ARATH LRR receptor-like serine/threonine-protein kinase GSO2 OS=Arabidopsis thaliana OX=3702 GN=GSO2 PE=1 SV=2	0	N/A	N/A
g20133	sp|Q9FIZ3|GSO2_ARATH	30.342	234	95	3.16e-17	90.5	sp|Q9FIZ3|GSO2_ARATH LRR receptor-like serine/threonine-protein kinase GSO2 OS=Arabidopsis thaliana OX=3702 GN=GSO2 PE=1 SV=2	0	N/A	N/A
g20133	sp|Q9FIZ3|GSO2_ARATH	27.798	277	95	7.33e-16	85.9	sp|Q9FIZ3|GSO2_ARATH LRR receptor-like serine/threonine-protein kinase GSO2 OS=Arabidopsis thaliana OX=3702 GN=GSO2 PE=1 SV=2	0	N/A	N/A
g20133	sp|Q9FIZ3|GSO2_ARATH	29.327	208	95	9.55e-14	79.0	sp|Q9FIZ3|GSO2_ARATH LRR receptor-like serine/threonine-protein kinase GSO2 OS=Arabidopsis thaliana OX=3702 GN=GSO2 PE=1 SV=2	0	N/A	N/A
g20133	sp|Q9FIZ3|GSO2_ARATH	30.348	201	95	1.89e-11	71.6	sp|Q9FIZ3|GSO2_ARATH LRR receptor-like serine/threonine-protein kinase GSO2 OS=Arabidopsis thaliana OX=3702 GN=GSO2 PE=1 SV=2	0	N/A	N/A
g20133	sp|Q9LYN8|EMS1_ARATH	28.037	642	84	7.52e-54	204	sp|Q9LYN8|EMS1_ARATH Leucine-rich repeat receptor protein kinase EMS1 OS=Arabidopsis thaliana OX=3702 GN=EMS1 PE=1 SV=1	0	N/A	N/A
g20133	sp|Q9LYN8|EMS1_ARATH	34.021	194	84	3.92e-15	83.6	sp|Q9LYN8|EMS1_ARATH Leucine-rich repeat receptor protein kinase EMS1 OS=Arabidopsis thaliana OX=3702 GN=EMS1 PE=1 SV=1	0	N/A	N/A
g20133	sp|Q9LYN8|EMS1_ARATH	31.034	203	84	7.02e-15	82.8	sp|Q9LYN8|EMS1_ARATH Leucine-rich repeat receptor protein kinase EMS1 OS=Arabidopsis thaliana OX=3702 GN=EMS1 PE=1 SV=1	0	N/A	N/A
g20133	sp|Q9LYN8|EMS1_ARATH	32.536	209	84	5.96e-14	79.7	sp|Q9LYN8|EMS1_ARATH Leucine-rich repeat receptor protein kinase EMS1 OS=Arabidopsis thaliana OX=3702 GN=EMS1 PE=1 SV=1	0	N/A	N/A
g20133	sp|Q9LYN8|EMS1_ARATH	31.319	182	84	5.06e-13	76.6	sp|Q9LYN8|EMS1_ARATH Leucine-rich repeat receptor protein kinase EMS1 OS=Arabidopsis thaliana OX=3702 GN=EMS1 PE=1 SV=1	0	N/A	N/A
g20133	sp|Q9LYN8|EMS1_ARATH	29.279	222	84	3.75e-11	70.5	sp|Q9LYN8|EMS1_ARATH Leucine-rich repeat receptor protein kinase EMS1 OS=Arabidopsis thaliana OX=3702 GN=EMS1 PE=1 SV=1	0	N/A	N/A
g20133	sp|Q9LYN8|EMS1_ARATH	30.303	198	84	1.73e-10	68.6	sp|Q9LYN8|EMS1_ARATH Leucine-rich repeat receptor protein kinase EMS1 OS=Arabidopsis thaliana OX=3702 GN=EMS1 PE=1 SV=1	0	N/A	N/A
g20134	sp|Q9M3B4|RID3_ARATH	33.981	412	88	1.26e-64	217	sp|Q9M3B4|RID3_ARATH Protein ROOT INITIATION DEFECTIVE 3 OS=Arabidopsis thaliana OX=3702 GN=RID3 PE=1 SV=1	0	N/A	N/A
g20134	sp|A0A1L8HX76|WDR18_XENLA	31.310	313	68	3.07e-36	141	sp|A0A1L8HX76|WDR18_XENLA WD repeat-containing protein 18 OS=Xenopus laevis OX=8355 GN=wdr18 PE=3 SV=1	0	N/A	N/A
g20134	sp|Q3SZD4|WDR18_BOVIN	28.099	363	79	7.22e-32	129	sp|Q3SZD4|WDR18_BOVIN WD repeat-containing protein 18 OS=Bos taurus OX=9913 GN=WDR18 PE=2 SV=1	0	N/A	N/A
g20134	sp|Q68EI0|WDR18_DANRE	28.803	309	67	3.54e-31	127	sp|Q68EI0|WDR18_DANRE WD repeat-containing protein 18 OS=Danio rerio OX=7955 GN=wdr18 PE=2 SV=1	0	N/A	N/A
g20134	sp|Q9BV38|WDR18_HUMAN	27.824	363	79	6.52e-30	124	sp|Q9BV38|WDR18_HUMAN WD repeat-containing protein 18 OS=Homo sapiens OX=9606 GN=WDR18 PE=1 SV=2	0	N/A	N/A
g20139	sp|Q8GWQ6|Y6344_ARATH	89.655	232	100	2.05e-159	443	sp|Q8GWQ6|Y6344_ARATH UPF0235 protein At5g63440 OS=Arabidopsis thaliana OX=3702 GN=At5g63440 PE=1 SV=1	0	N/A	N/A
g20139	sp|Q66I61|STEEP_DANRE	40.777	103	44	2.05e-15	75.9	sp|Q66I61|STEEP_DANRE STING ER exit protein OS=Danio rerio OX=7955 GN=steep1 PE=2 SV=1	0	N/A	N/A
g20139	sp|Q3T197|STEEP_BOVIN	38.835	103	44	3.02e-13	69.7	sp|Q3T197|STEEP_BOVIN STING ER exit protein OS=Bos taurus OX=9913 GN=STEEP1 PE=2 SV=1	0	N/A	N/A
g20139	sp|Q9H5V9|STEEP_HUMAN	37.864	103	44	5.87e-13	68.9	sp|Q9H5V9|STEEP_HUMAN STING ER exit protein OS=Homo sapiens OX=9606 GN=STEEP1 PE=1 SV=1	0	N/A	N/A
g20139	sp|Q6P338|STEEP_XENTR	39.806	103	44	7.95e-13	68.6	sp|Q6P338|STEEP_XENTR STING ER exit protein OS=Xenopus tropicalis OX=8364 GN=steep1 PE=2 SV=1	0	N/A	N/A
g20140	sp|P51413|RL172_ARATH	88.000	175	100	1.79e-115	327	sp|P51413|RL172_ARATH Large ribosomal subunit protein uL22y OS=Arabidopsis thaliana OX=3702 GN=RPL17B PE=2 SV=2	0	N/A	N/A
g20140	sp|Q93VI3|RL171_ARATH	87.791	172	98	3.76e-113	322	sp|Q93VI3|RL171_ARATH Large ribosomal subunit protein uL22z OS=Arabidopsis thaliana OX=3702 GN=RPL17A PE=2 SV=1	0	N/A	N/A
g20140	sp|P35266|RL171_HORVU	86.228	167	95	4.72e-105	301	sp|P35266|RL171_HORVU Large ribosomal subunit protein uL22z OS=Hordeum vulgare OX=4513 PE=2 SV=1	0	N/A	N/A
g20140	sp|P35267|RL172_HORVU	83.432	169	97	2.40e-103	296	sp|P35267|RL172_HORVU Large ribosomal subunit protein uL22y OS=Hordeum vulgare OX=4513 PE=2 SV=1	0	N/A	N/A
g20140	sp|O48557|RL17_MAIZE	82.840	169	97	5.17e-103	296	sp|O48557|RL17_MAIZE Large ribosomal subunit protein uL22 OS=Zea mays OX=4577 GN=RPL17 PE=2 SV=1	0	N/A	N/A
g20141	sp|Q8LBB2|KING1_ARATH	63.551	428	99	0.0	540	sp|Q8LBB2|KING1_ARATH SNF1-related protein kinase regulatory subunit gamma-1 OS=Arabidopsis thaliana OX=3702 GN=KING1 PE=1 SV=2	0	N/A	N/A
g20141	sp|Q9CAR3|KINGL_ARATH	42.000	250	58	9.56e-65	217	sp|Q9CAR3|KINGL_ARATH SNF1-related protein kinase regulatory subunit gamma-1-like OS=Arabidopsis thaliana OX=3702 GN=CBSCBS2 PE=1 SV=1	0	N/A	N/A
g20141	sp|Q9MYP4|AAKG3_PIG	25.778	225	52	4.04e-13	74.7	sp|Q9MYP4|AAKG3_PIG 5'-AMP-activated protein kinase subunit gamma-3 OS=Sus scrofa OX=9823 GN=PRKAG3 PE=1 SV=2	0	N/A	N/A
g20141	sp|Q9UGI9|AAKG3_HUMAN	25.333	225	52	4.29e-13	74.3	sp|Q9UGI9|AAKG3_HUMAN 5'-AMP-activated protein kinase subunit gamma-3 OS=Homo sapiens OX=9606 GN=PRKAG3 PE=1 SV=3	0	N/A	N/A
g20141	sp|Q8BGM7|AAKG3_MOUSE	25.778	225	52	4.73e-13	74.3	sp|Q8BGM7|AAKG3_MOUSE 5'-AMP-activated protein kinase subunit gamma-3 OS=Mus musculus OX=10090 GN=Prkag3 PE=1 SV=1	0	N/A	N/A
g20142	sp|Q9FGH9|E70B1_ARATH	34.109	645	97	1.75e-120	374	sp|Q9FGH9|E70B1_ARATH Exocyst complex component EXO70B1 OS=Arabidopsis thaliana OX=3702 GN=EXO70B1 PE=1 SV=1	0	N/A	N/A
g20142	sp|Q9FY95|E70C1_ARATH	35.417	624	94	1.74e-116	365	sp|Q9FY95|E70C1_ARATH Exocyst complex component EXO70C1 OS=Arabidopsis thaliana OX=3702 GN=EXO70C1 PE=1 SV=1	0	N/A	N/A
g20142	sp|Q9FNR3|E70E2_ARATH	36.106	565	87	7.76e-108	342	sp|Q9FNR3|E70E2_ARATH Exocyst complex component EXO70E2 OS=Arabidopsis thaliana OX=3702 GN=EXO70E2 PE=1 SV=1	0	N/A	N/A
g20142	sp|Q9LZD3|E70A1_ARATH	33.025	648	95	1.62e-106	338	sp|Q9LZD3|E70A1_ARATH Exocyst complex component EXO70A1 OS=Arabidopsis thaliana OX=3702 GN=EXO70A1 PE=1 SV=1	0	N/A	N/A
g20142	sp|Q9LMJ4|E70B2_ARATH	31.825	641	97	3.18e-100	321	sp|Q9LMJ4|E70B2_ARATH Exocyst complex component EXO70B2 OS=Arabidopsis thaliana OX=3702 GN=EXO70B2 PE=1 SV=1	0	N/A	N/A
g20148	sp|Q5MAU8|PPA27_ARATH	67.244	635	99	0.0	894	sp|Q5MAU8|PPA27_ARATH Probable inactive purple acid phosphatase 27 OS=Arabidopsis thaliana OX=3702 GN=PAP27 PE=2 SV=1	0	N/A	N/A
g20148	sp|Q8H1R2|PPA24_ARATH	68.297	593	93	0.0	877	sp|Q8H1R2|PPA24_ARATH Probable inactive purple acid phosphatase 24 OS=Arabidopsis thaliana OX=3702 GN=PAP24 PE=2 SV=1	0	N/A	N/A
g20148	sp|Q9LMX4|PPA1_ARATH	65.874	589	93	0.0	836	sp|Q9LMX4|PPA1_ARATH Probable inactive purple acid phosphatase 1 OS=Arabidopsis thaliana OX=3702 GN=PAP1 PE=2 SV=1	0	N/A	N/A
g20148	sp|Q687E1|NPP_HORVU	74.857	350	55	0.0	580	sp|Q687E1|NPP_HORVU Nucleotide pyrophosphatase/phosphodiesterase (Fragments) OS=Hordeum vulgare OX=4513 GN=npp PE=1 SV=2	0	N/A	N/A
g20148	sp|Q9ZQ81|PPA9_ARATH	28.995	607	87	7.49e-56	204	sp|Q9ZQ81|PPA9_ARATH Probable inactive purple acid phosphatase 9 OS=Arabidopsis thaliana OX=3702 GN=PAP9 PE=2 SV=1	0	N/A	N/A
g20168	sp|Q6EU39|MADS6_ORYSJ	41.667	204	95	3.93e-47	158	sp|Q6EU39|MADS6_ORYSJ MADS-box transcription factor 6 OS=Oryza sativa subsp. japonica OX=39947 GN=MADS6 PE=1 SV=1	0	N/A	N/A
g20168	sp|F6I457|AG11C_VITVI	42.130	216	95	6.55e-47	157	sp|F6I457|AG11C_VITVI Agamous-like MADS-box protein AGL11 OS=Vitis vinifera OX=29760 GN=AGL11 PE=2 SV=1	0	N/A	N/A
g20168	sp|A0A217EJJ0|AG11S_VITVI	46.629	178	82	1.08e-46	156	sp|A0A217EJJ0|AG11S_VITVI Agamous-like MADS-box protein AGL11 OS=Vitis vinifera OX=29760 GN=AGL11 PE=3 SV=1	0	N/A	N/A
g20168	sp|Q7XUN2|MAD17_ORYSJ	44.503	191	88	4.39e-45	153	sp|Q7XUN2|MAD17_ORYSJ MADS-box transcription factor 17 OS=Oryza sativa subsp. japonica OX=39947 GN=MADS17 PE=1 SV=2	0	N/A	N/A
g20168	sp|Q42429|AGL8_SOLTU	43.689	206	95	5.25e-45	153	sp|Q42429|AGL8_SOLTU Agamous-like MADS-box protein AGL8 homolog OS=Solanum tuberosum OX=4113 PE=2 SV=1	0	N/A	N/A
g20169	sp|Q9FMV1|GCAL1_ARATH	75.000	256	99	8.96e-141	398	sp|Q9FMV1|GCAL1_ARATH Gamma carbonic anhydrase-like 1, mitochondrial OS=Arabidopsis thaliana OX=3702 GN=GAMMACAL1 PE=1 SV=1	0	N/A	N/A
g20169	sp|Q9SMN1|GCAL2_ARATH	75.581	258	99	3.12e-139	394	sp|Q9SMN1|GCAL2_ARATH Gamma carbonic anhydrase-like 2, mitochondrial OS=Arabidopsis thaliana OX=3702 GN=GAMMACAL2 PE=1 SV=1	0	N/A	N/A
g20169	sp|Q94AU7|GCA3_ARATH	39.205	176	68	1.42e-40	143	sp|Q94AU7|GCA3_ARATH Gamma carbonic anhydrase 3, mitochondrial OS=Arabidopsis thaliana OX=3702 GN=GAMMACA3 PE=1 SV=1	0	N/A	N/A
g20169	sp|Q9C6B3|GCA2_ARATH	36.500	200	78	8.39e-40	142	sp|Q9C6B3|GCA2_ARATH Gamma carbonic anhydrase 2, mitochondrial OS=Arabidopsis thaliana OX=3702 GN=GAMMACA2 PE=1 SV=1	0	N/A	N/A
g20169	sp|Q9FWR5|GCA1_ARATH	37.824	193	74	1.68e-39	141	sp|Q9FWR5|GCA1_ARATH Gamma carbonic anhydrase 1, mitochondrial OS=Arabidopsis thaliana OX=3702 GN=GAMMACA1 PE=1 SV=1	0	N/A	N/A
g20248	sp|Q9SQN2|FBT3_ARATH	57.927	492	99	0.0	598	sp|Q9SQN2|FBT3_ARATH Probable folate-biopterin transporter 3 OS=Arabidopsis thaliana OX=3702 GN=At1g79710 PE=2 SV=1	0	N/A	N/A
g20248	sp|Q5FV41|FBT2_ARATH	56.162	495	99	0.0	584	sp|Q5FV41|FBT2_ARATH Probable folate-biopterin transporter 2 OS=Arabidopsis thaliana OX=3702 GN=At5g25050 PE=2 SV=1	0	N/A	N/A
g20248	sp|F4KIL8|FBT5_ARATH	52.138	491	99	0.0	520	sp|F4KIL8|FBT5_ARATH Probable folate-biopterin transporter 5 OS=Arabidopsis thaliana OX=3702 GN=At5g25040 PE=2 SV=2	0	N/A	N/A
g20248	sp|Q9LEV7|FBT6_ARATH	45.860	471	95	2.49e-141	418	sp|Q9LEV7|FBT6_ARATH Probable folate-biopterin transporter 6 OS=Arabidopsis thaliana OX=3702 GN=At5g10820 PE=2 SV=1	0	N/A	N/A
g20248	sp|Q9SKZ5|FBT1_ARATH	32.962	449	88	6.32e-52	187	sp|Q9SKZ5|FBT1_ARATH Folate-biopterin transporter 1, chloroplastic OS=Arabidopsis thaliana OX=3702 GN=At2g32040 PE=1 SV=2	0	N/A	N/A
g20263	sp|Q9LEU7|CIPK5_ARATH	69.863	438	96	0.0	645	sp|Q9LEU7|CIPK5_ARATH CBL-interacting serine/threonine-protein kinase 5 OS=Arabidopsis thaliana OX=3702 GN=CIPK5 PE=1 SV=1	0	N/A	N/A
g20263	sp|Q8W1D5|CIPKP_ARATH	68.849	443	97	0.0	639	sp|Q8W1D5|CIPKP_ARATH CBL-interacting serine/threonine-protein kinase 25 OS=Arabidopsis thaliana OX=3702 GN=CIPK25 PE=2 SV=1	0	N/A	N/A
g20263	sp|Q6ERS4|CIPKG_ORYSJ	60.422	427	95	0.0	546	sp|Q6ERS4|CIPKG_ORYSJ CBL-interacting protein kinase 16 OS=Oryza sativa subsp. japonica OX=39947 GN=CIPK16 PE=2 SV=1	0	N/A	N/A
g20263	sp|Q9SEZ7|CIPKG_ARATH	59.375	448	97	0.0	537	sp|Q9SEZ7|CIPKG_ARATH CBL-interacting serine/threonine-protein kinase 16 OS=Arabidopsis thaliana OX=3702 GN=CIPK16 PE=1 SV=1	0	N/A	N/A
g20263	sp|Q9FJ54|CIPKK_ARATH	59.479	422	95	2.66e-179	511	sp|Q9FJ54|CIPKK_ARATH CBL-interacting serine/threonine-protein kinase 20 OS=Arabidopsis thaliana OX=3702 GN=CIPK20 PE=1 SV=1	0	N/A	N/A
g20276	sp|Q94AW5|ERF03_ARATH	59.322	177	99	2.76e-64	198	sp|Q94AW5|ERF03_ARATH Ethylene-responsive transcription factor ERF003 OS=Arabidopsis thaliana OX=3702 GN=ERF003 PE=1 SV=1	0	N/A	N/A
g20276	sp|P16146|PZ02_LUPPO	53.659	164	89	2.03e-47	155	sp|P16146|PZ02_LUPPO Protein PPLZ02 OS=Lupinus polyphyllus OX=3874 GN=PPLZ02 PE=2 SV=1	0	N/A	N/A
g20276	sp|B6T5Z6|ERB46_MAIZE	58.000	100	47	1.66e-31	115	sp|B6T5Z6|ERB46_MAIZE Ethylene-responsive transcription factor WIN1 OS=Zea mays OX=4577 GN=EREB46 PE=2 SV=1	0	N/A	N/A
g20276	sp|Q3E958|SHN3_ARATH	39.785	186	91	2.71e-31	114	sp|Q3E958|SHN3_ARATH Ethylene-responsive transcription factor SHINE 3 OS=Arabidopsis thaliana OX=3702 GN=SHN3 PE=2 SV=1	0	N/A	N/A
g20276	sp|Q9XI33|WIN1_ARATH	78.689	61	34	2.08e-30	112	sp|Q9XI33|WIN1_ARATH Ethylene-responsive transcription factor WIN1 OS=Arabidopsis thaliana OX=3702 GN=WIN1 PE=2 SV=1	0	N/A	N/A
g20277	sp|Q42556|PMA9_ARATH	82.914	954	100	0.0	1627	sp|Q42556|PMA9_ARATH ATPase 9, plasma membrane-type OS=Arabidopsis thaliana OX=3702 GN=AHA9 PE=2 SV=2	0	N/A	N/A
g20277	sp|Q03194|PMA4_NICPL	83.070	951	99	0.0	1625	sp|Q03194|PMA4_NICPL Plasma membrane ATPase 4 OS=Nicotiana plumbaginifolia OX=4092 GN=PMA4 PE=2 SV=1	0	N/A	N/A
g20277	sp|Q7XPY2|PMA1_ORYSJ	83.421	947	99	0.0	1622	sp|Q7XPY2|PMA1_ORYSJ Plasma membrane ATPase OS=Oryza sativa subsp. japonica OX=39947 GN=Os04g0656100 PE=2 SV=1	0	N/A	N/A
g20277	sp|Q9SH76|PMA6_ARATH	83.017	948	99	0.0	1617	sp|Q9SH76|PMA6_ARATH ATPase 6, plasma membrane-type OS=Arabidopsis thaliana OX=3702 GN=AHA6 PE=2 SV=1	0	N/A	N/A
g20277	sp|Q9M2A0|PMA8_ARATH	82.577	947	99	0.0	1607	sp|Q9M2A0|PMA8_ARATH ATPase 8, plasma membrane-type OS=Arabidopsis thaliana OX=3702 GN=AHA8 PE=2 SV=1	0	N/A	N/A
g20278	sp|A7LFZ6|DCL4_ORYSJ	48.235	85	63	9.82e-18	81.6	sp|A7LFZ6|DCL4_ORYSJ Endoribonuclease Dicer homolog 4 OS=Oryza sativa subsp. japonica OX=39947 GN=DCL4 PE=2 SV=1	0	N/A	N/A
g20278	sp|Q9M8N2|RTL1_ARATH	45.783	83	61	4.43e-12	63.5	sp|Q9M8N2|RTL1_ARATH Ribonuclease 3-like protein 1 OS=Arabidopsis thaliana OX=3702 GN=RTL1 PE=2 SV=1	0	N/A	N/A
g20278	sp|P84634|DCL4_ARATH	36.667	90	67	7.60e-08	53.1	sp|P84634|DCL4_ARATH Dicer-like protein 4 OS=Arabidopsis thaliana OX=3702 GN=DCL4 PE=1 SV=2	0	N/A	N/A
g20278	sp|Q8LMR2|DCL1_ORYSJ	32.800	125	93	2.97e-07	51.6	sp|Q8LMR2|DCL1_ORYSJ Endoribonuclease Dicer homolog 1 OS=Oryza sativa subsp. japonica OX=39947 GN=DCL1 PE=3 SV=1	0	N/A	N/A
g20279	sp|Q0V7T5|Y1864_ARATH	55.779	398	88	2.79e-145	424	sp|Q0V7T5|Y1864_ARATH Probable receptor-like protein kinase At1g80640 OS=Arabidopsis thaliana OX=3702 GN=At1g80640 PE=2 SV=1	0	N/A	N/A
g20279	sp|Q9LRY1|PBL25_ARATH	41.056	341	74	9.96e-75	242	sp|Q9LRY1|PBL25_ARATH Probable serine/threonine-protein kinase PBL25 OS=Arabidopsis thaliana OX=3702 GN=PBL25 PE=2 SV=1	0	N/A	N/A
g20279	sp|Q6I5Q6|RK185_ORYSJ	42.667	300	65	2.02e-74	244	sp|Q6I5Q6|RK185_ORYSJ Receptor-like cytoplasmic kinase 185 OS=Oryza sativa subsp. japonica OX=39947 GN=RLCK185 PE=1 SV=1	0	N/A	N/A
g20279	sp|F4JEQ2|PBL23_ARATH	43.581	296	64	1.02e-73	239	sp|F4JEQ2|PBL23_ARATH Probable serine/threonine-protein kinase PBL23 OS=Arabidopsis thaliana OX=3702 GN=PBL23 PE=2 SV=1	0	N/A	N/A
g20279	sp|Q9FE20|PBS1_ARATH	45.390	282	61	4.13e-72	237	sp|Q9FE20|PBS1_ARATH Serine/threonine-protein kinase PBS1 OS=Arabidopsis thaliana OX=3702 GN=PBS1 PE=1 SV=1	0	N/A	N/A
g20280	sp|O94854|K0754_HUMAN	29.870	154	52	3.11e-10	65.5	sp|O94854|K0754_HUMAN Microtubule-actin cross-linking factor 1, isoforms 6/7 OS=Homo sapiens OX=9606 GN=MACF1 PE=1 SV=5	0	N/A	N/A
g20280	sp|O94854|K0754_HUMAN	29.480	173	52	1.74e-09	63.2	sp|O94854|K0754_HUMAN Microtubule-actin cross-linking factor 1, isoforms 6/7 OS=Homo sapiens OX=9606 GN=MACF1 PE=1 SV=5	0	N/A	N/A
g20280	sp|O94854|K0754_HUMAN	26.702	191	52	1.13e-07	57.8	sp|O94854|K0754_HUMAN Microtubule-actin cross-linking factor 1, isoforms 6/7 OS=Homo sapiens OX=9606 GN=MACF1 PE=1 SV=5	0	N/A	N/A
g20280	sp|P12255|FHAB_BORPE	32.530	166	44	5.21e-10	65.1	sp|P12255|FHAB_BORPE Filamentous hemagglutinin OS=Bordetella pertussis (strain Tohama I / ATCC BAA-589 / NCTC 13251) OX=257313 GN=fhaB PE=1 SV=4	0	N/A	N/A
g20280	sp|P12255|FHAB_BORPE	29.487	156	44	3.92e-08	58.9	sp|P12255|FHAB_BORPE Filamentous hemagglutinin OS=Bordetella pertussis (strain Tohama I / ATCC BAA-589 / NCTC 13251) OX=257313 GN=fhaB PE=1 SV=4	0	N/A	N/A
g20280	sp|A8AUS0|SSPA_STRGC	29.412	170	45	2.66e-08	59.3	sp|A8AUS0|SSPA_STRGC Streptococcal surface protein A OS=Streptococcus gordonii (strain Challis / ATCC 35105 / BCRC 15272 / CH1 / DL1 / V288) OX=467705 GN=sspA PE=1 SV=1	0	N/A	N/A
g20280	sp|A8AUS0|SSPA_STRGC	29.870	154	45	1.88e-07	57.0	sp|A8AUS0|SSPA_STRGC Streptococcal surface protein A OS=Streptococcus gordonii (strain Challis / ATCC 35105 / BCRC 15272 / CH1 / DL1 / V288) OX=467705 GN=sspA PE=1 SV=1	0	N/A	N/A
g20280	sp|A8AUS0|SSPA_STRGC	34.454	119	45	1.74e-06	53.9	sp|A8AUS0|SSPA_STRGC Streptococcal surface protein A OS=Streptococcus gordonii (strain Challis / ATCC 35105 / BCRC 15272 / CH1 / DL1 / V288) OX=467705 GN=sspA PE=1 SV=1	0	N/A	N/A
g20280	sp|Q25434|FP1_MYTCO	28.395	81	22	3.44e-07	55.8	sp|Q25434|FP1_MYTCO Adhesive plaque matrix protein OS=Mytilus coruscus OX=42192 GN=FP1 PE=2 SV=1	0	N/A	N/A
g20280	sp|Q8WZ42|TITIN_HUMAN	34.746	118	29	3.06e-06	53.1	sp|Q8WZ42|TITIN_HUMAN Titin OS=Homo sapiens OX=9606 GN=TTN PE=1 SV=4	0	N/A	N/A
g20281	sp|Q8RWU5|FBL3_ARATH	24.625	333	56	1.11e-16	87.4	sp|Q8RWU5|FBL3_ARATH F-box/LRR-repeat protein 3 OS=Arabidopsis thaliana OX=3702 GN=FBL3 PE=2 SV=1	0	N/A	N/A
g20281	sp|Q9C5D2|FBL4_ARATH	20.459	479	74	6.47e-15	81.6	sp|Q9C5D2|FBL4_ARATH F-box/LRR-repeat protein 4 OS=Arabidopsis thaliana OX=3702 GN=FBL4 PE=2 SV=1	0	N/A	N/A
g20281	sp|Q96IG2|FXL20_HUMAN	24.490	245	69	6.14e-12	71.6	sp|Q96IG2|FXL20_HUMAN F-box/LRR-repeat protein 20 OS=Homo sapiens OX=9606 GN=FBXL20 PE=1 SV=2	0	N/A	N/A
g20281	sp|Q96IG2|FXL20_HUMAN	26.087	253	69	2.94e-08	60.1	sp|Q96IG2|FXL20_HUMAN F-box/LRR-repeat protein 20 OS=Homo sapiens OX=9606 GN=FBXL20 PE=1 SV=2	0	N/A	N/A
g20281	sp|Q96IG2|FXL20_HUMAN	22.078	385	69	2.61e-07	57.0	sp|Q96IG2|FXL20_HUMAN F-box/LRR-repeat protein 20 OS=Homo sapiens OX=9606 GN=FBXL20 PE=1 SV=2	0	N/A	N/A
g20281	sp|Q58DG6|FXL20_BOVIN	24.490	245	69	6.14e-12	71.6	sp|Q58DG6|FXL20_BOVIN F-box/LRR-repeat protein 20 OS=Bos taurus OX=9913 GN=FBXL20 PE=2 SV=2	0	N/A	N/A
g20281	sp|Q58DG6|FXL20_BOVIN	26.087	253	69	2.94e-08	60.1	sp|Q58DG6|FXL20_BOVIN F-box/LRR-repeat protein 20 OS=Bos taurus OX=9913 GN=FBXL20 PE=2 SV=2	0	N/A	N/A
g20281	sp|Q58DG6|FXL20_BOVIN	22.078	385	69	2.61e-07	57.0	sp|Q58DG6|FXL20_BOVIN F-box/LRR-repeat protein 20 OS=Bos taurus OX=9913 GN=FBXL20 PE=2 SV=2	0	N/A	N/A
g20281	sp|C8V4D4|GRRA_EMENI	20.403	397	68	7.68e-12	71.6	sp|C8V4D4|GRRA_EMENI SCF E3 ubiquitin ligase complex F-box protein grrA OS=Emericella nidulans (strain FGSC A4 / ATCC 38163 / CBS 112.46 / NRRL 194 / M139) OX=227321 GN=grrA PE=2 SV=1	0	N/A	N/A
g20281	sp|C8V4D4|GRRA_EMENI	22.593	270	68	1.38e-08	61.2	sp|C8V4D4|GRRA_EMENI SCF E3 ubiquitin ligase complex F-box protein grrA OS=Emericella nidulans (strain FGSC A4 / ATCC 38163 / CBS 112.46 / NRRL 194 / M139) OX=227321 GN=grrA PE=2 SV=1	0	N/A	N/A
g20368	sp|Q24JK4|XRCC1_ARATH	49.300	357	95	1.05e-108	325	sp|Q24JK4|XRCC1_ARATH DNA-repair protein XRCC1 OS=Arabidopsis thaliana OX=3702 GN=XRCC1 PE=1 SV=1	0	N/A	N/A
g20368	sp|P18887|XRCC1_HUMAN	34.715	193	51	1.13e-21	99.8	sp|P18887|XRCC1_HUMAN DNA repair protein XRCC1 OS=Homo sapiens OX=9606 GN=XRCC1 PE=1 SV=3	0	N/A	N/A
g20368	sp|Q9ESZ0|XRCC1_RAT	46.739	92	26	2.42e-20	95.9	sp|Q9ESZ0|XRCC1_RAT DNA repair protein XRCC1 OS=Rattus norvegicus OX=10116 GN=Xrcc1 PE=1 SV=2	0	N/A	N/A
g20368	sp|Q60596|XRCC1_MOUSE	45.652	92	26	2.88e-20	95.5	sp|Q60596|XRCC1_MOUSE DNA repair protein XRCC1 OS=Mus musculus OX=10090 GN=Xrcc1 PE=1 SV=2	0	N/A	N/A
g20368	sp|O54935|XRCC1_CRIGR	51.282	78	22	1.18e-18	90.9	sp|O54935|XRCC1_CRIGR DNA repair protein XRCC1 OS=Cricetulus griseus OX=10029 GN=XRCC1 PE=2 SV=1	0	N/A	N/A
g20369	sp|O24610|CNDD3_ARATH	56.864	1333	99	0.0	1416	sp|O24610|CNDD3_ARATH Condensin-2 complex subunit CAP-D3 OS=Arabidopsis thaliana OX=3702 GN=CAP-D3 PE=2 SV=2	0	N/A	N/A
g20369	sp|Q6ZQK0|CNDD3_MOUSE	26.214	1236	87	2.06e-87	316	sp|Q6ZQK0|CNDD3_MOUSE Condensin-2 complex subunit D3 OS=Mus musculus OX=10090 GN=Ncapd3 PE=1 SV=3	0	N/A	N/A
g20369	sp|P42695|CNDD3_HUMAN	25.676	1110	80	1.97e-86	313	sp|P42695|CNDD3_HUMAN Condensin-2 complex subunit D3 OS=Homo sapiens OX=9606 GN=NCAPD3 PE=1 SV=2	0	N/A	N/A
g20369	sp|Q6GN08|CND3L_XENLA	25.088	1132	82	1.71e-82	301	sp|Q6GN08|CND3L_XENLA Condensin-2 complex subunit D3-L OS=Xenopus laevis OX=8355 GN=ncapd3.L PE=1 SV=1	0	N/A	N/A
g20369	sp|Q95Y84|CND_CAEEL	21.879	809	60	4.39e-40	166	sp|Q95Y84|CND_CAEEL Condensin-2 complex subunit hcp-6 OS=Caenorhabditis elegans OX=6239 GN=hcp-6 PE=1 SV=1	0	N/A	N/A
g20370	sp|Q9M8L2|FBK30_ARATH	47.778	360	100	1.60e-109	327	sp|Q9M8L2|FBK30_ARATH F-box/kelch-repeat protein At1g80440 OS=Arabidopsis thaliana OX=3702 GN=At1g80440 PE=2 SV=1	0	N/A	N/A
g20370	sp|Q9LMR5|FK126_ARATH	46.240	359	100	3.93e-107	320	sp|Q9LMR5|FK126_ARATH F-box/kelch-repeat protein At1g15670 OS=Arabidopsis thaliana OX=3702 GN=At1g15670 PE=2 SV=1	0	N/A	N/A
g20370	sp|O80582|FBK46_ARATH	37.456	283	74	1.92e-44	160	sp|O80582|FBK46_ARATH F-box/kelch-repeat protein At2g44130 OS=Arabidopsis thaliana OX=3702 GN=At2g44130 PE=2 SV=2	0	N/A	N/A
g20370	sp|Q9M1Y1|SKI20_ARATH	31.741	293	74	6.04e-38	143	sp|Q9M1Y1|SKI20_ARATH F-box/kelch-repeat protein SKIP20 OS=Arabidopsis thaliana OX=3702 GN=SKIP20 PE=1 SV=1	0	N/A	N/A
g20370	sp|Q93W93|FBK22_ARATH	27.068	266	75	4.22e-19	91.3	sp|Q93W93|FBK22_ARATH F-box/kelch-repeat protein At1g55270 OS=Arabidopsis thaliana OX=3702 GN=At1g55270 PE=2 SV=1	0	N/A	N/A
g20371	sp|O34413|YTCC_BACSU	30.636	173	26	2.87e-09	63.2	sp|O34413|YTCC_BACSU Putative glycosyltransferase YtcC OS=Bacillus subtilis (strain 168) OX=224308 GN=ytcC PE=3 SV=1	0	N/A	N/A
g20371	sp|P42982|BSHA_BACSU	42.466	73	11	1.91e-08	60.5	sp|P42982|BSHA_BACSU N-acetyl-alpha-D-glucosaminyl L-malate synthase OS=Bacillus subtilis (strain 168) OX=224308 GN=bshA PE=1 SV=2	0	N/A	N/A
g20371	sp|D0L476|MSHA_GORB4	27.404	208	31	6.97e-08	58.9	sp|D0L476|MSHA_GORB4 D-inositol 3-phosphate glycosyltransferase OS=Gordonia bronchialis (strain ATCC 25592 / DSM 43247 / BCRC 13721 / JCM 3198 / KCTC 3076 / NBRC 16047 / NCTC 10667) OX=526226 GN=mshA PE=3 SV=1	0	N/A	N/A
g20371	sp|Q81ST7|BSHA_BACAN	29.268	123	19	1.50e-07	57.8	sp|Q81ST7|BSHA_BACAN N-acetyl-alpha-D-glucosaminyl L-malate synthase OS=Bacillus anthracis OX=1392 GN=bshA PE=1 SV=1	0	N/A	N/A
g20371	sp|Q9H553|ALG2_HUMAN	29.825	114	17	7.95e-07	55.5	sp|Q9H553|ALG2_HUMAN Alpha-1,3/1,6-mannosyltransferase ALG2 OS=Homo sapiens OX=9606 GN=ALG2 PE=1 SV=1	0	N/A	N/A
g20372	sp|Q9LW86|SUT34_ARATH	73.047	653	98	0.0	991	sp|Q9LW86|SUT34_ARATH Probable sulfate transporter 3.4 OS=Arabidopsis thaliana OX=3702 GN=SULTR3;4 PE=2 SV=1	0	N/A	N/A
g20372	sp|Q9SXS2|SUT33_ARATH	63.505	622	93	0.0	819	sp|Q9SXS2|SUT33_ARATH Probable sulfate transporter 3.3 OS=Arabidopsis thaliana OX=3702 GN=SULTR3;3 PE=2 SV=2	0	N/A	N/A
g20372	sp|Q9SV13|SUT31_ARATH	57.468	616	92	0.0	743	sp|Q9SV13|SUT31_ARATH Sulfate transporter 3.1 OS=Arabidopsis thaliana OX=3702 GN=SULTR3;1 PE=2 SV=1	0	N/A	N/A
g20372	sp|P53391|SUT1_STYHA	52.589	618	92	0.0	684	sp|P53391|SUT1_STYHA High affinity sulfate transporter 1 OS=Stylosanthes hamata OX=37660 GN=ST1 PE=2 SV=1	0	N/A	N/A
g20372	sp|P53392|SUT2_STYHA	52.110	616	92	0.0	684	sp|P53392|SUT2_STYHA High affinity sulfate transporter 2 OS=Stylosanthes hamata OX=37660 GN=ST2 PE=2 SV=1	0	N/A	N/A
g20392	sp|P63170|DYL1_RAT	47.778	90	94	4.99e-23	87.4	sp|P63170|DYL1_RAT Dynein light chain 1, cytoplasmic OS=Rattus norvegicus OX=10116 GN=Dynll1 PE=1 SV=1	0	N/A	N/A
g20392	sp|P63169|DYL1_RABIT	47.778	90	94	4.99e-23	87.4	sp|P63169|DYL1_RABIT Dynein light chain 1, cytoplasmic OS=Oryctolagus cuniculus OX=9986 GN=DYNLL1 PE=1 SV=1	0	N/A	N/A
g20392	sp|P63168|DYL1_MOUSE	47.778	90	94	4.99e-23	87.4	sp|P63168|DYL1_MOUSE Dynein light chain 1, cytoplasmic OS=Mus musculus OX=10090 GN=Dynll1 PE=1 SV=1	0	N/A	N/A
g20392	sp|P61273|DYL1_MACFA	47.778	90	94	4.99e-23	87.4	sp|P61273|DYL1_MACFA Dynein light chain 1, cytoplasmic OS=Macaca fascicularis OX=9541 GN=DYNLL1 PE=3 SV=1	0	N/A	N/A
g20392	sp|P63167|DYL1_HUMAN	47.778	90	94	4.99e-23	87.4	sp|P63167|DYL1_HUMAN Dynein light chain 1, cytoplasmic OS=Homo sapiens OX=9606 GN=DYNLL1 PE=1 SV=1	0	N/A	N/A
g20393	sp|Q65CJ7|HPPR_PLESU	54.487	312	99	1.79e-113	332	sp|Q65CJ7|HPPR_PLESU Hydroxyphenylpyruvate reductase OS=Plectranthus scutellarioides OX=4142 GN=HPPR PE=1 SV=2	0	N/A	N/A
g20393	sp|A5CAL1|2KGR_VITVI	57.051	312	99	3.81e-113	331	sp|A5CAL1|2KGR_VITVI Glyoxylate/hydroxypyruvate/pyruvate reductase 2KGR OS=Vitis vinifera OX=29760 GN=2KGR PE=1 SV=1	0	N/A	N/A
g20393	sp|Q9CA90|HPR2_ARATH	54.487	312	99	7.56e-107	315	sp|Q9CA90|HPR2_ARATH Glyoxylate/hydroxypyruvate reductase A HPR2 OS=Arabidopsis thaliana OX=3702 GN=HPR2 PE=1 SV=1	0	N/A	N/A
g20393	sp|Q9LE33|HPR3_ARATH	40.575	313	98	8.65e-71	223	sp|Q9LE33|HPR3_ARATH Glyoxylate/hydroxypyruvate reductase HPR3 OS=Arabidopsis thaliana OX=3702 GN=HPR3 PE=1 SV=1	0	N/A	N/A
g20393	sp|Q5FTU6|2KGR_GLUOX	30.795	302	96	2.41e-45	157	sp|Q5FTU6|2KGR_GLUOX 2-ketogluconate reductase OS=Gluconobacter oxydans (strain 621H) OX=290633 GN=GOX0417 PE=1 SV=1	0	N/A	N/A
g20394	sp|P46607|HGL2_ARATH	59.200	750	97	0.0	882	sp|P46607|HGL2_ARATH Homeobox-leucine zipper protein GLABRA 2 OS=Arabidopsis thaliana OX=3702 GN=GL2 PE=1 SV=3	0	N/A	N/A
g20394	sp|Q5JMF3|ROC9_ORYSJ	46.173	810	97	0.0	650	sp|Q5JMF3|ROC9_ORYSJ Homeobox-leucine zipper protein ROC9 OS=Oryza sativa subsp. japonica OX=39947 GN=ROC9 PE=2 SV=1	0	N/A	N/A
g20394	sp|Q93V99|PDF2_ARATH	43.902	697	88	0.0	573	sp|Q93V99|PDF2_ARATH Homeobox-leucine zipper protein PROTODERMAL FACTOR 2 OS=Arabidopsis thaliana OX=3702 GN=PDF2 PE=1 SV=1	0	N/A	N/A
g20394	sp|Q0WV12|ANL2_ARATH	42.894	774	97	0.0	573	sp|Q0WV12|ANL2_ARATH Homeobox-leucine zipper protein ANTHOCYANINLESS 2 OS=Arabidopsis thaliana OX=3702 GN=ANL2 PE=1 SV=1	0	N/A	N/A
g20394	sp|Q8RWU4|ATML1_ARATH	42.937	715	88	0.0	571	sp|Q8RWU4|ATML1_ARATH Homeobox-leucine zipper protein MERISTEM L1 OS=Arabidopsis thaliana OX=3702 GN=ATML1 PE=1 SV=1	0	N/A	N/A
g20395	sp|Q0WVL7|GOGC5_ARATH	66.274	679	71	0.0	792	sp|Q0WVL7|GOGC5_ARATH Golgin candidate 5 OS=Arabidopsis thaliana OX=3702 GN=GC5 PE=1 SV=1	0	N/A	N/A
g20395	sp|P82094|TMF1_HUMAN	30.826	678	65	1.06e-48	191	sp|P82094|TMF1_HUMAN TATA element modulatory factor OS=Homo sapiens OX=9606 GN=TMF1 PE=1 SV=2	0	N/A	N/A
g20395	sp|B9EKI3|TMF1_MOUSE	30.147	680	65	5.43e-47	186	sp|B9EKI3|TMF1_MOUSE TATA element modulatory factor OS=Mus musculus OX=10090 GN=Tmf1 PE=1 SV=2	0	N/A	N/A
g20396	sp|Q2V4B9|PLST3_ARATH	65.923	493	99	0.0	650	sp|Q2V4B9|PLST3_ARATH Probable plastidic glucose transporter 3 OS=Arabidopsis thaliana OX=3702 GN=At1g79820 PE=2 SV=2	0	N/A	N/A
g20396	sp|Q9FYG3|PLST2_ARATH	66.667	495	99	0.0	630	sp|Q9FYG3|PLST2_ARATH Probable plastidic glucose transporter 2 OS=Arabidopsis thaliana OX=3702 GN=At1g67300 PE=2 SV=1	0	N/A	N/A
g20396	sp|Q56ZZ7|PLST4_ARATH	45.657	449	90	4.84e-122	370	sp|Q56ZZ7|PLST4_ARATH Plastidic glucose transporter 4 OS=Arabidopsis thaliana OX=3702 GN=At5g16150 PE=1 SV=2	0	N/A	N/A
g20396	sp|Q0WVE9|PLST1_ARATH	43.556	450	90	3.72e-119	362	sp|Q0WVE9|PLST1_ARATH Probable plastidic glucose transporter 1 OS=Arabidopsis thaliana OX=3702 GN=At1g05030 PE=2 SV=2	0	N/A	N/A
g20396	sp|P46333|CSBC_BACSU	33.409	440	86	4.20e-62	213	sp|P46333|CSBC_BACSU Probable metabolite transport protein CsbC OS=Bacillus subtilis (strain 168) OX=224308 GN=csbC PE=1 SV=3	0	N/A	N/A
g20404	sp|Q9ZSY8|IAA27_ARATH	53.226	310	99	9.67e-93	279	sp|Q9ZSY8|IAA27_ARATH Auxin-responsive protein IAA27 OS=Arabidopsis thaliana OX=3702 GN=IAA27 PE=1 SV=1	0	N/A	N/A
g20404	sp|Q38826|IAA8_ARATH	49.841	315	98	2.40e-87	266	sp|Q38826|IAA8_ARATH Auxin-responsive protein IAA8 OS=Arabidopsis thaliana OX=3702 GN=IAA8 PE=1 SV=1	0	N/A	N/A
g20404	sp|Q38827|IAA9_ARATH	48.867	309	98	3.91e-79	245	sp|Q38827|IAA9_ARATH Auxin-responsive protein IAA9 OS=Arabidopsis thaliana OX=3702 GN=IAA9 PE=1 SV=1	0	N/A	N/A
g20404	sp|P0C132|IAA30_ORYSJ	46.713	289	87	2.24e-73	229	sp|P0C132|IAA30_ORYSJ Auxin-responsive protein IAA30 OS=Oryza sativa subsp. japonica OX=39947 GN=IAA30 PE=2 SV=1	0	N/A	N/A
g20404	sp|Q5Z749|IAA21_ORYSJ	48.829	299	100	6.31e-73	227	sp|Q5Z749|IAA21_ORYSJ Auxin-responsive protein IAA21 OS=Oryza sativa subsp. japonica OX=39947 GN=IAA21 PE=2 SV=1	0	N/A	N/A
g20438	sp|Q7PC86|AB35G_ARATH	67.382	1444	99	0.0	2044	sp|Q7PC86|AB35G_ARATH ABC transporter G family member 35 OS=Arabidopsis thaliana OX=3702 GN=ABCG35 PE=2 SV=1	0	N/A	N/A
g20438	sp|Q9XIE2|AB36G_ARATH	66.621	1450	99	0.0	2006	sp|Q9XIE2|AB36G_ARATH ABC transporter G family member 36 OS=Arabidopsis thaliana OX=3702 GN=ABCG36 PE=1 SV=1	0	N/A	N/A
g20438	sp|Q94A18|AB29G_ARATH	65.649	1441	99	0.0	1982	sp|Q94A18|AB29G_ARATH ABC transporter G family member 29 OS=Arabidopsis thaliana OX=3702 GN=ABCG29 PE=2 SV=2	0	N/A	N/A
g20438	sp|Q5Z9S8|AB42G_ORYSJ	64.039	1446	97	0.0	1936	sp|Q5Z9S8|AB42G_ORYSJ ABC transporter G family member 42 OS=Oryza sativa subsp. japonica OX=39947 GN=ABCG42 PE=2 SV=1	0	N/A	N/A
g20438	sp|Q7FMW4|AB38G_ORYSJ	61.260	1492	99	0.0	1904	sp|Q7FMW4|AB38G_ORYSJ ABC transporter G family member 38 OS=Oryza sativa subsp. japonica OX=39947 GN=ABCG38 PE=3 SV=1	0	N/A	N/A
g20763	sp|Q9FG77|WRKY2_ARATH	45.946	740	99	1.50e-168	503	sp|Q9FG77|WRKY2_ARATH Probable WRKY transcription factor 2 OS=Arabidopsis thaliana OX=3702 GN=WRKY2 PE=1 SV=1	0	N/A	N/A
g20763	sp|O65590|WRK34_ARATH	40.979	715	99	2.12e-130	400	sp|O65590|WRK34_ARATH Probable WRKY transcription factor 34 OS=Arabidopsis thaliana OX=3702 GN=WRKY34 PE=2 SV=1	0	N/A	N/A
g20763	sp|Q6VWJ6|WRK46_HORVU	45.089	448	62	3.82e-97	314	sp|Q6VWJ6|WRK46_HORVU WRKY transcription factor SUSIBA2 OS=Hordeum vulgare OX=4513 GN=WRKY46 PE=1 SV=1	0	N/A	N/A
g20763	sp|Q93WV0|WRK20_ARATH	41.403	442	62	1.10e-88	291	sp|Q93WV0|WRK20_ARATH Probable WRKY transcription factor 20 OS=Arabidopsis thaliana OX=3702 GN=WRKY20 PE=2 SV=1	0	N/A	N/A
g20763	sp|Q6B6R4|WRK24_ORYSI	40.632	443	61	6.58e-82	273	sp|Q6B6R4|WRK24_ORYSI WRKY transcription factor WRKY24 OS=Oryza sativa subsp. indica OX=39946 GN=WRKY24 PE=2 SV=1	0	N/A	N/A
g20764	sp|Q9ZWC8|BRL1_ARATH	62.650	1170	98	0.0	1455	sp|Q9ZWC8|BRL1_ARATH Serine/threonine-protein kinase BRI1-like 1 OS=Arabidopsis thaliana OX=3702 GN=BRL1 PE=1 SV=1	0	N/A	N/A
g20764	sp|Q9LJF3|BRL3_ARATH	64.701	1170	98	0.0	1447	sp|Q9LJF3|BRL3_ARATH Receptor-like protein kinase BRI1-like 3 OS=Arabidopsis thaliana OX=3702 GN=BRL3 PE=1 SV=1	0	N/A	N/A
g20764	sp|Q69JN6|BRL1_ORYSJ	58.609	1179	96	0.0	1262	sp|Q69JN6|BRL1_ORYSJ Brassinosteroid LRR receptor kinase BRL1 OS=Oryza sativa subsp. japonica OX=39947 GN=BRL1 PE=2 SV=1	0	N/A	N/A
g20764	sp|Q6ZCZ2|BRL3_ORYSJ	55.000	1180	97	0.0	1191	sp|Q6ZCZ2|BRL3_ORYSJ Brassinosteroid LRR receptor kinase BRL3 OS=Oryza sativa subsp. japonica OX=39947 GN=BRL3 PE=2 SV=1	0	N/A	N/A
g20764	sp|Q8GUQ5|BRI1_SOLLC	48.962	1156	96	0.0	1015	sp|Q8GUQ5|BRI1_SOLLC Brassinosteroid LRR receptor kinase OS=Solanum lycopersicum OX=4081 GN=CURL3 PE=1 SV=1	0	N/A	N/A
g20843	sp|O82484|DRL23_ARATH	23.288	365	20	6.13e-11	71.6	sp|O82484|DRL23_ARATH Putative disease resistance protein At4g10780 OS=Arabidopsis thaliana OX=3702 GN=At4g10780 PE=3 SV=1	0	N/A	N/A
g20843	sp|Q9C8K0|DRL5_ARATH	25.424	295	16	3.14e-10	68.9	sp|Q9C8K0|DRL5_ARATH Probable disease resistance protein At1g51480 OS=Arabidopsis thaliana OX=3702 GN=At1g51480 PE=3 SV=2	0	N/A	N/A
g20843	sp|O81825|DRL28_ARATH	23.340	497	27	3.15e-09	65.9	sp|O81825|DRL28_ARATH Probable disease resistance protein At4g27220 OS=Arabidopsis thaliana OX=3702 GN=At4g27220 PE=2 SV=1	0	N/A	N/A
g20843	sp|Q9FLB4|DRL31_ARATH	22.742	299	16	1.06e-07	60.8	sp|Q9FLB4|DRL31_ARATH Putative disease resistance protein At5g05400 OS=Arabidopsis thaliana OX=3702 GN=At5g05400 PE=3 SV=1	0	N/A	N/A
g20843	sp|O22727|DRL16_ARATH	21.622	370	20	3.68e-07	59.3	sp|O22727|DRL16_ARATH Probable disease resistance protein At1g61190 OS=Arabidopsis thaliana OX=3702 GN=At1g61190 PE=3 SV=1	0	N/A	N/A
g21285	sp|Q562D6|TRMO_MOUSE	51.007	149	40	3.74e-40	150	sp|Q562D6|TRMO_MOUSE tRNA (adenine(37)-N6)-methyltransferase OS=Mus musculus OX=10090 GN=Trmo PE=2 SV=2	0	N/A	N/A
g21285	sp|Q9BU70|TRMO_HUMAN	50.667	150	41	5.72e-40	149	sp|Q9BU70|TRMO_HUMAN tRNA (adenine(37)-N6)-methyltransferase OS=Homo sapiens OX=9606 GN=TRMO PE=1 SV=2	0	N/A	N/A
g21285	sp|Q4V7E0|TRMO_RAT	51.748	143	39	6.18e-39	146	sp|Q4V7E0|TRMO_RAT tRNA (adenine(37)-N6)-methyltransferase OS=Rattus norvegicus OX=10116 GN=Trmo PE=2 SV=1	0	N/A	N/A
g21285	sp|Q9RPT0|RCSF1_PSEAE	44.231	156	42	2.57e-35	132	sp|Q9RPT0|RCSF1_PSEAE Putative S-adenosylmethionine-dependent methyltransferase RcsF OS=Pseudomonas aeruginosa (strain ATCC 15692 / DSM 22644 / CIP 104116 / JCM 14847 / LMG 12228 / 1C / PRS 101 / PAO1) OX=208964 GN=rcsF PE=1 SV=1	0	N/A	N/A
g21285	sp|O68638|RCSF2_PSEAI	42.308	156	42	7.95e-32	123	sp|O68638|RCSF2_PSEAI Putative S-adenosylmethionine-dependent methyltransferase RcsF OS=Pseudomonas aeruginosa OX=287 GN=rcsF PE=3 SV=1	0	N/A	N/A
g21742	sp|O00370|LORF2_HUMAN	23.940	802	55	6.25e-49	194	sp|O00370|LORF2_HUMAN LINE-1 retrotransposable element ORF2 protein OS=Homo sapiens OX=9606 PE=1 SV=1	0	N/A	N/A
g21742	sp|P14381|YTX2_XENLA	24.302	860	60	8.27e-46	184	sp|P14381|YTX2_XENLA Transposon TX1 uncharacterized 149 kDa protein OS=Xenopus laevis OX=8355 PE=4 SV=1	0	N/A	N/A
g21742	sp|P08548|LIN1_NYCCO	22.680	776	54	1.22e-43	177	sp|P08548|LIN1_NYCCO LINE-1 reverse transcriptase homolog OS=Nycticebus coucang OX=9470 PE=4 SV=1	0	N/A	N/A
g21742	sp|P11369|LORF2_MOUSE	23.694	785	54	1.14e-42	174	sp|P11369|LORF2_MOUSE LINE-1 retrotransposable element ORF2 protein OS=Mus musculus OX=10090 GN=Pol PE=1 SV=2	0	N/A	N/A
g21742	sp|P0C2F6|RNHX1_ARATH	25.740	439	30	1.04e-30	133	sp|P0C2F6|RNHX1_ARATH Putative ribonuclease H protein At1g65750 OS=Arabidopsis thaliana OX=3702 GN=At1g65750 PE=3 SV=1	0	N/A	N/A
g21856	sp|Q40255|ALDH_LINUS	80.827	532	96	0.0	936	sp|Q40255|ALDH_LINUS Probable aldehyde dehydrogenase OS=Linum usitatissimum OX=4006 GN=FIS1 PE=2 SV=1	0	N/A	N/A
g21856	sp|Q8VZC3|AL121_ARATH	80.334	539	97	0.0	932	sp|Q8VZC3|AL121_ARATH Delta-1-pyrroline-5-carboxylate dehydrogenase 12A1, mitochondrial OS=Arabidopsis thaliana OX=3702 GN=ALDH12A1 PE=1 SV=1	0	N/A	N/A
g21856	sp|P10503|PUTA_SALTY	26.146	371	64	2.04e-20	99.4	sp|P10503|PUTA_SALTY Bifunctional protein PutA OS=Salmonella typhimurium (strain LT2 / SGSC1412 / ATCC 700720) OX=99287 GN=putA PE=2 SV=4	0	N/A	N/A
g21856	sp|D5E1S7|SLAD_PRIM1	23.908	435	77	2.33e-19	94.7	sp|D5E1S7|SLAD_PRIM1 3-sulfolactaldehyde dehydrogenase OS=Priestia megaterium (strain ATCC 12872 / QMB1551) OX=545693 GN=slaB PE=1 SV=1	0	N/A	N/A
g21856	sp|A0A7W3RCJ3|SLAD_PRIAR	23.908	435	77	2.33e-19	94.7	sp|A0A7W3RCJ3|SLAD_PRIAR 3-sulfolactaldehyde dehydrogenase OS=Priestia aryabhattai OX=412384 GN=sftD PE=1 SV=1	0	N/A	N/A
g22861	sp|Q9FEN9|SHL_ARATH	51.905	210	98	2.30e-78	237	sp|Q9FEN9|SHL_ARATH Chromatin remodeling protein SHL OS=Arabidopsis thaliana OX=3702 GN=SHL PE=1 SV=1	0	N/A	N/A
g22861	sp|F4JL28|EBS_ARATH	56.667	180	84	2.96e-74	227	sp|F4JL28|EBS_ARATH Chromatin remodeling protein EBS OS=Arabidopsis thaliana OX=3702 GN=EBS PE=1 SV=1	0	N/A	N/A
g22861	sp|F4JGB7|EBSL_ARATH	51.534	163	76	9.49e-51	167	sp|F4JGB7|EBSL_ARATH Chromatin remodeling protein At4g04260 OS=Arabidopsis thaliana OX=3702 GN=At4g04260 PE=3 SV=2	0	N/A	N/A
g22861	sp|Q9P281|BAHC1_HUMAN	34.426	122	55	1.23e-12	69.7	sp|Q9P281|BAHC1_HUMAN BAH and coiled-coil domain-containing protein 1 OS=Homo sapiens OX=9606 GN=BAHCC1 PE=1 SV=4	0	N/A	N/A
g22861	sp|Q3UHR0|BAHC1_MOUSE	34.426	122	55	3.36e-12	68.6	sp|Q3UHR0|BAHC1_MOUSE BAH and coiled-coil domain-containing protein 1 OS=Mus musculus OX=10090 GN=Bahcc1 PE=1 SV=2	0	N/A	N/A
g24100	sp|Q652P9|GL93_ORYSJ	62.245	196	92	1.01e-74	227	sp|Q652P9|GL93_ORYSJ Germin-like protein 9-3 OS=Oryza sativa subsp. japonica OX=39947 GN=Os09g0568700 PE=2 SV=1	0	N/A	N/A
g24100	sp|Q652Q0|GL92_ORYSJ	63.021	192	90	5.00e-70	215	sp|Q652Q0|GL92_ORYSJ Putative germin-like protein 9-2 OS=Oryza sativa subsp. japonica OX=39947 GN=Os09g0568600 PE=3 SV=1	0	N/A	N/A
g24100	sp|Q652Q1|GL91_ORYSJ	53.591	181	86	2.35e-53	174	sp|Q652Q1|GL91_ORYSJ Germin-like protein 9-1 OS=Oryza sativa subsp. japonica OX=39947 GN=Os09g0568500 PE=2 SV=1	0	N/A	N/A
g24100	sp|Q6K5P9|GL22_ORYSJ	41.395	215	95	1.12e-35	128	sp|Q6K5P9|GL22_ORYSJ Putative germin-like protein 2-2 OS=Oryza sativa subsp. japonica OX=39947 GN=Os02g0491700 PE=3 SV=1	0	N/A	N/A
g24100	sp|Q6I544|GL52_ORYSJ	38.776	196	89	1.74e-34	125	sp|Q6I544|GL52_ORYSJ Germin-like protein 5-1 OS=Oryza sativa subsp. japonica OX=39947 GN=Os05g0277500 PE=2 SV=1	0	N/A	N/A
g24101	sp|Q652P9|GL93_ORYSJ	63.102	187	86	1.23e-75	229	sp|Q652P9|GL93_ORYSJ Germin-like protein 9-3 OS=Oryza sativa subsp. japonica OX=39947 GN=Os09g0568700 PE=2 SV=1	0	N/A	N/A
g24101	sp|Q652Q0|GL92_ORYSJ	62.434	189	88	7.05e-71	217	sp|Q652Q0|GL92_ORYSJ Putative germin-like protein 9-2 OS=Oryza sativa subsp. japonica OX=39947 GN=Os09g0568600 PE=3 SV=1	0	N/A	N/A
g24101	sp|Q652Q1|GL91_ORYSJ	53.889	180	85	2.38e-58	186	sp|Q652Q1|GL91_ORYSJ Germin-like protein 9-1 OS=Oryza sativa subsp. japonica OX=39947 GN=Os09g0568500 PE=2 SV=1	0	N/A	N/A
g24101	sp|Q7F731|GL11_ORYSJ	39.691	194	87	9.65e-36	127	sp|Q7F731|GL11_ORYSJ Germin-like protein 1-1 OS=Oryza sativa subsp. japonica OX=39947 GN=GER4 PE=2 SV=1	0	N/A	N/A
g24101	sp|Q6K5P9|GL22_ORYSJ	37.255	204	90	7.87e-35	125	sp|Q6K5P9|GL22_ORYSJ Putative germin-like protein 2-2 OS=Oryza sativa subsp. japonica OX=39947 GN=Os02g0491700 PE=3 SV=1	0	N/A	N/A
g24102	sp|Q652P9|GL93_ORYSJ	61.429	210	99	5.93e-78	235	sp|Q652P9|GL93_ORYSJ Germin-like protein 9-3 OS=Oryza sativa subsp. japonica OX=39947 GN=Os09g0568700 PE=2 SV=1	0	N/A	N/A
g24102	sp|Q652Q0|GL92_ORYSJ	62.944	197	94	3.22e-73	223	sp|Q652Q0|GL92_ORYSJ Putative germin-like protein 9-2 OS=Oryza sativa subsp. japonica OX=39947 GN=Os09g0568600 PE=3 SV=1	0	N/A	N/A
g24102	sp|Q652Q1|GL91_ORYSJ	54.945	182	87	1.93e-55	179	sp|Q652Q1|GL91_ORYSJ Germin-like protein 9-1 OS=Oryza sativa subsp. japonica OX=39947 GN=Os09g0568500 PE=2 SV=1	0	N/A	N/A
g24102	sp|Q7XZY1|GL32_ORYSJ	40.909	198	88	2.96e-38	134	sp|Q7XZY1|GL32_ORYSJ Putative germin-like protein 3-2 OS=Oryza sativa subsp. japonica OX=39947 GN=Os03g0651800 PE=3 SV=1	0	N/A	N/A
g24102	sp|Q6K5P9|GL22_ORYSJ	39.013	223	98	5.16e-38	134	sp|Q6K5P9|GL22_ORYSJ Putative germin-like protein 2-2 OS=Oryza sativa subsp. japonica OX=39947 GN=Os02g0491700 PE=3 SV=1	0	N/A	N/A
g24103	sp|Q652P9|GL93_ORYSJ	60.000	210	99	2.33e-77	234	sp|Q652P9|GL93_ORYSJ Germin-like protein 9-3 OS=Oryza sativa subsp. japonica OX=39947 GN=Os09g0568700 PE=2 SV=1	0	N/A	N/A
g24103	sp|Q652Q0|GL92_ORYSJ	61.929	197	94	3.65e-70	215	sp|Q652Q0|GL92_ORYSJ Putative germin-like protein 9-2 OS=Oryza sativa subsp. japonica OX=39947 GN=Os09g0568600 PE=3 SV=1	0	N/A	N/A
g24103	sp|Q652Q1|GL91_ORYSJ	56.044	182	87	1.06e-56	182	sp|Q652Q1|GL91_ORYSJ Germin-like protein 9-1 OS=Oryza sativa subsp. japonica OX=39947 GN=Os09g0568500 PE=2 SV=1	0	N/A	N/A
g24103	sp|Q9M263|GL24_ARATH	40.566	212	95	4.69e-40	139	sp|Q9M263|GL24_ARATH Germin-like protein subfamily 2 member 4 OS=Arabidopsis thaliana OX=3702 GN=GLP10 PE=2 SV=1	0	N/A	N/A
g24103	sp|Q6K5P9|GL22_ORYSJ	39.815	216	97	1.01e-37	133	sp|Q6K5P9|GL22_ORYSJ Putative germin-like protein 2-2 OS=Oryza sativa subsp. japonica OX=39947 GN=Os02g0491700 PE=3 SV=1	0	N/A	N/A
g24104	sp|Q652P9|GL93_ORYSJ	59.358	187	86	3.58e-71	218	sp|Q652P9|GL93_ORYSJ Germin-like protein 9-3 OS=Oryza sativa subsp. japonica OX=39947 GN=Os09g0568700 PE=2 SV=1	0	N/A	N/A
g24104	sp|Q652Q0|GL92_ORYSJ	58.947	190	89	3.59e-67	208	sp|Q652Q0|GL92_ORYSJ Putative germin-like protein 9-2 OS=Oryza sativa subsp. japonica OX=39947 GN=Os09g0568600 PE=3 SV=1	0	N/A	N/A
g24104	sp|Q652Q1|GL91_ORYSJ	51.667	180	85	4.66e-55	178	sp|Q652Q1|GL91_ORYSJ Germin-like protein 9-1 OS=Oryza sativa subsp. japonica OX=39947 GN=Os09g0568500 PE=2 SV=1	0	N/A	N/A
g24104	sp|Q7F731|GL11_ORYSJ	40.722	194	87	5.39e-36	128	sp|Q7F731|GL11_ORYSJ Germin-like protein 1-1 OS=Oryza sativa subsp. japonica OX=39947 GN=GER4 PE=2 SV=1	0	N/A	N/A
g24104	sp|Q9FZ27|GL22_ARATH	38.647	207	91	1.66e-34	124	sp|Q9FZ27|GL22_ARATH Germin-like protein subfamily 2 member 2 OS=Arabidopsis thaliana OX=3702 GN=At1g02335 PE=2 SV=1	0	N/A	N/A
g24105	sp|Q9ZTA3|AOP1C_ARATH	42.294	279	87	9.16e-66	212	sp|Q9ZTA3|AOP1C_ARATH Probable 2-oxoglutarate-dependent dioxygenase AOP1 OS=Arabidopsis thaliana OX=3702 GN=AOP1 PE=2 SV=1	0	N/A	N/A
g24105	sp|Q945B6|AOP1L_ARATH	42.086	278	87	1.13e-65	212	sp|Q945B6|AOP1L_ARATH Probable 2-oxoglutarate-dependent dioxygenase AOP1.2 OS=Arabidopsis thaliana OX=3702 GN=AOP1.2 PE=2 SV=1	0	N/A	N/A
g24105	sp|Q944Z5|AOP1V_ARATH	42.599	277	87	7.21e-65	209	sp|Q944Z5|AOP1V_ARATH Probable 2-oxoglutarate-dependent dioxygenase AOP1 (Fragment) OS=Arabidopsis thaliana OX=3702 GN=AOP1 PE=2 SV=1	0	N/A	N/A
g24105	sp|A0A0N9HQ36|2ODD_SINHE	39.308	318	99	1.29e-59	196	sp|A0A0N9HQ36|2ODD_SINHE Deoxypodophyllotoxin synthase OS=Sinopodophyllum hexandrum OX=93608 GN=2-ODD PE=1 SV=1	0	N/A	N/A
g24105	sp|Q9ZTA2|AOP2C_ARATH	43.885	139	88	4.44e-29	118	sp|Q9ZTA2|AOP2C_ARATH Probable inactive 2-oxoglutarate-dependent dioxygenase AOP2 OS=Arabidopsis thaliana OX=3702 GN=AOP2 PE=2 SV=1	0	N/A	N/A
g24105	sp|Q9ZTA2|AOP2C_ARATH	36.957	138	88	2.10e-19	91.3	sp|Q9ZTA2|AOP2C_ARATH Probable inactive 2-oxoglutarate-dependent dioxygenase AOP2 OS=Arabidopsis thaliana OX=3702 GN=AOP2 PE=2 SV=1	0	N/A	N/A
g24106	sp|F4IV45|CHR10_ARATH	65.636	873	99	0.0	1159	sp|F4IV45|CHR10_ARATH Probable helicase CHR10 OS=Arabidopsis thaliana OX=3702 GN=CHR10 PE=3 SV=1	0	N/A	N/A
g24106	sp|Q86WJ1|CHD1L_HUMAN	37.655	887	96	1.37e-169	518	sp|Q86WJ1|CHD1L_HUMAN Chromodomain-helicase-DNA-binding protein 1-like OS=Homo sapiens OX=9606 GN=CHD1L PE=1 SV=3	0	N/A	N/A
g24106	sp|Q3B7N1|CHD1L_BOVIN	45.714	490	80	4.02e-131	417	sp|Q3B7N1|CHD1L_BOVIN Chromodomain-helicase-DNA-binding protein 1-like OS=Bos taurus OX=9913 GN=CHD1L PE=2 SV=1	0	N/A	N/A
g24106	sp|Q3B7N1|CHD1L_BOVIN	37.441	211	80	2.59e-27	122	sp|Q3B7N1|CHD1L_BOVIN Chromodomain-helicase-DNA-binding protein 1-like OS=Bos taurus OX=9913 GN=CHD1L PE=2 SV=1	0	N/A	N/A
g24106	sp|Q9CXF7|CHD1L_MOUSE	46.356	494	80	5.25e-130	414	sp|Q9CXF7|CHD1L_MOUSE Chromodomain-helicase-DNA-binding protein 1-like OS=Mus musculus OX=10090 GN=Chd1l PE=1 SV=1	0	N/A	N/A
g24106	sp|Q9CXF7|CHD1L_MOUSE	38.426	216	80	6.54e-29	128	sp|Q9CXF7|CHD1L_MOUSE Chromodomain-helicase-DNA-binding protein 1-like OS=Mus musculus OX=10090 GN=Chd1l PE=1 SV=1	0	N/A	N/A
g24106	sp|Q7ZU90|CHD1L_DANRE	44.948	485	56	2.66e-120	392	sp|Q7ZU90|CHD1L_DANRE Chromodomain-helicase-DNA-binding protein 1-like OS=Danio rerio OX=7955 GN=chd1l PE=2 SV=1	0	N/A	N/A
g24107	sp|Q8L7F7|NUP62_ARATH	69.632	326	47	4.38e-144	441	sp|Q8L7F7|NUP62_ARATH Nuclear pore complex protein NUP62 OS=Arabidopsis thaliana OX=3702 GN=NUP62 PE=1 SV=1	0	N/A	N/A
g24107	sp|P37198|NUP62_HUMAN	27.461	193	28	1.43e-28	124	sp|P37198|NUP62_HUMAN Nuclear pore glycoprotein p62 OS=Homo sapiens OX=9606 GN=NUP62 PE=1 SV=3	0	N/A	N/A
g24107	sp|Q63850|NUP62_MOUSE	27.461	193	28	1.02e-27	121	sp|Q63850|NUP62_MOUSE Nuclear pore glycoprotein p62 OS=Mus musculus OX=10090 GN=Nup62 PE=1 SV=2	0	N/A	N/A
g24107	sp|P17955|NUP62_RAT	27.461	193	28	3.51e-27	119	sp|P17955|NUP62_RAT Nuclear pore glycoprotein p62 OS=Rattus norvegicus OX=10116 GN=Nup62 PE=1 SV=1	0	N/A	N/A
g24107	sp|G0SBQ3|NSP1_CHATD	28.205	195	28	4.81e-27	120	sp|G0SBQ3|NSP1_CHATD Nucleoporin NSP1 OS=Chaetomium thermophilum (strain DSM 1495 / CBS 144.50 / IMI 039719) OX=759272 GN=NSP1 PE=1 SV=1	0	N/A	N/A
g24108	sp|Q9C641|EFGM1_ARATH	80.323	742	99	0.0	1265	sp|Q9C641|EFGM1_ARATH Elongation factor G-1, mitochondrial OS=Arabidopsis thaliana OX=3702 GN=MEFG1 PE=1 SV=1	0	N/A	N/A
g24108	sp|F4IW10|EFGM2_ARATH	80.641	749	99	0.0	1265	sp|F4IW10|EFGM2_ARATH Elongation factor G-2, mitochondrial OS=Arabidopsis thaliana OX=3702 GN=MEFG2 PE=1 SV=1	0	N/A	N/A
g24108	sp|Q9FE64|EFGM_ORYSJ	79.760	751	99	0.0	1244	sp|Q9FE64|EFGM_ORYSJ Elongation factor G, mitochondrial OS=Oryza sativa subsp. japonica OX=39947 GN=Os03g0565500 PE=2 SV=2	0	N/A	N/A
g24108	sp|Q1D9P5|EFG1_MYXXD	61.360	691	92	0.0	897	sp|Q1D9P5|EFG1_MYXXD Elongation factor G 1 OS=Myxococcus xanthus (strain DK1622) OX=246197 GN=fusA1 PE=3 SV=1	0	N/A	N/A
g24108	sp|Q9USZ1|EFGM_SCHPO	59.327	713	92	0.0	882	sp|Q9USZ1|EFGM_SCHPO Elongation factor G, mitochondrial OS=Schizosaccharomyces pombe (strain 972 / ATCC 24843) OX=284812 GN=mef1 PE=3 SV=2	0	N/A	N/A
g24111	sp|Q01JD1|SPL7_ORYSI	37.857	280	67	2.07e-42	154	sp|Q01JD1|SPL7_ORYSI Squamosa promoter-binding-like protein 7 OS=Oryza sativa subsp. indica OX=39946 GN=SPL7 PE=2 SV=1	0	N/A	N/A
g24111	sp|Q7XT42|SPL7_ORYSJ	43.379	219	54	4.53e-42	154	sp|Q7XT42|SPL7_ORYSJ Squamosa promoter-binding-like protein 7 OS=Oryza sativa subsp. japonica OX=39947 GN=SPL7 PE=2 SV=2	0	N/A	N/A
g24111	sp|A2YGR5|SPL12_ORYSI	54.198	131	32	1.51e-33	133	sp|A2YGR5|SPL12_ORYSI Squamosa promoter-binding-like protein 12 OS=Oryza sativa subsp. indica OX=39946 GN=SPL12 PE=2 SV=1	0	N/A	N/A
g24111	sp|Q5Z818|SPL12_ORYSJ	54.198	131	32	1.71e-33	133	sp|Q5Z818|SPL12_ORYSJ Squamosa promoter-binding-like protein 12 OS=Oryza sativa subsp. japonica OX=39947 GN=SPL12 PE=2 SV=1	0	N/A	N/A
g24111	sp|Q8S9L0|SPL10_ARATH	51.969	127	32	2.57e-32	128	sp|Q8S9L0|SPL10_ARATH Squamosa promoter-binding-like protein 10 OS=Arabidopsis thaliana OX=3702 GN=SPL10 PE=2 SV=2	0	N/A	N/A
g24113	sp|O81304|PAP11_ARATH	66.495	194	85	1.07e-90	268	sp|O81304|PAP11_ARATH Probable plastid-lipid-associated protein 11, chloroplastic OS=Arabidopsis thaliana OX=3702 GN=PAP11 PE=2 SV=1	0	N/A	N/A
g24113	sp|Q0JD85|PAP7_ORYSJ	25.373	201	79	6.01e-09	58.2	sp|Q0JD85|PAP7_ORYSJ Fibrillin protein 5 homolog OS=Oryza sativa subsp. japonica OX=39947 GN=FBN5 PE=1 SV=1	0	N/A	N/A
g24123	sp|Q9M202|ZAT9_ARATH	39.362	282	90	4.89e-53	175	sp|Q9M202|ZAT9_ARATH Zinc finger protein ZAT9 OS=Arabidopsis thaliana OX=3702 GN=ZAT9 PE=2 SV=1	0	N/A	N/A
g24123	sp|Q39092|ZAT1_ARATH	42.105	266	90	4.00e-46	157	sp|Q39092|ZAT1_ARATH Zinc finger protein ZAT1 OS=Arabidopsis thaliana OX=3702 GN=ZAT1 PE=2 SV=1	0	N/A	N/A
g24123	sp|Q9SHD0|ZAT4_ARATH	45.930	172	74	1.28e-38	139	sp|Q9SHD0|ZAT4_ARATH Zinc finger protein ZAT4 OS=Arabidopsis thaliana OX=3702 GN=ZAT4 PE=2 SV=1	0	N/A	N/A
g24123	sp|Q9SHD0|ZAT4_ARATH	73.333	30	74	2.47e-08	56.6	sp|Q9SHD0|ZAT4_ARATH Zinc finger protein ZAT4 OS=Arabidopsis thaliana OX=3702 GN=ZAT4 PE=2 SV=1	0	N/A	N/A
g24123	sp|O65499|ZAT3_ARATH	33.913	230	90	8.67e-22	94.0	sp|O65499|ZAT3_ARATH Zinc finger protein ZAT3 OS=Arabidopsis thaliana OX=3702 GN=ZAT3 PE=1 SV=1	0	N/A	N/A
g24123	sp|Q681X4|ZAT5_ARATH	32.338	201	56	2.76e-21	92.8	sp|Q681X4|ZAT5_ARATH Zinc finger protein ZAT5 OS=Arabidopsis thaliana OX=3702 GN=ZAT5 PE=2 SV=1	0	N/A	N/A
g24124	sp|Q8IID4|DYHC2_PLAF7	33.333	126	21	5.12e-11	70.1	sp|Q8IID4|DYHC2_PLAF7 Dynein heavy chain-like protein 2 OS=Plasmodium falciparum (isolate 3D7) OX=36329 GN=PF11_0240 PE=1 SV=1	0	N/A	N/A
g24124	sp|Q8IID4|DYHC2_PLAF7	31.538	130	21	2.68e-10	67.8	sp|Q8IID4|DYHC2_PLAF7 Dynein heavy chain-like protein 2 OS=Plasmodium falciparum (isolate 3D7) OX=36329 GN=PF11_0240 PE=1 SV=1	0	N/A	N/A
g24124	sp|Q8IID4|DYHC2_PLAF7	30.597	134	21	7.38e-10	66.2	sp|Q8IID4|DYHC2_PLAF7 Dynein heavy chain-like protein 2 OS=Plasmodium falciparum (isolate 3D7) OX=36329 GN=PF11_0240 PE=1 SV=1	0	N/A	N/A
g24124	sp|Q8IID4|DYHC2_PLAF7	29.323	133	21	2.08e-08	61.6	sp|Q8IID4|DYHC2_PLAF7 Dynein heavy chain-like protein 2 OS=Plasmodium falciparum (isolate 3D7) OX=36329 GN=PF11_0240 PE=1 SV=1	0	N/A	N/A
g25016	sp|Q54DU5|Y2028_DICDI	25.309	324	41	2.31e-18	94.0	sp|Q54DU5|Y2028_DICDI von Willebrand factor A domain-containing protein DDB_G0292028 OS=Dictyostelium discoideum OX=44689 GN=DDB_G0292028 PE=4 SV=1	0	N/A	N/A
g25016	sp|A6X935|ITIH4_MOUSE	23.711	291	36	1.76e-17	91.3	sp|A6X935|ITIH4_MOUSE Inter alpha-trypsin inhibitor, heavy chain 4 OS=Mus musculus OX=10090 GN=Itih4 PE=1 SV=2	0	N/A	N/A
g25016	sp|P56652|ITIH3_BOVIN	24.316	329	39	1.78e-14	81.3	sp|P56652|ITIH3_BOVIN Inter-alpha-trypsin inhibitor heavy chain H3 OS=Bos taurus OX=9913 GN=ITIH3 PE=1 SV=2	0	N/A	N/A
g25016	sp|Q14624|ITIH4_HUMAN	28.352	261	32	4.45e-14	80.1	sp|Q14624|ITIH4_HUMAN Inter-alpha-trypsin inhibitor heavy chain H4 OS=Homo sapiens OX=9606 GN=ITIH4 PE=1 SV=4	0	N/A	N/A
g25016	sp|Q3T052|ITIH4_BOVIN	26.070	257	32	6.06e-14	79.7	sp|Q3T052|ITIH4_BOVIN Inter-alpha-trypsin inhibitor heavy chain H4 OS=Bos taurus OX=9913 GN=ITIH4 PE=1 SV=1	0	N/A	N/A
g25560	sp|Q6VAA4|U85C1_STERE	70.539	482	100	0.0	711	sp|Q6VAA4|U85C1_STERE UDP-glycosyltransferase 85C1 OS=Stevia rebaudiana OX=55670 GN=UGT85C1 PE=2 SV=1	0	N/A	N/A
g25560	sp|Q6VAB0|U85C2_STERE	57.474	475	98	0.0	556	sp|Q6VAB0|U85C2_STERE UDP-glycosyltransferase 85C2 OS=Stevia rebaudiana OX=55670 GN=UGT85C2 PE=1 SV=1	0	N/A	N/A
g25560	sp|F8WKW1|UGT2_GARJA	49.163	478	98	7.70e-162	469	sp|F8WKW1|UGT2_GARJA 7-deoxyloganetin glucosyltransferase OS=Gardenia jasminoides OX=114476 GN=UGT85A24 PE=1 SV=1	0	N/A	N/A
g25560	sp|F8WLS6|UGT6_CATRO	48.326	478	97	1.33e-156	456	sp|F8WLS6|UGT6_CATRO 7-deoxyloganetin glucosyltransferase OS=Catharanthus roseus OX=4058 GN=UGT85A23 PE=1 SV=1	0	N/A	N/A
g25560	sp|B2XBQ5|85A19_PRUDU	44.468	479	99	4.04e-152	445	sp|B2XBQ5|85A19_PRUDU (R)-mandelonitrile beta-glucosyltransferase OS=Prunus dulcis OX=3755 GN=UGT85A19 PE=1 SV=2	0	N/A	N/A
g25561	sp|Q6VAA4|U85C1_STERE	68.116	483	100	0.0	703	sp|Q6VAA4|U85C1_STERE UDP-glycosyltransferase 85C1 OS=Stevia rebaudiana OX=55670 GN=UGT85C1 PE=2 SV=1	0	N/A	N/A
g25561	sp|Q6VAB0|U85C2_STERE	57.113	485	100	0.0	566	sp|Q6VAB0|U85C2_STERE UDP-glycosyltransferase 85C2 OS=Stevia rebaudiana OX=55670 GN=UGT85C2 PE=1 SV=1	0	N/A	N/A
g25561	sp|F8WKW1|UGT2_GARJA	49.145	468	95	7.26e-165	477	sp|F8WKW1|UGT2_GARJA 7-deoxyloganetin glucosyltransferase OS=Gardenia jasminoides OX=114476 GN=UGT85A24 PE=1 SV=1	0	N/A	N/A
g25561	sp|F8WLS6|UGT6_CATRO	48.421	475	97	5.37e-162	470	sp|F8WLS6|UGT6_CATRO 7-deoxyloganetin glucosyltransferase OS=Catharanthus roseus OX=4058 GN=UGT85A23 PE=1 SV=1	0	N/A	N/A
g25561	sp|Q9LMF1|U85A3_ARATH	46.201	487	99	3.14e-159	463	sp|Q9LMF1|U85A3_ARATH UDP-glycosyltransferase 85A3 OS=Arabidopsis thaliana OX=3702 GN=UGT85A3 PE=2 SV=2	0	N/A	N/A
g25562	sp|Q6VAA4|U85C1_STERE	67.989	378	98	0.0	535	sp|Q6VAA4|U85C1_STERE UDP-glycosyltransferase 85C1 OS=Stevia rebaudiana OX=55670 GN=UGT85C1 PE=2 SV=1	0	N/A	N/A
g25562	sp|Q6VAB0|U85C2_STERE	56.533	375	96	2.14e-148	431	sp|Q6VAB0|U85C2_STERE UDP-glycosyltransferase 85C2 OS=Stevia rebaudiana OX=55670 GN=UGT85C2 PE=1 SV=1	0	N/A	N/A
g25562	sp|F8WKW1|UGT2_GARJA	48.138	376	95	2.16e-122	365	sp|F8WKW1|UGT2_GARJA 7-deoxyloganetin glucosyltransferase OS=Gardenia jasminoides OX=114476 GN=UGT85A24 PE=1 SV=1	0	N/A	N/A
g25562	sp|F8WLS6|UGT6_CATRO	45.455	374	96	4.74e-118	354	sp|F8WLS6|UGT6_CATRO 7-deoxyloganetin glucosyltransferase OS=Catharanthus roseus OX=4058 GN=UGT85A23 PE=1 SV=1	0	N/A	N/A
g25562	sp|B2XBQ5|85A19_PRUDU	43.229	384	97	1.18e-108	330	sp|B2XBQ5|85A19_PRUDU (R)-mandelonitrile beta-glucosyltransferase OS=Prunus dulcis OX=3755 GN=UGT85A19 PE=1 SV=2	0	N/A	N/A
g25563	sp|A0A0U3LQ20|CPS5_SALMI	51.928	778	94	0.0	797	sp|A0A0U3LQ20|CPS5_SALMI Ent-copalyl diphosphate synthase, chloroplastic OS=Salvia miltiorrhiza OX=226208 GN=CPS5 PE=1 SV=1	0	N/A	N/A
g25563	sp|A0A0M4M0T9|TPS28_TRIWF	53.108	740	89	0.0	795	sp|A0A0M4M0T9|TPS28_TRIWF (-)-kolavenyl diphosphate synthase TPS28, chloroplastic OS=Tripterygium wilfordii OX=458696 GN=TPS28 PE=1 SV=1	0	N/A	N/A
g25563	sp|A0A0M5L832|TPS14_TRIWF	52.838	740	89	0.0	789	sp|A0A0M5L832|TPS14_TRIWF (-)-kolavenyl diphosphate synthase TPS14, chloroplastic OS=Tripterygium wilfordii OX=458696 GN=TPS14 PE=1 SV=1	0	N/A	N/A
g25563	sp|G3E4M6|CPS1_ISOER	54.190	716	86	0.0	789	sp|G3E4M6|CPS1_ISOER Ent-copalyl diphosphate synthase 1 OS=Isodon eriocalyx OX=662907 GN=CPS1 PE=1 SV=1	0	N/A	N/A
g25563	sp|A0A1C7AAN2|TPS10_TRIWF	52.092	741	89	0.0	789	sp|A0A1C7AAN2|TPS10_TRIWF (-)-kolavenyl diphosphate synthase TPS10, chloroplastic OS=Tripterygium wilfordii OX=458696 GN=TPS10 PE=1 SV=1	0	N/A	N/A
g25565	sp|Q42798|C93A1_SOYBN	26.452	310	92	1.15e-32	129	sp|Q42798|C93A1_SOYBN 3,9-dihydroxypterocarpan 6A-monooxygenase OS=Glycine max OX=3847 GN=CYP93A1 PE=1 SV=1	0	N/A	N/A
g25565	sp|P37117|C71A4_SOLME	31.298	262	80	1.89e-30	123	sp|P37117|C71A4_SOLME Cytochrome P450 71A4 OS=Solanum melongena OX=223891 GN=CYP71A4 PE=2 SV=1	0	N/A	N/A
g25565	sp|Q9XHC6|C93E1_SOYBN	30.189	265	80	2.68e-30	123	sp|Q9XHC6|C93E1_SOYBN Beta-amyrin 24-hydroxylase OS=Glycine max OX=3847 GN=CYP93E1 PE=1 SV=1	0	N/A	N/A
g25565	sp|P37119|C71A3_SOLME	28.289	304	91	8.31e-30	119	sp|P37119|C71A3_SOLME Cytochrome P450 71A3 (Fragment) OS=Solanum melongena OX=223891 GN=CYP71A3 PE=2 SV=1	0	N/A	N/A
g25565	sp|C0SJS3|ANGS_PASSA	30.147	272	82	9.59e-30	121	sp|C0SJS3|ANGS_PASSA Angelicin synthase (Fragment) OS=Pastinaca sativa OX=4041 GN=CYP71AJ4 PE=1 SV=1	0	N/A	N/A
g25567	sp|Q8GT66|TIC40_PEA	56.197	468	100	7.59e-157	454	sp|Q8GT66|TIC40_PEA Protein TIC 40, chloroplastic OS=Pisum sativum OX=3888 GN=TIC40 PE=1 SV=1	0	N/A	N/A
g25567	sp|Q9FMD5|TIC40_ARATH	50.417	480	99	2.36e-122	367	sp|Q9FMD5|TIC40_ARATH Protein TIC 40, chloroplastic OS=Arabidopsis thaliana OX=3702 GN=TIC40 PE=1 SV=1	0	N/A	N/A
g25568	sp|Q9FIJ6|ACCR4_ARATH	48.396	748	94	0.0	654	sp|Q9FIJ6|ACCR4_ARATH Serine/threonine-protein kinase-like protein CCR4 OS=Arabidopsis thaliana OX=3702 GN=CCR4 PE=1 SV=1	0	N/A	N/A
g25568	sp|Q9LY50|ACCR3_ARATH	36.220	820	97	4.16e-119	381	sp|Q9LY50|ACCR3_ARATH Putative serine/threonine-protein kinase-like protein CCR3 OS=Arabidopsis thaliana OX=3702 GN=CCR3 PE=2 SV=1	0	N/A	N/A
g25568	sp|Q9LX29|ACR4L_ARATH	30.153	849	97	2.60e-95	320	sp|Q9LX29|ACR4L_ARATH Serine/threonine-protein kinase-like protein ACR4 OS=Arabidopsis thaliana OX=3702 GN=ACR4 PE=1 SV=1	0	N/A	N/A
g25568	sp|Q75J39|CKI4_ORYSJ	32.162	740	90	8.98e-88	299	sp|Q75J39|CKI4_ORYSJ Serine/threonine-protein kinase-like protein CR4 OS=Oryza sativa subsp. japonica OX=39947 GN=CR4 PE=1 SV=1	0	N/A	N/A
g25568	sp|Q75J39|CKI4_ORYSJ	23.868	243	90	9.19e-08	59.7	sp|Q75J39|CKI4_ORYSJ Serine/threonine-protein kinase-like protein CR4 OS=Oryza sativa subsp. japonica OX=39947 GN=CR4 PE=1 SV=1	0	N/A	N/A
g25568	sp|O24585|CRI4_MAIZE	32.254	741	90	6.22e-87	297	sp|O24585|CRI4_MAIZE Putative receptor protein kinase CRINKLY4 OS=Zea mays OX=4577 GN=CR4 PE=2 SV=1	0	N/A	N/A
g25569	sp|Q3E902|RS212_ARATH	83.951	81	100	6.65e-49	152	sp|Q3E902|RS212_ARATH Small ribosomal subunit protein eS21y OS=Arabidopsis thaliana OX=3702 GN=RPS21C PE=1 SV=2	0	N/A	N/A
g25569	sp|Q9M337|RS211_ARATH	79.012	81	100	1.65e-46	145	sp|Q9M337|RS211_ARATH Small ribosomal subunit protein eS21z OS=Arabidopsis thaliana OX=3702 GN=RPS21B PE=1 SV=1	0	N/A	N/A
g25569	sp|P35687|RS21_ORYSJ	77.778	81	100	8.93e-46	144	sp|P35687|RS21_ORYSJ Small ribosomal subunit protein eS21 OS=Oryza sativa subsp. japonica OX=39947 GN=RPS21 PE=3 SV=1	0	N/A	N/A
g25569	sp|Q41852|RS21_MAIZE	77.778	81	100	4.12e-45	142	sp|Q41852|RS21_MAIZE Small ribosomal subunit protein eS21 OS=Zea mays OX=4577 GN=RPS21 PE=3 SV=1	0	N/A	N/A
g25569	sp|Q9SMI2|RS21_CYAPA	69.333	75	91	1.44e-34	115	sp|Q9SMI2|RS21_CYAPA Small ribosomal subunit protein eS21 OS=Cyanophora paradoxa OX=2762 GN=RPS21 PE=3 SV=1	0	N/A	N/A
g25570	sp|Q940H7|MES12_ARATH	67.688	359	99	2.19e-176	496	sp|Q940H7|MES12_ARATH Putative methylesterase 12, chloroplastic OS=Arabidopsis thaliana OX=3702 GN=MES12 PE=2 SV=1	0	N/A	N/A
g25570	sp|Q9FVW3|MES14_ARATH	68.902	328	92	1.93e-170	481	sp|Q9FVW3|MES14_ARATH Putative methylesterase 14, chloroplastic OS=Arabidopsis thaliana OX=3702 GN=MES14 PE=1 SV=1	0	N/A	N/A
g25570	sp|F4IE65|MES13_ARATH	54.373	263	74	1.67e-103	314	sp|F4IE65|MES13_ARATH Putative methylesterase 13, chloroplastic OS=Arabidopsis thaliana OX=3702 GN=MES13 PE=2 SV=1	0	N/A	N/A
g25570	sp|Q9FW03|MES11_ARATH	54.440	259	73	5.77e-99	301	sp|Q9FW03|MES11_ARATH Putative methylesterase 11, chloroplastic OS=Arabidopsis thaliana OX=3702 GN=MES11 PE=1 SV=1	0	N/A	N/A
g25570	sp|F4I0K9|MES15_ARATH	51.737	259	72	3.72e-98	301	sp|F4I0K9|MES15_ARATH Putative methylesterase 15, chloroplastic OS=Arabidopsis thaliana OX=3702 GN=MES15 PE=2 SV=1	0	N/A	N/A
g26175	sp|Q9S7R4|PP125_ARATH	65.116	473	94	0.0	644	sp|Q9S7R4|PP125_ARATH Pentatricopeptide repeat-containing protein At1g74900, mitochondrial OS=Arabidopsis thaliana OX=3702 GN=OTP43 PE=2 SV=1	0	N/A	N/A
g26175	sp|Q9FVX2|PP129_ARATH	29.730	481	96	1.17e-70	236	sp|Q9FVX2|PP129_ARATH Pentatricopeptide repeat-containing protein At1g77360, mitochondrial OS=Arabidopsis thaliana OX=3702 GN=At1g77360 PE=2 SV=2	0	N/A	N/A
g26175	sp|Q9FVX2|PP129_ARATH	26.761	142	96	3.32e-06	53.1	sp|Q9FVX2|PP129_ARATH Pentatricopeptide repeat-containing protein At1g77360, mitochondrial OS=Arabidopsis thaliana OX=3702 GN=At1g77360 PE=2 SV=2	0	N/A	N/A
g26175	sp|Q9C9A2|PP112_ARATH	29.515	454	95	1.01e-66	226	sp|Q9C9A2|PP112_ARATH Pentatricopeptide repeat-containing protein At1g71060, mitochondrial OS=Arabidopsis thaliana OX=3702 GN=At1g71060 PE=2 SV=1	0	N/A	N/A
g26175	sp|Q9C9A2|PP112_ARATH	22.466	365	95	2.39e-24	109	sp|Q9C9A2|PP112_ARATH Pentatricopeptide repeat-containing protein At1g71060, mitochondrial OS=Arabidopsis thaliana OX=3702 GN=At1g71060 PE=2 SV=1	0	N/A	N/A
g26175	sp|Q0WP85|PP150_ARATH	29.268	451	88	7.27e-62	213	sp|Q0WP85|PP150_ARATH Pentatricopeptide repeat-containing protein At2g13420, mitochondrial OS=Arabidopsis thaliana OX=3702 GN=At2g13420 PE=2 SV=1	0	N/A	N/A
g26175	sp|Q0WP85|PP150_ARATH	26.442	208	88	9.20e-20	95.5	sp|Q0WP85|PP150_ARATH Pentatricopeptide repeat-containing protein At2g13420, mitochondrial OS=Arabidopsis thaliana OX=3702 GN=At2g13420 PE=2 SV=1	0	N/A	N/A
g26175	sp|Q9LFF1|PP281_ARATH	30.491	387	93	2.08e-59	211	sp|Q9LFF1|PP281_ARATH Pentatricopeptide repeat-containing protein At3g53700, chloroplastic OS=Arabidopsis thaliana OX=3702 GN=MEE40 PE=2 SV=1	0	N/A	N/A
g26175	sp|Q9LFF1|PP281_ARATH	27.468	466	93	3.92e-48	180	sp|Q9LFF1|PP281_ARATH Pentatricopeptide repeat-containing protein At3g53700, chloroplastic OS=Arabidopsis thaliana OX=3702 GN=MEE40 PE=2 SV=1	0	N/A	N/A
g26175	sp|Q9LFF1|PP281_ARATH	28.313	332	93	1.44e-43	167	sp|Q9LFF1|PP281_ARATH Pentatricopeptide repeat-containing protein At3g53700, chloroplastic OS=Arabidopsis thaliana OX=3702 GN=MEE40 PE=2 SV=1	0	N/A	N/A
g26175	sp|Q9LFF1|PP281_ARATH	24.167	480	93	1.83e-38	152	sp|Q9LFF1|PP281_ARATH Pentatricopeptide repeat-containing protein At3g53700, chloroplastic OS=Arabidopsis thaliana OX=3702 GN=MEE40 PE=2 SV=1	0	N/A	N/A
g26187	sp|Q9SZL8|FRS5_ARATH	29.412	493	58	1.83e-67	243	sp|Q9SZL8|FRS5_ARATH Protein FAR1-RELATED SEQUENCE 5 OS=Arabidopsis thaliana OX=3702 GN=FRS5 PE=1 SV=1	0	N/A	N/A
g26187	sp|Q9SWG3|FAR1_ARATH	26.094	663	77	2.19e-65	237	sp|Q9SWG3|FAR1_ARATH Protein FAR-RED IMPAIRED RESPONSE 1 OS=Arabidopsis thaliana OX=3702 GN=FAR1 PE=1 SV=1	0	N/A	N/A
g26187	sp|Q9LIE5|FHY3_ARATH	24.434	663	77	1.96e-61	226	sp|Q9LIE5|FHY3_ARATH Protein FAR-RED ELONGATED HYPOCOTYL 3 OS=Arabidopsis thaliana OX=3702 GN=FHY3 PE=1 SV=1	0	N/A	N/A
g26187	sp|Q9SSQ4|FRS6_ARATH	25.926	648	76	2.60e-57	212	sp|Q9SSQ4|FRS6_ARATH Protein FAR1-RELATED SEQUENCE 6 OS=Arabidopsis thaliana OX=3702 GN=FRS6 PE=2 SV=1	0	N/A	N/A
g26187	sp|Q6NQJ7|FRS4_ARATH	29.615	493	58	6.21e-52	197	sp|Q6NQJ7|FRS4_ARATH Protein FAR1-RELATED SEQUENCE 4 OS=Arabidopsis thaliana OX=3702 GN=FRS4 PE=2 SV=2	0	N/A	N/A
g26193	sp|Q6NS26|CDKAL_XENLA	50.916	491	78	4.35e-176	513	sp|Q6NS26|CDKAL_XENLA Threonylcarbamoyladenosine tRNA methylthiotransferase OS=Xenopus laevis OX=8355 GN=cdkal1 PE=2 SV=1	0	N/A	N/A
g26193	sp|Q6P4Y0|CDKAL_XENTR	51.235	486	78	1.43e-175	512	sp|Q6P4Y0|CDKAL_XENTR Threonylcarbamoyladenosine tRNA methylthiotransferase OS=Xenopus tropicalis OX=8364 GN=cdkal1 PE=2 SV=1	0	N/A	N/A
g26193	sp|Q5VV42|CDKAL_HUMAN	54.751	442	71	1.98e-173	508	sp|Q5VV42|CDKAL_HUMAN Threonylcarbamoyladenosine tRNA methylthiotransferase OS=Homo sapiens OX=9606 GN=CDKAL1 PE=1 SV=1	0	N/A	N/A
g26193	sp|Q91WE6|CDKAL_MOUSE	51.351	481	78	1.48e-172	505	sp|Q91WE6|CDKAL_MOUSE Threonylcarbamoyladenosine tRNA methylthiotransferase OS=Mus musculus OX=10090 GN=Cdkal1 PE=1 SV=1	0	N/A	N/A
g26193	sp|Q7K4W1|CDKAL_DROME	54.204	452	73	1.76e-169	496	sp|Q7K4W1|CDKAL_DROME Threonylcarbamoyladenosine tRNA methylthiotransferase OS=Drosophila melanogaster OX=7227 GN=CG6550 PE=2 SV=1	0	N/A	N/A
g26255	sp|P0C2F6|RNHX1_ARATH	29.747	316	71	4.52e-28	120	sp|P0C2F6|RNHX1_ARATH Putative ribonuclease H protein At1g65750 OS=Arabidopsis thaliana OX=3702 GN=At1g65750 PE=3 SV=1	0	N/A	N/A
g26255	sp|O00370|LORF2_HUMAN	25.714	175	40	5.38e-10	65.5	sp|O00370|LORF2_HUMAN LINE-1 retrotransposable element ORF2 protein OS=Homo sapiens OX=9606 PE=1 SV=1	0	N/A	N/A
g26255	sp|P93295|M310_ARATH	28.169	142	33	7.60e-10	60.8	sp|P93295|M310_ARATH Uncharacterized mitochondrial protein AtMg00310 OS=Arabidopsis thaliana OX=3702 GN=AtMg00310 PE=4 SV=1	0	N/A	N/A
g26255	sp|P08548|LIN1_NYCCO	22.472	178	41	1.69e-06	54.3	sp|P08548|LIN1_NYCCO LINE-1 reverse transcriptase homolog OS=Nycticebus coucang OX=9470 PE=4 SV=1	0	N/A	N/A
g26255	sp|P11369|LORF2_MOUSE	20.896	201	46	2.66e-06	53.5	sp|P11369|LORF2_MOUSE LINE-1 retrotransposable element ORF2 protein OS=Mus musculus OX=10090 GN=Pol PE=1 SV=2	0	N/A	N/A
g26256	sp|P14381|YTX2_XENLA	32.099	162	87	9.89e-23	97.8	sp|P14381|YTX2_XENLA Transposon TX1 uncharacterized 149 kDa protein OS=Xenopus laevis OX=8355 PE=4 SV=1	0	N/A	N/A
g26256	sp|P08548|LIN1_NYCCO	30.872	149	77	1.73e-14	74.3	sp|P08548|LIN1_NYCCO LINE-1 reverse transcriptase homolog OS=Nycticebus coucang OX=9470 PE=4 SV=1	0	N/A	N/A
g26256	sp|P11369|LORF2_MOUSE	29.012	162	84	4.72e-14	72.8	sp|P11369|LORF2_MOUSE LINE-1 retrotransposable element ORF2 protein OS=Mus musculus OX=10090 GN=Pol PE=1 SV=2	0	N/A	N/A
g26256	sp|O00370|LORF2_HUMAN	28.289	152	80	8.87e-12	66.2	sp|O00370|LORF2_HUMAN LINE-1 retrotransposable element ORF2 protein OS=Homo sapiens OX=9606 PE=1 SV=1	0	N/A	N/A
g26256	sp|P16423|POLR_DROME	25.595	168	90	7.10e-08	55.1	sp|P16423|POLR_DROME Retrovirus-related Pol polyprotein from type-2 retrotransposable element R2DM OS=Drosophila melanogaster OX=7227 GN=pol PE=4 SV=1	0	N/A	N/A
g26833	sp|P0C2F6|RNHX1_ARATH	35.616	73	80	2.98e-09	55.5	sp|P0C2F6|RNHX1_ARATH Putative ribonuclease H protein At1g65750 OS=Arabidopsis thaliana OX=3702 GN=At1g65750 PE=3 SV=1	0	N/A	N/A
g26834	sp|O49289|RH29_ARATH	68.531	769	97	0.0	1065	sp|O49289|RH29_ARATH Putative DEAD-box ATP-dependent RNA helicase 29 OS=Arabidopsis thaliana OX=3702 GN=RH29 PE=3 SV=1	0	N/A	N/A
g26834	sp|A2YV85|RH29_ORYSI	63.389	773	97	0.0	1003	sp|A2YV85|RH29_ORYSI DEAD-box ATP-dependent RNA helicase 29 OS=Oryza sativa subsp. indica OX=39946 GN=OsI_028228 PE=2 SV=2	0	N/A	N/A
g26834	sp|A3BT52|RH29_ORYSJ	63.260	773	97	0.0	1001	sp|A3BT52|RH29_ORYSJ DEAD-box ATP-dependent RNA helicase 29 OS=Oryza sativa subsp. japonica OX=39947 GN=Os08g0416100 PE=2 SV=2	0	N/A	N/A
g26834	sp|Q8K4L0|DDX54_MOUSE	42.412	771	94	0.0	554	sp|Q8K4L0|DDX54_MOUSE ATP-dependent RNA helicase DDX54 OS=Mus musculus OX=10090 GN=Ddx54 PE=1 SV=1	0	N/A	N/A
g26834	sp|Q8TDD1|DDX54_HUMAN	42.146	783	94	0.0	545	sp|Q8TDD1|DDX54_HUMAN ATP-dependent RNA helicase DDX54 OS=Homo sapiens OX=9606 GN=DDX54 PE=1 SV=2	0	N/A	N/A
g26957	sp|Q8S9H7|DIV_ANTMA	55.882	306	92	1.64e-102	305	sp|Q8S9H7|DIV_ANTMA Transcription factor DIVARICATA OS=Antirrhinum majus OX=4151 GN=DIVARICATA PE=2 SV=1	0	N/A	N/A
g26957	sp|Q9FNN6|SRM1_ARATH	45.631	206	67	7.87e-52	175	sp|Q9FNN6|SRM1_ARATH Transcription factor SRM1 OS=Arabidopsis thaliana OX=3702 GN=SRM1 PE=1 SV=1	0	N/A	N/A
g26957	sp|Q8LH59|MYBS1_ORYSJ	46.667	195	60	8.21e-42	149	sp|Q8LH59|MYBS1_ORYSJ Transcription factor MYBS1 OS=Oryza sativa subsp. japonica OX=39947 GN=MYBS1 PE=1 SV=1	0	N/A	N/A
g26957	sp|B8A9B2|MYBS1_ORYSI	46.667	195	60	8.21e-42	149	sp|B8A9B2|MYBS1_ORYSI Transcription factor MYBS1 OS=Oryza sativa subsp. indica OX=39946 GN=MYBS1 PE=3 SV=1	0	N/A	N/A
g26957	sp|Q7XC57|MYBS3_ORYSJ	61.616	99	33	6.86e-31	121	sp|Q7XC57|MYBS3_ORYSJ Transcription factor MYBS3 OS=Oryza sativa subsp. japonica OX=39947 GN=MYBS3 PE=2 SV=1	0	N/A	N/A
g26992	sp|Q9LNC5|CLO_ARATH	81.612	794	100	0.0	1345	sp|Q9LNC5|CLO_ARATH 110 kDa U5 small nuclear ribonucleoprotein component CLO OS=Arabidopsis thaliana OX=3702 GN=CLO PE=1 SV=1	0	N/A	N/A
g26992	sp|F4JWP9|GFL_ARATH	79.975	794	100	0.0	1321	sp|F4JWP9|GFL_ARATH 109 kDa U5 small nuclear ribonucleoprotein component GFL OS=Arabidopsis thaliana OX=3702 GN=GFL PE=2 SV=1	0	N/A	N/A
g26992	sp|A4FUD3|U5S1_BOVIN	62.293	785	99	0.0	1012	sp|A4FUD3|U5S1_BOVIN 116 kDa U5 small nuclear ribonucleoprotein component OS=Bos taurus OX=9913 GN=EFTUD2 PE=2 SV=1	0	N/A	N/A
g26992	sp|O08810|U5S1_MOUSE	62.135	787	99	0.0	1011	sp|O08810|U5S1_MOUSE 116 kDa U5 small nuclear ribonucleoprotein component OS=Mus musculus OX=10090 GN=Eftud2 PE=1 SV=1	0	N/A	N/A
g26992	sp|Q15029|U5S1_HUMAN	62.135	787	99	0.0	1011	sp|Q15029|U5S1_HUMAN 116 kDa U5 small nuclear ribonucleoprotein component OS=Homo sapiens OX=9606 GN=EFTUD2 PE=1 SV=1	0	N/A	N/A
g26993	sp|Q9LNC5|CLO_ARATH	67.456	169	97	1.98e-62	209	sp|Q9LNC5|CLO_ARATH 110 kDa U5 small nuclear ribonucleoprotein component CLO OS=Arabidopsis thaliana OX=3702 GN=CLO PE=1 SV=1	0	N/A	N/A
g26993	sp|F4JWP9|GFL_ARATH	67.949	156	97	2.23e-56	192	sp|F4JWP9|GFL_ARATH 109 kDa U5 small nuclear ribonucleoprotein component GFL OS=Arabidopsis thaliana OX=3702 GN=GFL PE=2 SV=1	0	N/A	N/A
g26993	sp|Q5F3X4|U5S1_CHICK	44.805	154	94	2.27e-32	124	sp|Q5F3X4|U5S1_CHICK 116 kDa U5 small nuclear ribonucleoprotein component OS=Gallus gallus OX=9031 GN=EFTUD2 PE=2 SV=1	0	N/A	N/A
g26993	sp|O08810|U5S1_MOUSE	46.405	153	94	2.33e-32	124	sp|O08810|U5S1_MOUSE 116 kDa U5 small nuclear ribonucleoprotein component OS=Mus musculus OX=10090 GN=Eftud2 PE=1 SV=1	0	N/A	N/A
g26993	sp|Q15029|U5S1_HUMAN	45.455	154	94	4.82e-32	123	sp|Q15029|U5S1_HUMAN 116 kDa U5 small nuclear ribonucleoprotein component OS=Homo sapiens OX=9606 GN=EFTUD2 PE=1 SV=1	0	N/A	N/A
g26994	sp|Q9STE8|TC753_ARATH	58.213	694	84	0.0	817	sp|Q9STE8|TC753_ARATH Protein TOC75-3, chloroplastic OS=Arabidopsis thaliana OX=3702 GN=TOC75-3 PE=1 SV=1	0	N/A	N/A
g26994	sp|Q43715|TOC75_PEA	56.753	696	84	0.0	789	sp|Q43715|TOC75_PEA Protein TOC75, chloroplastic OS=Pisum sativum OX=3888 GN=TOC75 PE=1 SV=1	0	N/A	N/A
g26994	sp|Q84Q83|TOC75_ORYSJ	52.006	698	84	0.0	712	sp|Q84Q83|TOC75_ORYSJ Protein TOC75, chloroplastic OS=Oryza sativa subsp. japonica OX=39947 GN=TOC75 PE=2 SV=2	0	N/A	N/A
g26994	sp|Q5IZC8|TC754_ARATH	52.455	387	49	8.65e-129	392	sp|Q5IZC8|TC754_ARATH Protein TOC75-4, chloroplastic OS=Arabidopsis thaliana OX=3702 GN=TOC75-4 PE=2 SV=1	0	N/A	N/A
g26994	sp|Q9C5J8|OEP80_ARATH	23.307	502	62	8.70e-21	101	sp|Q9C5J8|OEP80_ARATH Outer envelope protein 80, chloroplastic OS=Arabidopsis thaliana OX=3702 GN=OEP80 PE=2 SV=1	0	N/A	N/A
g27331	sp|Q9LSF1|OXI1_ARATH	55.025	398	99	2.47e-141	412	sp|Q9LSF1|OXI1_ARATH Serine/threonine-protein kinase OXI1 OS=Arabidopsis thaliana OX=3702 GN=OXI1 PE=1 SV=1	0	N/A	N/A
g27331	sp|Q9SYB9|UNC_ARATH	42.857	357	87	1.52e-88	276	sp|Q9SYB9|UNC_ARATH Serine/threonine-protein kinase UCN OS=Arabidopsis thaliana OX=3702 GN=UNC PE=1 SV=1	0	N/A	N/A
g27331	sp|Q9LT38|UNCL_ARATH	42.049	371	89	4.56e-84	265	sp|Q9LT38|UNCL_ARATH Serine/threonine-protein kinase UCNL OS=Arabidopsis thaliana OX=3702 GN=UCNL PE=2 SV=1	0	N/A	N/A
g27331	sp|Q9LTW5|AGC15_ARATH	37.808	365	88	4.51e-71	236	sp|Q9LTW5|AGC15_ARATH Serine/threonine-protein kinase AGC1-5 OS=Arabidopsis thaliana OX=3702 GN=AGC1-5 PE=1 SV=1	0	N/A	N/A
g27331	sp|P15792|KPK1_PHAVU	35.697	409	91	4.73e-71	237	sp|P15792|KPK1_PHAVU Protein kinase PVPK-1 OS=Phaseolus vulgaris OX=3885 PE=2 SV=1	0	N/A	N/A
g28536	sp|O00370|LORF2_HUMAN	27.313	227	60	2.15e-13	75.1	sp|O00370|LORF2_HUMAN LINE-1 retrotransposable element ORF2 protein OS=Homo sapiens OX=9606 PE=1 SV=1	0	N/A	N/A
g28536	sp|P08548|LIN1_NYCCO	26.697	221	60	5.85e-13	73.9	sp|P08548|LIN1_NYCCO LINE-1 reverse transcriptase homolog OS=Nycticebus coucang OX=9470 PE=4 SV=1	0	N/A	N/A
g28536	sp|P92555|M1250_ARATH	35.714	112	30	1.93e-12	67.0	sp|P92555|M1250_ARATH Uncharacterized mitochondrial protein AtMg01250 OS=Arabidopsis thaliana OX=3702 GN=AtMg01250 PE=4 SV=1	0	N/A	N/A
g28536	sp|P0C2F6|RNHX1_ARATH	37.405	131	35	2.44e-10	65.5	sp|P0C2F6|RNHX1_ARATH Putative ribonuclease H protein At1g65750 OS=Arabidopsis thaliana OX=3702 GN=At1g65750 PE=3 SV=1	0	N/A	N/A
g28536	sp|P14381|YTX2_XENLA	23.385	325	76	1.15e-09	63.5	sp|P14381|YTX2_XENLA Transposon TX1 uncharacterized 149 kDa protein OS=Xenopus laevis OX=8355 PE=4 SV=1	0	N/A	N/A
g28765	sp|P19084|11S3_HELAN	59.259	459	91	1.34e-165	480	sp|P19084|11S3_HELAN 11S globulin seed storage protein G3 OS=Helianthus annuus OX=4232 GN=HAG3 PE=3 SV=1	0	N/A	N/A
g28765	sp|A0A1L6K371|JUGN4_JUGNI	48.073	493	97	7.03e-153	448	sp|A0A1L6K371|JUGN4_JUGNI 11S globulin OS=Juglans nigra OX=16719 PE=1 SV=1	0	N/A	N/A
g28765	sp|B5KVH4|11S1_CARIL	47.764	492	97	8.59e-149	437	sp|B5KVH4|11S1_CARIL 11S globulin seed storage protein 1 OS=Carya illinoinensis OX=32201 PE=1 SV=1	0	N/A	N/A
g28765	sp|Q2TPW5|JUGR4_JUGRE	48.687	495	98	2.52e-147	434	sp|Q2TPW5|JUGR4_JUGRE 11S globulin seed storage protein Jug r 4 OS=Juglans regia OX=51240 PE=1 SV=1	0	N/A	N/A
g28765	sp|P13744|11SB_CUCMA	41.483	499	98	8.73e-139	411	sp|P13744|11SB_CUCMA 11S globulin subunit beta OS=Cucurbita maxima OX=3661 PE=1 SV=1	0	N/A	N/A
g28766	sp|Q9SJX7|RUS2_ARATH	72.018	436	99	0.0	652	sp|Q9SJX7|RUS2_ARATH Protein root UVB sensitive 2, chloroplastic OS=Arabidopsis thaliana OX=3702 GN=RUS2 PE=1 SV=2	0	N/A	N/A
g28766	sp|Q93YU2|RUS6_ARATH	32.849	344	77	1.65e-44	165	sp|Q93YU2|RUS6_ARATH Protein root UVB sensitive 6 OS=Arabidopsis thaliana OX=3702 GN=RUS6 PE=2 SV=1	0	N/A	N/A
g28766	sp|Q91W34|RUSF1_MOUSE	30.390	385	81	4.86e-37	144	sp|Q91W34|RUSF1_MOUSE RUS family member 1 OS=Mus musculus OX=10090 GN=Rusf1 PE=1 SV=1	0	N/A	N/A
g28766	sp|Q499P8|RUSF1_RAT	28.609	381	81	1.71e-36	142	sp|Q499P8|RUSF1_RAT RUS family member 1 OS=Rattus norvegicus OX=10116 GN=Rusf1 PE=2 SV=1	0	N/A	N/A
g28766	sp|Q84JB8|RUS3_ARATH	24.523	367	82	3.18e-35	138	sp|Q84JB8|RUS3_ARATH Protein root UVB sensitive 3 OS=Arabidopsis thaliana OX=3702 GN=RUS3 PE=2 SV=1	0	N/A	N/A
g28798	sp|O49472|INDH_ARATH	72.031	261	88	8.93e-139	397	sp|O49472|INDH_ARATH Iron-sulfur protein required for NADH dehydrogenase, mitochondrial OS=Arabidopsis thaliana OX=3702 GN=INDH PE=2 SV=1	0	N/A	N/A
g28798	sp|Q54F15|NUBPL_DICDI	56.705	261	87	1.98e-108	320	sp|Q54F15|NUBPL_DICDI Iron-sulfur cluster transfer protein NUBPL OS=Dictyostelium discoideum OX=44689 GN=nubpl PE=3 SV=1	0	N/A	N/A
g28798	sp|Q9CWD8|NUBPL_MOUSE	59.524	252	84	1.45e-101	303	sp|Q9CWD8|NUBPL_MOUSE Iron-sulfur cluster transfer protein NUBPL OS=Mus musculus OX=10090 GN=Nubpl PE=1 SV=2	0	N/A	N/A
g28798	sp|Q8TB37|NUBPL_HUMAN	58.333	252	84	4.05e-101	301	sp|Q8TB37|NUBPL_HUMAN Iron-sulfur cluster transfer protein NUBPL OS=Homo sapiens OX=9606 GN=NUBPL PE=1 SV=3	0	N/A	N/A
g28798	sp|O66946|APBC_AQUAE	51.562	256	85	1.97e-82	255	sp|O66946|APBC_AQUAE Iron-sulfur cluster carrier protein OS=Aquifex aeolicus (strain VF5) OX=224324 GN=mrp PE=3 SV=1	0	N/A	N/A
g28799	sp|Q9SR13|FLK_ARATH	59.005	422	88	6.24e-148	437	sp|Q9SR13|FLK_ARATH Flowering locus K homology domain OS=Arabidopsis thaliana OX=3702 GN=FLK PE=1 SV=1	0	N/A	N/A
g28799	sp|Q9SZH4|PEP_ARATH	42.188	448	92	6.71e-99	308	sp|Q9SZH4|PEP_ARATH RNA-binding KH domain-containing protein PEPPER OS=Arabidopsis thaliana OX=3702 GN=PEP PE=1 SV=1	0	N/A	N/A
g28799	sp|P58223|Y4837_ARATH	28.698	338	72	7.84e-21	99.0	sp|P58223|Y4837_ARATH KH domain-containing protein At4g18375 OS=Arabidopsis thaliana OX=3702 GN=At4g18375 PE=2 SV=1	0	N/A	N/A
g28799	sp|P58223|Y4837_ARATH	25.656	343	72	3.71e-20	97.1	sp|P58223|Y4837_ARATH KH domain-containing protein At4g18375 OS=Arabidopsis thaliana OX=3702 GN=At4g18375 PE=2 SV=1	0	N/A	N/A
g28799	sp|F4KDN0|HEN4_ARATH	23.691	401	74	5.12e-19	94.0	sp|F4KDN0|HEN4_ARATH KH domain-containing protein HEN4 OS=Arabidopsis thaliana OX=3702 GN=HEN4 PE=1 SV=1	0	N/A	N/A
g28799	sp|F4KDN0|HEN4_ARATH	30.978	184	74	1.59e-18	92.4	sp|F4KDN0|HEN4_ARATH KH domain-containing protein HEN4 OS=Arabidopsis thaliana OX=3702 GN=HEN4 PE=1 SV=1	0	N/A	N/A
g28799	sp|O19048|PCBP1_RABIT	27.714	350	71	9.71e-17	85.1	sp|O19048|PCBP1_RABIT Poly(rC)-binding protein 1 OS=Oryctolagus cuniculus OX=9986 GN=PCBP1 PE=2 SV=1	0	N/A	N/A
g28837	sp|Q2QMH1|NEK2_ORYSJ	58.043	603	98	0.0	662	sp|Q2QMH1|NEK2_ORYSJ Serine/threonine-protein kinase Nek2 OS=Oryza sativa subsp. japonica OX=39947 GN=NEK2 PE=2 SV=1	0	N/A	N/A
g28837	sp|A2ZMH2|NEK2_ORYSI	57.877	603	98	0.0	661	sp|A2ZMH2|NEK2_ORYSI Serine/threonine-protein kinase Nek2 OS=Oryza sativa subsp. indica OX=39946 GN=NEK2 PE=3 SV=1	0	N/A	N/A
g28837	sp|Q10GB1|NEK1_ORYSJ	57.492	614	98	0.0	649	sp|Q10GB1|NEK1_ORYSJ Serine/threonine-protein kinase Nek1 OS=Oryza sativa subsp. japonica OX=39947 GN=NEK1 PE=2 SV=1	0	N/A	N/A
g28837	sp|Q9CAU7|NEK2_ARATH	55.609	624	98	0.0	634	sp|Q9CAU7|NEK2_ARATH Serine/threonine-protein kinase Nek2 OS=Arabidopsis thaliana OX=3702 GN=NEK2 PE=2 SV=1	0	N/A	N/A
g28837	sp|Q9SLI2|NEK1_ARATH	56.167	600	97	0.0	619	sp|Q9SLI2|NEK1_ARATH Serine/threonine-protein kinase Nek1 OS=Arabidopsis thaliana OX=3702 GN=NEK1 PE=2 SV=2	0	N/A	N/A
g28845	sp|Q94AX3|LTG16_ARATH	37.321	209	96	6.65e-29	110	sp|Q94AX3|LTG16_ARATH Non-specific lipid transfer protein GPI-anchored 16 OS=Arabidopsis thaliana OX=3702 GN=LTPG16 PE=2 SV=1	0	N/A	N/A
g28845	sp|Q1G2Y5|LTG21_ARATH	51.923	104	49	1.82e-25	101	sp|Q1G2Y5|LTG21_ARATH Non-specific lipid transfer protein GPI-anchored 21 OS=Arabidopsis thaliana OX=3702 GN=LTPG21 PE=2 SV=1	0	N/A	N/A
g28845	sp|Q9LJ85|LTG20_ARATH	40.187	107	50	3.98e-14	71.2	sp|Q9LJ85|LTG20_ARATH Non-specific lipid transfer protein GPI-anchored 20 OS=Arabidopsis thaliana OX=3702 GN=LTPG20 PE=2 SV=1	0	N/A	N/A
g28845	sp|Q9LJ86|LTPG5_ARATH	34.314	102	48	8.73e-10	58.9	sp|Q9LJ86|LTPG5_ARATH Non-specific lipid transfer protein GPI-anchored 5 OS=Arabidopsis thaliana OX=3702 GN=LTPG5 PE=2 SV=1	0	N/A	N/A
g28845	sp|Q7EB72|LTG15_ARATH	31.818	132	62	3.13e-08	54.7	sp|Q7EB72|LTG15_ARATH Non-specific lipid transfer protein GPI-anchored 15 OS=Arabidopsis thaliana OX=3702 GN=LTPG15 PE=2 SV=1	0	N/A	N/A
g28846	sp|Q9LJ86|LTPG5_ARATH	49.398	166	90	3.17e-38	131	sp|Q9LJ86|LTPG5_ARATH Non-specific lipid transfer protein GPI-anchored 5 OS=Arabidopsis thaliana OX=3702 GN=LTPG5 PE=2 SV=1	0	N/A	N/A
g28846	sp|Q7EB72|LTG15_ARATH	41.667	168	92	1.25e-33	120	sp|Q7EB72|LTG15_ARATH Non-specific lipid transfer protein GPI-anchored 15 OS=Arabidopsis thaliana OX=3702 GN=LTPG15 PE=2 SV=1	0	N/A	N/A
g28846	sp|Q2PE59|LTG26_ARATH	51.852	108	61	2.45e-30	111	sp|Q2PE59|LTG26_ARATH Non-specific lipid transfer protein GPI-anchored 26 OS=Arabidopsis thaliana OX=3702 GN=LTPG26 PE=2 SV=1	0	N/A	N/A
g28846	sp|F4HZB9|LTG19_ARATH	44.172	163	90	5.08e-28	105	sp|F4HZB9|LTG19_ARATH Non-specific lipid transfer protein GPI-anchored 19 OS=Arabidopsis thaliana OX=3702 GN=LTPG19 PE=3 SV=1	0	N/A	N/A
g28846	sp|F4I082|LTPG6_ARATH	28.571	168	93	2.07e-17	78.6	sp|F4I082|LTPG6_ARATH Non-specific lipid transfer protein GPI-anchored 6 OS=Arabidopsis thaliana OX=3702 GN=LTPG6 PE=2 SV=2	0	N/A	N/A
g28847	sp|Q9LJ86|LTPG5_ARATH	38.788	165	91	4.47e-31	112	sp|Q9LJ86|LTPG5_ARATH Non-specific lipid transfer protein GPI-anchored 5 OS=Arabidopsis thaliana OX=3702 GN=LTPG5 PE=2 SV=1	0	N/A	N/A
g28847	sp|Q7EB72|LTG15_ARATH	34.109	129	85	1.60e-25	98.6	sp|Q7EB72|LTG15_ARATH Non-specific lipid transfer protein GPI-anchored 15 OS=Arabidopsis thaliana OX=3702 GN=LTPG15 PE=2 SV=1	0	N/A	N/A
g28847	sp|F4HZB9|LTG19_ARATH	41.732	127	78	2.64e-24	95.1	sp|F4HZB9|LTG19_ARATH Non-specific lipid transfer protein GPI-anchored 19 OS=Arabidopsis thaliana OX=3702 GN=LTPG19 PE=3 SV=1	0	N/A	N/A
g28847	sp|Q2PE59|LTG26_ARATH	37.324	142	85	8.63e-24	93.6	sp|Q2PE59|LTG26_ARATH Non-specific lipid transfer protein GPI-anchored 26 OS=Arabidopsis thaliana OX=3702 GN=LTPG26 PE=2 SV=1	0	N/A	N/A
g28847	sp|Q9FY78|LTG29_ARATH	35.000	100	65	3.44e-13	66.2	sp|Q9FY78|LTG29_ARATH Non-specific lipid transfer protein GPI-anchored 29 OS=Arabidopsis thaliana OX=3702 GN=LTPG29 PE=2 SV=1	0	N/A	N/A
g28855	sp|Q9SY03|FB219_ARATH	39.783	460	87	1.31e-91	291	sp|Q9SY03|FB219_ARATH F-box protein At4g02760 OS=Arabidopsis thaliana OX=3702 GN=At4g02760 PE=4 SV=2	0	N/A	N/A
g28855	sp|Q0WRC9|SKI17_ARATH	38.889	450	86	4.77e-85	273	sp|Q0WRC9|SKI17_ARATH F-box protein SKIP17 OS=Arabidopsis thaliana OX=3702 GN=SKIP17 PE=1 SV=1	0	N/A	N/A
g28855	sp|Q2V3L6|FB343_ARATH	37.545	277	53	1.22e-40	151	sp|Q2V3L6|FB343_ARATH F-box protein At4g02733 OS=Arabidopsis thaliana OX=3702 GN=At4g02733 PE=2 SV=1	0	N/A	N/A
g28997	sp|Q9LUV1|PMEI2_ARATH	23.188	138	68	4.32e-06	48.5	sp|Q9LUV1|PMEI2_ARATH Pectinesterase inhibitor 2 OS=Arabidopsis thaliana OX=3702 GN=PMEI2 PE=1 SV=1	0	N/A	N/A
g28998	sp|Q8RXK7|PME41_ARATH	60.494	567	99	0.0	691	sp|Q8RXK7|PME41_ARATH Probable pectinesterase/pectinesterase inhibitor 41 OS=Arabidopsis thaliana OX=3702 GN=PME41 PE=2 SV=2	0	N/A	N/A
g28998	sp|Q9SRX4|PME7_ARATH	59.272	577	99	0.0	680	sp|Q9SRX4|PME7_ARATH Probable pectinesterase/pectinesterase inhibitor 7 OS=Arabidopsis thaliana OX=3702 GN=PME7 PE=2 SV=1	0	N/A	N/A
g28998	sp|O22256|PME20_ARATH	58.559	555	99	0.0	654	sp|O22256|PME20_ARATH Probable pectinesterase/pectinesterase inhibitor 20 OS=Arabidopsis thaliana OX=3702 GN=PME20 PE=2 SV=2	0	N/A	N/A
g28998	sp|Q94CB1|PME25_ARATH	47.135	541	95	1.25e-163	482	sp|Q94CB1|PME25_ARATH Probable pectinesterase/pectinesterase inhibitor 25 OS=Arabidopsis thaliana OX=3702 GN=PME25 PE=2 SV=1	0	N/A	N/A
g28998	sp|Q9FF77|PME47_ARATH	45.488	543	95	2.20e-159	471	sp|Q9FF77|PME47_ARATH Probable pectinesterase/pectinesterase inhibitor 47 OS=Arabidopsis thaliana OX=3702 GN=PME47 PE=2 SV=1	0	N/A	N/A
g29071	sp|O22925|VSR2_ARATH	44.495	218	77	2.52e-52	183	sp|O22925|VSR2_ARATH Vacuolar-sorting receptor 2 OS=Arabidopsis thaliana OX=3702 GN=VSR2 PE=2 SV=1	0	N/A	N/A
g29071	sp|P93026|VSR1_ARATH	45.714	210	74	1.63e-45	165	sp|P93026|VSR1_ARATH Vacuolar-sorting receptor 1 OS=Arabidopsis thaliana OX=3702 GN=VSR1 PE=1 SV=2	0	N/A	N/A
g29071	sp|Q56ZQ3|VSR4_ARATH	41.038	212	75	3.24e-43	159	sp|Q56ZQ3|VSR4_ARATH Vacuolar-sorting receptor 4 OS=Arabidopsis thaliana OX=3702 GN=VSR4 PE=2 SV=2	0	N/A	N/A
g29071	sp|O80977|VSR3_ARATH	41.038	212	75	3.37e-43	159	sp|O80977|VSR3_ARATH Vacuolar-sorting receptor 3 OS=Arabidopsis thaliana OX=3702 GN=VSR3 PE=2 SV=1	0	N/A	N/A
g29071	sp|P93484|VSR1_PEA	42.534	221	78	9.96e-43	157	sp|P93484|VSR1_PEA Vacuolar-sorting receptor 1 OS=Pisum sativum OX=3888 GN=BP80 PE=1 SV=1	0	N/A	N/A
g29506	sp|Q41916|CYT5_ARATH	57.895	95	83	1.06e-32	113	sp|Q41916|CYT5_ARATH Cysteine proteinase inhibitor 5 OS=Arabidopsis thaliana OX=3702 GN=CYS5 PE=2 SV=2	0	N/A	N/A
g29506	sp|P86472|CYT1_ACTCC	54.651	86	76	2.70e-29	104	sp|P86472|CYT1_ACTCC Cysteine proteinase inhibitor 1 OS=Actinidia chinensis var. chinensis OX=1590841 GN=CYT1 PE=1 SV=2	0	N/A	N/A
g29506	sp|Q6TPK4|CYT1_ACTDE	54.651	86	76	3.29e-29	104	sp|Q6TPK4|CYT1_ACTDE Cysteine proteinase inhibitor 1 OS=Actinidia deliciosa OX=3627 PE=1 SV=1	0	N/A	N/A
g29506	sp|Q10J94|CYT8_ORYSJ	47.778	90	79	3.64e-24	92.0	sp|Q10J94|CYT8_ORYSJ Cysteine proteinase inhibitor 8 OS=Oryza sativa subsp. japonica OX=39947 GN=Os03g0429000 PE=2 SV=1	0	N/A	N/A
g29506	sp|P31726|CYT1_MAIZE	50.538	93	79	7.87e-22	86.7	sp|P31726|CYT1_MAIZE Cystatin-1 OS=Zea mays OX=4577 GN=RAMDAZC7 PE=2 SV=1	0	N/A	N/A
g29569	sp|O04496|AED3_ARATH	48.000	425	94	2.35e-129	384	sp|O04496|AED3_ARATH Aspartyl protease AED3 OS=Arabidopsis thaliana OX=3702 GN=AED3 PE=1 SV=1	0	N/A	N/A
g29569	sp|Q6F4N5|AP25_ORYSJ	42.327	404	87	1.73e-103	317	sp|Q6F4N5|AP25_ORYSJ Aspartyl protease 25 OS=Oryza sativa subsp. japonica OX=39947 GN=AP25 PE=2 SV=1	0	N/A	N/A
g29569	sp|Q766C3|NEP1_NEPGR	31.320	447	99	2.05e-50	179	sp|Q766C3|NEP1_NEPGR Aspartic proteinase nepenthesin-1 OS=Nepenthes gracilis OX=150966 GN=nep1 PE=1 SV=1	0	N/A	N/A
g29569	sp|Q9LNJ3|APF2_ARATH	32.665	349	77	3.70e-48	174	sp|Q9LNJ3|APF2_ARATH Aspartyl protease family protein 2 OS=Arabidopsis thaliana OX=3702 GN=APF2 PE=2 SV=1	0	N/A	N/A
g29569	sp|Q9LHE3|ASPG2_ARATH	34.593	344	77	6.34e-48	173	sp|Q9LHE3|ASPG2_ARATH Protein ASPARTIC PROTEASE IN GUARD CELL 2 OS=Arabidopsis thaliana OX=3702 GN=ASPG2 PE=2 SV=1	0	N/A	N/A
g29571	sp|O22897|DUF6_ARATH	30.385	260	94	6.28e-26	109	sp|O22897|DUF6_ARATH DUF724 domain-containing protein 6 OS=Arabidopsis thaliana OX=3702 GN=DUF6 PE=2 SV=1	0	N/A	N/A
g29571	sp|Q0WNB1|DUF5_ARATH	41.096	146	56	1.40e-25	103	sp|Q0WNB1|DUF5_ARATH DUF724 domain-containing protein 5 OS=Arabidopsis thaliana OX=3702 GN=DUF5 PE=1 SV=1	0	N/A	N/A
g29571	sp|Q8H0V4|DUF7_ARATH	30.677	251	92	1.11e-23	103	sp|Q8H0V4|DUF7_ARATH DUF724 domain-containing protein 7 OS=Arabidopsis thaliana OX=3702 GN=DUF7 PE=1 SV=1	0	N/A	N/A
g29571	sp|Q9FZD9|DUF3_ARATH	33.036	224	84	1.39e-22	99.8	sp|Q9FZD9|DUF3_ARATH DUF724 domain-containing protein 3 OS=Arabidopsis thaliana OX=3702 GN=DUF3 PE=1 SV=1	0	N/A	N/A
g29571	sp|F4I8W1|DUF2_ARATH	32.620	187	67	2.80e-19	90.1	sp|F4I8W1|DUF2_ARATH DUF724 domain-containing protein 2 OS=Arabidopsis thaliana OX=3702 GN=DUF2 PE=2 SV=1	0	N/A	N/A
g29605	sp|Q9LHH5|LNK3_ARATH	30.000	290	87	8.74e-16	79.3	sp|Q9LHH5|LNK3_ARATH Protein LNK3 OS=Arabidopsis thaliana OX=3702 GN=LNK3 PE=1 SV=1	0	N/A	N/A
g29605	sp|Q9FL48|LNK4_ARATH	28.807	243	74	6.07e-11	65.5	sp|Q9FL48|LNK4_ARATH Protein LNK4 OS=Arabidopsis thaliana OX=3702 GN=LNK4 PE=1 SV=1	0	N/A	N/A
g29605	sp|A8MQN2|LNK1_ARATH	32.110	109	31	3.44e-07	55.5	sp|A8MQN2|LNK1_ARATH Protein LNK1 OS=Arabidopsis thaliana OX=3702 GN=LNK1 PE=1 SV=1	0	N/A	N/A
g29605	sp|F4JCX9|LNK2_ARATH	37.113	97	27	2.40e-06	52.8	sp|F4JCX9|LNK2_ARATH Protein LNK2 OS=Arabidopsis thaliana OX=3702 GN=LNK2 PE=1 SV=1	0	N/A	N/A
g29608	sp|Q5E915|RBBP_ARATH	66.539	523	99	0.0	670	sp|Q5E915|RBBP_ARATH Protein RBL OS=Arabidopsis thaliana OX=3702 GN=RBL PE=1 SV=1	0	N/A	N/A
g29608	sp|Q54MH6|RBBE_DICDI	39.066	407	75	2.83e-85	276	sp|Q54MH6|RBBE_DICDI Retinoblastoma-binding-like protein E OS=Dictyostelium discoideum OX=44689 GN=rbbE PE=3 SV=1	0	N/A	N/A
g29608	sp|Q15291|RBBP5_HUMAN	36.306	471	87	1.58e-84	274	sp|Q15291|RBBP5_HUMAN Retinoblastoma-binding protein 5 OS=Homo sapiens OX=9606 GN=RBBP5 PE=1 SV=2	0	N/A	N/A
g29608	sp|Q8BX09|RBBP5_MOUSE	36.306	471	87	1.60e-84	274	sp|Q8BX09|RBBP5_MOUSE Retinoblastoma-binding protein 5 OS=Mus musculus OX=10090 GN=Rbbp5 PE=1 SV=2	0	N/A	N/A
g29608	sp|Q9VPH8|RBBP5_DROME	36.819	459	84	4.64e-80	261	sp|Q9VPH8|RBBP5_DROME Retinoblastoma-binding protein 5 homolog OS=Drosophila melanogaster OX=7227 GN=Rbbp5 PE=1 SV=2	0	N/A	N/A
g29609	sp|Q9SFB8|PI5K6_ARATH	63.800	721	95	0.0	941	sp|Q9SFB8|PI5K6_ARATH Phosphatidylinositol 4-phosphate 5-kinase 6 OS=Arabidopsis thaliana OX=3702 GN=PIP5K6 PE=2 SV=1	0	N/A	N/A
g29609	sp|Q9M1K2|PI5K4_ARATH	57.702	792	100	0.0	878	sp|Q9M1K2|PI5K4_ARATH Phosphatidylinositol 4-phosphate 5-kinase 4 OS=Arabidopsis thaliana OX=3702 GN=PIP5K4 PE=4 SV=1	0	N/A	N/A
g29609	sp|Q9SLG9|PI5K5_ARATH	56.466	781	100	0.0	861	sp|Q9SLG9|PI5K5_ARATH Phosphatidylinositol 4-phosphate 5-kinase 5 OS=Arabidopsis thaliana OX=3702 GN=PIP5K5 PE=2 SV=1	0	N/A	N/A
g29609	sp|Q8L796|PI5K2_ARATH	50.071	707	93	0.0	677	sp|Q8L796|PI5K2_ARATH Phosphatidylinositol 4-phosphate 5-kinase 2 OS=Arabidopsis thaliana OX=3702 GN=PIP5K2 PE=1 SV=2	0	N/A	N/A
g29609	sp|Q8L796|PI5K2_ARATH	41.573	89	93	1.31e-15	84.7	sp|Q8L796|PI5K2_ARATH Phosphatidylinositol 4-phosphate 5-kinase 2 OS=Arabidopsis thaliana OX=3702 GN=PIP5K2 PE=1 SV=2	0	N/A	N/A
g29609	sp|O48709|PI5K3_ARATH	49.927	689	93	0.0	654	sp|O48709|PI5K3_ARATH Phosphatidylinositol 4-phosphate 5-kinase 3 OS=Arabidopsis thaliana OX=3702 GN=PIP5K3 PE=4 SV=1	0	N/A	N/A
g29609	sp|O48709|PI5K3_ARATH	38.384	99	93	2.37e-13	77.4	sp|O48709|PI5K3_ARATH Phosphatidylinositol 4-phosphate 5-kinase 3 OS=Arabidopsis thaliana OX=3702 GN=PIP5K3 PE=4 SV=1	0	N/A	N/A
g29636	sp|Q8BIW1|PRUN1_MOUSE	31.579	114	28	3.08e-08	58.9	sp|Q8BIW1|PRUN1_MOUSE Exopolyphosphatase PRUNE1 OS=Mus musculus OX=10090 GN=Prune1 PE=1 SV=1	0	N/A	N/A
g29636	sp|Q86TP1|PRUN1_HUMAN	31.579	114	28	1.12e-07	57.4	sp|Q86TP1|PRUN1_HUMAN Exopolyphosphatase PRUNE1 OS=Homo sapiens OX=9606 GN=PRUNE1 PE=1 SV=2	0	N/A	N/A
g29636	sp|Q5E9Y6|PRUN1_BOVIN	30.702	114	28	2.24e-07	56.2	sp|Q5E9Y6|PRUN1_BOVIN Exopolyphosphatase PRUNE1 OS=Bos taurus OX=9913 GN=PRUNE1 PE=2 SV=1	0	N/A	N/A
g29636	sp|Q6AYG3|PRUN1_RAT	30.702	114	28	2.49e-07	56.2	sp|Q6AYG3|PRUN1_RAT Exopolyphosphatase PRUNE1 OS=Rattus norvegicus OX=10116 GN=Prune1 PE=1 SV=1	0	N/A	N/A
g29636	sp|Q8WUY3|PRUN2_HUMAN	25.658	152	38	4.54e-07	56.2	sp|Q8WUY3|PRUN2_HUMAN Protein prune homolog 2 OS=Homo sapiens OX=9606 GN=PRUNE2 PE=1 SV=3	0	N/A	N/A
g29639	sp|P08548|LIN1_NYCCO	23.898	703	85	3.30e-42	169	sp|P08548|LIN1_NYCCO LINE-1 reverse transcriptase homolog OS=Nycticebus coucang OX=9470 PE=4 SV=1	0	N/A	N/A
g29639	sp|O00370|LORF2_HUMAN	22.819	745	90	1.04e-39	162	sp|O00370|LORF2_HUMAN LINE-1 retrotransposable element ORF2 protein OS=Homo sapiens OX=9606 PE=1 SV=1	0	N/A	N/A
g29639	sp|P14381|YTX2_XENLA	24.793	726	89	5.06e-39	160	sp|P14381|YTX2_XENLA Transposon TX1 uncharacterized 149 kDa protein OS=Xenopus laevis OX=8355 PE=4 SV=1	0	N/A	N/A
g29639	sp|P11369|LORF2_MOUSE	23.662	710	85	1.44e-35	149	sp|P11369|LORF2_MOUSE LINE-1 retrotransposable element ORF2 protein OS=Mus musculus OX=10090 GN=Pol PE=1 SV=2	0	N/A	N/A
g29639	sp|P16423|POLR_DROME	25.352	284	36	2.76e-17	90.5	sp|P16423|POLR_DROME Retrovirus-related Pol polyprotein from type-2 retrotransposable element R2DM OS=Drosophila melanogaster OX=7227 GN=pol PE=4 SV=1	0	N/A	N/A
g29642	sp|Q67YS6|ALIS2_ARATH	66.077	339	95	5.46e-164	464	sp|Q67YS6|ALIS2_ARATH Putative ALA-interacting subunit 2 OS=Arabidopsis thaliana OX=3702 GN=ALIS2 PE=2 SV=1	0	N/A	N/A
g29642	sp|Q9SLK2|ALIS3_ARATH	61.920	323	90	1.13e-141	408	sp|Q9SLK2|ALIS3_ARATH ALA-interacting subunit 3 OS=Arabidopsis thaliana OX=3702 GN=ALIS3 PE=1 SV=1	0	N/A	N/A
g29642	sp|Q9LTW0|ALIS1_ARATH	61.111	324	91	3.50e-140	404	sp|Q9LTW0|ALIS1_ARATH ALA-interacting subunit 1 OS=Arabidopsis thaliana OX=3702 GN=ALIS1 PE=1 SV=1	0	N/A	N/A
g29642	sp|Q9SA35|ALIS4_ARATH	60.815	319	89	1.92e-139	402	sp|Q9SA35|ALIS4_ARATH Putative ALA-interacting subunit 4 OS=Arabidopsis thaliana OX=3702 GN=ALIS4 PE=2 SV=2	0	N/A	N/A
g29642	sp|Q8L8W0|ALIS5_ARATH	59.509	326	91	1.39e-138	400	sp|Q8L8W0|ALIS5_ARATH ALA-interacting subunit 5 OS=Arabidopsis thaliana OX=3702 GN=ALIS5 PE=1 SV=1	0	N/A	N/A
g29643	sp|P0DH64|Y4891_SELML	36.792	106	38	7.94e-12	67.0	sp|P0DH64|Y4891_SELML FAS1 domain-containing protein SELMODRAFT_448915 OS=Selaginella moellendorffii OX=88036 GN=SELMODRAFT_448915 PE=2 SV=1	0	N/A	N/A
g29644	sp|B5X582|TWIH_ARATH	64.396	646	91	0.0	868	sp|B5X582|TWIH_ARATH Twinkle homolog protein, chloroplastic/mitochondrial OS=Arabidopsis thaliana OX=3702 GN=At1g30680 PE=1 SV=1	0	N/A	N/A
g29644	sp|F4I6E6|PRIH_ARATH	57.419	310	44	1.45e-116	356	sp|F4I6E6|PRIH_ARATH Primase homolog protein OS=Arabidopsis thaliana OX=3702 GN=At1g30660 PE=3 SV=1	0	N/A	N/A
g29644	sp|P03692|HELIC_BPT7	25.545	505	67	1.93e-19	96.3	sp|P03692|HELIC_BPT7 DNA helicase/primase OS=Escherichia phage T7 OX=10760 GN=4 PE=1 SV=1	0	N/A	N/A
g29644	sp|Q6ABX1|DNAB_LEIXX	25.253	297	39	4.37e-08	60.1	sp|Q6ABX1|DNAB_LEIXX Replicative DNA helicase DnaB OS=Leifsonia xyli subsp. xyli (strain CTCB07) OX=281090 GN=dnaB PE=3 SV=1	0	N/A	N/A
g29656	sp|O49726|PUP21_ARATH	49.580	357	96	6.61e-108	324	sp|O49726|PUP21_ARATH Purine permease 21 OS=Arabidopsis thaliana OX=3702 GN=PUP21 PE=2 SV=2	0	N/A	N/A
g29656	sp|O49725|PUP10_ARATH	50.305	328	88	2.70e-102	310	sp|O49725|PUP10_ARATH Probable purine permease 10 OS=Arabidopsis thaliana OX=3702 GN=PUP10 PE=2 SV=2	0	N/A	N/A
g29656	sp|Q8RY74|PUP22_ARATH	50.298	336	90	2.15e-95	292	sp|Q8RY74|PUP22_ARATH Probable purine permease 22 OS=Arabidopsis thaliana OX=3702 GN=PUP22 PE=2 SV=1	0	N/A	N/A
g29656	sp|Q2V3H2|PUP7_ARATH	48.424	349	94	5.27e-94	289	sp|Q2V3H2|PUP7_ARATH Probable purine permease 7 OS=Arabidopsis thaliana OX=3702 GN=PUP7 PE=2 SV=1	0	N/A	N/A
g29656	sp|O49722|PUP6_ARATH	48.555	346	93	8.09e-94	288	sp|O49722|PUP6_ARATH Probable purine permease 6 OS=Arabidopsis thaliana OX=3702 GN=PUP6 PE=3 SV=2	0	N/A	N/A
g29742	sp|Q9SCZ4|FERON_ARATH	36.120	299	78	4.53e-45	167	sp|Q9SCZ4|FERON_ARATH Receptor-like protein kinase FERONIA OS=Arabidopsis thaliana OX=3702 GN=FER PE=1 SV=1	0	N/A	N/A
g29742	sp|Q9LX66|HERK_ARATH	35.526	304	80	4.83e-44	164	sp|Q9LX66|HERK_ARATH Receptor-like protein kinase HERK 1 OS=Arabidopsis thaliana OX=3702 GN=HERK1 PE=1 SV=1	0	N/A	N/A
g29742	sp|Q9SA72|Y1357_ARATH	34.718	337	88	6.73e-44	164	sp|Q9SA72|Y1357_ARATH Probable receptor-like protein kinase At1g30570 OS=Arabidopsis thaliana OX=3702 GN=At1g30570 PE=3 SV=1	0	N/A	N/A
g29742	sp|Q3E8W4|ANX2_ARATH	36.893	309	81	1.68e-43	163	sp|Q3E8W4|ANX2_ARATH Receptor-like protein kinase ANXUR2 OS=Arabidopsis thaliana OX=3702 GN=ANX2 PE=1 SV=1	0	N/A	N/A
g29742	sp|O80623|Y2393_ARATH	33.648	318	83	4.83e-43	161	sp|O80623|Y2393_ARATH Probable receptor-like protein kinase At2g39360 OS=Arabidopsis thaliana OX=3702 GN=At2g39360 PE=1 SV=1	0	N/A	N/A
g29744	sp|Q3E6P4|FB95_ARATH	31.250	224	85	3.92e-18	88.2	sp|Q3E6P4|FB95_ARATH F-box protein At2g02240 OS=Arabidopsis thaliana OX=3702 GN=At2g02240 PE=2 SV=1	0	N/A	N/A
g29744	sp|Q3E6P4|FB95_ARATH	33.155	187	85	6.91e-15	79.0	sp|Q3E6P4|FB95_ARATH F-box protein At2g02240 OS=Arabidopsis thaliana OX=3702 GN=At2g02240 PE=2 SV=1	0	N/A	N/A
g29744	sp|Q9ZVR5|PP2B2_ARATH	31.556	225	85	2.19e-16	83.2	sp|Q9ZVR5|PP2B2_ARATH Putative F-box protein PP2-B2 OS=Arabidopsis thaliana OX=3702 GN=PP2B2 PE=4 SV=2	0	N/A	N/A
g29744	sp|Q9ZVR5|PP2B2_ARATH	30.000	190	85	2.54e-12	70.9	sp|Q9ZVR5|PP2B2_ARATH Putative F-box protein PP2-B2 OS=Arabidopsis thaliana OX=3702 GN=PP2B2 PE=4 SV=2	0	N/A	N/A
g29744	sp|Q9ZVQ6|P2B10_ARATH	32.447	188	79	1.62e-13	73.9	sp|Q9ZVQ6|P2B10_ARATH F-box protein PP2-B10 OS=Arabidopsis thaliana OX=3702 GN=PP2B10 PE=1 SV=1	0	N/A	N/A
g29744	sp|Q9ZVQ6|P2B10_ARATH	26.425	193	79	5.06e-08	57.8	sp|Q9ZVQ6|P2B10_ARATH F-box protein PP2-B10 OS=Arabidopsis thaliana OX=3702 GN=PP2B10 PE=1 SV=1	0	N/A	N/A
g29744	sp|Q9ZVR1|PP2B5_ARATH	29.864	221	86	3.56e-13	73.2	sp|Q9ZVR1|PP2B5_ARATH F-box protein PP2-B5 OS=Arabidopsis thaliana OX=3702 GN=PP2B5 PE=2 SV=1	0	N/A	N/A
g29744	sp|Q9ZVR1|PP2B5_ARATH	29.570	186	86	1.43e-10	65.5	sp|Q9ZVR1|PP2B5_ARATH F-box protein PP2-B5 OS=Arabidopsis thaliana OX=3702 GN=PP2B5 PE=2 SV=1	0	N/A	N/A
g29744	sp|Q9FLU7|P2B12_ARATH	29.167	216	45	4.29e-13	72.4	sp|Q9FLU7|P2B12_ARATH Putative F-box protein PP2-B12 OS=Arabidopsis thaliana OX=3702 GN=PP2B12 PE=4 SV=1	0	N/A	N/A
g29745	sp|Q9LY71|CKX6_ARATH	65.085	527	99	0.0	723	sp|Q9LY71|CKX6_ARATH Cytokinin dehydrogenase 6 OS=Arabidopsis thaliana OX=3702 GN=CKX6 PE=2 SV=2	0	N/A	N/A
g29745	sp|O22213|CKX1_ARATH	62.847	541	99	0.0	720	sp|O22213|CKX1_ARATH Cytokinin dehydrogenase 1 OS=Arabidopsis thaliana OX=3702 GN=CKX1 PE=1 SV=1	0	N/A	N/A
g29745	sp|Q75K78|CKX9_ORYSJ	63.489	493	93	0.0	693	sp|Q75K78|CKX9_ORYSJ Cytokinin dehydrogenase 9 OS=Oryza sativa subsp. japonica OX=39947 GN=CKX9 PE=1 SV=1	0	N/A	N/A
g29745	sp|Q5JLP4|CKX4_ORYSJ	61.895	496	93	0.0	665	sp|Q5JLP4|CKX4_ORYSJ Cytokinin dehydrogenase 4 OS=Oryza sativa subsp. japonica OX=39947 GN=CKX4 PE=2 SV=1	0	N/A	N/A
g29745	sp|Q67YU0|CKX5_ARATH	52.964	523	95	0.0	538	sp|Q67YU0|CKX5_ARATH Cytokinin dehydrogenase 5 OS=Arabidopsis thaliana OX=3702 GN=CKX5 PE=2 SV=1	0	N/A	N/A
g29763	sp|Q9SV05|CCR35_ARATH	56.369	369	77	1.39e-130	385	sp|Q9SV05|CCR35_ARATH Serine/threonine-protein kinase-like protein At3g51990 OS=Arabidopsis thaliana OX=3702 GN=At3g51990 PE=2 SV=1	0	N/A	N/A
g29763	sp|Q9SGN7|CCR12_ARATH	48.571	350	74	3.08e-98	306	sp|Q9SGN7|CCR12_ARATH Serine/threonine-protein kinase-like protein At1g28390 OS=Arabidopsis thaliana OX=3702 GN=At1g28390 PE=2 SV=1	0	N/A	N/A
g29763	sp|O24585|CRI4_MAIZE	40.845	355	75	5.39e-75	255	sp|O24585|CRI4_MAIZE Putative receptor protein kinase CRINKLY4 OS=Zea mays OX=4577 GN=CR4 PE=2 SV=1	0	N/A	N/A
g29763	sp|Q75J39|CKI4_ORYSJ	40.111	359	76	3.94e-74	253	sp|Q75J39|CKI4_ORYSJ Serine/threonine-protein kinase-like protein CR4 OS=Oryza sativa subsp. japonica OX=39947 GN=CR4 PE=1 SV=1	0	N/A	N/A
g29763	sp|Q9LX29|ACR4L_ARATH	43.729	295	63	2.89e-72	248	sp|Q9LX29|ACR4L_ARATH Serine/threonine-protein kinase-like protein ACR4 OS=Arabidopsis thaliana OX=3702 GN=ACR4 PE=1 SV=1	0	N/A	N/A
g29979	sp|Q9LMN6|WAK4_ARATH	28.169	213	39	2.13e-14	79.7	sp|Q9LMN6|WAK4_ARATH Wall-associated receptor kinase 4 OS=Arabidopsis thaliana OX=3702 GN=WAK4 PE=2 SV=1	0	N/A	N/A
g29979	sp|Q9LMP1|WAK2_ARATH	28.700	223	41	5.22e-14	78.6	sp|Q9LMP1|WAK2_ARATH Wall-associated receptor kinase 2 OS=Arabidopsis thaliana OX=3702 GN=WAK2 PE=1 SV=1	0	N/A	N/A
g29979	sp|Q84M95|PBL28_ARATH	27.320	194	35	7.50e-14	76.6	sp|Q84M95|PBL28_ARATH Probable serine/threonine-protein kinase PBL28 OS=Arabidopsis thaliana OX=3702 GN=PBL28 PE=2 SV=1	0	N/A	N/A
g29979	sp|O22187|Y2232_ARATH	26.522	230	42	5.63e-13	75.5	sp|O22187|Y2232_ARATH Probable receptor-like protein kinase At2g23200 OS=Arabidopsis thaliana OX=3702 GN=At2g23200 PE=3 SV=1	0	N/A	N/A
g29979	sp|Q9LMN7|WAK5_ARATH	25.600	250	45	6.11e-13	75.1	sp|Q9LMN7|WAK5_ARATH Wall-associated receptor kinase 5 OS=Arabidopsis thaliana OX=3702 GN=WAK5 PE=2 SV=1	0	N/A	N/A
g30097	sp|Q8GUK1|DGS1_ARATH	32.258	186	73	4.00e-18	85.9	sp|Q8GUK1|DGS1_ARATH Protein DGS1, mitochondrial OS=Arabidopsis thaliana OX=3702 GN=DGS1 PE=1 SV=1	0	N/A	N/A
g30098	sp|Q8GUK1|DGS1_ARATH	50.761	197	82	1.10e-52	182	sp|Q8GUK1|DGS1_ARATH Protein DGS1, mitochondrial OS=Arabidopsis thaliana OX=3702 GN=DGS1 PE=1 SV=1	0	N/A	N/A
g30098	sp|Q55GJ3|NCA2_DICDI	26.144	153	58	2.75e-09	60.1	sp|Q55GJ3|NCA2_DICDI Nuclear control of ATPase protein 2 OS=Dictyostelium discoideum OX=44689 GN=nca2 PE=3 SV=1	0	N/A	N/A
g30098	sp|O74963|NCA2_SCHPO	21.053	171	71	1.76e-07	54.7	sp|O74963|NCA2_SCHPO Nuclear control of ATPase protein 2 OS=Schizosaccharomyces pombe (strain 972 / ATCC 24843) OX=284812 GN=nca2 PE=3 SV=1	0	N/A	N/A
g30199	sp|Q6ERU3|GLUB5_ORYSJ	26.702	382	84	1.83e-36	140	sp|Q6ERU3|GLUB5_ORYSJ Glutelin type-B 5 OS=Oryza sativa subsp. japonica OX=39947 GN=GLUB5 PE=2 SV=1	0	N/A	N/A
g30199	sp|P14614|GLUB4_ORYSJ	26.702	382	84	2.16e-36	140	sp|P14614|GLUB4_ORYSJ Glutelin type-B 4 OS=Oryza sativa subsp. japonica OX=39947 GN=GLUB4 PE=1 SV=1	0	N/A	N/A
g30199	sp|Q6K508|GLUD1_ORYSJ	25.323	387	88	4.30e-36	139	sp|Q6K508|GLUD1_ORYSJ Glutelin type-D 1 OS=Oryza sativa subsp. japonica OX=39947 GN=GLUD1 PE=2 SV=1	0	N/A	N/A
g30199	sp|P07730|GLUA2_ORYSJ	24.938	401	89	9.32e-35	136	sp|P07730|GLUA2_ORYSJ Glutelin type-A 2 OS=Oryza sativa subsp. japonica OX=39947 GN=GLUA2 PE=1 SV=1	0	N/A	N/A
g30199	sp|Q8GZP6|ANAO2_ANAOC	26.854	391	90	1.89e-34	134	sp|Q8GZP6|ANAO2_ANAOC 11S globulin seed storage protein Ana o 2.0101 (Fragment) OS=Anacardium occidentale OX=171929 PE=1 SV=1	0	N/A	N/A
g30200	sp|Q8RX56|UNC13_ARATH	30.425	871	82	1.16e-111	375	sp|Q8RX56|UNC13_ARATH Protein unc-13 homolog OS=Arabidopsis thaliana OX=3702 GN=PATROL1 PE=2 SV=1	0	N/A	N/A
g30202	sp|F4IVU1|ARC2B_ARATH	49.465	374	98	4.71e-127	372	sp|F4IVU1|ARC2B_ARATH Actin-related protein 2/3 complex subunit 2B OS=Arabidopsis thaliana OX=3702 GN=ARPC2B PE=2 SV=1	0	N/A	N/A
g30202	sp|Q8LGI3|ARC2A_ARATH	35.789	285	75	2.76e-62	205	sp|Q8LGI3|ARC2A_ARATH Actin-related protein 2/3 complex subunit 2A OS=Arabidopsis thaliana OX=3702 GN=ARPC2A PE=1 SV=1	0	N/A	N/A
g30202	sp|Q0IH88|ARC2A_XENLA	27.037	270	72	1.12e-24	105	sp|Q0IH88|ARC2A_XENLA Actin-related protein 2/3 complex subunit 2-A OS=Xenopus laevis OX=8355 GN=arpc2-a PE=2 SV=1	0	N/A	N/A
g30202	sp|Q6IRB1|ARC2B_XENLA	26.667	270	72	9.97e-24	102	sp|Q6IRB1|ARC2B_XENLA Actin-related protein 2/3 complex subunit 2-B OS=Xenopus laevis OX=8355 GN=arpc2-b PE=1 SV=1	0	N/A	N/A
g30202	sp|Q5R5Z5|ARPC2_PONAB	25.926	270	72	6.67e-23	100	sp|Q5R5Z5|ARPC2_PONAB Actin-related protein 2/3 complex subunit 2 OS=Pongo abelii OX=9601 GN=ARPC2 PE=2 SV=1	0	N/A	N/A
g30225	sp|O23614|CTPA2_ARATH	49.091	110	65	1.99e-23	98.2	sp|O23614|CTPA2_ARATH Carboxyl-terminal-processing peptidase 2, chloroplastic OS=Arabidopsis thaliana OX=3702 GN=CTPA2 PE=1 SV=1	0	N/A	N/A
g30225	sp|O04073|CTPA_TETOB	69.231	39	25	2.50e-12	66.6	sp|O04073|CTPA_TETOB C-terminal processing peptidase, chloroplastic OS=Tetradesmus obliquus OX=3088 GN=ctpA PE=1 SV=1	0	N/A	N/A
g30226	sp|O23614|CTPA2_ARATH	73.516	438	81	0.0	669	sp|O23614|CTPA2_ARATH Carboxyl-terminal-processing peptidase 2, chloroplastic OS=Arabidopsis thaliana OX=3702 GN=CTPA2 PE=1 SV=1	0	N/A	N/A
g30226	sp|O04073|CTPA_TETOB	48.974	390	70	5.03e-129	387	sp|O04073|CTPA_TETOB C-terminal processing peptidase, chloroplastic OS=Tetradesmus obliquus OX=3088 GN=ctpA PE=1 SV=1	0	N/A	N/A
g30226	sp|Q55669|CTPA_SYNY3	46.702	379	69	8.84e-110	337	sp|Q55669|CTPA_SYNY3 Carboxyl-terminal-processing protease OS=Synechocystis sp. (strain ATCC 27184 / PCC 6803 / Kazusa) OX=1111708 GN=ctpA PE=3 SV=1	0	N/A	N/A
g30226	sp|P42784|CTPA_PICP2	47.514	362	66	1.29e-105	325	sp|P42784|CTPA_PICP2 Carboxyl-terminal-processing protease OS=Picosynechococcus sp. (strain ATCC 27264 / PCC 7002 / PR-6) OX=32049 GN=ctpA PE=3 SV=2	0	N/A	N/A
g30226	sp|F4J3G5|CTPA3_ARATH	39.894	376	68	7.13e-82	267	sp|F4J3G5|CTPA3_ARATH Carboxyl-terminal-processing peptidase 3, chloroplastic OS=Arabidopsis thaliana OX=3702 GN=CTPA3 PE=3 SV=1	0	N/A	N/A
g30293	sp|Q9LK39|AAE16_ARATH	62.311	727	98	0.0	926	sp|Q9LK39|AAE16_ARATH Probable acyl-activating enzyme 16, chloroplastic OS=Arabidopsis thaliana OX=3702 GN=AAE16 PE=2 SV=1	0	N/A	N/A
g30293	sp|Q8W471|AAE15_ARATH	65.327	672	92	0.0	911	sp|Q8W471|AAE15_ARATH Long-chain-fatty-acid--[acyl-carrier-protein] ligase AEE15, chloroplastic OS=Arabidopsis thaliana OX=3702 GN=AAE15 PE=1 SV=1	0	N/A	N/A
g30293	sp|P33121|ACSL1_HUMAN	28.086	648	85	3.33e-59	216	sp|P33121|ACSL1_HUMAN Long-chain-fatty-acid--CoA ligase 1 OS=Homo sapiens OX=9606 GN=ACSL1 PE=1 SV=1	0	N/A	N/A
g30293	sp|P44446|LCFH_HAEIN	25.532	658	89	1.39e-57	209	sp|P44446|LCFH_HAEIN Putative long-chain-fatty-acid--CoA ligase OS=Haemophilus influenzae (strain ATCC 51907 / DSM 11121 / KW20 / Rd) OX=71421 GN=HI_0002 PE=3 SV=1	0	N/A	N/A
g30293	sp|Q8LKS5|LACS7_ARATH	27.186	629	84	1.43e-56	208	sp|Q8LKS5|LACS7_ARATH Long chain acyl-CoA synthetase 7, peroxisomal OS=Arabidopsis thaliana OX=3702 GN=LACS7 PE=1 SV=2	0	N/A	N/A
g30363	sp|Q9FFZ1|PPH_ARATH	23.833	407	93	5.51e-24	106	sp|Q9FFZ1|PPH_ARATH Pheophytinase, chloroplastic OS=Arabidopsis thaliana OX=3702 GN=PPH PE=1 SV=1	0	N/A	N/A
g30363	sp|O05235|YUGF_BACSU	25.085	295	79	3.31e-21	95.1	sp|O05235|YUGF_BACSU Uncharacterized hydrolase YugF OS=Bacillus subtilis (strain 168) OX=224308 GN=yugF PE=3 SV=1	0	N/A	N/A
g30363	sp|Q59695|ACOC_PSEPU	27.243	301	80	3.28e-15	79.7	sp|Q59695|ACOC_PSEPU Dihydrolipoyllysine-residue acetyltransferase component of acetoin cleaving system OS=Pseudomonas putida OX=303 GN=acoC PE=3 SV=1	0	N/A	N/A
g30363	sp|Q9AQM4|CARC_METRE	25.510	294	77	1.30e-12	70.9	sp|Q9AQM4|CARC_METRE 2-hydroxy-6-oxo-6-(2'-aminophenyl)hexa-2,4-dienoic acid hydrolase OS=Metapseudomonas resinovorans OX=53412 GN=carC PE=1 SV=1	0	N/A	N/A
g30363	sp|Q8IUS5|EPHX4_HUMAN	22.222	297	77	1.57e-11	68.6	sp|Q8IUS5|EPHX4_HUMAN Epoxide hydrolase 4 OS=Homo sapiens OX=9606 GN=EPHX4 PE=1 SV=2	0	N/A	N/A
g30375	sp|A0A1D6KL43|PSA2_MAIZE	55.676	185	95	7.70e-66	203	sp|A0A1D6KL43|PSA2_MAIZE Protein PHOTOSYSTEM I ASSEMBLY 2, chloroplastic OS=Zea mays OX=4577 GN=PSA2 PE=2 SV=1	0	N/A	N/A
g30375	sp|Q6YUA8|PSA22_ORYSJ	57.377	183	96	5.03e-64	198	sp|Q6YUA8|PSA22_ORYSJ Protein PHOTOSYSTEM I ASSEMBLY 2, chloroplastic OS=Oryza sativa subsp. japonica OX=39947 GN=PSA2 PE=2 SV=1	0	N/A	N/A
g30375	sp|O64750|PSA2_ARATH	59.551	178	94	4.94e-62	193	sp|O64750|PSA2_ARATH Protein PHOTOSYSTEM I ASSEMBLY 2, chloroplastic OS=Arabidopsis thaliana OX=3702 GN=PSA2 PE=1 SV=1	0	N/A	N/A
g30376	sp|Q8W4I6|BPG2_ARATH	53.922	408	71	6.09e-139	421	sp|Q8W4I6|BPG2_ARATH GTP-binding protein BRASSINAZOLE INSENSITIVE PALE GREEN 2, chloroplastic OS=Arabidopsis thaliana OX=3702 GN=BPG2 PE=1 SV=1	0	N/A	N/A
g30376	sp|P54453|YQEH_BACSU	31.332	383	65	6.64e-44	163	sp|P54453|YQEH_BACSU Uncharacterized protein YqeH OS=Bacillus subtilis (strain 168) OX=224308 GN=yqeH PE=1 SV=1	0	N/A	N/A
g30376	sp|Q66GP9|NOA1_ARATH	25.221	452	73	1.97e-26	117	sp|Q66GP9|NOA1_ARATH NO-associated protein 1, chloroplastic/mitochondrial OS=Arabidopsis thaliana OX=3702 GN=NOA1 PE=1 SV=1	0	N/A	N/A
g30376	sp|Q6YPG5|NOS_ORYSJ	25.858	437	73	1.56e-25	114	sp|Q6YPG5|NOS_ORYSJ Putative nitric oxide synthase OS=Oryza sativa subsp. japonica OX=39947 GN=Os02g0104700 PE=3 SV=1	0	N/A	N/A
g30376	sp|Q9JJG9|NOA1_MOUSE	28.079	203	35	1.19e-12	74.3	sp|Q9JJG9|NOA1_MOUSE Nitric oxide-associated protein 1 OS=Mus musculus OX=10090 GN=Noa1 PE=1 SV=1	0	N/A	N/A
g30377	sp|Q9LRR4|R13L1_ARATH	39.716	564	98	1.13e-119	380	sp|Q9LRR4|R13L1_ARATH Putative disease resistance RPP13-like protein 1 OS=Arabidopsis thaliana OX=3702 GN=RPPL1 PE=3 SV=1	0	N/A	N/A
g30377	sp|Q7XA40|RGA3_SOLBU	36.175	481	87	1.94e-92	307	sp|Q7XA40|RGA3_SOLBU Putative disease resistance protein RGA3 OS=Solanum bulbocastanum OX=147425 GN=RGA3 PE=2 SV=2	0	N/A	N/A
g30377	sp|Q7XA42|RGA1_SOLBU	35.673	513	93	1.43e-89	299	sp|Q7XA42|RGA1_SOLBU Putative disease resistance protein RGA1 OS=Solanum bulbocastanum OX=147425 GN=RGA1 PE=2 SV=2	0	N/A	N/A
g30377	sp|Q7XBQ9|RGA2_SOLBU	35.616	511	92	4.62e-89	297	sp|Q7XBQ9|RGA2_SOLBU Disease resistance protein RGA2 OS=Solanum bulbocastanum OX=147425 GN=RGA2 PE=1 SV=1	0	N/A	N/A
g30377	sp|Q7XA39|RGA4_SOLBU	34.578	509	92	5.27e-87	292	sp|Q7XA39|RGA4_SOLBU Putative disease resistance protein RGA4 OS=Solanum bulbocastanum OX=147425 GN=RGA4 PE=2 SV=1	0	N/A	N/A
g30378	sp|Q9LRR4|R13L1_ARATH	40.050	794	99	5.78e-171	523	sp|Q9LRR4|R13L1_ARATH Putative disease resistance RPP13-like protein 1 OS=Arabidopsis thaliana OX=3702 GN=RPPL1 PE=3 SV=1	0	N/A	N/A
g30378	sp|Q7XA40|RGA3_SOLBU	34.881	754	95	1.49e-124	400	sp|Q7XA40|RGA3_SOLBU Putative disease resistance protein RGA3 OS=Solanum bulbocastanum OX=147425 GN=RGA3 PE=2 SV=2	0	N/A	N/A
g30378	sp|Q9LRR5|DRL21_ARATH	34.826	804	99	4.84e-123	405	sp|Q9LRR5|DRL21_ARATH Putative disease resistance protein At3g14460 OS=Arabidopsis thaliana OX=3702 GN=At3g14460 PE=3 SV=1	0	N/A	N/A
g30378	sp|Q7XBQ9|RGA2_SOLBU	33.929	784	98	2.08e-122	394	sp|Q7XBQ9|RGA2_SOLBU Disease resistance protein RGA2 OS=Solanum bulbocastanum OX=147425 GN=RGA2 PE=1 SV=1	0	N/A	N/A
g30378	sp|Q7XA42|RGA1_SOLBU	35.480	792	99	1.83e-121	392	sp|Q7XA42|RGA1_SOLBU Putative disease resistance protein RGA1 OS=Solanum bulbocastanum OX=147425 GN=RGA1 PE=2 SV=2	0	N/A	N/A
g30379	sp|Q9M2P4|SINA2_ARATH	69.481	308	99	3.25e-165	464	sp|Q9M2P4|SINA2_ARATH E3 ubiquitin-protein ligase SINAT2 OS=Arabidopsis thaliana OX=3702 GN=SINAT2 PE=1 SV=1	0	N/A	N/A
g30379	sp|P93748|SINA1_ARATH	69.707	307	99	6.12e-163	458	sp|P93748|SINA1_ARATH Putative E3 ubiquitin-protein ligase SINAT1 OS=Arabidopsis thaliana OX=3702 GN=SINAT1 PE=1 SV=1	0	N/A	N/A
g30379	sp|Q9STN8|SINA4_ARATH	72.453	265	87	4.95e-150	426	sp|Q9STN8|SINA4_ARATH E3 ubiquitin-protein ligase SINAT4 OS=Arabidopsis thaliana OX=3702 GN=SINAT4 PE=1 SV=1	0	N/A	N/A
g30379	sp|Q84JL3|SINA3_ARATH	73.180	261	86	1.04e-149	425	sp|Q84JL3|SINA3_ARATH E3 ubiquitin-protein ligase SINAT3 OS=Arabidopsis thaliana OX=3702 GN=SINAT3 PE=1 SV=1	0	N/A	N/A
g30379	sp|Q8S3N1|SINA5_ARATH	71.747	269	88	5.90e-148	420	sp|Q8S3N1|SINA5_ARATH E3 ubiquitin-protein ligase SINAT5 OS=Arabidopsis thaliana OX=3702 GN=SINAT5 PE=1 SV=2	0	N/A	N/A
g30380	sp|Q5RAZ5|NSE1_PONAB	23.413	252	69	1.61e-17	84.7	sp|Q5RAZ5|NSE1_PONAB Non-structural maintenance of chromosomes element 1 homolog OS=Pongo abelii OX=9601 GN=NSMCE1 PE=2 SV=1	0	N/A	N/A
g30380	sp|Q8WV22|NSE1_HUMAN	23.265	245	67	6.48e-17	82.8	sp|Q8WV22|NSE1_HUMAN Non-structural maintenance of chromosomes element 1 homolog OS=Homo sapiens OX=9606 GN=NSMCE1 PE=1 SV=5	0	N/A	N/A
g30380	sp|Q499U6|NSE1_RAT	23.333	240	66	2.89e-16	81.3	sp|Q499U6|NSE1_RAT Non-structural maintenance of chromosomes element 1 homolog OS=Rattus norvegicus OX=10116 GN=Nsmce1 PE=2 SV=2	0	N/A	N/A
g30380	sp|Q3T0X7|NSE1_BOVIN	23.443	273	75	3.38e-16	80.9	sp|Q3T0X7|NSE1_BOVIN Non-structural maintenance of chromosomes element 1 homolog OS=Bos taurus OX=9913 GN=NSMCE1 PE=2 SV=2	0	N/A	N/A
g30380	sp|Q6PAF4|NSE1_XENLA	23.750	240	66	4.18e-16	80.9	sp|Q6PAF4|NSE1_XENLA Non-structural maintenance of chromosomes element 1 homolog OS=Xenopus laevis OX=8355 GN=nsmce1 PE=1 SV=1	0	N/A	N/A
g30382	sp|P28723|FTHS_SPIOL	83.254	627	99	0.0	1083	sp|P28723|FTHS_SPIOL Formate--tetrahydrofolate ligase OS=Spinacia oleracea OX=3562 PE=1 SV=3	0	N/A	N/A
g30382	sp|Q9SPK5|FTHS_ARATH	80.599	634	100	0.0	1074	sp|Q9SPK5|FTHS_ARATH Formate--tetrahydrofolate ligase OS=Arabidopsis thaliana OX=3702 GN=THFS PE=2 SV=1	0	N/A	N/A
g30382	sp|P27653|C1TC_RAT	65.072	627	99	0.0	825	sp|P27653|C1TC_RAT C-1-tetrahydrofolate synthase, cytoplasmic OS=Rattus norvegicus OX=10116 GN=Mthfd1 PE=1 SV=3	0	N/A	N/A
g30382	sp|P11586|C1TC_HUMAN	66.188	627	99	0.0	824	sp|P11586|C1TC_HUMAN C-1-tetrahydrofolate synthase, cytoplasmic OS=Homo sapiens OX=9606 GN=MTHFD1 PE=1 SV=4	0	N/A	N/A
g30382	sp|Q922D8|C1TC_MOUSE	65.869	627	99	0.0	817	sp|Q922D8|C1TC_MOUSE C-1-tetrahydrofolate synthase, cytoplasmic OS=Mus musculus OX=10090 GN=Mthfd1 PE=1 SV=4	0	N/A	N/A
g30383	sp|Q8LAP6|PAP12_ARATH	63.830	376	93	1.23e-174	496	sp|Q8LAP6|PAP12_ARATH Probable plastid-lipid-associated protein 12, chloroplastic OS=Arabidopsis thaliana OX=3702 GN=PAP12 PE=1 SV=1	0	N/A	N/A
g30383	sp|Q0JD85|PAP7_ORYSJ	24.171	211	50	2.69e-08	58.2	sp|Q0JD85|PAP7_ORYSJ Fibrillin protein 5 homolog OS=Oryza sativa subsp. japonica OX=39947 GN=FBN5 PE=1 SV=1	0	N/A	N/A
g30383	sp|Q9LU85|PAP4_ARATH	28.409	176	43	2.87e-08	57.8	sp|Q9LU85|PAP4_ARATH Probable plastid-lipid-associated protein 4, chloroplastic OS=Arabidopsis thaliana OX=3702 GN=PAP4 PE=1 SV=1	0	N/A	N/A
g30383	sp|Q6DBN2|PAP5_ARATH	28.000	175	44	7.69e-06	50.4	sp|Q6DBN2|PAP5_ARATH Probable plastid-lipid-associated protein 5, chloroplastic OS=Arabidopsis thaliana OX=3702 GN=PAP5 PE=2 SV=1	0	N/A	N/A
g30385	sp|Q9LYK7|PESC_ARATH	64.262	596	99	0.0	788	sp|Q9LYK7|PESC_ARATH Pescadillo homolog OS=Arabidopsis thaliana OX=3702 GN=PES PE=1 SV=1	0	N/A	N/A
g30385	sp|Q851S7|PESC_ORYSJ	63.712	598	99	0.0	786	sp|Q851S7|PESC_ORYSJ Pescadillo homolog OS=Oryza sativa subsp. japonica OX=39947 GN=PES PE=2 SV=1	0	N/A	N/A
g30385	sp|A8JBB2|PESC_CHLRE	43.274	617	96	5.39e-161	478	sp|A8JBB2|PESC_CHLRE Pescadillo homolog OS=Chlamydomonas reinhardtii OX=3055 GN=CHLREDRAFT_206018 PE=3 SV=1	0	N/A	N/A
g30385	sp|A7SWH1|PESC_NEMVE	48.961	433	73	1.25e-138	415	sp|A7SWH1|PESC_NEMVE Pescadillo homolog OS=Nematostella vectensis OX=45351 GN=v1g194255 PE=3 SV=1	0	N/A	N/A
g30385	sp|O60164|PESC_SCHPO	39.512	615	98	1.38e-137	416	sp|O60164|PESC_SCHPO Pescadillo homolog OS=Schizosaccharomyces pombe (strain 972 / ATCC 24843) OX=284812 GN=ppp1 PE=1 SV=1	0	N/A	N/A
g30386	sp|Q9SFU6|CALS9_ARATH	73.706	1913	99	0.0	2904	sp|Q9SFU6|CALS9_ARATH Callose synthase 9 OS=Arabidopsis thaliana OX=3702 GN=CALS9 PE=2 SV=2	0	N/A	N/A
g30386	sp|Q9SJM0|CALSA_ARATH	62.038	1923	99	0.0	2468	sp|Q9SJM0|CALSA_ARATH Callose synthase 10 OS=Arabidopsis thaliana OX=3702 GN=CALS10 PE=2 SV=5	0	N/A	N/A
g30386	sp|Q9SL03|CALS2_ARATH	45.260	1962	98	0.0	1595	sp|Q9SL03|CALS2_ARATH Callose synthase 2 OS=Arabidopsis thaliana OX=3702 GN=CALS2 PE=2 SV=3	0	N/A	N/A
g30386	sp|Q9AUE0|CALS1_ARATH	44.507	1957	98	0.0	1587	sp|Q9AUE0|CALS1_ARATH Callose synthase 1 OS=Arabidopsis thaliana OX=3702 GN=CALS1 PE=1 SV=2	0	N/A	N/A
g30386	sp|Q3B724|CALS5_ARATH	45.719	1927	98	0.0	1576	sp|Q3B724|CALS5_ARATH Callose synthase 5 OS=Arabidopsis thaliana OX=3702 GN=CALS5 PE=1 SV=1	0	N/A	N/A
g30387	sp|D1FP57|LIN2_LOTJA	32.143	392	77	3.20e-34	146	sp|D1FP57|LIN2_LOTJA Putative E3 ubiquitin-protein ligase LIN-2 OS=Lotus japonicus OX=34305 GN=LIN PE=1 SV=1	0	N/A	N/A
g30387	sp|D1FP57|LIN2_LOTJA	37.241	145	77	1.75e-20	102	sp|D1FP57|LIN2_LOTJA Putative E3 ubiquitin-protein ligase LIN-2 OS=Lotus japonicus OX=34305 GN=LIN PE=1 SV=1	0	N/A	N/A
g30387	sp|D1FP57|LIN2_LOTJA	25.234	321	77	2.25e-14	82.0	sp|D1FP57|LIN2_LOTJA Putative E3 ubiquitin-protein ligase LIN-2 OS=Lotus japonicus OX=34305 GN=LIN PE=1 SV=1	0	N/A	N/A
g30387	sp|C6L7U1|LIN1_LOTJA	31.688	385	83	3.68e-34	146	sp|C6L7U1|LIN1_LOTJA Putative E3 ubiquitin-protein ligase LIN-1 OS=Lotus japonicus OX=34305 GN=CERBERUS PE=2 SV=2	0	N/A	N/A
g30387	sp|C6L7U1|LIN1_LOTJA	23.171	574	83	1.56e-22	108	sp|C6L7U1|LIN1_LOTJA Putative E3 ubiquitin-protein ligase LIN-1 OS=Lotus japonicus OX=34305 GN=CERBERUS PE=2 SV=2	0	N/A	N/A
g30387	sp|D1FP53|LIN_MEDTR	30.729	384	72	1.98e-30	134	sp|D1FP53|LIN_MEDTR Putative E3 ubiquitin-protein ligase LIN OS=Medicago truncatula OX=3880 GN=LIN PE=2 SV=1	0	N/A	N/A
g30387	sp|D1FP53|LIN_MEDTR	37.762	143	72	3.24e-21	104	sp|D1FP53|LIN_MEDTR Putative E3 ubiquitin-protein ligase LIN OS=Medicago truncatula OX=3880 GN=LIN PE=2 SV=1	0	N/A	N/A
g30387	sp|D1FP53|LIN_MEDTR	27.925	265	72	5.26e-14	80.9	sp|D1FP53|LIN_MEDTR Putative E3 ubiquitin-protein ligase LIN OS=Medicago truncatula OX=3880 GN=LIN PE=2 SV=1	0	N/A	N/A
g30387	sp|Q8GUG9|PUB11_ARATH	45.205	73	7	8.81e-12	72.8	sp|Q8GUG9|PUB11_ARATH U-box domain-containing protein 11 OS=Arabidopsis thaliana OX=3702 GN=PUB11 PE=2 SV=2	0	N/A	N/A
g30387	sp|Q9LXE3|PUB28_ARATH	39.241	79	8	1.39e-10	68.2	sp|Q9LXE3|PUB28_ARATH U-box domain-containing protein 28 OS=Arabidopsis thaliana OX=3702 GN=PUB28 PE=1 SV=1	0	N/A	N/A
g30388	sp|A1K5T6|SELO_AZOSB	50.642	545	92	2.09e-168	491	sp|A1K5T6|SELO_AZOSB Protein nucleotidyltransferase YdiU OS=Azoarcus sp. (strain BH72) OX=418699 GN=ydiU PE=3 SV=1	0	N/A	N/A
g30388	sp|Q5NYD9|SELO_AROAE	47.826	552	93	3.46e-166	486	sp|Q5NYD9|SELO_AROAE Protein nucleotidyltransferase YdiU OS=Aromatoleum aromaticum (strain DSM 19018 / LMG 30748 / EbN1) OX=76114 GN=ydiU PE=3 SV=1	0	N/A	N/A
g30388	sp|Q1H0D2|SELO_METFK	47.523	545	92	1.22e-164	482	sp|Q1H0D2|SELO_METFK Protein nucleotidyltransferase YdiU OS=Methylobacillus flagellatus (strain ATCC 51484 / DSM 6875 / VKM B-1610 / KT) OX=265072 GN=ydiU PE=3 SV=1	0	N/A	N/A
g30388	sp|C4LAV8|SELO_TOLAT	48.073	545	92	1.39e-164	482	sp|C4LAV8|SELO_TOLAT Protein nucleotidyltransferase YdiU OS=Tolumonas auensis (strain DSM 9187 / NBRC 110442 / TA 4) OX=595494 GN=ydiU PE=3 SV=1	0	N/A	N/A
g30388	sp|C1AED7|SELO_GEMAT	46.350	548	93	6.09e-161	473	sp|C1AED7|SELO_GEMAT Protein nucleotidyltransferase YdiU OS=Gemmatimonas aurantiaca (strain DSM 14586 / JCM 11422 / NBRC 100505 / T-27) OX=379066 GN=ydiU PE=3 SV=1	0	N/A	N/A
g30389	sp|Q25AG3|LERK3_ORYSI	38.462	416	88	8.18e-88	287	sp|Q25AG3|LERK3_ORYSI G-type lectin S-receptor-like serine/threonine-protein kinase LECRK3 OS=Oryza sativa subsp. indica OX=39946 GN=LECRK3 PE=3 SV=2	0	N/A	N/A
g30389	sp|A2XQD3|LERK2_ORYSI	38.128	438	92	8.26e-88	287	sp|A2XQD3|LERK2_ORYSI G-type lectin S-receptor-like serine/threonine-protein kinase LECRK2 OS=Oryza sativa subsp. indica OX=39946 GN=LECRK2 PE=2 SV=1	0	N/A	N/A
g30389	sp|Q0JEU6|LERK3_ORYSJ	38.462	416	88	1.04e-87	287	sp|Q0JEU6|LERK3_ORYSJ G-type lectin S-receptor-like serine/threonine-protein kinase LECRK3 OS=Oryza sativa subsp. japonica OX=39947 GN=LECRK3 PE=3 SV=2	0	N/A	N/A
g30389	sp|Q7FAZ2|LERK2_ORYSJ	38.028	426	90	1.55e-86	284	sp|Q7FAZ2|LERK2_ORYSJ G-type lectin S-receptor-like serine/threonine-protein kinase LECRK2 OS=Oryza sativa subsp. japonica OX=39947 GN=LECRK2 PE=3 SV=1	0	N/A	N/A
g30389	sp|Q39202|RLK1_ARATH	37.387	444	93	2.09e-83	276	sp|Q39202|RLK1_ARATH G-type lectin S-receptor-like serine/threonine-protein kinase RLK1 OS=Arabidopsis thaliana OX=3702 GN=RLK1 PE=2 SV=2	0	N/A	N/A
g30390	sp|A2XQD3|LERK2_ORYSI	43.350	812	99	0.0	633	sp|A2XQD3|LERK2_ORYSI G-type lectin S-receptor-like serine/threonine-protein kinase LECRK2 OS=Oryza sativa subsp. indica OX=39946 GN=LECRK2 PE=2 SV=1	0	N/A	N/A
g30390	sp|Q25AG3|LERK3_ORYSI	43.108	798	97	0.0	629	sp|Q25AG3|LERK3_ORYSI G-type lectin S-receptor-like serine/threonine-protein kinase LECRK3 OS=Oryza sativa subsp. indica OX=39946 GN=LECRK3 PE=3 SV=2	0	N/A	N/A
g30390	sp|Q7FAZ2|LERK2_ORYSJ	43.108	798	97	0.0	627	sp|Q7FAZ2|LERK2_ORYSJ G-type lectin S-receptor-like serine/threonine-protein kinase LECRK2 OS=Oryza sativa subsp. japonica OX=39947 GN=LECRK2 PE=3 SV=1	0	N/A	N/A
g30390	sp|Q0JEU6|LERK3_ORYSJ	42.857	798	97	0.0	627	sp|Q0JEU6|LERK3_ORYSJ G-type lectin S-receptor-like serine/threonine-protein kinase LECRK3 OS=Oryza sativa subsp. japonica OX=39947 GN=LECRK3 PE=3 SV=2	0	N/A	N/A
g30390	sp|Q7FAZ0|LERK4_ORYSJ	43.949	785	96	0.0	606	sp|Q7FAZ0|LERK4_ORYSJ G-type lectin S-receptor-like serine/threonine-protein kinase LECRK4 OS=Oryza sativa subsp. japonica OX=39947 GN=LECRK4 PE=3 SV=1	0	N/A	N/A
g30391	sp|Q25AG3|LERK3_ORYSI	43.774	795	97	0.0	664	sp|Q25AG3|LERK3_ORYSI G-type lectin S-receptor-like serine/threonine-protein kinase LECRK3 OS=Oryza sativa subsp. indica OX=39946 GN=LECRK3 PE=3 SV=2	0	N/A	N/A
g30391	sp|Q0JEU6|LERK3_ORYSJ	43.844	796	97	0.0	661	sp|Q0JEU6|LERK3_ORYSJ G-type lectin S-receptor-like serine/threonine-protein kinase LECRK3 OS=Oryza sativa subsp. japonica OX=39947 GN=LECRK3 PE=3 SV=2	0	N/A	N/A
g30391	sp|A2XQD3|LERK2_ORYSI	43.788	813	99	0.0	659	sp|A2XQD3|LERK2_ORYSI G-type lectin S-receptor-like serine/threonine-protein kinase LECRK2 OS=Oryza sativa subsp. indica OX=39946 GN=LECRK2 PE=2 SV=1	0	N/A	N/A
g30391	sp|Q7FAZ2|LERK2_ORYSJ	43.593	796	97	0.0	653	sp|Q7FAZ2|LERK2_ORYSJ G-type lectin S-receptor-like serine/threonine-protein kinase LECRK2 OS=Oryza sativa subsp. japonica OX=39947 GN=LECRK2 PE=3 SV=1	0	N/A	N/A
g30391	sp|Q7FAZ3|LERK1_ORYSJ	43.073	794	97	0.0	640	sp|Q7FAZ3|LERK1_ORYSJ G-type lectin S-receptor-like serine/threonine-protein kinase LECRK1 OS=Oryza sativa subsp. japonica OX=39947 GN=LECRK1 PE=2 SV=1	0	N/A	N/A
g30392	sp|A2XQD3|LERK2_ORYSI	43.527	811	98	0.0	647	sp|A2XQD3|LERK2_ORYSI G-type lectin S-receptor-like serine/threonine-protein kinase LECRK2 OS=Oryza sativa subsp. indica OX=39946 GN=LECRK2 PE=2 SV=1	0	N/A	N/A
g30392	sp|Q7FAZ2|LERK2_ORYSJ	43.500	800	97	0.0	641	sp|Q7FAZ2|LERK2_ORYSJ G-type lectin S-receptor-like serine/threonine-protein kinase LECRK2 OS=Oryza sativa subsp. japonica OX=39947 GN=LECRK2 PE=3 SV=1	0	N/A	N/A
g30392	sp|Q0JEU6|LERK3_ORYSJ	43.797	806	97	0.0	640	sp|Q0JEU6|LERK3_ORYSJ G-type lectin S-receptor-like serine/threonine-protein kinase LECRK3 OS=Oryza sativa subsp. japonica OX=39947 GN=LECRK3 PE=3 SV=2	0	N/A	N/A
g30392	sp|Q25AG3|LERK3_ORYSI	43.532	804	97	0.0	639	sp|Q25AG3|LERK3_ORYSI G-type lectin S-receptor-like serine/threonine-protein kinase LECRK3 OS=Oryza sativa subsp. indica OX=39946 GN=LECRK3 PE=3 SV=2	0	N/A	N/A
g30392	sp|Q39202|RLK1_ARATH	42.962	817	98	0.0	624	sp|Q39202|RLK1_ARATH G-type lectin S-receptor-like serine/threonine-protein kinase RLK1 OS=Arabidopsis thaliana OX=3702 GN=RLK1 PE=2 SV=2	0	N/A	N/A
g30395	sp|Q39202|RLK1_ARATH	43.826	826	99	0.0	641	sp|Q39202|RLK1_ARATH G-type lectin S-receptor-like serine/threonine-protein kinase RLK1 OS=Arabidopsis thaliana OX=3702 GN=RLK1 PE=2 SV=2	0	N/A	N/A
g30395	sp|A2XQD3|LERK2_ORYSI	42.927	813	98	0.0	627	sp|A2XQD3|LERK2_ORYSI G-type lectin S-receptor-like serine/threonine-protein kinase LECRK2 OS=Oryza sativa subsp. indica OX=39946 GN=LECRK2 PE=2 SV=1	0	N/A	N/A
g30395	sp|Q25AG3|LERK3_ORYSI	43.108	798	97	0.0	623	sp|Q25AG3|LERK3_ORYSI G-type lectin S-receptor-like serine/threonine-protein kinase LECRK3 OS=Oryza sativa subsp. indica OX=39946 GN=LECRK3 PE=3 SV=2	0	N/A	N/A
g30395	sp|Q0JEU6|LERK3_ORYSJ	43.478	805	97	0.0	623	sp|Q0JEU6|LERK3_ORYSJ G-type lectin S-receptor-like serine/threonine-protein kinase LECRK3 OS=Oryza sativa subsp. japonica OX=39947 GN=LECRK3 PE=3 SV=2	0	N/A	N/A
g30395	sp|Q7FAZ2|LERK2_ORYSJ	42.946	801	97	0.0	622	sp|Q7FAZ2|LERK2_ORYSJ G-type lectin S-receptor-like serine/threonine-protein kinase LECRK2 OS=Oryza sativa subsp. japonica OX=39947 GN=LECRK2 PE=3 SV=1	0	N/A	N/A
g30396	sp|Q8S944|DRP3A_ARATH	58.654	104	41	1.69e-24	103	sp|Q8S944|DRP3A_ARATH Dynamin-related protein 3A OS=Arabidopsis thaliana OX=3702 GN=DRP3A PE=1 SV=2	0	N/A	N/A
g30396	sp|Q8LFT2|DRP3B_ARATH	56.731	104	41	6.90e-23	99.4	sp|Q8LFT2|DRP3B_ARATH Dynamin-related protein 3B OS=Arabidopsis thaliana OX=3702 GN=DRP3B PE=1 SV=2	0	N/A	N/A
g30396	sp|P50570|DYN2_HUMAN	50.000	56	26	2.88e-07	53.9	sp|P50570|DYN2_HUMAN Dynamin-2 OS=Homo sapiens OX=9606 GN=DNM2 PE=1 SV=2	0	N/A	N/A
g30396	sp|P39054|DYN2_MOUSE	50.000	56	26	3.01e-07	53.9	sp|P39054|DYN2_MOUSE Dynamin-2 OS=Mus musculus OX=10090 GN=Dnm2 PE=1 SV=2	0	N/A	N/A
g30396	sp|A6H7I5|DYN2_BOVIN	50.000	56	26	3.04e-07	53.9	sp|A6H7I5|DYN2_BOVIN Dynamin-2 OS=Bos taurus OX=9913 GN=DNM2 PE=2 SV=1	0	N/A	N/A
g30397	sp|Q0JEU6|LERK3_ORYSJ	45.718	794	96	0.0	675	sp|Q0JEU6|LERK3_ORYSJ G-type lectin S-receptor-like serine/threonine-protein kinase LECRK3 OS=Oryza sativa subsp. japonica OX=39947 GN=LECRK3 PE=3 SV=2	0	N/A	N/A
g30397	sp|Q25AG3|LERK3_ORYSI	45.466	794	96	0.0	675	sp|Q25AG3|LERK3_ORYSI G-type lectin S-receptor-like serine/threonine-protein kinase LECRK3 OS=Oryza sativa subsp. indica OX=39946 GN=LECRK3 PE=3 SV=2	0	N/A	N/A
g30397	sp|A2XQD3|LERK2_ORYSI	45.197	812	98	0.0	672	sp|A2XQD3|LERK2_ORYSI G-type lectin S-receptor-like serine/threonine-protein kinase LECRK2 OS=Oryza sativa subsp. indica OX=39946 GN=LECRK2 PE=2 SV=1	0	N/A	N/A
g30397	sp|Q7FAZ2|LERK2_ORYSJ	45.603	796	96	0.0	668	sp|Q7FAZ2|LERK2_ORYSJ G-type lectin S-receptor-like serine/threonine-protein kinase LECRK2 OS=Oryza sativa subsp. japonica OX=39947 GN=LECRK2 PE=3 SV=1	0	N/A	N/A
g30397	sp|Q39202|RLK1_ARATH	45.838	829	99	0.0	666	sp|Q39202|RLK1_ARATH G-type lectin S-receptor-like serine/threonine-protein kinase RLK1 OS=Arabidopsis thaliana OX=3702 GN=RLK1 PE=2 SV=2	0	N/A	N/A
g30401	sp|O24370|LOX21_SOLTU	65.705	901	96	0.0	1219	sp|O24370|LOX21_SOLTU Linoleate 13S-lipoxygenase 2-1, chloroplastic OS=Solanum tuberosum OX=4113 GN=LOX2.1 PE=1 SV=1	0	N/A	N/A
g30401	sp|R9WS04|LOX2_TANCI	62.528	878	94	0.0	1128	sp|R9WS04|LOX2_TANCI Lipoxygenase 2, chloroplastic OS=Tanacetum cinerariifolium OX=118510 GN=LOX2 PE=2 SV=1	0	N/A	N/A
g30401	sp|P38418|LOX2_ARATH	56.243	889	96	0.0	1018	sp|P38418|LOX2_ARATH Lipoxygenase 2, chloroplastic OS=Arabidopsis thaliana OX=3702 GN=LOX2 PE=1 SV=1	0	N/A	N/A
g30401	sp|Q8GSM2|LOX23_HORVU	56.597	864	93	0.0	1001	sp|Q8GSM2|LOX23_HORVU Lipoxygenase 2.3, chloroplastic OS=Hordeum vulgare OX=4513 GN=LOX2.3 PE=1 SV=1	0	N/A	N/A
g30401	sp|Q84YK8|LOXC2_ORYSJ	56.434	847	90	0.0	957	sp|Q84YK8|LOXC2_ORYSJ Probable lipoxygenase 8, chloroplastic OS=Oryza sativa subsp. japonica OX=39947 GN=CM-LOX2 PE=2 SV=1	0	N/A	N/A
g30403	sp|O24370|LOX21_SOLTU	68.726	793	99	0.0	1160	sp|O24370|LOX21_SOLTU Linoleate 13S-lipoxygenase 2-1, chloroplastic OS=Solanum tuberosum OX=4113 GN=LOX2.1 PE=1 SV=1	0	N/A	N/A
g30403	sp|R9WS04|LOX2_TANCI	65.113	794	100	0.0	1088	sp|R9WS04|LOX2_TANCI Lipoxygenase 2, chloroplastic OS=Tanacetum cinerariifolium OX=118510 GN=LOX2 PE=2 SV=1	0	N/A	N/A
g30403	sp|Q8GSM2|LOX23_HORVU	58.994	795	99	0.0	979	sp|Q8GSM2|LOX23_HORVU Lipoxygenase 2.3, chloroplastic OS=Hordeum vulgare OX=4513 GN=LOX2.3 PE=1 SV=1	0	N/A	N/A
g30403	sp|P38418|LOX2_ARATH	59.848	787	99	0.0	977	sp|P38418|LOX2_ARATH Lipoxygenase 2, chloroplastic OS=Arabidopsis thaliana OX=3702 GN=LOX2 PE=1 SV=1	0	N/A	N/A
g30403	sp|Q84YK8|LOXC2_ORYSJ	56.328	806	99	0.0	917	sp|Q84YK8|LOXC2_ORYSJ Probable lipoxygenase 8, chloroplastic OS=Oryza sativa subsp. japonica OX=39947 GN=CM-LOX2 PE=2 SV=1	0	N/A	N/A
g30404	sp|O24370|LOX21_SOLTU	39.007	141	94	8.43e-12	64.7	sp|O24370|LOX21_SOLTU Linoleate 13S-lipoxygenase 2-1, chloroplastic OS=Solanum tuberosum OX=4113 GN=LOX2.1 PE=1 SV=1	0	N/A	N/A
g30418	sp|Q6H7M3|HMA4_ORYSJ	67.876	965	99	0.0	1342	sp|Q6H7M3|HMA4_ORYSJ Copper-transporting ATPase HMA4 OS=Oryza sativa subsp. japonica OX=39947 GN=HMA4 PE=1 SV=1	0	N/A	N/A
g30418	sp|Q9SH30|HMA5_ARATH	57.713	927	96	0.0	1079	sp|Q9SH30|HMA5_ARATH Probable copper-transporting ATPase HMA5 OS=Arabidopsis thaliana OX=3702 GN=HMA5 PE=1 SV=2	0	N/A	N/A
g30418	sp|Q9SH30|HMA5_ARATH	31.469	143	96	1.62e-13	79.0	sp|Q9SH30|HMA5_ARATH Probable copper-transporting ATPase HMA5 OS=Arabidopsis thaliana OX=3702 GN=HMA5 PE=1 SV=2	0	N/A	N/A
g30418	sp|Q9SH30|HMA5_ARATH	29.114	158	96	5.13e-11	70.9	sp|Q9SH30|HMA5_ARATH Probable copper-transporting ATPase HMA5 OS=Arabidopsis thaliana OX=3702 GN=HMA5 PE=1 SV=2	0	N/A	N/A
g30418	sp|A3AWA4|HMA5_ORYSJ	55.269	930	96	0.0	1050	sp|A3AWA4|HMA5_ORYSJ Copper-transporting ATPase HMA5 OS=Oryza sativa subsp. japonica OX=39947 GN=HMA5 PE=2 SV=1	0	N/A	N/A
g30418	sp|A3AWA4|HMA5_ORYSJ	27.500	160	96	1.49e-08	62.8	sp|A3AWA4|HMA5_ORYSJ Copper-transporting ATPase HMA5 OS=Oryza sativa subsp. japonica OX=39947 GN=HMA5 PE=2 SV=1	0	N/A	N/A
g30418	sp|Q9S7J8|HMA7_ARATH	48.121	958	98	0.0	857	sp|Q9S7J8|HMA7_ARATH Copper-transporting ATPase RAN1 OS=Arabidopsis thaliana OX=3702 GN=RAN1 PE=1 SV=1	0	N/A	N/A
g30418	sp|A0A0P0X004|HMA9_ORYSJ	47.302	945	96	0.0	823	sp|A0A0P0X004|HMA9_ORYSJ Cation-transporting ATPase HMA5 OS=Oryza sativa subsp. japonica OX=39947 GN=HMA9 PE=2 SV=1	0	N/A	N/A
g30418	sp|A0A0P0X004|HMA9_ORYSJ	28.889	135	96	8.54e-12	73.2	sp|A0A0P0X004|HMA9_ORYSJ Cation-transporting ATPase HMA5 OS=Oryza sativa subsp. japonica OX=39947 GN=HMA9 PE=2 SV=1	0	N/A	N/A
g30418	sp|A0A0P0X004|HMA9_ORYSJ	25.333	150	96	2.98e-09	65.1	sp|A0A0P0X004|HMA9_ORYSJ Cation-transporting ATPase HMA5 OS=Oryza sativa subsp. japonica OX=39947 GN=HMA9 PE=2 SV=1	0	N/A	N/A
g30419	sp|Q39224|SRG1_ARATH	55.866	358	100	3.50e-142	409	sp|Q39224|SRG1_ARATH Protein SRG1 OS=Arabidopsis thaliana OX=3702 GN=SRG1 PE=2 SV=1	0	N/A	N/A
g30419	sp|A0A0B6CGH9|F7ODM_OCIBA	55.301	349	98	1.02e-141	409	sp|A0A0B6CGH9|F7ODM_OCIBA Oxoglutarate-dependent flavonoid 7-O-demethylase 1 OS=Ocimum basilicum OX=39350 GN=F7ODM1 PE=1 SV=1	0	N/A	N/A
g30419	sp|D4N501|DIOX2_PAPSO	52.408	353	97	9.66e-123	360	sp|D4N501|DIOX2_PAPSO Protopine O-dealkylase OS=Papaver somniferum OX=3469 GN=PODA PE=1 SV=1	0	N/A	N/A
g30419	sp|D4N502|DIOX3_PAPSO	50.716	349	97	2.08e-120	354	sp|D4N502|DIOX3_PAPSO Codeine O-demethylase OS=Papaver somniferum OX=3469 GN=CODM PE=1 SV=1	0	N/A	N/A
g30419	sp|D4N500|DIOX1_PAPSO	50.140	357	98	4.86e-119	351	sp|D4N500|DIOX1_PAPSO Thebaine 6-O-demethylase OS=Papaver somniferum OX=3469 GN=T6ODM PE=1 SV=2	0	N/A	N/A
g30420	sp|Q9LRR4|R13L1_ARATH	39.437	852	77	4.28e-174	541	sp|Q9LRR4|R13L1_ARATH Putative disease resistance RPP13-like protein 1 OS=Arabidopsis thaliana OX=3702 GN=RPPL1 PE=3 SV=1	0	N/A	N/A
g30420	sp|Q7XA40|RGA3_SOLBU	35.508	797	74	1.19e-138	446	sp|Q7XA40|RGA3_SOLBU Putative disease resistance protein RGA3 OS=Solanum bulbocastanum OX=147425 GN=RGA3 PE=2 SV=2	0	N/A	N/A
g30420	sp|Q7XA42|RGA1_SOLBU	32.567	1001	87	2.27e-138	445	sp|Q7XA42|RGA1_SOLBU Putative disease resistance protein RGA1 OS=Solanum bulbocastanum OX=147425 GN=RGA1 PE=2 SV=2	0	N/A	N/A
g30420	sp|Q9LRR5|DRL21_ARATH	34.011	935	97	4.31e-138	454	sp|Q9LRR5|DRL21_ARATH Putative disease resistance protein At3g14460 OS=Arabidopsis thaliana OX=3702 GN=At3g14460 PE=3 SV=1	0	N/A	N/A
g30420	sp|Q9LRR5|DRL21_ARATH	27.597	308	97	2.89e-09	65.5	sp|Q9LRR5|DRL21_ARATH Putative disease resistance protein At3g14460 OS=Arabidopsis thaliana OX=3702 GN=At3g14460 PE=3 SV=1	0	N/A	N/A
g30420	sp|Q7XBQ9|RGA2_SOLBU	32.287	988	89	5.79e-137	441	sp|Q7XBQ9|RGA2_SOLBU Disease resistance protein RGA2 OS=Solanum bulbocastanum OX=147425 GN=RGA2 PE=1 SV=1	0	N/A	N/A
g30425	sp|Q9LXV3|DIT1_ARATH	81.481	567	100	0.0	887	sp|Q9LXV3|DIT1_ARATH Dicarboxylate transporter 1, chloroplastic OS=Arabidopsis thaliana OX=3702 GN=DIT1 PE=1 SV=1	0	N/A	N/A
g30425	sp|Q41364|DIT1_SPIOL	78.131	567	99	0.0	839	sp|Q41364|DIT1_SPIOL Dicarboxylate transporter 1, chloroplastic OS=Spinacia oleracea OX=3562 GN=DIT1 PE=1 SV=1	0	N/A	N/A
g30425	sp|O34726|YFLS_BACSU	53.879	464	84	7.39e-174	503	sp|O34726|YFLS_BACSU Putative malate transporter YflS OS=Bacillus subtilis (strain 168) OX=224308 GN=yflS PE=2 SV=1	0	N/A	N/A
g30425	sp|Q9FMF7|DIT21_ARATH	48.188	552	99	5.31e-164	481	sp|Q9FMF7|DIT21_ARATH Dicarboxylate transporter 2.1, chloroplastic OS=Arabidopsis thaliana OX=3702 GN=DIT2-1 PE=1 SV=1	0	N/A	N/A
g30425	sp|Q8L7Z9|DIT2_SPIOL	50.531	471	85	1.30e-149	444	sp|Q8L7Z9|DIT2_SPIOL Dicarboxylate transporter 2, chloroplastic OS=Spinacia oleracea OX=3562 GN=DIT2 PE=1 SV=1	0	N/A	N/A
g30426	sp|Q9SYD6|DTX42_ARATH	71.888	498	97	0.0	674	sp|Q9SYD6|DTX42_ARATH Protein DETOXIFICATION 42 OS=Arabidopsis thaliana OX=3702 GN=DTX42 PE=2 SV=2	0	N/A	N/A
g30426	sp|Q9SFB0|DTX43_ARATH	60.317	504	97	0.0	564	sp|Q9SFB0|DTX43_ARATH Protein DETOXIFICATION 43 OS=Arabidopsis thaliana OX=3702 GN=DTX43 PE=1 SV=1	0	N/A	N/A
g30426	sp|Q84K71|DTX44_ARATH	47.146	473	94	1.94e-128	386	sp|Q84K71|DTX44_ARATH Protein DETOXIFICATION 44, chloroplastic OS=Arabidopsis thaliana OX=3702 GN=DTX44 PE=2 SV=1	0	N/A	N/A
g30426	sp|Q9SVE7|DTX45_ARATH	41.897	506	99	1.34e-127	385	sp|Q9SVE7|DTX45_ARATH Protein DETOXIFICATION 45, chloroplastic OS=Arabidopsis thaliana OX=3702 GN=DTX45 PE=2 SV=2	0	N/A	N/A
g30426	sp|Q8W4G3|DTX46_ARATH	24.524	473	92	2.98e-17	88.2	sp|Q8W4G3|DTX46_ARATH Protein DETOXIFICATION 46, chloroplastic OS=Arabidopsis thaliana OX=3702 GN=DTX46 PE=2 SV=1	0	N/A	N/A
g30427	sp|Q8L9X2|RBCX2_ARATH	55.122	205	95	9.52e-75	227	sp|Q8L9X2|RBCX2_ARATH Chaperonin-like RbcX protein 2, chloroplastic OS=Arabidopsis thaliana OX=3702 GN=RBCX2 PE=1 SV=1	0	N/A	N/A
g30427	sp|Q8DIS6|RBCX_THEVB	35.385	65	32	9.79e-08	52.4	sp|Q8DIS6|RBCX_THEVB RuBisCO chaperone RbcX OS=Thermosynechococcus vestitus (strain NIES-2133 / IAM M-273 / BP-1) OX=197221 GN=rbcX PE=1 SV=1	0	N/A	N/A
g30427	sp|Q94AU9|RBCX1_ARATH	33.913	115	52	1.09e-06	50.4	sp|Q94AU9|RBCX1_ARATH Chaperonin-like RBCX protein 1, chloroplastic OS=Arabidopsis thaliana OX=3702 GN=RBCX1 PE=1 SV=1	0	N/A	N/A
g30427	sp|Q44212|RBCX_ANASC	35.714	70	34	4.08e-06	48.1	sp|Q44212|RBCX_ANASC RuBisCO chaperone RbcX OS=Anabaena sp. (strain CA / ATCC 33047) OX=52271 GN=rbcX PE=1 SV=1	0	N/A	N/A
g30428	sp|Q680Q4|SIZ1_ARATH	60.000	880	98	0.0	1012	sp|Q680Q4|SIZ1_ARATH E3 SUMO-protein ligase SIZ1 OS=Arabidopsis thaliana OX=3702 GN=SIZ1 PE=1 SV=2	0	N/A	N/A
g30428	sp|Q6L4L4|SIZ1_ORYSJ	51.609	901	99	0.0	847	sp|Q6L4L4|SIZ1_ORYSJ E3 SUMO-protein ligase SIZ1 OS=Oryza sativa subsp. japonica OX=39947 GN=SIZ1 PE=1 SV=1	0	N/A	N/A
g30428	sp|Q6ASW7|SIZ2_ORYSJ	47.593	727	80	0.0	657	sp|Q6ASW7|SIZ2_ORYSJ E3 SUMO-protein ligase SIZ2 OS=Oryza sativa subsp. japonica OX=39947 GN=SIZ2 PE=2 SV=1	0	N/A	N/A
g30428	sp|Q8CIE2|ZMIZ2_MOUSE	26.190	252	27	7.28e-20	99.0	sp|Q8CIE2|ZMIZ2_MOUSE Zinc finger MIZ domain-containing protein 2 OS=Mus musculus OX=10090 GN=Zmiz2 PE=1 SV=2	0	N/A	N/A
g30428	sp|Q8NF64|ZMIZ2_HUMAN	26.190	252	27	1.32e-19	98.2	sp|Q8NF64|ZMIZ2_HUMAN Zinc finger MIZ domain-containing protein 2 OS=Homo sapiens OX=9606 GN=ZMIZ2 PE=1 SV=2	0	N/A	N/A
g30432	sp|Q944L3|IDD9_ARATH	47.454	432	87	8.35e-117	353	sp|Q944L3|IDD9_ARATH Zinc finger protein BALDIBIS OS=Arabidopsis thaliana OX=3702 GN=BIB PE=1 SV=1	0	N/A	N/A
g30432	sp|Q700D2|IDD10_ARATH	82.051	195	40	6.98e-114	347	sp|Q700D2|IDD10_ARATH Zinc finger protein JACKDAW OS=Arabidopsis thaliana OX=3702 GN=JKD PE=1 SV=1	0	N/A	N/A
g30432	sp|Q9SCQ6|IDD2_ARATH	82.759	174	36	5.60e-108	331	sp|Q9SCQ6|IDD2_ARATH Zinc finger protein GAI-ASSOCIATED FACTOR 1 OS=Arabidopsis thaliana OX=3702 GN=GAF1 PE=1 SV=1	0	N/A	N/A
g30432	sp|Q8H1F5|IDD7_ARATH	76.923	182	38	1.94e-105	324	sp|Q8H1F5|IDD7_ARATH Protein indeterminate-domain 7 OS=Arabidopsis thaliana OX=3702 GN=IDD7 PE=2 SV=1	0	N/A	N/A
g30432	sp|Q9LRW7|IDD11_ARATH	83.929	168	35	2.13e-104	323	sp|Q9LRW7|IDD11_ARATH Protein indeterminate-domain 11 OS=Arabidopsis thaliana OX=3702 GN=IDD11 PE=2 SV=1	0	N/A	N/A
g30436	sp|Q9AT54|SCGT_TOBAC	50.630	476	99	7.39e-169	486	sp|Q9AT54|SCGT_TOBAC Scopoletin glucosyltransferase OS=Nicotiana tabacum OX=4097 GN=TOGT1 PE=1 SV=1	0	N/A	N/A
g30436	sp|Q8H0F2|ANGT_GENTR	46.555	479	99	3.96e-147	431	sp|Q8H0F2|ANGT_GENTR Anthocyanin 3'-O-beta-glucosyltransferase OS=Gentiana triflora OX=55190 PE=1 SV=1	0	N/A	N/A
g30436	sp|Q6QDB6|U73B6_RHOSK	47.468	474	98	2.73e-144	424	sp|Q6QDB6|U73B6_RHOSK Probable UDP-glucosyl transferase 73B6 OS=Rhodiola sachalinensis OX=265354 GN=UGT73B6 PE=2 SV=1	0	N/A	N/A
g30436	sp|Q8W491|U73B3_ARATH	44.770	478	98	1.07e-141	417	sp|Q8W491|U73B3_ARATH UDP-glycosyltransferase 73B3 OS=Arabidopsis thaliana OX=3702 GN=UGT73B3 PE=2 SV=1	0	N/A	N/A
g30436	sp|Q2V6J9|UFOG7_FRAAN	45.135	483	99	3.04e-138	409	sp|Q2V6J9|UFOG7_FRAAN UDP-glucose flavonoid 3-O-glucosyltransferase 7 OS=Fragaria ananassa OX=3747 GN=GT7 PE=1 SV=1	0	N/A	N/A
g30437	sp|Q8LAD0|PDX2_ARATH	68.679	265	100	1.46e-126	362	sp|Q8LAD0|PDX2_ARATH Probable pyridoxal 5'-phosphate synthase subunit PDX2 OS=Arabidopsis thaliana OX=3702 GN=PDX2 PE=1 SV=1	0	N/A	N/A
g30437	sp|Q2RMI9|PDXT_MOOTA	47.685	216	85	3.14e-57	183	sp|Q2RMI9|PDXT_MOOTA Pyridoxal 5'-phosphate synthase subunit PdxT OS=Moorella thermoacetica (strain ATCC 39073 / JCM 9320) OX=264732 GN=pdxT PE=3 SV=1	0	N/A	N/A
g30437	sp|A0LUK9|PDXT_ACIC1	47.511	221	87	3.05e-55	179	sp|A0LUK9|PDXT_ACIC1 Pyridoxal 5'-phosphate synthase subunit PdxT OS=Acidothermus cellulolyticus (strain ATCC 43068 / DSM 8971 / 11B) OX=351607 GN=pdxT PE=3 SV=1	0	N/A	N/A
g30437	sp|Q3Z8V9|PDXT_DEHM1	46.575	219	86	5.91e-55	178	sp|Q3Z8V9|PDXT_DEHM1 Pyridoxal 5'-phosphate synthase subunit PdxT OS=Dehalococcoides mccartyi (strain ATCC BAA-2266 / KCTC 15142 / 195) OX=243164 GN=pdxT PE=3 SV=1	0	N/A	N/A
g30437	sp|Q5WKW1|PDXT_SHOC1	45.662	219	86	2.45e-54	176	sp|Q5WKW1|PDXT_SHOC1 Pyridoxal 5'-phosphate synthase subunit PdxT OS=Shouchella clausii (strain KSM-K16) OX=66692 GN=pdxT PE=3 SV=1	0	N/A	N/A
g30455	sp|Q9LRR4|R13L1_ARATH	37.989	716	98	3.20e-141	444	sp|Q9LRR4|R13L1_ARATH Putative disease resistance RPP13-like protein 1 OS=Arabidopsis thaliana OX=3702 GN=RPPL1 PE=3 SV=1	0	N/A	N/A
g30455	sp|Q7XBQ9|RGA2_SOLBU	35.452	708	97	6.82e-118	380	sp|Q7XBQ9|RGA2_SOLBU Disease resistance protein RGA2 OS=Solanum bulbocastanum OX=147425 GN=RGA2 PE=1 SV=1	0	N/A	N/A
g30455	sp|Q7XA40|RGA3_SOLBU	34.771	719	97	4.85e-113	367	sp|Q7XA40|RGA3_SOLBU Putative disease resistance protein RGA3 OS=Solanum bulbocastanum OX=147425 GN=RGA3 PE=2 SV=2	0	N/A	N/A
g30455	sp|Q7XA42|RGA1_SOLBU	34.081	713	97	9.55e-110	358	sp|Q7XA42|RGA1_SOLBU Putative disease resistance protein RGA1 OS=Solanum bulbocastanum OX=147425 GN=RGA1 PE=2 SV=2	0	N/A	N/A
g30455	sp|Q7XA39|RGA4_SOLBU	34.133	709	97	1.65e-106	350	sp|Q7XA39|RGA4_SOLBU Putative disease resistance protein RGA4 OS=Solanum bulbocastanum OX=147425 GN=RGA4 PE=2 SV=1	0	N/A	N/A
g30456	sp|Q944P7|AMPL2_ARATH	58.120	117	59	1.61e-36	135	sp|Q944P7|AMPL2_ARATH Leucine aminopeptidase 2, chloroplastic OS=Arabidopsis thaliana OX=3702 GN=LAP2 PE=2 SV=2	0	N/A	N/A
g30456	sp|Q42876|AMPLN_SOLLC	58.120	117	59	9.87e-36	133	sp|Q42876|AMPLN_SOLLC Neutral leucine aminopeptidase, chloroplastic OS=Solanum lycopersicum OX=4081 GN=LapN PE=1 SV=1	0	N/A	N/A
g30456	sp|Q8RX72|AMPL3_ARATH	55.556	117	59	1.00e-33	127	sp|Q8RX72|AMPL3_ARATH Leucine aminopeptidase 3, chloroplastic OS=Arabidopsis thaliana OX=3702 GN=LAP3 PE=2 SV=1	0	N/A	N/A
g30456	sp|P31427|AMPL_SOLTU	51.724	116	57	2.38e-32	124	sp|P31427|AMPL_SOLTU Leucine aminopeptidase, chloroplastic OS=Solanum tuberosum OX=4113 GN=LAP PE=2 SV=2	0	N/A	N/A
g30456	sp|P30184|AMPL1_ARATH	52.137	117	59	2.40e-32	123	sp|P30184|AMPL1_ARATH Leucine aminopeptidase 1 OS=Arabidopsis thaliana OX=3702 GN=LAP1 PE=1 SV=1	0	N/A	N/A
g30457	sp|F4JSE7|EDR2_ARATH	30.844	723	98	3.42e-103	333	sp|F4JSE7|EDR2_ARATH Protein ENHANCED DISEASE RESISTANCE 2 OS=Arabidopsis thaliana OX=3702 GN=EDR2 PE=2 SV=1	0	N/A	N/A
g30457	sp|Q8VZF6|EDR2L_ARATH	30.919	718	98	6.93e-102	330	sp|Q8VZF6|EDR2L_ARATH Protein ENHANCED DISEASE RESISTANCE 2-like OS=Arabidopsis thaliana OX=3702 GN=EDR2L PE=2 SV=1	0	N/A	N/A
g30458	sp|Q9SCP9|VP371_ARATH	63.877	227	99	7.21e-90	266	sp|Q9SCP9|VP371_ARATH Vacuolar protein-sorting-associated protein 37 homolog 1 OS=Arabidopsis thaliana OX=3702 GN=VPS37-1 PE=1 SV=1	0	N/A	N/A
g30458	sp|Q3EBL9|VP372_ARATH	63.043	230	100	2.00e-89	265	sp|Q3EBL9|VP372_ARATH Vacuolar protein-sorting-associated protein 37 homolog 2 OS=Arabidopsis thaliana OX=3702 GN=VPS37-2 PE=1 SV=1	0	N/A	N/A
g30458	sp|Q8R105|VP37C_MOUSE	31.788	151	63	6.31e-08	55.8	sp|Q8R105|VP37C_MOUSE Vacuolar protein sorting-associated protein 37C OS=Mus musculus OX=10090 GN=Vps37c PE=1 SV=1	0	N/A	N/A
g30458	sp|A5D8V6|VP37C_HUMAN	29.861	144	63	1.78e-07	54.3	sp|A5D8V6|VP37C_HUMAN Vacuolar protein sorting-associated protein 37C OS=Homo sapiens OX=9606 GN=VPS37C PE=1 SV=2	0	N/A	N/A
g30458	sp|Q5R9T2|VP37C_PONAB	31.788	151	63	1.23e-06	52.0	sp|Q5R9T2|VP37C_PONAB Vacuolar protein sorting-associated protein 37C OS=Pongo abelii OX=9601 GN=VPS37C PE=2 SV=1	0	N/A	N/A
g30459	sp|Q9M658|MOM1_ARATH	37.825	653	37	4.62e-102	370	sp|Q9M658|MOM1_ARATH Helicase protein MOM1 OS=Arabidopsis thaliana OX=3702 GN=MOM1 PE=1 SV=1	0	N/A	N/A
g30459	sp|Q9M658|MOM1_ARATH	29.643	280	37	2.06e-09	67.4	sp|Q9M658|MOM1_ARATH Helicase protein MOM1 OS=Arabidopsis thaliana OX=3702 GN=MOM1 PE=1 SV=1	0	N/A	N/A
g30459	sp|F4KBP5|CHR4_ARATH	33.083	266	11	1.07e-34	150	sp|F4KBP5|CHR4_ARATH Protein CHROMATIN REMODELING 4 OS=Arabidopsis thaliana OX=3702 GN=CHR4 PE=2 SV=1	0	N/A	N/A
g30459	sp|A2AJK6|CHD7_MOUSE	30.556	252	10	6.38e-25	118	sp|A2AJK6|CHD7_MOUSE Chromodomain-helicase-DNA-binding protein 7 OS=Mus musculus OX=10090 GN=Chd7 PE=1 SV=1	0	N/A	N/A
g30459	sp|Q9P2D1|CHD7_HUMAN	30.556	252	10	6.38e-25	118	sp|Q9P2D1|CHD7_HUMAN Chromodomain-helicase-DNA-binding protein 7 OS=Homo sapiens OX=9606 GN=CHD7 PE=1 SV=3	0	N/A	N/A
g30459	sp|Q06A37|CHD7_CHICK	30.159	252	10	1.89e-24	117	sp|Q06A37|CHD7_CHICK Chromodomain-helicase-DNA-binding protein 7 OS=Gallus gallus OX=9031 GN=CHD7 PE=2 SV=1	0	N/A	N/A
g30460	sp|Q9M658|MOM1_ARATH	35.177	651	44	1.92e-97	354	sp|Q9M658|MOM1_ARATH Helicase protein MOM1 OS=Arabidopsis thaliana OX=3702 GN=MOM1 PE=1 SV=1	0	N/A	N/A
g30460	sp|Q9M658|MOM1_ARATH	30.180	222	44	2.44e-06	56.6	sp|Q9M658|MOM1_ARATH Helicase protein MOM1 OS=Arabidopsis thaliana OX=3702 GN=MOM1 PE=1 SV=1	0	N/A	N/A
g30460	sp|F4KBP5|CHR4_ARATH	33.208	265	14	6.19e-35	150	sp|F4KBP5|CHR4_ARATH Protein CHROMATIN REMODELING 4 OS=Arabidopsis thaliana OX=3702 GN=CHR4 PE=2 SV=1	0	N/A	N/A
g30460	sp|Q91ZW3|SMCA5_MOUSE	32.510	243	13	9.19e-24	113	sp|Q91ZW3|SMCA5_MOUSE SWI/SNF-related matrix-associated actin-dependent regulator of chromatin subfamily A member 5 OS=Mus musculus OX=10090 GN=Smarca5 PE=1 SV=1	0	N/A	N/A
g30460	sp|O60264|SMCA5_HUMAN	32.510	243	13	9.44e-24	113	sp|O60264|SMCA5_HUMAN SWI/SNF-related matrix-associated actin-dependent regulator of chromatin subfamily A member 5 OS=Homo sapiens OX=9606 GN=SMARCA5 PE=1 SV=1	0	N/A	N/A
g30460	sp|O97159|CHDM_DROME	27.885	312	16	3.35e-23	112	sp|O97159|CHDM_DROME Chromodomain-helicase-DNA-binding protein Mi-2 homolog OS=Drosophila melanogaster OX=7227 GN=Mi-2 PE=1 SV=2	0	N/A	N/A
g30464	sp|Q8L817|ATCA7_ARATH	56.870	262	94	1.31e-111	326	sp|Q8L817|ATCA7_ARATH Alpha carbonic anhydrase 7 OS=Arabidopsis thaliana OX=3702 GN=ACA7 PE=2 SV=1	0	N/A	N/A
g30464	sp|Q84UV8|NEC3_NICLS	54.331	254	92	4.16e-98	291	sp|Q84UV8|NEC3_NICLS Bifunctional monodehydroascorbate reductase and carbonic anhydrase nectarin-3 OS=Nicotiana langsdorffii x Nicotiana sanderae OX=164110 GN=NEC3 PE=1 SV=1	0	N/A	N/A
g30464	sp|F4IHR4|ATCA2_ARATH	58.079	229	83	1.23e-94	281	sp|F4IHR4|ATCA2_ARATH Alpha carbonic anhydrase 2 OS=Arabidopsis thaliana OX=3702 GN=ACA2 PE=2 SV=2	0	N/A	N/A
g30464	sp|F4HUC4|ATCA5_ARATH	48.689	267	95	7.82e-92	275	sp|F4HUC4|ATCA5_ARATH Alpha carbonic anhydrase 5 OS=Arabidopsis thaliana OX=3702 GN=ACA5 PE=3 SV=1	0	N/A	N/A
g30464	sp|Q9FM99|ATCA8_ARATH	50.206	243	88	2.78e-86	265	sp|Q9FM99|ATCA8_ARATH Alpha carbonic anhydrase 8 OS=Arabidopsis thaliana OX=3702 GN=ACA8 PE=3 SV=3	0	N/A	N/A
g30468	sp|Q9FJH9|LPAH1_ARATH	61.580	747	96	0.0	813	sp|Q9FJH9|LPAH1_ARATH P-loop NTPase domain-containing protein LPA1 homolog 1 OS=Arabidopsis thaliana OX=3702 GN=At5g60760 PE=2 SV=1	0	N/A	N/A
g30468	sp|Q93ZS1|LPAH2_ARATH	60.749	721	96	0.0	805	sp|Q93ZS1|LPAH2_ARATH P-loop NTPase domain-containing protein LPA1 homolog 2 OS=Arabidopsis thaliana OX=3702 GN=At3g45090 PE=2 SV=1	0	N/A	N/A
g30468	sp|B9F4I8|LPA1_ORYSJ	64.363	651	86	0.0	799	sp|B9F4I8|LPA1_ORYSJ P-loop NTPase domain-containing protein LPA1 OS=Oryza sativa subsp. japonica OX=39947 GN=LPA1 PE=2 SV=1	0	N/A	N/A
g30468	sp|Q651A1|LPA1H_ORYSJ	59.535	645	86	0.0	719	sp|Q651A1|LPA1H_ORYSJ P-loop NTPase domain-containing protein LPA1 homolog OS=Oryza sativa subsp. japonica OX=39947 GN=Os09g0572200 PE=3 SV=1	0	N/A	N/A
g30468	sp|Q8T1P1|Y3453_DICDI	39.583	432	59	2.94e-95	317	sp|Q8T1P1|Y3453_DICDI Uncharacterized protein DDB_G0273453/DDB_G0273565 OS=Dictyostelium discoideum OX=44689 GN=DDB_G0273453 PE=4 SV=2	0	N/A	N/A
g30509	sp|Q8VZ13|Y1816_ARATH	26.974	152	74	3.96e-18	82.0	sp|Q8VZ13|Y1816_ARATH Uncharacterized protein At1g08160 OS=Arabidopsis thaliana OX=3702 GN=At1g08160 PE=2 SV=1	0	N/A	N/A
g30509	sp|Q9FI03|NHL26_ARATH	24.359	156	75	9.27e-15	73.2	sp|Q9FI03|NHL26_ARATH NDR1/HIN1-like protein 26 OS=Arabidopsis thaliana OX=3702 GN=NHL26 PE=2 SV=1	0	N/A	N/A
g30509	sp|Q9ZVD2|NHL13_ARATH	25.134	187	91	2.25e-14	72.8	sp|Q9ZVD2|NHL13_ARATH NDR1/HIN1-like protein 13 OS=Arabidopsis thaliana OX=3702 GN=NHL13 PE=2 SV=1	0	N/A	N/A
g30509	sp|Q9SRN0|NHL1_ARATH	22.105	190	91	8.44e-14	70.5	sp|Q9SRN0|NHL1_ARATH NDR1/HIN1-like protein 1 OS=Arabidopsis thaliana OX=3702 GN=NHL1 PE=2 SV=1	0	N/A	N/A
g30509	sp|Q9FNH6|NHL3_ARATH	26.562	192	90	1.92e-11	64.3	sp|Q9FNH6|NHL3_ARATH NDR1/HIN1-like protein 3 OS=Arabidopsis thaliana OX=3702 GN=NHL3 PE=1 SV=1	0	N/A	N/A
g30511	sp|Q5RBU7|PCP_PONAB	38.046	481	92	6.32e-106	328	sp|Q5RBU7|PCP_PONAB Lysosomal Pro-X carboxypeptidase OS=Pongo abelii OX=9601 GN=PRCP PE=2 SV=1	0	N/A	N/A
g30511	sp|P42785|PCP_HUMAN	37.838	481	92	4.30e-105	325	sp|P42785|PCP_HUMAN Lysosomal Pro-X carboxypeptidase OS=Homo sapiens OX=9606 GN=PRCP PE=1 SV=1	0	N/A	N/A
g30511	sp|Q7TMR0|PCP_MOUSE	38.085	470	90	1.80e-101	316	sp|Q7TMR0|PCP_MOUSE Lysosomal Pro-X carboxypeptidase OS=Mus musculus OX=10090 GN=Prcp PE=1 SV=2	0	N/A	N/A
g30511	sp|Q2TA14|PCP_BOVIN	37.500	496	93	6.64e-100	312	sp|Q2TA14|PCP_BOVIN Lysosomal Pro-X carboxypeptidase OS=Bos taurus OX=9913 GN=PRCP PE=2 SV=1	0	N/A	N/A
g30511	sp|Q9UHL4|DPP2_HUMAN	33.261	463	87	5.81e-74	245	sp|Q9UHL4|DPP2_HUMAN Dipeptidyl peptidase 2 OS=Homo sapiens OX=9606 GN=DPP7 PE=1 SV=3	0	N/A	N/A
g30714	sp|Q8VZC0|UXS1_ARATH	72.603	438	99	0.0	617	sp|Q8VZC0|UXS1_ARATH UDP-glucuronic acid decarboxylase 1 OS=Arabidopsis thaliana OX=3702 GN=UXS1 PE=1 SV=1	0	N/A	N/A
g30714	sp|Q9LZI2|UXS2_ARATH	64.387	424	93	0.0	553	sp|Q9LZI2|UXS2_ARATH UDP-glucuronic acid decarboxylase 2 OS=Arabidopsis thaliana OX=3702 GN=UXS2 PE=1 SV=1	0	N/A	N/A
g30714	sp|Q8S8T4|UXS4_ARATH	63.409	440	97	0.0	552	sp|Q8S8T4|UXS4_ARATH UDP-glucuronic acid decarboxylase 4 OS=Arabidopsis thaliana OX=3702 GN=UXS4 PE=2 SV=1	0	N/A	N/A
g30714	sp|Q9ZV36|UXS6_ARATH	68.506	308	70	1.62e-152	438	sp|Q9ZV36|UXS6_ARATH UDP-glucuronic acid decarboxylase 6 OS=Arabidopsis thaliana OX=3702 GN=UXS6 PE=2 SV=1	0	N/A	N/A
g30714	sp|Q9SN95|UXS5_ARATH	67.857	308	70	9.15e-152	436	sp|Q9SN95|UXS5_ARATH UDP-glucuronic acid decarboxylase 5 OS=Arabidopsis thaliana OX=3702 GN=UXS5 PE=2 SV=1	0	N/A	N/A
g30718	sp|Q9SF47|PAH1_ARATH	50.377	929	99	0.0	838	sp|Q9SF47|PAH1_ARATH Phosphatidate phosphatase PAH1 OS=Arabidopsis thaliana OX=3702 GN=PAH1 PE=1 SV=1	0	N/A	N/A
g30718	sp|Q9FMN2|PAH2_ARATH	58.738	412	59	4.22e-163	501	sp|Q9FMN2|PAH2_ARATH Phosphatidate phosphatase PAH2 OS=Arabidopsis thaliana OX=3702 GN=PAH2 PE=1 SV=1	0	N/A	N/A
g30718	sp|Q9FMN2|PAH2_ARATH	60.227	88	59	4.33e-30	131	sp|Q9FMN2|PAH2_ARATH Phosphatidate phosphatase PAH2 OS=Arabidopsis thaliana OX=3702 GN=PAH2 PE=1 SV=1	0	N/A	N/A
g30718	sp|Q7TNN8|LPIN3_MUSSP	36.215	428	57	3.52e-77	271	sp|Q7TNN8|LPIN3_MUSSP Phosphatidate phosphatase LPIN3 OS=Mus spretus OX=10096 GN=Lpin3 PE=2 SV=1	0	N/A	N/A
g30718	sp|Q7TNN8|LPIN3_MUSSP	53.731	67	57	1.66e-15	84.7	sp|Q7TNN8|LPIN3_MUSSP Phosphatidate phosphatase LPIN3 OS=Mus spretus OX=10096 GN=Lpin3 PE=2 SV=1	0	N/A	N/A
g30718	sp|Q99PI4|LPIN3_MOUSE	36.215	428	57	6.79e-77	270	sp|Q99PI4|LPIN3_MOUSE Phosphatidate phosphatase LPIN3 OS=Mus musculus OX=10090 GN=Lpin3 PE=1 SV=1	0	N/A	N/A
g30718	sp|Q99PI4|LPIN3_MOUSE	53.731	67	57	1.69e-15	84.7	sp|Q99PI4|LPIN3_MOUSE Phosphatidate phosphatase LPIN3 OS=Mus musculus OX=10090 GN=Lpin3 PE=1 SV=1	0	N/A	N/A
g30718	sp|Q92539|LPIN2_HUMAN	36.547	446	56	1.33e-76	270	sp|Q92539|LPIN2_HUMAN Phosphatidate phosphatase LPIN2 OS=Homo sapiens OX=9606 GN=LPIN2 PE=1 SV=1	0	N/A	N/A
g30718	sp|Q92539|LPIN2_HUMAN	53.125	64	56	4.06e-15	83.6	sp|Q92539|LPIN2_HUMAN Phosphatidate phosphatase LPIN2 OS=Homo sapiens OX=9606 GN=LPIN2 PE=1 SV=1	0	N/A	N/A
g30720	sp|F4JY11|CAND7_ARATH	72.273	440	98	0.0	636	sp|F4JY11|CAND7_ARATH Protein CANDIDATE G-PROTEIN COUPLED RECEPTOR 7 OS=Arabidopsis thaliana OX=3702 GN=CAND7 PE=2 SV=1	0	N/A	N/A
g30720	sp|Q9LZ39|CAND6_ARATH	60.194	412	93	2.65e-175	500	sp|Q9LZ39|CAND6_ARATH Protein CANDIDATE G-PROTEIN COUPLED RECEPTOR 6 OS=Arabidopsis thaliana OX=3702 GN=CAND6 PE=2 SV=1	0	N/A	N/A
g30720	sp|D3ZWZ9|GP107_RAT	43.581	296	66	5.49e-73	242	sp|D3ZWZ9|GP107_RAT Protein GPR107 OS=Rattus norvegicus OX=10116 GN=Gpr107 PE=1 SV=1	0	N/A	N/A
g30720	sp|Q8BUV8|GP107_MOUSE	42.193	301	68	1.95e-72	240	sp|Q8BUV8|GP107_MOUSE Protein GPR107 OS=Mus musculus OX=10090 GN=Gpr107 PE=1 SV=2	0	N/A	N/A
g30720	sp|Q9NPR9|GP108_HUMAN	40.328	305	68	1.24e-66	225	sp|Q9NPR9|GP108_HUMAN Protein GPR108 OS=Homo sapiens OX=9606 GN=GPR108 PE=1 SV=3	0	N/A	N/A
g30721	sp|V5YMB3|DAPB3_PSEMX	31.169	231	33	2.60e-23	108	sp|V5YMB3|DAPB3_PSEMX Dipeptidyl aminopeptidase BIII OS=Pseudoxanthomonas mexicana OX=128785 GN=dapb3 PE=1 SV=1	0	N/A	N/A
g30721	sp|P34422|DPF6_CAEEL	30.040	253	34	4.33e-21	102	sp|P34422|DPF6_CAEEL Dipeptidyl peptidase family member 6 OS=Caenorhabditis elegans OX=6239 GN=dpf-6 PE=3 SV=2	0	N/A	N/A
g30721	sp|Q8R146|ACPH_MOUSE	28.505	214	30	6.35e-17	88.6	sp|Q8R146|ACPH_MOUSE Acylamino-acid-releasing enzyme OS=Mus musculus OX=10090 GN=Apeh PE=1 SV=3	0	N/A	N/A
g30721	sp|P13676|ACPH_RAT	27.897	233	33	1.23e-16	87.8	sp|P13676|ACPH_RAT Acylamino-acid-releasing enzyme OS=Rattus norvegicus OX=10116 GN=Apeh PE=1 SV=1	0	N/A	N/A
g30721	sp|Q84LM4|AARE_ARATH	24.603	252	34	5.62e-16	85.5	sp|Q84LM4|AARE_ARATH Acylamino-acid-releasing enzyme OS=Arabidopsis thaliana OX=3702 GN=AARE PE=1 SV=1	0	N/A	N/A
g30723	sp|Q9FYB7|RSZ32_ARATH	56.291	302	96	2.64e-89	271	sp|Q9FYB7|RSZ32_ARATH Serine/arginine-rich splicing factor RS2Z32 OS=Arabidopsis thaliana OX=3702 GN=RS2Z32 PE=1 SV=1	0	N/A	N/A
g30723	sp|Q8VYA5|RSZ33_ARATH	79.730	148	47	1.81e-83	256	sp|Q8VYA5|RSZ33_ARATH Serine/arginine-rich splicing factor RS2Z33 OS=Arabidopsis thaliana OX=3702 GN=RS2Z33 PE=1 SV=1	0	N/A	N/A
g30723	sp|Q08170|SRSF4_HUMAN	54.286	70	22	7.43e-19	90.1	sp|Q08170|SRSF4_HUMAN Serine/arginine-rich splicing factor 4 OS=Homo sapiens OX=9606 GN=SRSF4 PE=1 SV=2	0	N/A	N/A
g30723	sp|Q8VE97|SRSF4_MOUSE	54.286	70	22	7.82e-19	90.1	sp|Q8VE97|SRSF4_MOUSE Serine/arginine-rich splicing factor 4 OS=Mus musculus OX=10090 GN=Srsf4 PE=2 SV=1	0	N/A	N/A
g30723	sp|Q10021|RSP5_CAEEL	50.000	76	24	1.03e-17	83.2	sp|Q10021|RSP5_CAEEL Probable splicing factor, arginine/serine-rich 5 OS=Caenorhabditis elegans OX=6239 GN=rsp-5 PE=3 SV=3	0	N/A	N/A
g30726	sp|Q10251|IF2P_SCHPO	52.864	611	78	0.0	626	sp|Q10251|IF2P_SCHPO Eukaryotic translation initiation factor 5B OS=Schizosaccharomyces pombe (strain 972 / ATCC 24843) OX=284812 GN=SPAC56F8.03 PE=1 SV=1	0	N/A	N/A
g30726	sp|G0S8G9|IF2P_CHATD	54.561	603	77	0.0	625	sp|G0S8G9|IF2P_CHATD Eukaryotic translation initiation factor 5B OS=Chaetomium thermophilum (strain DSM 1495 / CBS 144.50 / IMI 039719) OX=759272 GN=CTHT_0029840 PE=1 SV=2	0	N/A	N/A
g30726	sp|P39730|IF2P_YEAST	52.640	606	77	0.0	617	sp|P39730|IF2P_YEAST Eukaryotic translation initiation factor 5B OS=Saccharomyces cerevisiae (strain ATCC 204508 / S288c) OX=559292 GN=FUN12 PE=1 SV=2	0	N/A	N/A
g30726	sp|O60841|IF2P_HUMAN	48.777	613	79	0.0	591	sp|O60841|IF2P_HUMAN Eukaryotic translation initiation factor 5B OS=Homo sapiens OX=9606 GN=EIF5B PE=1 SV=4	0	N/A	N/A
g30726	sp|Q05D44|IF2P_MOUSE	48.613	613	79	0.0	589	sp|Q05D44|IF2P_MOUSE Eukaryotic translation initiation factor 5B OS=Mus musculus OX=10090 GN=Eif5b PE=1 SV=2	0	N/A	N/A
g30727	sp|Q6ZHC8|P2C25_ORYSJ	50.432	347	88	2.52e-114	341	sp|Q6ZHC8|P2C25_ORYSJ Probable protein phosphatase 2C 25 OS=Oryza sativa subsp. japonica OX=39947 GN=Os02g0685600 PE=2 SV=1	0	N/A	N/A
g30727	sp|Q7XUC5|P2C43_ORYSJ	47.838	370	94	2.45e-112	336	sp|Q7XUC5|P2C43_ORYSJ Probable protein phosphatase 2C 43 OS=Oryza sativa subsp. japonica OX=39947 GN=Os04g0584300 PE=3 SV=2	0	N/A	N/A
g30727	sp|Q84JD5|P2C68_ARATH	48.851	348	88	4.21e-110	330	sp|Q84JD5|P2C68_ARATH Probable protein phosphatase 2C 68 OS=Arabidopsis thaliana OX=3702 GN=PP2C68 PE=2 SV=1	0	N/A	N/A
g30727	sp|Q9SD12|P2C46_ARATH	45.697	337	84	8.93e-96	293	sp|Q9SD12|P2C46_ARATH Probable protein phosphatase 2C 46 OS=Arabidopsis thaliana OX=3702 GN=PP2C46 PE=1 SV=1	0	N/A	N/A
g30727	sp|Q10S32|P2C28_ORYSJ	46.154	338	85	9.60e-94	289	sp|Q10S32|P2C28_ORYSJ Probable protein phosphatase 2C 28 OS=Oryza sativa subsp. japonica OX=39947 GN=Os03g0137200 PE=2 SV=1	0	N/A	N/A
g30736	sp|O95759|TBCD8_HUMAN	31.902	326	38	7.03e-40	162	sp|O95759|TBCD8_HUMAN TBC1 domain family member 8 OS=Homo sapiens OX=9606 GN=TBC1D8 PE=1 SV=3	0	N/A	N/A
g30736	sp|Q6ZT07|TBCD9_HUMAN	32.390	318	37	1.51e-39	161	sp|Q6ZT07|TBCD9_HUMAN TBC1 domain family member 9 OS=Homo sapiens OX=9606 GN=TBC1D9 PE=1 SV=2	0	N/A	N/A
g30736	sp|Q9Z1A9|TBCD8_MOUSE	31.595	326	38	1.67e-39	161	sp|Q9Z1A9|TBCD8_MOUSE TBC1 domain family member 8 OS=Mus musculus OX=10090 GN=Tbc1d8 PE=1 SV=2	0	N/A	N/A
g30736	sp|Q3UYK3|TBCD9_MOUSE	32.390	318	37	1.96e-39	161	sp|Q3UYK3|TBCD9_MOUSE TBC1 domain family member 9 OS=Mus musculus OX=10090 GN=Tbc1d9 PE=2 SV=2	0	N/A	N/A
g30736	sp|B0R0W9|TBC8B_DANRE	31.667	360	41	3.52e-39	160	sp|B0R0W9|TBC8B_DANRE TBC1 domain family member 8B OS=Danio rerio OX=7955 GN=tbc1d8b PE=1 SV=1	0	N/A	N/A
g30737	sp|Q8L6Z4|RPS9M_ARATH	75.962	208	56	1.65e-110	332	sp|Q8L6Z4|RPS9M_ARATH Small ribosomal subunit protein uS9m OS=Arabidopsis thaliana OX=3702 GN=RPS9M PE=1 SV=1	0	N/A	N/A
g30737	sp|A9IVX6|RS9_BART1	55.944	143	39	2.51e-46	158	sp|A9IVX6|RS9_BART1 Small ribosomal subunit protein uS9 OS=Bartonella tribocorum (strain CIP 105476 / IBS 506) OX=382640 GN=rpsI PE=3 SV=1	0	N/A	N/A
g30737	sp|Q6G3I7|RS9_BARHE	55.172	145	39	1.69e-45	156	sp|Q6G3I7|RS9_BARHE Small ribosomal subunit protein uS9 OS=Bartonella henselae (strain ATCC 49882 / DSM 28221 / CCUG 30454 / Houston 1) OX=283166 GN=rpsI PE=3 SV=1	0	N/A	N/A
g30737	sp|Q57DW2|RS9_BRUAB	52.778	144	39	3.79e-44	152	sp|Q57DW2|RS9_BRUAB Small ribosomal subunit protein uS9 OS=Brucella abortus biovar 1 (strain 9-941) OX=262698 GN=rpsI PE=3 SV=1	0	N/A	N/A
g30737	sp|Q2YND9|RS9_BRUA2	52.778	144	39	3.79e-44	152	sp|Q2YND9|RS9_BRUA2 Small ribosomal subunit protein uS9 OS=Brucella abortus (strain 2308) OX=359391 GN=rpsI PE=3 SV=1	0	N/A	N/A
g30738	sp|Q6E593|BEBT1_PETHY	70.000	450	96	0.0	654	sp|Q6E593|BEBT1_PETHY Benzyl alcohol O-benzoyltransferase OS=Petunia hybrida OX=4102 GN=BEBT1 PE=1 SV=1	0	N/A	N/A
g30738	sp|Q8GT20|BEBT_TOBAC	67.778	450	96	0.0	640	sp|Q8GT20|BEBT_TOBAC Benzyl alcohol O-benzoyltransferase OS=Nicotiana tabacum OX=4097 GN=HSR201 PE=1 SV=1	0	N/A	N/A
g30738	sp|Q8GT21|BEBT_CLABR	60.659	455	97	0.0	568	sp|Q8GT21|BEBT_CLABR Benzyl alcohol O-benzoyltransferase OS=Clarkia breweri OX=36903 PE=1 SV=1	0	N/A	N/A
g30738	sp|Q3ZPN4|ACMAT_VITLA	59.361	438	94	0.0	521	sp|Q3ZPN4|ACMAT_VITLA Methanol O-anthraniloyltransferase OS=Vitis labrusca OX=103355 GN=AMAT PE=1 SV=1	0	N/A	N/A
g30738	sp|A0A498KFL4|ATGSA_MALDO	56.422	436	93	4.99e-179	512	sp|A0A498KFL4|ATGSA_MALDO Alcohol acyl transferase 1 allele GSa OS=Malus domestica OX=3750 GN=AAT1GSA PE=1 SV=1	0	N/A	N/A
g30739	sp|Q9SFU6|CALS9_ARATH	60.000	125	65	5.66e-44	159	sp|Q9SFU6|CALS9_ARATH Callose synthase 9 OS=Arabidopsis thaliana OX=3702 GN=CALS9 PE=2 SV=2	0	N/A	N/A
g30739	sp|Q9SJM0|CALSA_ARATH	51.220	123	64	5.69e-31	122	sp|Q9SJM0|CALSA_ARATH Callose synthase 10 OS=Arabidopsis thaliana OX=3702 GN=CALS10 PE=2 SV=5	0	N/A	N/A
g30739	sp|Q9SHJ3|CALS7_ARATH	40.397	151	91	5.46e-23	99.0	sp|Q9SHJ3|CALS7_ARATH Callose synthase 7 OS=Arabidopsis thaliana OX=3702 GN=CALS7 PE=3 SV=3	0	N/A	N/A
g30739	sp|Q9SHJ3|CALS7_ARATH	75.000	28	91	8.64e-06	48.9	sp|Q9SHJ3|CALS7_ARATH Callose synthase 7 OS=Arabidopsis thaliana OX=3702 GN=CALS7 PE=3 SV=3	0	N/A	N/A
g30739	sp|Q9LXT9|CALS3_ARATH	37.063	143	72	7.57e-23	98.6	sp|Q9LXT9|CALS3_ARATH Callose synthase 3 OS=Arabidopsis thaliana OX=3702 GN=CALS3 PE=3 SV=3	0	N/A	N/A
g30739	sp|Q9AUE0|CALS1_ARATH	33.333	180	88	1.01e-22	98.2	sp|Q9AUE0|CALS1_ARATH Callose synthase 1 OS=Arabidopsis thaliana OX=3702 GN=CALS1 PE=1 SV=2	0	N/A	N/A
g30740	sp|B8AMA9|AP22_ORYSI	59.582	287	67	2.66e-99	305	sp|B8AMA9|AP22_ORYSI APETALA2-like protein 2 OS=Oryza sativa subsp. indica OX=39946 GN=AP2-2 PE=3 SV=1	0	N/A	N/A
g30740	sp|Q84TB5|AP22_ORYSJ	62.547	267	62	1.04e-98	304	sp|Q84TB5|AP22_ORYSJ APETALA2-like protein 2 OS=Oryza sativa subsp. japonica OX=39947 GN=AP2-2 PE=1 SV=1	0	N/A	N/A
g30740	sp|B8AXC3|AP21_ORYSI	59.425	313	71	3.35e-96	300	sp|B8AXC3|AP21_ORYSI APETALA2-like protein 1 OS=Oryza sativa subsp. indica OX=39946 GN=AP2-1 PE=2 SV=2	0	N/A	N/A
g30740	sp|Q2TQ34|AP21_ORYSJ	59.425	313	71	1.33e-95	298	sp|Q2TQ34|AP21_ORYSJ APETALA2-like protein 1 OS=Oryza sativa subsp. japonica OX=39947 GN=AP2-1 PE=1 SV=1	0	N/A	N/A
g30740	sp|P47927|AP2_ARATH	78.866	194	47	3.83e-90	281	sp|P47927|AP2_ARATH Floral homeotic protein APETALA 2 OS=Arabidopsis thaliana OX=3702 GN=AP2 PE=1 SV=1	0	N/A	N/A
g30740	sp|P47927|AP2_ARATH	44.828	87	47	8.14e-11	67.0	sp|P47927|AP2_ARATH Floral homeotic protein APETALA 2 OS=Arabidopsis thaliana OX=3702 GN=AP2 PE=1 SV=1	0	N/A	N/A
g30741	sp|C0LGI2|Y1677_ARATH	49.607	891	95	0.0	864	sp|C0LGI2|Y1677_ARATH Probable LRR receptor-like serine/threonine-protein kinase At1g67720 OS=Arabidopsis thaliana OX=3702 GN=At1g67720 PE=1 SV=1	0	N/A	N/A
g30741	sp|Q9FZB1|Y5188_ARATH	35.088	912	96	1.28e-155	483	sp|Q9FZB1|Y5188_ARATH Probable LRR receptor-like serine/threonine-protein kinase At1g51880 OS=Arabidopsis thaliana OX=3702 GN=At1g51880 PE=2 SV=1	0	N/A	N/A
g30741	sp|Q9ZQR3|Y2451_ARATH	35.599	927	97	2.86e-155	481	sp|Q9ZQR3|Y2451_ARATH Leucine-rich repeat receptor-like serine/threonine-protein kinase At2g14510 OS=Arabidopsis thaliana OX=3702 GN=At2g14510 PE=1 SV=1	0	N/A	N/A
g30741	sp|C0LGG4|Y1518_ARATH	33.994	959	99	9.39e-155	481	sp|C0LGG4|Y1518_ARATH Probable LRR receptor-like serine/threonine-protein kinase At1g51860 OS=Arabidopsis thaliana OX=3702 GN=At1g51860 PE=2 SV=2	0	N/A	N/A
g30741	sp|Q9FZB8|Y5181_ARATH	34.505	910	94	5.37e-154	478	sp|Q9FZB8|Y5181_ARATH Probable LRR receptor-like serine/threonine-protein kinase At1g51810 OS=Arabidopsis thaliana OX=3702 GN=At1g51810 PE=1 SV=1	0	N/A	N/A
g30743	sp|O64937|EF1A_ORYSJ	55.556	72	79	1.78e-21	89.7	sp|O64937|EF1A_ORYSJ Elongation factor 1-alpha OS=Oryza sativa subsp. japonica OX=39947 GN=REFA1 PE=2 SV=2	0	N/A	N/A
g30743	sp|P17786|EF1A_SOLLC	55.556	72	79	2.41e-21	89.4	sp|P17786|EF1A_SOLLC Elongation factor 1-alpha OS=Solanum lycopersicum OX=4081 PE=2 SV=1	0	N/A	N/A
g30743	sp|Q8GTY0|EF1A4_ARATH	55.556	72	79	2.98e-21	89.0	sp|Q8GTY0|EF1A4_ARATH Elongation factor 1-alpha 4 OS=Arabidopsis thaliana OX=3702 GN=A4 PE=1 SV=2	0	N/A	N/A
g30743	sp|Q0WL56|EF1A3_ARATH	55.556	72	79	2.98e-21	89.0	sp|Q0WL56|EF1A3_ARATH Elongation factor 1-alpha 3 OS=Arabidopsis thaliana OX=3702 GN=A3 PE=1 SV=2	0	N/A	N/A
g30743	sp|Q8W4H7|EF1A2_ARATH	55.556	72	79	2.98e-21	89.0	sp|Q8W4H7|EF1A2_ARATH Elongation factor 1-alpha 2 OS=Arabidopsis thaliana OX=3702 GN=A2 PE=1 SV=2	0	N/A	N/A
g30744	sp|Q8GTY0|EF1A4_ARATH	27.536	207	94	5.15e-21	93.6	sp|Q8GTY0|EF1A4_ARATH Elongation factor 1-alpha 4 OS=Arabidopsis thaliana OX=3702 GN=A4 PE=1 SV=2	0	N/A	N/A
g30744	sp|Q0WL56|EF1A3_ARATH	27.536	207	94	5.15e-21	93.6	sp|Q0WL56|EF1A3_ARATH Elongation factor 1-alpha 3 OS=Arabidopsis thaliana OX=3702 GN=A3 PE=1 SV=2	0	N/A	N/A
g30744	sp|Q8W4H7|EF1A2_ARATH	27.536	207	94	5.15e-21	93.6	sp|Q8W4H7|EF1A2_ARATH Elongation factor 1-alpha 2 OS=Arabidopsis thaliana OX=3702 GN=A2 PE=1 SV=2	0	N/A	N/A
g30744	sp|P0DH99|EF1A1_ARATH	27.536	207	94	5.15e-21	93.6	sp|P0DH99|EF1A1_ARATH Elongation factor 1-alpha 1 OS=Arabidopsis thaliana OX=3702 GN=A1 PE=1 SV=1	0	N/A	N/A
g30744	sp|P34824|EF1A1_HORVU	28.037	214	98	1.74e-20	92.0	sp|P34824|EF1A1_HORVU Elongation factor 1-alpha OS=Hordeum vulgare OX=4513 PE=1 SV=1	0	N/A	N/A
g30745	sp|Q40034|EF1A2_HORVU	41.212	165	98	2.65e-32	122	sp|Q40034|EF1A2_HORVU Elongation factor 1-alpha OS=Hordeum vulgare OX=4513 GN=BLT63 PE=1 SV=1	0	N/A	N/A
g30745	sp|P34824|EF1A1_HORVU	40.606	165	98	1.57e-31	120	sp|P34824|EF1A1_HORVU Elongation factor 1-alpha OS=Hordeum vulgare OX=4513 PE=1 SV=1	0	N/A	N/A
g30745	sp|O49169|EF1A_MANES	41.212	165	98	1.01e-30	118	sp|O49169|EF1A_MANES Elongation factor 1-alpha OS=Manihot esculenta OX=3983 GN=EF1 PE=3 SV=1	0	N/A	N/A
g30745	sp|P17786|EF1A_SOLLC	40.000	165	98	4.20e-30	116	sp|P17786|EF1A_SOLLC Elongation factor 1-alpha OS=Solanum lycopersicum OX=4081 PE=2 SV=1	0	N/A	N/A
g30745	sp|Q41803|EF1A_MAIZE	39.394	165	98	5.94e-30	116	sp|Q41803|EF1A_MAIZE Elongation factor 1-alpha OS=Zea mays OX=4577 GN=EF1A PE=3 SV=1	0	N/A	N/A
g30746	sp|Q8VYK4|NFYB8_ARATH	74.302	179	100	4.56e-82	243	sp|Q8VYK4|NFYB8_ARATH Nuclear transcription factor Y subunit B-8 OS=Arabidopsis thaliana OX=3702 GN=NFYB8 PE=1 SV=1	0	N/A	N/A
g30746	sp|Q67XJ2|NFYBA_ARATH	75.949	158	88	4.51e-77	230	sp|Q67XJ2|NFYBA_ARATH Nuclear transcription factor Y subunit B-10 OS=Arabidopsis thaliana OX=3702 GN=NFYB10 PE=1 SV=1	0	N/A	N/A
g30746	sp|P25209|NFYB_MAIZE	70.423	142	79	4.30e-66	202	sp|P25209|NFYB_MAIZE Nuclear transcription factor Y subunit B OS=Zea mays OX=4577 GN=NFY2 PE=2 SV=1	0	N/A	N/A
g30746	sp|Q60EQ4|NFYB3_ORYSJ	69.014	142	79	6.20e-64	197	sp|Q60EQ4|NFYB3_ORYSJ Nuclear transcription factor Y subunit B-3 OS=Oryza sativa subsp. japonica OX=39947 GN=NFYB3 PE=1 SV=2	0	N/A	N/A
g30746	sp|Q9SLG0|NFYB1_ARATH	72.794	136	78	1.01e-63	195	sp|Q9SLG0|NFYB1_ARATH Nuclear transcription factor Y subunit B-1 OS=Arabidopsis thaliana OX=3702 GN=NFYB1 PE=1 SV=2	0	N/A	N/A
g30747	sp|Q9LYZ7|UPL4_ARATH	50.385	1560	100	0.0	1408	sp|Q9LYZ7|UPL4_ARATH E3 ubiquitin-protein ligase UPL4 OS=Arabidopsis thaliana OX=3702 GN=UPL4 PE=3 SV=1	0	N/A	N/A
g30747	sp|Q6WWW4|UPL3_ARATH	46.725	687	87	2.73e-171	565	sp|Q6WWW4|UPL3_ARATH E3 ubiquitin-protein ligase UPL3 OS=Arabidopsis thaliana OX=3702 GN=UPL3 PE=1 SV=1	0	N/A	N/A
g30747	sp|Q6WWW4|UPL3_ARATH	36.706	771	87	2.58e-123	429	sp|Q6WWW4|UPL3_ARATH E3 ubiquitin-protein ligase UPL3 OS=Arabidopsis thaliana OX=3702 GN=UPL3 PE=1 SV=1	0	N/A	N/A
g30747	sp|E1B7Q7|TRIPC_BOVIN	35.819	684	73	3.17e-118	415	sp|E1B7Q7|TRIPC_BOVIN E3 ubiquitin-protein ligase TRIP12 OS=Bos taurus OX=9913 GN=TRIP12 PE=2 SV=2	0	N/A	N/A
g30747	sp|E1B7Q7|TRIPC_BOVIN	28.426	394	73	6.43e-29	130	sp|E1B7Q7|TRIPC_BOVIN E3 ubiquitin-protein ligase TRIP12 OS=Bos taurus OX=9913 GN=TRIP12 PE=2 SV=2	0	N/A	N/A
g30747	sp|E1B7Q7|TRIPC_BOVIN	28.333	120	73	1.71e-09	66.6	sp|E1B7Q7|TRIPC_BOVIN E3 ubiquitin-protein ligase TRIP12 OS=Bos taurus OX=9913 GN=TRIP12 PE=2 SV=2	0	N/A	N/A
g30747	sp|Q14669|TRIPC_HUMAN	35.526	684	73	1.80e-117	412	sp|Q14669|TRIPC_HUMAN E3 ubiquitin-protein ligase TRIP12 OS=Homo sapiens OX=9606 GN=TRIP12 PE=1 SV=1	0	N/A	N/A
g30747	sp|Q14669|TRIPC_HUMAN	28.426	394	73	6.01e-29	130	sp|Q14669|TRIPC_HUMAN E3 ubiquitin-protein ligase TRIP12 OS=Homo sapiens OX=9606 GN=TRIP12 PE=1 SV=1	0	N/A	N/A
g30747	sp|Q14669|TRIPC_HUMAN	28.333	120	73	1.48e-09	67.0	sp|Q14669|TRIPC_HUMAN E3 ubiquitin-protein ligase TRIP12 OS=Homo sapiens OX=9606 GN=TRIP12 PE=1 SV=1	0	N/A	N/A
g30747	sp|F1LP64|TRIPC_RAT	35.182	685	68	6.85e-117	411	sp|F1LP64|TRIPC_RAT E3 ubiquitin-protein ligase TRIP12 OS=Rattus norvegicus OX=10116 GN=Trip12 PE=1 SV=1	0	N/A	N/A
g30747	sp|F1LP64|TRIPC_RAT	31.752	274	68	3.48e-28	128	sp|F1LP64|TRIPC_RAT E3 ubiquitin-protein ligase TRIP12 OS=Rattus norvegicus OX=10116 GN=Trip12 PE=1 SV=1	0	N/A	N/A
g30747	sp|F1LP64|TRIPC_RAT	28.333	120	68	1.70e-09	67.0	sp|F1LP64|TRIPC_RAT E3 ubiquitin-protein ligase TRIP12 OS=Rattus norvegicus OX=10116 GN=Trip12 PE=1 SV=1	0	N/A	N/A
g30750	sp|Q93ZH7|IQD2_ARATH	52.391	460	99	8.14e-134	395	sp|Q93ZH7|IQD2_ARATH Protein IQ-DOMAIN 2 OS=Arabidopsis thaliana OX=3702 GN=IQD2 PE=1 SV=1	0	N/A	N/A
g30750	sp|Q9FT53|IQD3_ARATH	45.815	454	99	1.97e-99	306	sp|Q9FT53|IQD3_ARATH Protein IQ-DOMAIN 3 OS=Arabidopsis thaliana OX=3702 GN=IQD3 PE=1 SV=1	0	N/A	N/A
g30750	sp|Q9SF32|IQD1_ARATH	45.788	463	99	1.07e-96	300	sp|Q9SF32|IQD1_ARATH Protein IQ-DOMAIN 1 OS=Arabidopsis thaliana OX=3702 GN=IQD1 PE=1 SV=1	0	N/A	N/A
g30750	sp|F4IUJ7|IQD4_ARATH	40.972	288	64	1.65e-54	192	sp|F4IUJ7|IQD4_ARATH Protein IQ-DOMAIN 4 OS=Arabidopsis thaliana OX=3702 GN=IQD4 PE=1 SV=1	0	N/A	N/A
g30750	sp|F4J061|IQD5_ARATH	38.667	225	50	1.00e-35	139	sp|F4J061|IQD5_ARATH Protein IQ-DOMAIN 5 OS=Arabidopsis thaliana OX=3702 GN=IQD5 PE=1 SV=1	0	N/A	N/A
g30754	sp|P55034|PSMD4_ARATH	28.351	194	55	1.64e-10	65.1	sp|P55034|PSMD4_ARATH 26S proteasome non-ATPase regulatory subunit 4 homolog OS=Arabidopsis thaliana OX=3702 GN=RPN10 PE=1 SV=1	0	N/A	N/A
g30754	sp|O82143|PSMDA_ORYSJ	27.179	195	55	2.89e-10	64.3	sp|O82143|PSMDA_ORYSJ 26S proteasome non-ATPase regulatory subunit 4 homolog OS=Oryza sativa subsp. japonica OX=39947 GN=RPN10 PE=1 SV=1	0	N/A	N/A
g30754	sp|Q553E0|PSMD4_DICDI	26.230	183	52	2.41e-07	55.5	sp|Q553E0|PSMD4_DICDI 26S proteasome non-ATPase regulatory subunit 4 OS=Dictyostelium discoideum OX=44689 GN=psmD4 PE=2 SV=1	0	N/A	N/A
g30756	sp|F4KF65|IMPA9_ARATH	69.750	519	100	0.0	733	sp|F4KF65|IMPA9_ARATH Importin subunit alpha-9 OS=Arabidopsis thaliana OX=3702 GN=IMPA9 PE=3 SV=1	0	N/A	N/A
g30756	sp|Q9FYP9|IMAP2_ORYSJ	62.475	509	98	0.0	633	sp|Q9FYP9|IMAP2_ORYSJ Importin subunit alpha-2 OS=Oryza sativa subsp. japonica OX=39947 GN=Os01g0158000 PE=2 SV=1	0	N/A	N/A
g30756	sp|Q9FWY7|IMPA6_ARATH	30.651	522	97	7.38e-59	206	sp|Q9FWY7|IMPA6_ARATH Importin subunit alpha-6 OS=Arabidopsis thaliana OX=3702 GN=IMPA6 PE=1 SV=1	0	N/A	N/A
g30756	sp|Q71VM4|IMA1A_ORYSJ	30.268	522	97	2.57e-57	202	sp|Q71VM4|IMA1A_ORYSJ Importin subunit alpha-1a OS=Oryza sativa subsp. japonica OX=39947 GN=Os01g0253300 PE=1 SV=2	0	N/A	N/A
g30756	sp|Q96321|IMPA1_ARATH	29.310	522	97	1.32e-55	197	sp|Q96321|IMPA1_ARATH Importin subunit alpha-1 OS=Arabidopsis thaliana OX=3702 GN=IMPA1 PE=1 SV=2	0	N/A	N/A
g30757	sp|Q6NLA5|LPPG_ARATH	63.839	224	100	3.16e-100	293	sp|Q6NLA5|LPPG_ARATH Lipid phosphate phosphatase gamma OS=Arabidopsis thaliana OX=3702 GN=LPPG PE=1 SV=1	0	N/A	N/A
g30757	sp|Q9JMF7|DOPP1_MOUSE	37.991	229	99	2.22e-38	135	sp|Q9JMF7|DOPP1_MOUSE Dolichyldiphosphatase 1 OS=Mus musculus OX=10090 GN=Dolpp1 PE=2 SV=1	0	N/A	N/A
g30757	sp|Q86YN1|DOPP1_HUMAN	37.991	229	99	5.39e-37	132	sp|Q86YN1|DOPP1_HUMAN Dolichyldiphosphatase 1 OS=Homo sapiens OX=9606 GN=DOLPP1 PE=1 SV=1	0	N/A	N/A
g30757	sp|B0CM95|DOPP1_PAPAN	37.991	229	99	1.34e-36	131	sp|B0CM95|DOPP1_PAPAN Dolichyldiphosphatase 1 OS=Papio anubis OX=9555 GN=DOLPP1 PE=3 SV=1	0	N/A	N/A
g30757	sp|B0KWE9|DOPP1_CALJA	37.555	229	99	1.37e-36	131	sp|B0KWE9|DOPP1_CALJA Dolichyldiphosphatase 1 OS=Callithrix jacchus OX=9483 GN=DOLPP1 PE=3 SV=1	0	N/A	N/A
g30759	sp|Q9LFH9|LRK81_ARATH	63.965	691	96	0.0	862	sp|Q9LFH9|LRK81_ARATH L-type lectin-domain containing receptor kinase VIII.1 OS=Arabidopsis thaliana OX=3702 GN=LECRK81 PE=2 SV=1	0	N/A	N/A
g30759	sp|Q9LYX1|LRK82_ARATH	60.367	709	99	0.0	793	sp|Q9LYX1|LRK82_ARATH L-type lectin-domain containing receptor kinase VIII.2 OS=Arabidopsis thaliana OX=3702 GN=LECRK82 PE=2 SV=1	0	N/A	N/A
g30759	sp|Q9FHG4|LRKS7_ARATH	47.543	692	96	0.0	591	sp|Q9FHG4|LRKS7_ARATH Probable L-type lectin-domain containing receptor kinase S.7 OS=Arabidopsis thaliana OX=3702 GN=LECRKS7 PE=2 SV=1	0	N/A	N/A
g30759	sp|Q9FHX3|LRKS6_ARATH	37.744	665	90	2.43e-125	391	sp|Q9FHX3|LRKS6_ARATH L-type lectin-domain containing receptor kinase S.6 OS=Arabidopsis thaliana OX=3702 GN=LECRKS6 PE=2 SV=1	0	N/A	N/A
g30759	sp|O80939|LRK41_ARATH	35.747	663	92	2.87e-123	385	sp|O80939|LRK41_ARATH L-type lectin-domain containing receptor kinase IV.1 OS=Arabidopsis thaliana OX=3702 GN=LECRK41 PE=2 SV=1	0	N/A	N/A
g30760	sp|Q9LFE0|DOT2_ARATH	53.392	796	94	0.0	693	sp|Q9LFE0|DOT2_ARATH SART-1 family protein DOT2 OS=Arabidopsis thaliana OX=3702 GN=DOT2 PE=1 SV=1	0	N/A	N/A
g30760	sp|Q9LFE0|DOT2_ARATH	76.923	39	94	7.24e-12	73.2	sp|Q9LFE0|DOT2_ARATH SART-1 family protein DOT2 OS=Arabidopsis thaliana OX=3702 GN=DOT2 PE=1 SV=1	0	N/A	N/A
g30760	sp|O43290|SNUT1_HUMAN	34.132	167	17	1.07e-15	85.5	sp|O43290|SNUT1_HUMAN U4/U6.U5 tri-snRNP-associated protein 1 OS=Homo sapiens OX=9606 GN=SART1 PE=1 SV=1	0	N/A	N/A
g30760	sp|Q9Z315|SNUT1_MOUSE	34.132	167	17	1.45e-15	85.1	sp|Q9Z315|SNUT1_MOUSE U4/U6.U5 tri-snRNP-associated protein 1 OS=Mus musculus OX=10090 GN=Sart1 PE=1 SV=1	0	N/A	N/A
g30760	sp|Q5XIW8|SNUT1_RAT	34.132	167	17	1.54e-15	84.7	sp|Q5XIW8|SNUT1_RAT U4/U6.U5 tri-snRNP-associated protein 1 OS=Rattus norvegicus OX=10116 GN=Sart1 PE=1 SV=1	0	N/A	N/A
g30761	sp|Q9M390|PTR1_ARATH	65.625	64	72	3.13e-23	95.1	sp|Q9M390|PTR1_ARATH Protein NRT1/ PTR FAMILY 8.1 OS=Arabidopsis thaliana OX=3702 GN=NPF8.1 PE=1 SV=1	0	N/A	N/A
g30761	sp|Q9LFB8|PTR5_ARATH	60.606	66	74	5.29e-21	88.6	sp|Q9LFB8|PTR5_ARATH Protein NRT1/ PTR FAMILY 8.2 OS=Arabidopsis thaliana OX=3702 GN=NPF8.2 PE=2 SV=1	0	N/A	N/A
g30761	sp|P46032|PTR2_ARATH	61.404	57	64	3.56e-20	86.3	sp|P46032|PTR2_ARATH Protein NRT1/ PTR FAMILY 8.3 OS=Arabidopsis thaliana OX=3702 GN=NPF8.3 PE=1 SV=1	0	N/A	N/A
g30761	sp|Q93Z20|PTR17_ARATH	57.627	59	66	4.40e-19	83.2	sp|Q93Z20|PTR17_ARATH Protein NRT1/ PTR FAMILY 8.5 OS=Arabidopsis thaliana OX=3702 GN=NPF8.5 PE=2 SV=1	0	N/A	N/A
g30761	sp|Q84WG0|PTR26_ARATH	51.613	62	70	1.70e-18	81.6	sp|Q84WG0|PTR26_ARATH Protein NRT1/ PTR FAMILY 8.4 OS=Arabidopsis thaliana OX=3702 GN=NPF8.4 PE=2 SV=2	0	N/A	N/A
g30763	sp|Q9LFE0|DOT2_ARATH	56.410	858	94	0.0	799	sp|Q9LFE0|DOT2_ARATH SART-1 family protein DOT2 OS=Arabidopsis thaliana OX=3702 GN=DOT2 PE=1 SV=1	0	N/A	N/A
g30763	sp|O43290|SNUT1_HUMAN	37.037	189	40	7.47e-24	111	sp|O43290|SNUT1_HUMAN U4/U6.U5 tri-snRNP-associated protein 1 OS=Homo sapiens OX=9606 GN=SART1 PE=1 SV=1	0	N/A	N/A
g30763	sp|O43290|SNUT1_HUMAN	30.332	211	40	1.19e-09	65.9	sp|O43290|SNUT1_HUMAN U4/U6.U5 tri-snRNP-associated protein 1 OS=Homo sapiens OX=9606 GN=SART1 PE=1 SV=1	0	N/A	N/A
g30763	sp|Q9Z315|SNUT1_MOUSE	37.037	189	40	1.62e-23	110	sp|Q9Z315|SNUT1_MOUSE U4/U6.U5 tri-snRNP-associated protein 1 OS=Mus musculus OX=10090 GN=Sart1 PE=1 SV=1	0	N/A	N/A
g30763	sp|Q9Z315|SNUT1_MOUSE	31.280	211	40	3.53e-11	70.9	sp|Q9Z315|SNUT1_MOUSE U4/U6.U5 tri-snRNP-associated protein 1 OS=Mus musculus OX=10090 GN=Sart1 PE=1 SV=1	0	N/A	N/A
g30763	sp|Q5XIW8|SNUT1_RAT	37.037	189	40	1.69e-23	110	sp|Q5XIW8|SNUT1_RAT U4/U6.U5 tri-snRNP-associated protein 1 OS=Rattus norvegicus OX=10116 GN=Sart1 PE=1 SV=1	0	N/A	N/A
g30763	sp|Q5XIW8|SNUT1_RAT	30.332	211	40	3.26e-10	67.8	sp|Q5XIW8|SNUT1_RAT U4/U6.U5 tri-snRNP-associated protein 1 OS=Rattus norvegicus OX=10116 GN=Sart1 PE=1 SV=1	0	N/A	N/A
g30763	sp|F1QBY1|NIPLB_DANRE	36.986	146	20	2.23e-11	72.0	sp|F1QBY1|NIPLB_DANRE Nipped-B-like protein B OS=Danio rerio OX=7955 GN=nipblb PE=2 SV=1	0	N/A	N/A
g30763	sp|F1QBY1|NIPLB_DANRE	39.062	192	20	2.77e-07	58.5	sp|F1QBY1|NIPLB_DANRE Nipped-B-like protein B OS=Danio rerio OX=7955 GN=nipblb PE=2 SV=1	0	N/A	N/A
g30763	sp|F1QBY1|NIPLB_DANRE	36.310	168	20	6.84e-06	53.9	sp|F1QBY1|NIPLB_DANRE Nipped-B-like protein B OS=Danio rerio OX=7955 GN=nipblb PE=2 SV=1	0	N/A	N/A
g30764	sp|O49500|MBR2_ARATH	58.252	103	22	4.16e-32	133	sp|O49500|MBR2_ARATH E3 ubiquitin-protein ligase MBR2 OS=Arabidopsis thaliana OX=3702 GN=MBR2 PE=1 SV=1	0	N/A	N/A
g30764	sp|Q7XTV7|HIP1_ORYSJ	58.491	106	22	4.68e-32	132	sp|Q7XTV7|HIP1_ORYSJ Probable E3 ubiquitin-protein ligase HIP1 OS=Oryza sativa subsp. japonica OX=39947 GN=HIP1 PE=1 SV=2	0	N/A	N/A
g30764	sp|Q9ZQF9|MBR1_ARATH	56.881	109	22	3.35e-31	130	sp|Q9ZQF9|MBR1_ARATH E3 ubiquitin-protein ligase MBR1 OS=Arabidopsis thaliana OX=3702 GN=MBR1 PE=1 SV=1	0	N/A	N/A
g30764	sp|Q9FMM4|RHG1A_ARATH	53.922	102	22	1.61e-27	119	sp|Q9FMM4|RHG1A_ARATH Probable E3 ubiquitin-protein ligase RHG1A OS=Arabidopsis thaliana OX=3702 GN=RHG1A PE=2 SV=1	0	N/A	N/A
g30764	sp|Q5QLR5|ZFP1_ORYSJ	45.865	133	26	7.22e-27	116	sp|Q5QLR5|ZFP1_ORYSJ Probable E3 ubiquitin-protein ligase ZFP1 OS=Oryza sativa subsp. japonica OX=39947 GN=ZFP1 PE=1 SV=1	0	N/A	N/A
g30765	sp|A2QVV2|CREC_ASPNC	31.413	538	78	7.07e-63	221	sp|A2QVV2|CREC_ASPNC Probable catabolite repression protein creC OS=Aspergillus niger (strain ATCC MYA-4892 / CBS 513.88 / FGSC A1513) OX=425011 GN=creC PE=3 SV=1	0	N/A	N/A
g30765	sp|Q9P4R5|CREC_EMENI	30.411	559	82	2.99e-60	214	sp|Q9P4R5|CREC_EMENI Catabolite repression protein creC OS=Emericella nidulans (strain FGSC A4 / ATCC 38163 / CBS 112.46 / NRRL 194 / M139) OX=227321 GN=creC PE=1 SV=2	0	N/A	N/A
g30765	sp|Q0CKB1|CREC_ASPTN	31.098	492	75	7.08e-58	207	sp|Q0CKB1|CREC_ASPTN Probable catabolite repression protein creC OS=Aspergillus terreus (strain NIH 2624 / FGSC A1156) OX=341663 GN=creC PE=3 SV=1	0	N/A	N/A
g30765	sp|Q8TBZ3|WDR20_HUMAN	34.426	366	60	4.15e-57	205	sp|Q8TBZ3|WDR20_HUMAN WD repeat-containing protein 20 OS=Homo sapiens OX=9606 GN=WDR20 PE=1 SV=2	0	N/A	N/A
g30765	sp|Q8TBZ3|WDR20_HUMAN	47.917	48	60	1.63e-06	54.7	sp|Q8TBZ3|WDR20_HUMAN WD repeat-containing protein 20 OS=Homo sapiens OX=9606 GN=WDR20 PE=1 SV=2	0	N/A	N/A
g30765	sp|Q2UM42|CREC_ASPOR	33.007	409	60	1.20e-56	204	sp|Q2UM42|CREC_ASPOR Probable catabolite repression protein creC OS=Aspergillus oryzae (strain ATCC 42149 / RIB 40) OX=510516 GN=creC PE=3 SV=1	0	N/A	N/A
g30772	sp|Q9LX66|HERK_ARATH	44.172	326	98	1.37e-73	255	sp|Q9LX66|HERK_ARATH Receptor-like protein kinase HERK 1 OS=Arabidopsis thaliana OX=3702 GN=HERK1 PE=1 SV=1	0	N/A	N/A
g30772	sp|Q9LX66|HERK_ARATH	35.117	299	98	2.28e-37	152	sp|Q9LX66|HERK_ARATH Receptor-like protein kinase HERK 1 OS=Arabidopsis thaliana OX=3702 GN=HERK1 PE=1 SV=1	0	N/A	N/A
g30772	sp|Q9FN92|Y5597_ARATH	45.484	310	97	3.09e-72	251	sp|Q9FN92|Y5597_ARATH Probable receptor-like protein kinase At5g59700 OS=Arabidopsis thaliana OX=3702 GN=At5g59700 PE=1 SV=1	0	N/A	N/A
g30772	sp|Q9FN92|Y5597_ARATH	34.130	293	97	8.50e-35	144	sp|Q9FN92|Y5597_ARATH Probable receptor-like protein kinase At5g59700 OS=Arabidopsis thaliana OX=3702 GN=At5g59700 PE=1 SV=1	0	N/A	N/A
g30772	sp|Q9FID8|Y5900_ARATH	42.991	321	96	1.87e-71	250	sp|Q9FID8|Y5900_ARATH Putative receptor-like protein kinase At5g39000 OS=Arabidopsis thaliana OX=3702 GN=At5g39000 PE=3 SV=1	0	N/A	N/A
g30772	sp|Q9FID8|Y5900_ARATH	34.314	306	96	1.85e-42	167	sp|Q9FID8|Y5900_ARATH Putative receptor-like protein kinase At5g39000 OS=Arabidopsis thaliana OX=3702 GN=At5g39000 PE=3 SV=1	0	N/A	N/A
g30772	sp|Q9FID9|Y5389_ARATH	42.368	321	96	5.40e-71	249	sp|Q9FID9|Y5389_ARATH Probable receptor-like protein kinase At5g38990 OS=Arabidopsis thaliana OX=3702 GN=At5g38990 PE=2 SV=1	0	N/A	N/A
g30772	sp|Q9FID9|Y5389_ARATH	31.722	331	96	5.98e-42	166	sp|Q9FID9|Y5389_ARATH Probable receptor-like protein kinase At5g38990 OS=Arabidopsis thaliana OX=3702 GN=At5g38990 PE=2 SV=1	0	N/A	N/A
g30772	sp|Q9SCZ4|FERON_ARATH	39.589	341	97	1.09e-68	243	sp|Q9SCZ4|FERON_ARATH Receptor-like protein kinase FERONIA OS=Arabidopsis thaliana OX=3702 GN=FER PE=1 SV=1	0	N/A	N/A
g30772	sp|Q9SCZ4|FERON_ARATH	37.667	300	97	6.35e-44	172	sp|Q9SCZ4|FERON_ARATH Receptor-like protein kinase FERONIA OS=Arabidopsis thaliana OX=3702 GN=FER PE=1 SV=1	0	N/A	N/A
g30773	sp|Q9M658|MOM1_ARATH	38.602	329	29	5.04e-56	217	sp|Q9M658|MOM1_ARATH Helicase protein MOM1 OS=Arabidopsis thaliana OX=3702 GN=MOM1 PE=1 SV=1	0	N/A	N/A
g30773	sp|F4KBP5|CHR4_ARATH	27.054	499	42	6.78e-38	159	sp|F4KBP5|CHR4_ARATH Protein CHROMATIN REMODELING 4 OS=Arabidopsis thaliana OX=3702 GN=CHR4 PE=2 SV=1	0	N/A	N/A
g30773	sp|Q12873|CHD3_HUMAN	27.158	475	39	9.33e-34	145	sp|Q12873|CHD3_HUMAN Chromodomain-helicase-DNA-binding protein 3 OS=Homo sapiens OX=9606 GN=CHD3 PE=1 SV=3	0	N/A	N/A
g30773	sp|Q5A310|ISW2_CANAL	25.984	508	41	6.80e-32	139	sp|Q5A310|ISW2_CANAL ISWI chromatin-remodeling complex ATPase ISW2 OS=Candida albicans (strain SC5314 / ATCC MYA-2876) OX=237561 GN=ISW2 PE=2 SV=1	0	N/A	N/A
g30773	sp|O14139|HRP3_SCHPO	26.667	480	40	1.08e-31	138	sp|O14139|HRP3_SCHPO Chromodomain helicase hrp3 OS=Schizosaccharomyces pombe (strain 972 / ATCC 24843) OX=284812 GN=hrp3 PE=1 SV=1	0	N/A	N/A
g30774	sp|Q9M658|MOM1_ARATH	35.616	365	30	8.89e-54	210	sp|Q9M658|MOM1_ARATH Helicase protein MOM1 OS=Arabidopsis thaliana OX=3702 GN=MOM1 PE=1 SV=1	0	N/A	N/A
g30774	sp|F4KBP5|CHR4_ARATH	29.159	535	42	7.59e-44	178	sp|F4KBP5|CHR4_ARATH Protein CHROMATIN REMODELING 4 OS=Arabidopsis thaliana OX=3702 GN=CHR4 PE=2 SV=1	0	N/A	N/A
g30774	sp|O97159|CHDM_DROME	29.774	487	38	5.98e-42	172	sp|O97159|CHDM_DROME Chromodomain-helicase-DNA-binding protein Mi-2 homolog OS=Drosophila melanogaster OX=7227 GN=Mi-2 PE=1 SV=2	0	N/A	N/A
g30774	sp|Q12873|CHD3_HUMAN	30.021	473	42	1.75e-41	171	sp|Q12873|CHD3_HUMAN Chromodomain-helicase-DNA-binding protein 3 OS=Homo sapiens OX=9606 GN=CHD3 PE=1 SV=3	0	N/A	N/A
g30774	sp|Q12873|CHD3_HUMAN	40.323	62	42	8.67e-08	60.8	sp|Q12873|CHD3_HUMAN Chromodomain-helicase-DNA-binding protein 3 OS=Homo sapiens OX=9606 GN=CHD3 PE=1 SV=3	0	N/A	N/A
g30774	sp|P28370|SMCA1_HUMAN	27.916	523	41	3.50e-41	168	sp|P28370|SMCA1_HUMAN SWI/SNF-related matrix-associated actin-dependent regulator of chromatin subfamily A member 1 OS=Homo sapiens OX=9606 GN=SMARCA1 PE=1 SV=3	0	N/A	N/A
g30775	sp|P0C2F6|RNHX1_ARATH	36.538	52	38	9.42e-06	47.0	sp|P0C2F6|RNHX1_ARATH Putative ribonuclease H protein At1g65750 OS=Arabidopsis thaliana OX=3702 GN=At1g65750 PE=3 SV=1	0	N/A	N/A
g30777	sp|Q9FXI0|SAU54_ARATH	46.835	79	60	4.40e-20	82.0	sp|Q9FXI0|SAU54_ARATH Protein SMALL AUXIN UP-REGULATED RNA 54 OS=Arabidopsis thaliana OX=3702 GN=SAUR54 PE=2 SV=1	0	N/A	N/A
g30777	sp|O65695|SAU50_ARATH	47.826	69	53	1.50e-18	78.2	sp|O65695|SAU50_ARATH Auxin-responsive protein SAUR50 OS=Arabidopsis thaliana OX=3702 GN=SAUR50 PE=1 SV=1	0	N/A	N/A
g30777	sp|Q9LR00|SAU51_ARATH	48.611	72	55	2.02e-18	77.8	sp|Q9LR00|SAU51_ARATH Protein SMALL AUXIN UP-REGULATED RNA 51 OS=Arabidopsis thaliana OX=3702 GN=SAUR51 PE=2 SV=1	0	N/A	N/A
g30777	sp|Q9SIG9|SAU12_ARATH	47.826	69	53	2.08e-18	77.4	sp|Q9SIG9|SAU12_ARATH Protein SMALL AUXIN UP-REGULATED RNA 12 OS=Arabidopsis thaliana OX=3702 GN=SAUR12 PE=2 SV=1	0	N/A	N/A
g30777	sp|Q9T0J3|SAU16_ARATH	49.275	69	52	3.97e-17	74.3	sp|Q9T0J3|SAU16_ARATH Protein SMALL AUXIN UP-REGULATED RNA 16 OS=Arabidopsis thaliana OX=3702 GN=SAUR16 PE=2 SV=1	0	N/A	N/A
g30778	sp|Q6R0E3|TRP5_ARATH	34.615	104	20	6.25e-10	65.5	sp|Q6R0E3|TRP5_ARATH Telomere repeat-binding protein 5 OS=Arabidopsis thaliana OX=3702 GN=TRP5 PE=1 SV=2	0	N/A	N/A
g30778	sp|Q9LL45|TBP1_ORYSJ	37.234	94	19	8.89e-10	64.7	sp|Q9LL45|TBP1_ORYSJ Telomere-binding protein 1 OS=Oryza sativa subsp. japonica OX=39947 GN=TBP1 PE=1 SV=2	0	N/A	N/A
g30778	sp|Q9SNB9|TRP2_ARATH	37.234	94	19	1.85e-09	63.9	sp|Q9SNB9|TRP2_ARATH Telomere repeat-binding protein 2 OS=Arabidopsis thaliana OX=3702 GN=TRP2 PE=1 SV=1	0	N/A	N/A
g30778	sp|Q9C7B1|TRP3_ARATH	36.458	96	19	2.17e-09	63.5	sp|Q9C7B1|TRP3_ARATH Telomere repeat-binding protein 3 OS=Arabidopsis thaliana OX=3702 GN=TRP3 PE=1 SV=1	0	N/A	N/A
g30778	sp|Q9FFY9|TRP4_ARATH	36.364	88	17	2.90e-09	63.2	sp|Q9FFY9|TRP4_ARATH Telomere repeat-binding protein 4 OS=Arabidopsis thaliana OX=3702 GN=TRP4 PE=1 SV=1	0	N/A	N/A
g30785	sp|Q9LZF8|PCRK2_ARATH	60.094	213	87	3.32e-81	252	sp|Q9LZF8|PCRK2_ARATH Serine/threonine-protein kinase PCRK2 OS=Arabidopsis thaliana OX=3702 GN=PCRK2 PE=1 SV=1	0	N/A	N/A
g30785	sp|Q9SF86|PCRK1_ARATH	57.273	220	89	1.41e-79	248	sp|Q9SF86|PCRK1_ARATH Serine/threonine-protein kinase PCRK1 OS=Arabidopsis thaliana OX=3702 GN=PCRK1 PE=1 SV=1	0	N/A	N/A
g30785	sp|Q9LTC0|PBL19_ARATH	47.748	222	89	2.93e-54	182	sp|Q9LTC0|PBL19_ARATH Probable serine/threonine-protein kinase PBL19 OS=Arabidopsis thaliana OX=3702 GN=PBL19 PE=1 SV=1	0	N/A	N/A
g30785	sp|F4JPX3|PBL20_ARATH	51.323	189	76	1.35e-52	177	sp|F4JPX3|PBL20_ARATH Probable serine/threonine-protein kinase PBL20 OS=Arabidopsis thaliana OX=3702 GN=PBL20 PE=3 SV=1	0	N/A	N/A
g30785	sp|P46573|PBL10_ARATH	49.268	205	81	1.41e-51	175	sp|P46573|PBL10_ARATH Probable serine/threonine-protein kinase PBL10 OS=Arabidopsis thaliana OX=3702 GN=PBL10 PE=1 SV=2	0	N/A	N/A
g30793	sp|Q9FNY2|DPB_ARATH	74.908	271	78	9.46e-141	407	sp|Q9FNY2|DPB_ARATH Transcription factor-like protein DPB OS=Arabidopsis thaliana OX=3702 GN=DPB PE=1 SV=1	0	N/A	N/A
g30793	sp|Q9FNY3|DPA_ARATH	52.857	210	61	5.55e-76	238	sp|Q9FNY3|DPA_ARATH Transcription factor-like protein DPA OS=Arabidopsis thaliana OX=3702 GN=DPA PE=1 SV=1	0	N/A	N/A
g30793	sp|Q14186|TFDP1_HUMAN	46.606	221	62	3.56e-52	181	sp|Q14186|TFDP1_HUMAN Transcription factor Dp-1 OS=Homo sapiens OX=9606 GN=TFDP1 PE=1 SV=1	0	N/A	N/A
g30793	sp|Q17QZ4|TFDP1_BOVIN	47.236	199	57	4.79e-52	180	sp|Q17QZ4|TFDP1_BOVIN Transcription factor Dp-1 OS=Bos taurus OX=9913 GN=TFDP1 PE=2 SV=1	0	N/A	N/A
g30793	sp|Q08639|TFDP1_MOUSE	45.701	221	62	1.58e-51	179	sp|Q08639|TFDP1_MOUSE Transcription factor Dp-1 OS=Mus musculus OX=10090 GN=Tfdp1 PE=1 SV=1	0	N/A	N/A
g30794	sp|B0BLT0|ZN593_XENTR	46.988	83	74	1.65e-15	70.1	sp|B0BLT0|ZN593_XENTR Zinc finger protein 593 OS=Xenopus tropicalis OX=8364 GN=znf593 PE=2 SV=1	0	N/A	N/A
g30794	sp|Q9U239|ZN593_CAEEL	48.333	60	55	7.79e-13	63.2	sp|Q9U239|ZN593_CAEEL Zinc finger protein 593 homolog OS=Caenorhabditis elegans OX=6239 GN=znf-593 PE=3 SV=1	0	N/A	N/A
g30794	sp|Q9P370|BUD20_SCHPO	46.875	64	58	2.58e-11	59.3	sp|Q9P370|BUD20_SCHPO Zinc finger protein bud20 OS=Schizosaccharomyces pombe (strain 972 / ATCC 24843) OX=284812 GN=bud20 PE=3 SV=1	0	N/A	N/A
g30794	sp|Q9DB42|ZN593_MOUSE	47.761	67	61	3.90e-11	58.9	sp|Q9DB42|ZN593_MOUSE Zinc finger protein 593 OS=Mus musculus OX=10090 GN=Znf593 PE=1 SV=2	0	N/A	N/A
g30794	sp|Q9W3Y0|ZN593_DROME	47.458	59	54	3.93e-11	59.3	sp|Q9W3Y0|ZN593_DROME Zinc finger protein 593 homolog OS=Drosophila melanogaster OX=7227 GN=CG3224 PE=2 SV=1	0	N/A	N/A
g30795	sp|Q9ZR72|AB1B_ARATH	85.896	1255	98	0.0	2220	sp|Q9ZR72|AB1B_ARATH ABC transporter B family member 1 OS=Arabidopsis thaliana OX=3702 GN=ABCB1 PE=1 SV=1	0	N/A	N/A
g30795	sp|Q9ZR72|AB1B_ARATH	37.102	628	98	7.15e-117	399	sp|Q9ZR72|AB1B_ARATH ABC transporter B family member 1 OS=Arabidopsis thaliana OX=3702 GN=ABCB1 PE=1 SV=1	0	N/A	N/A
g30795	sp|Q9LJX0|AB19B_ARATH	53.797	1264	97	0.0	1382	sp|Q9LJX0|AB19B_ARATH ABC transporter B family member 19 OS=Arabidopsis thaliana OX=3702 GN=ABCB19 PE=1 SV=1	0	N/A	N/A
g30795	sp|Q8LPK2|AB2B_ARATH	49.399	1247	96	0.0	1236	sp|Q8LPK2|AB2B_ARATH ABC transporter B family member 2 OS=Arabidopsis thaliana OX=3702 GN=ABCB2 PE=1 SV=3	0	N/A	N/A
g30795	sp|Q9SGY1|AB10B_ARATH	48.284	1253	96	0.0	1222	sp|Q9SGY1|AB10B_ARATH ABC transporter B family member 10 OS=Arabidopsis thaliana OX=3702 GN=ABCB10 PE=1 SV=2	0	N/A	N/A
g30795	sp|Q9C7F8|AB13B_ARATH	48.098	1262	97	0.0	1219	sp|Q9C7F8|AB13B_ARATH ABC transporter B family member 13 OS=Arabidopsis thaliana OX=3702 GN=ABCB13 PE=3 SV=1	0	N/A	N/A
g30795	sp|Q9C7F8|AB13B_ARATH	40.917	567	97	1.94e-127	427	sp|Q9C7F8|AB13B_ARATH ABC transporter B family member 13 OS=Arabidopsis thaliana OX=3702 GN=ABCB13 PE=3 SV=1	0	N/A	N/A
g30796	sp|M4IRL6|CCL7_HUMLU	57.649	536	97	0.0	643	sp|M4IRL6|CCL7_HUMLU Probable CoA ligase CCL7 OS=Humulus lupulus OX=3486 GN=CCL7 PE=2 SV=1	0	N/A	N/A
g30796	sp|Q9M0X9|4CLL7_ARATH	56.983	537	97	0.0	640	sp|Q9M0X9|4CLL7_ARATH 4-coumarate--CoA ligase-like 7 OS=Arabidopsis thaliana OX=3702 GN=4CLL7 PE=1 SV=1	0	N/A	N/A
g30796	sp|M4IQS1|CCL10_HUMLU	53.889	540	98	0.0	604	sp|M4IQS1|CCL10_HUMLU Probable CoA ligase CCL10 OS=Humulus lupulus OX=3486 GN=CCL10 PE=2 SV=1	0	N/A	N/A
g30796	sp|A0A6B9HER0|PIPCL_PIPNI	50.277	541	97	0.0	547	sp|A0A6B9HER0|PIPCL_PIPNI Piperic acid--CoA ligase OS=Piper nigrum OX=13216 PE=1 SV=1	0	N/A	N/A
g30796	sp|Q0DV32|4CLL1_ORYSJ	49.630	540	97	0.0	526	sp|Q0DV32|4CLL1_ORYSJ 4-coumarate--CoA ligase-like 1 OS=Oryza sativa subsp. japonica OX=39947 GN=4CLL1 PE=2 SV=2	0	N/A	N/A
g30797	sp|Q9LUQ5|UBC25_ARATH	57.627	236	64	9.74e-81	273	sp|Q9LUQ5|UBC25_ARATH Probable ubiquitin-conjugating enzyme E2 25 OS=Arabidopsis thaliana OX=3702 GN=UBC25 PE=2 SV=1	0	N/A	N/A
g30797	sp|Q9LUQ5|UBC25_ARATH	52.045	269	64	1.06e-76	262	sp|Q9LUQ5|UBC25_ARATH Probable ubiquitin-conjugating enzyme E2 25 OS=Arabidopsis thaliana OX=3702 GN=UBC25 PE=2 SV=1	0	N/A	N/A
g30797	sp|Q9C918|UBC38_ARATH	48.897	272	66	2.76e-80	263	sp|Q9C918|UBC38_ARATH Putative ubiquitin-conjugating enzyme E2 38 OS=Arabidopsis thaliana OX=3702 GN=UBC38 PE=3 SV=2	0	N/A	N/A
g30797	sp|Q9C918|UBC38_ARATH	48.727	275	66	4.10e-74	246	sp|Q9C918|UBC38_ARATH Putative ubiquitin-conjugating enzyme E2 38 OS=Arabidopsis thaliana OX=3702 GN=UBC38 PE=3 SV=2	0	N/A	N/A
g30797	sp|Q8GY87|UBC26_ARATH	46.691	272	66	1.52e-74	255	sp|Q8GY87|UBC26_ARATH Probable ubiquitin-conjugating enzyme E2 26 OS=Arabidopsis thaliana OX=3702 GN=UBC26 PE=2 SV=2	0	N/A	N/A
g30797	sp|Q8GY87|UBC26_ARATH	48.364	275	66	6.39e-73	250	sp|Q8GY87|UBC26_ARATH Probable ubiquitin-conjugating enzyme E2 26 OS=Arabidopsis thaliana OX=3702 GN=UBC26 PE=2 SV=2	0	N/A	N/A
g30797	sp|F4HPP7|UBC39_ARATH	45.745	282	66	9.18e-69	232	sp|F4HPP7|UBC39_ARATH Putative ubiquitin-conjugating enzyme E2 39 OS=Arabidopsis thaliana OX=3702 GN=UBC39 PE=3 SV=1	0	N/A	N/A
g30797	sp|F4HPP7|UBC39_ARATH	46.570	277	66	4.92e-64	219	sp|F4HPP7|UBC39_ARATH Putative ubiquitin-conjugating enzyme E2 39 OS=Arabidopsis thaliana OX=3702 GN=UBC39 PE=3 SV=1	0	N/A	N/A
g30797	sp|Q9ZVX1|UBC23_ARATH	46.263	281	63	9.51e-63	231	sp|Q9ZVX1|UBC23_ARATH Probable ubiquitin-conjugating enzyme E2 23 OS=Arabidopsis thaliana OX=3702 GN=UBC23 PE=1 SV=1	0	N/A	N/A
g30797	sp|Q9ZVX1|UBC23_ARATH	47.032	219	63	1.14e-54	207	sp|Q9ZVX1|UBC23_ARATH Probable ubiquitin-conjugating enzyme E2 23 OS=Arabidopsis thaliana OX=3702 GN=UBC23 PE=1 SV=1	0	N/A	N/A
g30798	sp|Q9C918|UBC38_ARATH	50.598	251	66	1.91e-77	256	sp|Q9C918|UBC38_ARATH Putative ubiquitin-conjugating enzyme E2 38 OS=Arabidopsis thaliana OX=3702 GN=UBC38 PE=3 SV=2	0	N/A	N/A
g30798	sp|Q9C918|UBC38_ARATH	47.059	272	66	1.67e-70	237	sp|Q9C918|UBC38_ARATH Putative ubiquitin-conjugating enzyme E2 38 OS=Arabidopsis thaliana OX=3702 GN=UBC38 PE=3 SV=2	0	N/A	N/A
g30798	sp|Q9LUQ5|UBC25_ARATH	55.932	236	64	7.00e-77	263	sp|Q9LUQ5|UBC25_ARATH Probable ubiquitin-conjugating enzyme E2 25 OS=Arabidopsis thaliana OX=3702 GN=UBC25 PE=2 SV=1	0	N/A	N/A
g30798	sp|Q9LUQ5|UBC25_ARATH	50.186	269	64	3.37e-75	258	sp|Q9LUQ5|UBC25_ARATH Probable ubiquitin-conjugating enzyme E2 25 OS=Arabidopsis thaliana OX=3702 GN=UBC25 PE=2 SV=1	0	N/A	N/A
g30798	sp|Q8GY87|UBC26_ARATH	48.207	251	66	2.25e-70	243	sp|Q8GY87|UBC26_ARATH Probable ubiquitin-conjugating enzyme E2 26 OS=Arabidopsis thaliana OX=3702 GN=UBC26 PE=2 SV=2	0	N/A	N/A
g30798	sp|Q8GY87|UBC26_ARATH	46.691	272	66	6.40e-70	242	sp|Q8GY87|UBC26_ARATH Probable ubiquitin-conjugating enzyme E2 26 OS=Arabidopsis thaliana OX=3702 GN=UBC26 PE=2 SV=2	0	N/A	N/A
g30798	sp|F4HPP7|UBC39_ARATH	46.931	277	67	7.60e-67	227	sp|F4HPP7|UBC39_ARATH Putative ubiquitin-conjugating enzyme E2 39 OS=Arabidopsis thaliana OX=3702 GN=UBC39 PE=3 SV=1	0	N/A	N/A
g30798	sp|F4HPP7|UBC39_ARATH	43.403	288	67	2.27e-64	220	sp|F4HPP7|UBC39_ARATH Putative ubiquitin-conjugating enzyme E2 39 OS=Arabidopsis thaliana OX=3702 GN=UBC39 PE=3 SV=1	0	N/A	N/A
g30798	sp|Q9ZVX1|UBC23_ARATH	45.185	270	62	4.52e-62	229	sp|Q9ZVX1|UBC23_ARATH Probable ubiquitin-conjugating enzyme E2 23 OS=Arabidopsis thaliana OX=3702 GN=UBC23 PE=1 SV=1	0	N/A	N/A
g30798	sp|Q9ZVX1|UBC23_ARATH	46.119	219	62	1.45e-52	201	sp|Q9ZVX1|UBC23_ARATH Probable ubiquitin-conjugating enzyme E2 23 OS=Arabidopsis thaliana OX=3702 GN=UBC23 PE=1 SV=1	0	N/A	N/A
g30813	sp|Q6VAA9|U73E1_STERE	61.111	486	97	0.0	593	sp|Q6VAA9|U73E1_STERE UDP-glycosyltransferase 73E1 OS=Stevia rebaudiana OX=55670 GN=UGT73E1 PE=2 SV=1	0	N/A	N/A
g30813	sp|A0A2R4LMF9|73C25_BARVU	50.407	492	98	2.33e-178	513	sp|A0A2R4LMF9|73C25_BARVU UDP-glycosyltransferase 73C25 OS=Barbarea vulgaris OX=50459 GN=UGT73C25 PE=2 SV=1	0	N/A	N/A
g30813	sp|Q9ZQ96|U73C3_ARATH	51.139	483	97	4.38e-177	509	sp|Q9ZQ96|U73C3_ARATH UDP-glycosyltransferase 73C3 OS=Arabidopsis thaliana OX=3702 GN=UGT73C3 PE=2 SV=1	0	N/A	N/A
g30813	sp|K4GGT4|73C11_BARVU	50.513	487	97	1.48e-176	508	sp|K4GGT4|73C11_BARVU UDP-glycosyltransferase 73C11 OS=Barbarea vulgaris OX=50459 GN=UGT73C11 PE=1 SV=1	0	N/A	N/A
g30813	sp|K4GHR9|UGT1_BARVU	50.308	487	97	3.40e-176	507	sp|K4GHR9|UGT1_BARVU UDP-glycosyltransferase 1 OS=Barbarea vulgaris OX=50459 GN=UGT1 PE=1 SV=1	0	N/A	N/A
g30814	sp|Q6VAA9|U73E1_STERE	60.700	486	96	0.0	575	sp|Q6VAA9|U73E1_STERE UDP-glycosyltransferase 73E1 OS=Stevia rebaudiana OX=55670 GN=UGT73E1 PE=2 SV=1	0	N/A	N/A
g30814	sp|Q9ZQ96|U73C3_ARATH	52.381	483	95	2.72e-177	510	sp|Q9ZQ96|U73C3_ARATH UDP-glycosyltransferase 73C3 OS=Arabidopsis thaliana OX=3702 GN=UGT73C3 PE=2 SV=1	0	N/A	N/A
g30814	sp|A0A2R4LMF9|73C25_BARVU	51.860	484	95	3.02e-176	507	sp|A0A2R4LMF9|73C25_BARVU UDP-glycosyltransferase 73C25 OS=Barbarea vulgaris OX=50459 GN=UGT73C25 PE=2 SV=1	0	N/A	N/A
g30814	sp|K4GIP0|73C12_BARVU	52.174	483	95	6.17e-174	501	sp|K4GIP0|73C12_BARVU UDP-glycosyltransferase 73C12 OS=Barbarea vulgaris OX=50459 GN=UGT73C12 PE=1 SV=1	0	N/A	N/A
g30814	sp|Q9ZQ97|U73C4_ARATH	50.830	482	95	6.74e-174	501	sp|Q9ZQ97|U73C4_ARATH UDP-glycosyltransferase 73C4 OS=Arabidopsis thaliana OX=3702 GN=UGT73C4 PE=2 SV=1	0	N/A	N/A
g30828	sp|Q9ZQA8|PABP7_ARATH	49.266	613	97	0.0	558	sp|Q9ZQA8|PABP7_ARATH Polyadenylate-binding protein 7 OS=Arabidopsis thaliana OX=3702 GN=PAB7 PE=2 SV=1	0	N/A	N/A
g30828	sp|Q9ZQA8|PABP7_ARATH	30.052	193	97	1.48e-16	87.0	sp|Q9ZQA8|PABP7_ARATH Polyadenylate-binding protein 7 OS=Arabidopsis thaliana OX=3702 GN=PAB7 PE=2 SV=1	0	N/A	N/A
g30828	sp|P29341|PABP1_MOUSE	43.239	636	97	1.19e-155	465	sp|P29341|PABP1_MOUSE Polyadenylate-binding protein 1 OS=Mus musculus OX=10090 GN=Pabpc1 PE=1 SV=2	0	N/A	N/A
g30828	sp|P29341|PABP1_MOUSE	34.564	298	97	2.62e-40	159	sp|P29341|PABP1_MOUSE Polyadenylate-binding protein 1 OS=Mus musculus OX=10090 GN=Pabpc1 PE=1 SV=2	0	N/A	N/A
g30828	sp|Q9EPH8|PABP1_RAT	43.260	638	97	1.55e-155	464	sp|Q9EPH8|PABP1_RAT Polyadenylate-binding protein 1 OS=Rattus norvegicus OX=10116 GN=Pabpc1 PE=1 SV=1	0	N/A	N/A
g30828	sp|Q9EPH8|PABP1_RAT	34.564	298	97	3.49e-40	159	sp|Q9EPH8|PABP1_RAT Polyadenylate-binding protein 1 OS=Rattus norvegicus OX=10116 GN=Pabpc1 PE=1 SV=1	0	N/A	N/A
g30828	sp|P11940|PABP1_HUMAN	43.239	636	97	3.00e-155	464	sp|P11940|PABP1_HUMAN Polyadenylate-binding protein 1 OS=Homo sapiens OX=9606 GN=PABPC1 PE=1 SV=2	0	N/A	N/A
g30828	sp|P11940|PABP1_HUMAN	34.564	298	97	7.84e-40	158	sp|P11940|PABP1_HUMAN Polyadenylate-binding protein 1 OS=Homo sapiens OX=9606 GN=PABPC1 PE=1 SV=2	0	N/A	N/A
g30828	sp|P61286|PABP1_BOVIN	43.239	636	97	3.00e-155	464	sp|P61286|PABP1_BOVIN Polyadenylate-binding protein 1 OS=Bos taurus OX=9913 GN=PABPC1 PE=2 SV=1	0	N/A	N/A
g30828	sp|P61286|PABP1_BOVIN	34.564	298	97	7.84e-40	158	sp|P61286|PABP1_BOVIN Polyadenylate-binding protein 1 OS=Bos taurus OX=9913 GN=PABPC1 PE=2 SV=1	0	N/A	N/A
g30902	sp|F4IDY7|DDR4_ARATH	41.463	369	70	8.69e-83	275	sp|F4IDY7|DDR4_ARATH DDT domain-containing protein DDR4 OS=Arabidopsis thaliana OX=3702 GN=DDR4 PE=1 SV=1	0	N/A	N/A
g30919	sp|Q9C7A2|ITN1_ARATH	21.690	355	42	7.57e-09	62.8	sp|Q9C7A2|ITN1_ARATH Ankyrin repeat-containing protein ITN1 OS=Arabidopsis thaliana OX=3702 GN=ITN1 PE=1 SV=1	0	N/A	N/A
g30919	sp|A2CIR5|NPR4_ORYSJ	23.261	417	50	4.59e-08	60.1	sp|A2CIR5|NPR4_ORYSJ Ankyrin repeat-containing protein NPR4 OS=Oryza sativa subsp. japonica OX=39947 GN=NPR4 PE=2 SV=1	0	N/A	N/A
g30919	sp|Q6AWW5|Y5262_ARATH	22.253	364	42	7.07e-06	53.1	sp|Q6AWW5|Y5262_ARATH Ankyrin repeat-containing protein At5g02620 OS=Arabidopsis thaliana OX=3702 GN=At5g02620 PE=1 SV=1	0	N/A	N/A
g30921	sp|Q8L7A0|TAUE3_ARATH	59.583	480	98	0.0	523	sp|Q8L7A0|TAUE3_ARATH Sulfite exporter TauE/SafE family protein 3 OS=Arabidopsis thaliana OX=3702 GN=At2g25737 PE=2 SV=1	0	N/A	N/A
g30921	sp|Q8S9J0|TAUE4_ARATH	44.898	441	87	1.03e-103	320	sp|Q8S9J0|TAUE4_ARATH Sulfite exporter TauE/SafE family protein 4 OS=Arabidopsis thaliana OX=3702 GN=At2g36630 PE=2 SV=1	0	N/A	N/A
g30921	sp|F4I8X6|TAUE1_ARATH	33.333	399	77	5.86e-41	155	sp|F4I8X6|TAUE1_ARATH Sulfite exporter TauE/SafE family protein 1 OS=Arabidopsis thaliana OX=3702 GN=At1g11540 PE=2 SV=2	0	N/A	N/A
g30921	sp|Q9SYB0|TAUE2_ARATH	30.051	396	77	9.36e-37	144	sp|Q9SYB0|TAUE2_ARATH Sulfite exporter TauE/SafE family protein 2 OS=Arabidopsis thaliana OX=3702 GN=At1g61740 PE=2 SV=1	0	N/A	N/A
g30921	sp|O49567|TAUE6_ARATH	29.117	419	83	3.37e-35	139	sp|O49567|TAUE6_ARATH Sulfite exporter TauE/SafE family protein 6 OS=Arabidopsis thaliana OX=3702 GN=At4g21260 PE=3 SV=2	0	N/A	N/A
g30922	sp|Q9LJH2|AKB1C_ARATH	52.454	326	87	7.44e-107	324	sp|Q9LJH2|AKB1C_ARATH DNA N(6)-methyladenine demethylase ALKBH1C OS=Arabidopsis thaliana OX=3702 GN=ALKBH1C PE=1 SV=1	0	N/A	N/A
g30922	sp|F4KAV2|AKB1D_ARATH	52.308	260	70	3.65e-91	283	sp|F4KAV2|AKB1D_ARATH DNA N(6)-methyladenine demethylase ALKBH1D OS=Arabidopsis thaliana OX=3702 GN=ALKBH1D PE=1 SV=1	0	N/A	N/A
g30922	sp|F4JFR7|AKB1B_ARATH	51.724	261	64	2.27e-81	259	sp|F4JFR7|AKB1B_ARATH Probable DNA N(6)-methyladenine demethylase ALKBH1B OS=Arabidopsis thaliana OX=3702 GN=ALKBH1B PE=2 SV=1	0	N/A	N/A
g30922	sp|P05050|ALKB_ECOLI	29.956	227	60	1.11e-21	95.1	sp|P05050|ALKB_ECOLI Alpha-ketoglutarate-dependent dioxygenase AlkB OS=Escherichia coli (strain K12) OX=83333 GN=alkB PE=1 SV=1	0	N/A	N/A
g30922	sp|P37462|ALKB_SALTY	30.172	232	60	2.98e-19	88.6	sp|P37462|ALKB_SALTY Alpha-ketoglutarate-dependent dioxygenase AlkB OS=Salmonella typhimurium (strain LT2 / SGSC1412 / ATCC 700720) OX=99287 GN=alkB PE=3 SV=2	0	N/A	N/A
g30932	sp|Q8L860|TOL9_ARATH	49.929	701	99	1.99e-175	517	sp|Q8L860|TOL9_ARATH TOM1-like protein 9 OS=Arabidopsis thaliana OX=3702 GN=TOL9 PE=1 SV=1	0	N/A	N/A
g30932	sp|Q9C9Y1|TOL8_ARATH	49.174	484	71	8.10e-138	418	sp|Q9C9Y1|TOL8_ARATH TOM1-like protein 8 OS=Arabidopsis thaliana OX=3702 GN=TOL8 PE=2 SV=1	0	N/A	N/A
g30932	sp|Q9LPL6|TOL3_ARATH	57.194	278	43	1.11e-101	322	sp|Q9LPL6|TOL3_ARATH TOM1-like protein 3 OS=Arabidopsis thaliana OX=3702 GN=TOL3 PE=1 SV=1	0	N/A	N/A
g30932	sp|Q6NQK0|TOL4_ARATH	55.137	292	46	6.05e-96	305	sp|Q6NQK0|TOL4_ARATH TOM1-like protein 4 OS=Arabidopsis thaliana OX=3702 GN=TOL4 PE=1 SV=1	0	N/A	N/A
g30932	sp|O80910|TOL6_ARATH	45.223	314	43	1.18e-76	261	sp|O80910|TOL6_ARATH TOM1-like protein 6 OS=Arabidopsis thaliana OX=3702 GN=TOL6 PE=1 SV=1	0	N/A	N/A
g30934	sp|Q07469|BSPA_POPDE	27.181	298	83	9.06e-29	116	sp|Q07469|BSPA_POPDE Bark storage protein A OS=Populus deltoides OX=3696 GN=BSPA PE=2 SV=1	0	N/A	N/A
g30934	sp|Q09117|BSPB_POPDE	27.333	300	83	3.80e-27	112	sp|Q09117|BSPB_POPDE Bark storage protein B OS=Populus deltoides OX=3696 GN=BSP PE=1 SV=1	0	N/A	N/A
g30934	sp|Q92BL9|MTNN_LISIN	24.916	297	83	2.23e-12	69.3	sp|Q92BL9|MTNN_LISIN 5'-methylthioadenosine/S-adenosylhomocysteine nucleosidase OS=Listeria innocua serovar 6a (strain ATCC BAA-680 / CLIP 11262) OX=272626 GN=mtnN PE=3 SV=1	0	N/A	N/A
g30934	sp|A0AIU3|MTNN_LISW6	24.415	299	83	4.29e-12	68.6	sp|A0AIU3|MTNN_LISW6 5'-methylthioadenosine/S-adenosylhomocysteine nucleosidase OS=Listeria welshimeri serovar 6b (strain ATCC 35897 / DSM 20650 / CCUG 15529 / CIP 8149 / NCTC 11857 / SLCC 5334 / V8) OX=386043 GN=mtnN PE=3 SV=1	0	N/A	N/A
g30934	sp|Q8Y729|MTNN_LISMO	24.242	297	83	7.62e-12	67.8	sp|Q8Y729|MTNN_LISMO 5'-methylthioadenosine/S-adenosylhomocysteine nucleosidase OS=Listeria monocytogenes serovar 1/2a (strain ATCC BAA-679 / EGD-e) OX=169963 GN=mtnN PE=3 SV=1	0	N/A	N/A
g30935	sp|Q9M817|PTR6_ARATH	45.739	352	91	1.24e-101	319	sp|Q9M817|PTR6_ARATH Protein NRT1/ PTR FAMILY 1.2 OS=Arabidopsis thaliana OX=3702 GN=NPF1.2 PE=1 SV=1	0	N/A	N/A
g30935	sp|Q9M817|PTR6_ARATH	49.495	99	91	6.07e-22	102	sp|Q9M817|PTR6_ARATH Protein NRT1/ PTR FAMILY 1.2 OS=Arabidopsis thaliana OX=3702 GN=NPF1.2 PE=1 SV=1	0	N/A	N/A
g30935	sp|Q8LPL2|PTR32_ARATH	44.538	357	90	5.58e-97	307	sp|Q8LPL2|PTR32_ARATH Protein NRT1/ PTR FAMILY 1.1 OS=Arabidopsis thaliana OX=3702 GN=NPF1.1 PE=1 SV=2	0	N/A	N/A
g30935	sp|Q8LPL2|PTR32_ARATH	52.273	88	90	4.63e-20	96.7	sp|Q8LPL2|PTR32_ARATH Protein NRT1/ PTR FAMILY 1.1 OS=Arabidopsis thaliana OX=3702 GN=NPF1.1 PE=1 SV=2	0	N/A	N/A
g30935	sp|Q8RX77|PTR21_ARATH	37.127	369	92	1.97e-76	254	sp|Q8RX77|PTR21_ARATH Protein NRT1/ PTR FAMILY 2.13 OS=Arabidopsis thaliana OX=3702 GN=NPF2.13 PE=1 SV=1	0	N/A	N/A
g30935	sp|Q8RX77|PTR21_ARATH	43.678	87	92	9.57e-17	86.7	sp|Q8RX77|PTR21_ARATH Protein NRT1/ PTR FAMILY 2.13 OS=Arabidopsis thaliana OX=3702 GN=NPF2.13 PE=1 SV=1	0	N/A	N/A
g30935	sp|Q9M9V7|PTR8_ARATH	36.441	354	89	7.84e-74	246	sp|Q9M9V7|PTR8_ARATH Protein NRT1/ PTR FAMILY 2.9 OS=Arabidopsis thaliana OX=3702 GN=NPF2.9 PE=1 SV=1	0	N/A	N/A
g30935	sp|Q9M9V7|PTR8_ARATH	31.868	91	89	6.17e-09	62.0	sp|Q9M9V7|PTR8_ARATH Protein NRT1/ PTR FAMILY 2.9 OS=Arabidopsis thaliana OX=3702 GN=NPF2.9 PE=1 SV=1	0	N/A	N/A
g30935	sp|Q9SX20|PTR18_ARATH	37.394	353	91	1.70e-72	243	sp|Q9SX20|PTR18_ARATH Protein NRT1/ PTR FAMILY 3.1 OS=Arabidopsis thaliana OX=3702 GN=NPF3.1 PE=2 SV=1	0	N/A	N/A
g30935	sp|Q9SX20|PTR18_ARATH	34.343	99	91	8.56e-10	64.7	sp|Q9SX20|PTR18_ARATH Protein NRT1/ PTR FAMILY 3.1 OS=Arabidopsis thaliana OX=3702 GN=NPF3.1 PE=2 SV=1	0	N/A	N/A
g30936	sp|Q9M817|PTR6_ARATH	47.183	568	96	0.0	551	sp|Q9M817|PTR6_ARATH Protein NRT1/ PTR FAMILY 1.2 OS=Arabidopsis thaliana OX=3702 GN=NPF1.2 PE=1 SV=1	0	N/A	N/A
g30936	sp|Q8LPL2|PTR32_ARATH	46.831	568	96	0.0	536	sp|Q8LPL2|PTR32_ARATH Protein NRT1/ PTR FAMILY 1.1 OS=Arabidopsis thaliana OX=3702 GN=NPF1.1 PE=1 SV=2	0	N/A	N/A
g30936	sp|Q8RX77|PTR21_ARATH	39.636	550	93	1.11e-138	419	sp|Q8RX77|PTR21_ARATH Protein NRT1/ PTR FAMILY 2.13 OS=Arabidopsis thaliana OX=3702 GN=NPF2.13 PE=1 SV=1	0	N/A	N/A
g30936	sp|Q9LV10|PTR53_ARATH	34.790	595	99	2.07e-129	395	sp|Q9LV10|PTR53_ARATH Protein NRT1/ PTR FAMILY 2.11 OS=Arabidopsis thaliana OX=3702 GN=NPF2.11 PE=1 SV=1	0	N/A	N/A
g30936	sp|Q9SX20|PTR18_ARATH	37.608	577	97	1.03e-123	379	sp|Q9SX20|PTR18_ARATH Protein NRT1/ PTR FAMILY 3.1 OS=Arabidopsis thaliana OX=3702 GN=NPF3.1 PE=2 SV=1	0	N/A	N/A
g30940	sp|Q9LX74|EXOS5_ARATH	72.016	243	100	5.70e-133	377	sp|Q9LX74|EXOS5_ARATH Exosome complex exonuclease RRP46 homolog OS=Arabidopsis thaliana OX=3702 GN=RRP46 PE=2 SV=1	0	N/A	N/A
g30940	sp|Q84T68|EXOS5_ORYSJ	62.917	240	98	2.16e-108	315	sp|Q84T68|EXOS5_ORYSJ Exosome complex exonuclease RRP46 homolog OS=Oryza sativa subsp. japonica OX=39947 GN=RRP46 PE=1 SV=2	0	N/A	N/A
g30940	sp|Q9NQT4|EXOS5_HUMAN	40.936	171	70	1.50e-38	137	sp|Q9NQT4|EXOS5_HUMAN Exosome complex component RRP46 OS=Homo sapiens OX=9606 GN=EXOSC5 PE=1 SV=1	0	N/A	N/A
g30940	sp|Q9CRA8|EXOS5_MOUSE	40.588	170	67	2.59e-38	136	sp|Q9CRA8|EXOS5_MOUSE Exosome complex component RRP46 OS=Mus musculus OX=10090 GN=Exosc5 PE=1 SV=1	0	N/A	N/A
g30940	sp|Q9SP08|RRP41_ARATH	36.747	166	64	2.63e-22	94.7	sp|Q9SP08|RRP41_ARATH Exosome complex component RRP41 homolog OS=Arabidopsis thaliana OX=3702 GN=RRP41 PE=1 SV=1	0	N/A	N/A
g30941	sp|Q5XF85|ATL42_ARATH	39.189	444	96	1.67e-79	254	sp|Q5XF85|ATL42_ARATH E3 ubiquitin-protein ligase ATL42 OS=Arabidopsis thaliana OX=3702 GN=ATL42 PE=1 SV=2	0	N/A	N/A
g30941	sp|Q9SL78|ATL12_ARATH	38.903	401	92	4.67e-77	246	sp|Q9SL78|ATL12_ARATH Putative RING-H2 finger protein ATL12 OS=Arabidopsis thaliana OX=3702 GN=ATL12 PE=3 SV=1	0	N/A	N/A
g30941	sp|Q5EAE9|ATL43_ARATH	40.789	228	45	1.19e-39	149	sp|Q5EAE9|ATL43_ARATH RING-H2 finger protein ATL43 OS=Arabidopsis thaliana OX=3702 GN=ATL43 PE=2 SV=2	0	N/A	N/A
g30941	sp|Q8RXX9|ATL6_ARATH	36.747	166	39	1.83e-25	109	sp|Q8RXX9|ATL6_ARATH E3 ubiquitin-protein ligase ATL6 OS=Arabidopsis thaliana OX=3702 GN=ATL6 PE=1 SV=2	0	N/A	N/A
g30941	sp|Q8W571|ATL32_ARATH	39.241	158	38	2.36e-25	108	sp|Q8W571|ATL32_ARATH RING-H2 finger protein ATL32 OS=Arabidopsis thaliana OX=3702 GN=ATL32 PE=2 SV=3	0	N/A	N/A
g30942	sp|Q9FFN2|GLYT3_ARATH	45.977	348	63	1.89e-99	313	sp|Q9FFN2|GLYT3_ARATH Probable glycosyltransferase At5g03795 OS=Arabidopsis thaliana OX=3702 GN=At5g03795 PE=3 SV=2	0	N/A	N/A
g30942	sp|Q9SSE8|GLYT1_ARATH	39.589	389	68	6.17e-92	292	sp|Q9SSE8|GLYT1_ARATH Probable glycosyltransferase At3g07620 OS=Arabidopsis thaliana OX=3702 GN=At3g07620 PE=3 SV=1	0	N/A	N/A
g30942	sp|Q3E7Q9|GLYT6_ARATH	40.576	382	68	1.06e-89	287	sp|Q3E7Q9|GLYT6_ARATH Probable glycosyltransferase At5g25310 OS=Arabidopsis thaliana OX=3702 GN=At5g25310 PE=3 SV=2	0	N/A	N/A
g30942	sp|Q9LFP3|GLYT4_ARATH	40.678	354	63	1.94e-85	276	sp|Q9LFP3|GLYT4_ARATH Probable glycosyltransferase At5g11130 OS=Arabidopsis thaliana OX=3702 GN=At5g11130/At5g11120 PE=3 SV=2	0	N/A	N/A
g30942	sp|Q94AA9|XGD1_ARATH	39.335	361	63	2.03e-80	263	sp|Q94AA9|XGD1_ARATH Xylogalacturonan beta-1,3-xylosyltransferase OS=Arabidopsis thaliana OX=3702 GN=XGD1 PE=1 SV=2	0	N/A	N/A
g31095	sp|Q940R4|ASP63_ARATH	54.378	434	82	3.34e-131	392	sp|Q940R4|ASP63_ARATH Probable aspartyl protease At4g16563 OS=Arabidopsis thaliana OX=3702 GN=At4g16563 PE=2 SV=1	0	N/A	N/A
g31095	sp|Q766C2|NEP2_NEPGR	29.187	418	84	5.53e-42	158	sp|Q766C2|NEP2_NEPGR Aspartic proteinase nepenthesin-2 OS=Nepenthes gracilis OX=150966 GN=nep2 PE=1 SV=1	0	N/A	N/A
g31095	sp|Q766C3|NEP1_NEPGR	29.495	495	99	9.49e-42	157	sp|Q766C3|NEP1_NEPGR Aspartic proteinase nepenthesin-1 OS=Nepenthes gracilis OX=150966 GN=nep1 PE=1 SV=1	0	N/A	N/A
g31095	sp|Q9LNJ3|APF2_ARATH	32.746	397	80	7.80e-39	150	sp|Q9LNJ3|APF2_ARATH Aspartyl protease family protein 2 OS=Arabidopsis thaliana OX=3702 GN=APF2 PE=2 SV=1	0	N/A	N/A
g31095	sp|Q9LS40|ASPG1_ARATH	31.088	386	78	4.78e-36	142	sp|Q9LS40|ASPG1_ARATH Protein ASPARTIC PROTEASE IN GUARD CELL 1 OS=Arabidopsis thaliana OX=3702 GN=ASPG1 PE=1 SV=1	0	N/A	N/A
g31096	sp|Q9SIT5|CHX15_ARATH	72.153	808	97	0.0	1164	sp|Q9SIT5|CHX15_ARATH Cation/H(+) antiporter 15 OS=Arabidopsis thaliana OX=3702 GN=CHX15 PE=2 SV=1	0	N/A	N/A
g31096	sp|Q9LUN4|CHX19_ARATH	48.974	780	94	0.0	740	sp|Q9LUN4|CHX19_ARATH Cation/H(+) antiporter 19 OS=Arabidopsis thaliana OX=3702 GN=CHX19 PE=2 SV=1	0	N/A	N/A
g31096	sp|Q9FFR9|CHX18_ARATH	48.379	802	95	0.0	727	sp|Q9FFR9|CHX18_ARATH Cation/H(+) antiporter 18 OS=Arabidopsis thaliana OX=3702 GN=CHX18 PE=2 SV=1	0	N/A	N/A
g31096	sp|Q9SUQ7|CHX17_ARATH	47.132	802	94	0.0	707	sp|Q9SUQ7|CHX17_ARATH Cation/H(+) antiporter 17 OS=Arabidopsis thaliana OX=3702 GN=CHX17 PE=1 SV=1	0	N/A	N/A
g31096	sp|Q1HDT3|CHX16_ARATH	45.739	798	94	0.0	656	sp|Q1HDT3|CHX16_ARATH Cation/H(+) antiporter 16 OS=Arabidopsis thaliana OX=3702 GN=CHX16 PE=2 SV=1	0	N/A	N/A
g31097	sp|Q05085|PTR7_ARATH	64.334	586	98	0.0	743	sp|Q05085|PTR7_ARATH Protein NRT1/ PTR FAMILY 6.3 OS=Arabidopsis thaliana OX=3702 GN=NPF6.3 PE=1 SV=1	0	N/A	N/A
g31097	sp|Q9SZY4|PTR27_ARATH	55.294	595	98	0.0	590	sp|Q9SZY4|PTR27_ARATH Protein NRT1/ PTR FAMILY 6.2 OS=Arabidopsis thaliana OX=3702 GN=NPF6.2 PE=1 SV=1	0	N/A	N/A
g31097	sp|Q9LVE0|PTR33_ARATH	52.043	563	94	0.0	532	sp|Q9LVE0|PTR33_ARATH Protein NRT1/ PTR FAMILY 6.4 OS=Arabidopsis thaliana OX=3702 GN=NPF6.4 PE=1 SV=1	0	N/A	N/A
g31097	sp|Q9M390|PTR1_ARATH	44.007	559	94	3.89e-171	501	sp|Q9M390|PTR1_ARATH Protein NRT1/ PTR FAMILY 8.1 OS=Arabidopsis thaliana OX=3702 GN=NPF8.1 PE=1 SV=1	0	N/A	N/A
g31097	sp|Q9LFB8|PTR5_ARATH	44.007	559	94	1.56e-168	494	sp|Q9LFB8|PTR5_ARATH Protein NRT1/ PTR FAMILY 8.2 OS=Arabidopsis thaliana OX=3702 GN=NPF8.2 PE=2 SV=1	0	N/A	N/A
g31101	sp|P49042|VPE_RICCO	64.027	442	91	0.0	606	sp|P49042|VPE_RICCO Vacuolar-processing enzyme OS=Ricinus communis OX=3988 PE=1 SV=1	0	N/A	N/A
g31101	sp|Q8GS39|REP2_ORYSJ	63.063	444	92	0.0	592	sp|Q8GS39|REP2_ORYSJ Asparaginyl endopeptidase Rep2 OS=Oryza sativa subsp. japonica OX=39947 GN=REP2 PE=1 SV=1	0	N/A	N/A
g31101	sp|P49045|VPE_SOYBN	61.607	448	92	0.0	583	sp|P49045|VPE_SOYBN Vacuolar-processing enzyme OS=Glycine max OX=3847 PE=2 SV=1	0	N/A	N/A
g31101	sp|Q39044|VPEB_ARATH	62.361	449	92	0.0	581	sp|Q39044|VPEB_ARATH Vacuolar-processing enzyme beta-isozyme OS=Arabidopsis thaliana OX=3702 GN=bVPE PE=1 SV=3	0	N/A	N/A
g31101	sp|O24326|VPE2_PHAVU	62.247	445	92	0.0	569	sp|O24326|VPE2_PHAVU Vacuolar-processing enzyme OS=Phaseolus vulgaris OX=3885 PE=2 SV=1	0	N/A	N/A
g31334	sp|Q9FJ07|MY111_ARATH	73.913	115	45	1.03e-59	195	sp|Q9FJ07|MY111_ARATH Transcription factor MYB111 OS=Arabidopsis thaliana OX=3702 GN=MYB111 PE=1 SV=1	0	N/A	N/A
g31334	sp|A0A4D6Q411|MYB1_CROXC	69.565	115	45	2.39e-57	186	sp|A0A4D6Q411|MYB1_CROXC Transcription factor MYB1 OS=Crocosmia x crocosmiiflora OX=1053288 GN=MYB1 PE=2 SV=1	0	N/A	N/A
g31334	sp|Q9SDS8|MYB8_ARATH	47.959	196	77	2.31e-56	182	sp|Q9SDS8|MYB8_ARATH Transcription factor MYB8 OS=Arabidopsis thaliana OX=3702 GN=MYB8 PE=2 SV=1	0	N/A	N/A
g31334	sp|Q38851|MYB6_ARATH	47.594	187	74	4.50e-56	182	sp|Q38851|MYB6_ARATH Transcription repressor MYB6 OS=Arabidopsis thaliana OX=3702 GN=MYB6 PE=1 SV=1	0	N/A	N/A
g31334	sp|Q9S9K9|MYB3_ARATH	62.016	129	51	4.58e-56	183	sp|Q9S9K9|MYB3_ARATH Transcription factor MYB3 OS=Arabidopsis thaliana OX=3702 GN=MYB3 PE=1 SV=1	0	N/A	N/A
g31454	sp|O04630|SYTM1_ARATH	61.224	441	99	0.0	562	sp|O04630|SYTM1_ARATH Threonine--tRNA ligase, mitochondrial 1 OS=Arabidopsis thaliana OX=3702 GN=THRRS PE=1 SV=3	0	N/A	N/A
g31454	sp|Q54J66|SYTC1_DICDI	53.207	421	95	7.47e-151	447	sp|Q54J66|SYTC1_DICDI Probable threonine--tRNA ligase 1, cytoplasmic OS=Dictyostelium discoideum OX=44689 GN=thrS1 PE=3 SV=1	0	N/A	N/A
g31454	sp|P52709|SYTC_CAEEL	50.835	419	95	1.47e-144	431	sp|P52709|SYTC_CAEEL Threonine--tRNA ligase, cytoplasmic OS=Caenorhabditis elegans OX=6239 GN=tars-1 PE=3 SV=1	0	N/A	N/A
g31454	sp|Q8BLY2|SYTC2_MOUSE	50.597	419	95	3.54e-144	432	sp|Q8BLY2|SYTC2_MOUSE Threonine--tRNA ligase 2, cytoplasmic OS=Mus musculus OX=10090 GN=Tars3 PE=1 SV=1	0	N/A	N/A
g31454	sp|A2RTX5|SYTC2_HUMAN	50.000	418	95	4.62e-143	430	sp|A2RTX5|SYTC2_HUMAN Threonine--tRNA ligase 2, cytoplasmic OS=Homo sapiens OX=9606 GN=TARS3 PE=1 SV=1	0	N/A	N/A
g31493	sp|A2ZAI7|ROC3_ORYSI	51.317	873	95	0.0	810	sp|A2ZAI7|ROC3_ORYSI Homeobox-leucine zipper protein ROC3 OS=Oryza sativa subsp. indica OX=39946 GN=ROC3 PE=3 SV=2	0	N/A	N/A
g31493	sp|Q9FJS2|HDG5_ARATH	54.963	806	94	0.0	809	sp|Q9FJS2|HDG5_ARATH Homeobox-leucine zipper protein HDG5 OS=Arabidopsis thaliana OX=3702 GN=HDG5 PE=2 SV=3	0	N/A	N/A
g31493	sp|Q336P2|ROC3_ORYSJ	51.323	869	95	0.0	803	sp|Q336P2|ROC3_ORYSJ Homeobox-leucine zipper protein ROC3 OS=Oryza sativa subsp. japonica OX=39947 GN=ROC3 PE=2 SV=1	0	N/A	N/A
g31493	sp|Q8L7H4|HDG4_ARATH	49.001	751	92	0.0	664	sp|Q8L7H4|HDG4_ARATH Homeobox-leucine zipper protein HDG4 OS=Arabidopsis thaliana OX=3702 GN=HDG4 PE=1 SV=1	0	N/A	N/A
g31493	sp|Q93V99|PDF2_ARATH	46.072	751	90	0.0	654	sp|Q93V99|PDF2_ARATH Homeobox-leucine zipper protein PROTODERMAL FACTOR 2 OS=Arabidopsis thaliana OX=3702 GN=PDF2 PE=1 SV=1	0	N/A	N/A
g31874	sp|P33611|DPOA2_MOUSE	32.339	436	69	2.10e-69	239	sp|P33611|DPOA2_MOUSE DNA polymerase alpha subunit B OS=Mus musculus OX=10090 GN=Pola2 PE=1 SV=2	0	N/A	N/A
g31874	sp|Q14181|DPOA2_HUMAN	33.750	400	65	4.49e-68	235	sp|Q14181|DPOA2_HUMAN DNA polymerase alpha subunit B OS=Homo sapiens OX=9606 GN=POLA2 PE=1 SV=2	0	N/A	N/A
g31874	sp|O89043|DPOA2_RAT	31.935	429	68	2.34e-66	231	sp|O89043|DPOA2_RAT DNA polymerase alpha subunit B OS=Rattus norvegicus OX=10116 GN=Pola2 PE=1 SV=2	0	N/A	N/A
g31874	sp|Q58D13|DPOA2_BOVIN	33.333	372	60	1.12e-62	221	sp|Q58D13|DPOA2_BOVIN DNA polymerase alpha subunit B OS=Bos taurus OX=9913 GN=POLA2 PE=2 SV=1	0	N/A	N/A
g31874	sp|Q9VB62|DPOA2_DROME	30.673	401	63	7.67e-48	180	sp|Q9VB62|DPOA2_DROME DNA polymerase alpha subunit B OS=Drosophila melanogaster OX=7227 GN=PolA2 PE=1 SV=2	0	N/A	N/A
g31875	sp|Q9C501|PPR70_ARATH	55.126	517	95	0.0	599	sp|Q9C501|PPR70_ARATH Pentatricopeptide repeat-containing protein At1g33350 OS=Arabidopsis thaliana OX=3702 GN=PCMP-E57 PE=2 SV=1	0	N/A	N/A
g31875	sp|Q9SIL5|PP165_ARATH	34.942	518	96	1.11e-118	363	sp|Q9SIL5|PP165_ARATH Pentatricopeptide repeat-containing protein At2g20540 OS=Arabidopsis thaliana OX=3702 GN=PCMP-E78 PE=2 SV=1	0	N/A	N/A
g31875	sp|Q9FJY7|PP449_ARATH	36.000	500	92	3.83e-114	354	sp|Q9FJY7|PP449_ARATH Pentatricopeptide repeat-containing protein At5g66520 OS=Arabidopsis thaliana OX=3702 GN=PCMP-H61 PE=2 SV=1	0	N/A	N/A
g31875	sp|Q9FIF7|PP435_ARATH	34.990	503	93	6.28e-112	346	sp|Q9FIF7|PP435_ARATH Putative pentatricopeptide repeat-containing protein At5g59200, chloroplastic OS=Arabidopsis thaliana OX=3702 GN=PCMP-E41 PE=3 SV=1	0	N/A	N/A
g31875	sp|Q9FNN7|PP371_ARATH	36.821	497	91	2.34e-111	343	sp|Q9FNN7|PP371_ARATH Pentatricopeptide repeat-containing protein At5g08510 OS=Arabidopsis thaliana OX=3702 GN=PCMP-E20 PE=2 SV=1	0	N/A	N/A
g31876	sp|O32107|YUID_BACSU	41.844	141	71	4.22e-25	98.2	sp|O32107|YUID_BACSU Uncharacterized membrane protein YuiD OS=Bacillus subtilis (strain 168) OX=224308 GN=yuiD PE=4 SV=1	0	N/A	N/A
g32042	sp|Q803I2|ERGI3_DANRE	35.544	377	96	9.67e-70	226	sp|Q803I2|ERGI3_DANRE Endoplasmic reticulum-Golgi intermediate compartment protein 3 OS=Danio rerio OX=7955 GN=ergic3 PE=2 SV=1	0	N/A	N/A
g32042	sp|Q66KH2|ERGI3_XENLA	34.301	379	96	9.50e-68	221	sp|Q66KH2|ERGI3_XENLA Endoplasmic reticulum-Golgi intermediate compartment protein 3 OS=Xenopus laevis OX=8355 GN=ergic3 PE=2 SV=1	0	N/A	N/A
g32042	sp|Q6NVS2|ERGI3_XENTR	34.037	379	96	6.17e-67	218	sp|Q6NVS2|ERGI3_XENTR Endoplasmic reticulum-Golgi intermediate compartment protein 3 OS=Xenopus tropicalis OX=8364 GN=ergic3 PE=2 SV=1	0	N/A	N/A
g32042	sp|Q54DW2|ERGI3_DICDI	35.484	372	96	1.46e-66	217	sp|Q54DW2|ERGI3_DICDI Probable endoplasmic reticulum-Golgi intermediate compartment protein 3 OS=Dictyostelium discoideum OX=44689 GN=ergic3 PE=3 SV=1	0	N/A	N/A
g32042	sp|Q9Y282|ERGI3_HUMAN	35.979	378	96	1.07e-65	215	sp|Q9Y282|ERGI3_HUMAN Endoplasmic reticulum-Golgi intermediate compartment protein 3 OS=Homo sapiens OX=9606 GN=ERGIC3 PE=1 SV=1	0	N/A	N/A
g32199	sp|Q9FJK3|AGL80_ARATH	56.219	201	72	1.13e-63	204	sp|Q9FJK3|AGL80_ARATH Agamous-like MADS-box protein AGL80 OS=Arabidopsis thaliana OX=3702 GN=AGL80 PE=1 SV=1	0	N/A	N/A
g32199	sp|O80805|PHE1_ARATH	44.186	172	66	1.42e-46	159	sp|O80805|PHE1_ARATH MADS-box transcription factor PHERES 1 OS=Arabidopsis thaliana OX=3702 GN=PHE1 PE=1 SV=1	0	N/A	N/A
g32199	sp|Q7XJK8|PHE2_ARATH	45.455	154	59	5.63e-44	152	sp|Q7XJK8|PHE2_ARATH MADS-box transcription factor PHERES 2 OS=Arabidopsis thaliana OX=3702 GN=PHE2 PE=1 SV=1	0	N/A	N/A
g32199	sp|Q7XJK6|AGL36_ARATH	37.004	227	81	7.34e-42	149	sp|Q7XJK6|AGL36_ARATH Agamous-like MADS-box protein AGL36 OS=Arabidopsis thaliana OX=3702 GN=AGL36 PE=1 SV=1	0	N/A	N/A
g32199	sp|Q7XJK5|AGL90_ARATH	37.555	229	84	4.97e-41	146	sp|Q7XJK5|AGL90_ARATH Agamous-like MADS-box protein AGL90 OS=Arabidopsis thaliana OX=3702 GN=AGL90 PE=1 SV=2	0	N/A	N/A
g32203	sp|A2XQE8|SAG39_ORYSI	61.424	337	97	8.10e-150	428	sp|A2XQE8|SAG39_ORYSI Senescence-specific cysteine protease SAG39 OS=Oryza sativa subsp. indica OX=39946 GN=OsI_14861 PE=3 SV=1	0	N/A	N/A
g32203	sp|Q7XWK5|SAG39_ORYSJ	61.128	337	97	4.41e-149	426	sp|Q7XWK5|SAG39_ORYSJ Senescence-specific cysteine protease SAG39 OS=Oryza sativa subsp. japonica OX=39947 GN=SAG39 PE=2 SV=2	0	N/A	N/A
g32203	sp|Q9FJ47|SAG12_ARATH	58.651	341	97	2.81e-139	401	sp|Q9FJ47|SAG12_ARATH Senescence-specific cysteine protease SAG12 OS=Arabidopsis thaliana OX=3702 GN=SAG12 PE=1 SV=1	0	N/A	N/A
g32203	sp|Q9FGR9|CEP1_ARATH	55.030	338	97	1.70e-129	377	sp|Q9FGR9|CEP1_ARATH KDEL-tailed cysteine endopeptidase CEP1 OS=Arabidopsis thaliana OX=3702 GN=CEP1 PE=1 SV=1	0	N/A	N/A
g32203	sp|O65039|CYSEP_RICCO	58.958	307	88	7.76e-129	375	sp|O65039|CYSEP_RICCO Vignain OS=Ricinus communis OX=3988 GN=CYSEP PE=1 SV=1	0	N/A	N/A
g32209	sp|A0A067XRK9|XTH6_DIOKA	75.251	299	100	3.70e-175	488	sp|A0A067XRK9|XTH6_DIOKA Xyloglucan endotransglucosylase protein 6 OS=Diospyros kaki OX=35925 GN=XTH6 PE=1 SV=1	0	N/A	N/A
g32209	sp|Q8LDW9|XTH9_ARATH	70.383	287	99	1.06e-155	439	sp|Q8LDW9|XTH9_ARATH Xyloglucan endotransglucosylase/hydrolase protein 9 OS=Arabidopsis thaliana OX=3702 GN=XTH9 PE=2 SV=2	0	N/A	N/A
g32209	sp|Q41638|XTHA_PHAAN	51.351	296	99	7.60e-105	310	sp|Q41638|XTHA_PHAAN Xyloglucan endotransglucosylase/hydrolase protein A OS=Phaseolus angularis OX=3914 GN=XTHA PE=1 SV=1	0	N/A	N/A
g32209	sp|Q9XIW1|XTH5_ARATH	50.340	294	99	5.02e-104	308	sp|Q9XIW1|XTH5_ARATH Probable xyloglucan endotransglucosylase/hydrolase protein 5 OS=Arabidopsis thaliana OX=3702 GN=XTH5 PE=2 SV=1	0	N/A	N/A
g32209	sp|Q8GZD5|XTH34_POPPZ	53.008	266	90	1.92e-103	306	sp|Q8GZD5|XTH34_POPPZ Xyloglucan endotransglucosylase protein 34 OS=Populus tremula x Populus tremuloides OX=47664 GN=XTH16-34 PE=1 SV=1	0	N/A	N/A
g33060	sp|P93431|RCA_ORYSJ	50.599	334	75	7.04e-111	337	sp|P93431|RCA_ORYSJ Ribulose bisphosphate carboxylase/oxygenase activase, chloroplastic OS=Oryza sativa subsp. japonica OX=39947 GN=RCA PE=1 SV=2	0	N/A	N/A
g33060	sp|Q9ZT00|RCA_MAIZE	50.448	335	75	7.48e-110	333	sp|Q9ZT00|RCA_MAIZE Ribulose bisphosphate carboxylase/oxygenase activase, chloroplastic OS=Zea mays OX=4577 GN=RCA1 PE=2 SV=3	0	N/A	N/A
g33060	sp|O49074|RCA_SOLPN	49.254	335	75	6.42e-108	329	sp|O49074|RCA_SOLPN Ribulose bisphosphate carboxylase/oxygenase activase, chloroplastic OS=Solanum pennellii OX=28526 PE=2 SV=1	0	N/A	N/A
g33060	sp|Q7X999|RCA2_LARTR	53.242	293	66	9.35e-107	325	sp|Q7X999|RCA2_LARTR Ribulose bisphosphate carboxylase/oxygenase activase 2, chloroplastic OS=Larrea tridentata OX=66636 GN=RCA2 PE=2 SV=1	0	N/A	N/A
g33060	sp|Q40460|RCA1_TOBAC	51.875	320	70	4.12e-106	324	sp|Q40460|RCA1_TOBAC Ribulose bisphosphate carboxylase/oxygenase activase 1, chloroplastic OS=Nicotiana tabacum OX=4097 PE=1 SV=1	0	N/A	N/A
g33061	sp|O24145|4CL1_TOBAC	81.989	533	99	0.0	916	sp|O24145|4CL1_TOBAC 4-coumarate--CoA ligase 1 OS=Nicotiana tabacum OX=4097 GN=4CL1 PE=2 SV=1	0	N/A	N/A
g33061	sp|I3PB37|4CL1_PETHY	81.262	539	99	0.0	914	sp|I3PB37|4CL1_PETHY 4-coumarate:CoA ligase 1 OS=Petunia hybrida OX=4102 GN=4CL1 PE=1 SV=1	0	N/A	N/A
g33061	sp|O24146|4CL2_TOBAC	82.189	539	99	0.0	898	sp|O24146|4CL2_TOBAC 4-coumarate--CoA ligase 2 OS=Nicotiana tabacum OX=4097 GN=4CL2 PE=1 SV=1	0	N/A	N/A
g33061	sp|P14912|4CL1_PETCR	81.273	534	99	0.0	879	sp|P14912|4CL1_PETCR 4-coumarate--CoA ligase 1 OS=Petroselinum crispum OX=4043 GN=4CL1 PE=2 SV=1	0	N/A	N/A
g33061	sp|P14913|4CL2_PETCR	81.461	534	99	0.0	878	sp|P14913|4CL2_PETCR 4-coumarate--CoA ligase 2 OS=Petroselinum crispum OX=4043 GN=4CL2 PE=2 SV=1	0	N/A	N/A
g33062	sp|Q9FZ47|ACR11_ARATH	69.434	265	90	3.51e-126	363	sp|Q9FZ47|ACR11_ARATH ACT domain-containing protein ACR11 OS=Arabidopsis thaliana OX=3702 GN=ACR11 PE=1 SV=1	0	N/A	N/A
g33062	sp|Q0J709|UP12_ORYSJ	71.548	239	82	2.40e-120	348	sp|Q0J709|UP12_ORYSJ ACT domain-containing protein DS12, chloroplastic OS=Oryza sativa subsp. japonica OX=39947 GN=Os08g0242700 PE=4 SV=2	0	N/A	N/A
g33062	sp|P83643|UP12_ORYSI	71.548	239	82	2.40e-120	348	sp|P83643|UP12_ORYSI ACT domain-containing protein DS12, chloroplastic OS=Oryza sativa subsp. indica OX=39946 GN=OsI_027381 PE=1 SV=2	0	N/A	N/A
g33062	sp|Q9LZ23|ACR12_ARATH	56.627	249	86	1.80e-98	294	sp|Q9LZ23|ACR12_ARATH ACT domain-containing protein ACR12 OS=Arabidopsis thaliana OX=3702 GN=ACR12 PE=2 SV=1	0	N/A	N/A
g33062	sp|Q9SGA0|ACR6_ARATH	24.339	189	65	1.60e-08	58.5	sp|Q9SGA0|ACR6_ARATH ACT domain-containing protein ACR6 OS=Arabidopsis thaliana OX=3702 GN=ACR6 PE=1 SV=1	0	N/A	N/A
g33934	sp|Q9FZ95|PUP3_ARATH	57.751	329	88	9.66e-140	404	sp|Q9FZ95|PUP3_ARATH Purine permease 3 OS=Arabidopsis thaliana OX=3702 GN=PUP3 PE=2 SV=1	0	N/A	N/A
g33934	sp|Q9FZ96|PUP1_ARATH	56.471	340	89	3.10e-125	367	sp|Q9FZ96|PUP1_ARATH Purine permease 1 OS=Arabidopsis thaliana OX=3702 GN=PUP1 PE=1 SV=1	0	N/A	N/A
g33934	sp|Q94GB1|PUP2_ARATH	53.782	357	92	1.19e-122	361	sp|Q94GB1|PUP2_ARATH Purine permease 2 OS=Arabidopsis thaliana OX=3702 GN=PUP2 PE=1 SV=1	0	N/A	N/A
g33934	sp|O49726|PUP21_ARATH	36.890	328	87	3.56e-59	199	sp|O49726|PUP21_ARATH Purine permease 21 OS=Arabidopsis thaliana OX=3702 GN=PUP21 PE=2 SV=2	0	N/A	N/A
g33934	sp|O49725|PUP10_ARATH	34.911	338	89	4.17e-54	186	sp|O49725|PUP10_ARATH Probable purine permease 10 OS=Arabidopsis thaliana OX=3702 GN=PUP10 PE=2 SV=2	0	N/A	N/A
g33963	sp|Q9FVC1|SVP_ARATH	44.595	148	99	1.49e-28	107	sp|Q9FVC1|SVP_ARATH MADS-box protein SVP OS=Arabidopsis thaliana OX=3702 GN=SVP PE=1 SV=1	0	N/A	N/A
g33963	sp|O82794|AGL24_ARATH	48.148	135	96	1.39e-27	104	sp|O82794|AGL24_ARATH MADS-box protein AGL24 OS=Arabidopsis thaliana OX=3702 GN=AGL24 PE=1 SV=1	0	N/A	N/A
g33963	sp|Q9FUY6|JOIN_SOLLC	44.966	149	99	2.93e-27	105	sp|Q9FUY6|JOIN_SOLLC MADS-box protein JOINTLESS OS=Solanum lycopersicum OX=4081 GN=J PE=1 SV=1	0	N/A	N/A
g33963	sp|Q69TG5|MAD55_ORYSJ	43.284	134	94	8.46e-21	87.8	sp|Q69TG5|MAD55_ORYSJ MADS-box transcription factor 55 OS=Oryza sativa subsp. japonica OX=39947 GN=MADS55 PE=2 SV=2	0	N/A	N/A
g33963	sp|Q5K4R0|MAD47_ORYSJ	42.553	141	96	3.20e-20	86.3	sp|Q5K4R0|MAD47_ORYSJ MADS-box transcription factor 47 OS=Oryza sativa subsp. japonica OX=39947 GN=MADS47 PE=1 SV=3	0	N/A	N/A
g34048	sp|Q0P4U8|SMAL1_XENTR	37.157	619	85	1.92e-109	356	sp|Q0P4U8|SMAL1_XENTR SWI/SNF-related matrix-associated actin-dependent regulator of chromatin subfamily A-like protein 1 OS=Xenopus tropicalis OX=8364 GN=smarcal1 PE=2 SV=1	0	N/A	N/A
g34048	sp|Q9NZC9|SMAL1_HUMAN	37.217	618	85	5.63e-109	355	sp|Q9NZC9|SMAL1_HUMAN SWI/SNF-related matrix-associated actin-dependent regulator of chromatin subfamily A-like protein 1 OS=Homo sapiens OX=9606 GN=SMARCAL1 PE=1 SV=1	0	N/A	N/A
g34048	sp|B4F769|SMAL1_RAT	37.398	615	84	1.75e-108	353	sp|B4F769|SMAL1_RAT SWI/SNF-related matrix-associated actin-dependent regulator of chromatin subfamily A-like protein 1 OS=Rattus norvegicus OX=10116 GN=Smarcal1 PE=2 SV=1	0	N/A	N/A
g34048	sp|Q498E7|SMAL1_XENLA	36.617	609	84	2.21e-108	354	sp|Q498E7|SMAL1_XENLA SWI/SNF-related matrix-associated actin-dependent regulator of chromatin subfamily A-like protein 1 OS=Xenopus laevis OX=8355 GN=smarcal1 PE=2 SV=1	0	N/A	N/A
g34048	sp|B2ZFP3|SMAL1_DANRE	37.726	554	76	9.14e-108	348	sp|B2ZFP3|SMAL1_DANRE SWI/SNF-related matrix-associated actin-dependent regulator of chromatin subfamily A-like protein 1 OS=Danio rerio OX=7955 GN=smarcal1 PE=2 SV=1	0	N/A	N/A
g34054	sp|Q9C744|AP3D_ARATH	52.253	932	99	0.0	884	sp|Q9C744|AP3D_ARATH AP-3 complex subunit delta OS=Arabidopsis thaliana OX=3702 GN=DELTA-ADR PE=1 SV=1	0	N/A	N/A
g34054	sp|O14617|AP3D1_HUMAN	34.610	679	72	1.24e-119	395	sp|O14617|AP3D1_HUMAN AP-3 complex subunit delta-1 OS=Homo sapiens OX=9606 GN=AP3D1 PE=1 SV=1	0	N/A	N/A
g34054	sp|Q54WN0|AP3D_DICDI	35.030	668	72	1.40e-118	392	sp|Q54WN0|AP3D_DICDI AP-3 complex subunit delta OS=Dictyostelium discoideum OX=44689 GN=ap3d1 PE=3 SV=1	0	N/A	N/A
g34054	sp|O54774|AP3D1_MOUSE	34.513	678	72	2.63e-118	392	sp|O54774|AP3D1_MOUSE AP-3 complex subunit delta-1 OS=Mus musculus OX=10090 GN=Ap3d1 PE=1 SV=1	0	N/A	N/A
g34054	sp|Q865S1|AP3D1_BOVIN	34.661	678	72	2.20e-117	390	sp|Q865S1|AP3D1_BOVIN AP-3 complex subunit delta-1 OS=Bos taurus OX=9913 GN=AP3D1 PE=1 SV=2	0	N/A	N/A
g34055	sp|Q9SYP2|PFPA1_ARATH	57.391	115	65	2.29e-32	124	sp|Q9SYP2|PFPA1_ARATH Pyrophosphate--fructose 6-phosphate 1-phosphotransferase subunit alpha 1 OS=Arabidopsis thaliana OX=3702 GN=PFP-ALPHA1 PE=1 SV=1	0	N/A	N/A
g34055	sp|Q9C9K3|PFPA2_ARATH	56.522	115	65	2.76e-32	124	sp|Q9C9K3|PFPA2_ARATH Pyrophosphate--fructose 6-phosphate 1-phosphotransferase subunit alpha 2 OS=Arabidopsis thaliana OX=3702 GN=PFP-ALPHA2 PE=2 SV=1	0	N/A	N/A
g34055	sp|Q41140|PFPA_RICCO	57.895	114	65	6.94e-32	122	sp|Q41140|PFPA_RICCO Pyrophosphate--fructose 6-phosphate 1-phosphotransferase subunit alpha OS=Ricinus communis OX=3988 GN=PFP-ALPHA PE=3 SV=1	0	N/A	N/A
g34055	sp|P21342|PFPA_SOLTU	55.140	107	62	1.58e-29	116	sp|P21342|PFPA_SOLTU Pyrophosphate--fructose 6-phosphate 1-phosphotransferase subunit alpha OS=Solanum tuberosum OX=4113 GN=PFP-ALPHA PE=1 SV=2	0	N/A	N/A
g34055	sp|Q9EZ02|PFP_SPITD	42.353	85	52	5.66e-14	71.6	sp|Q9EZ02|PFP_SPITD Pyrophosphate--fructose 6-phosphate 1-phosphotransferase OS=Spirochaeta thermophila (strain ATCC 49972 / DSM 6192 / RI 19.B1) OX=665571 GN=pfp PE=1 SV=1	0	N/A	N/A
g34128	sp|Q9LSP7|UBC32_ARATH	62.500	312	99	3.87e-134	385	sp|Q9LSP7|UBC32_ARATH Ubiquitin-conjugating enzyme E2 32 OS=Arabidopsis thaliana OX=3702 GN=UBC32 PE=2 SV=1	0	N/A	N/A
g34128	sp|Q9Y385|UB2J1_HUMAN	61.905	147	48	6.20e-65	209	sp|Q9Y385|UB2J1_HUMAN Ubiquitin-conjugating enzyme E2 J1 OS=Homo sapiens OX=9606 GN=UBE2J1 PE=1 SV=2	0	N/A	N/A
g34128	sp|Q9JJZ4|UB2J1_MOUSE	61.905	147	48	1.05e-64	209	sp|Q9JJZ4|UB2J1_MOUSE Ubiquitin-conjugating enzyme E2 J1 OS=Mus musculus OX=10090 GN=Ube2j1 PE=1 SV=2	0	N/A	N/A
g34128	sp|Q6FQK7|UBC6_CANGA	48.120	133	43	2.57e-41	146	sp|Q6FQK7|UBC6_CANGA Ubiquitin-conjugating enzyme E2 6 OS=Candida glabrata (strain ATCC 2001 / BCRC 20586 / JCM 3761 / NBRC 0622 / NRRL Y-65 / CBS 138) OX=284593 GN=UBC6 PE=3 SV=1	0	N/A	N/A
g34128	sp|P33296|UBC6_YEAST	45.865	133	43	1.68e-39	142	sp|P33296|UBC6_YEAST Ubiquitin-conjugating enzyme E2 6 OS=Saccharomyces cerevisiae (strain ATCC 204508 / S288c) OX=559292 GN=UBC6 PE=1 SV=1	0	N/A	N/A
g34153	sp|Q8GZ17|COBL7_ARATH	65.182	606	92	0.0	836	sp|Q8GZ17|COBL7_ARATH COBRA-like protein 7 OS=Arabidopsis thaliana OX=3702 GN=COBL7 PE=2 SV=2	0	N/A	N/A
g34153	sp|Q9LIB6|COBL8_ARATH	60.942	658	99	0.0	823	sp|Q9LIB6|COBL8_ARATH COBRA-like protein 8 OS=Arabidopsis thaliana OX=3702 GN=COBL8 PE=2 SV=1	0	N/A	N/A
g34153	sp|Q9FJ13|COBL9_ARATH	57.186	661	98	0.0	773	sp|Q9FJ13|COBL9_ARATH COBRA-like protein 9 OS=Arabidopsis thaliana OX=3702 GN=COBL9 PE=2 SV=1	0	N/A	N/A
g34153	sp|Q9LJU0|CBL10_ARATH	54.386	627	95	0.0	688	sp|Q9LJU0|CBL10_ARATH COBRA-like protein 10 OS=Arabidopsis thaliana OX=3702 GN=COBL10 PE=1 SV=1	0	N/A	N/A
g34153	sp|Q9T045|CBL11_ARATH	50.631	634	96	0.0	659	sp|Q9T045|CBL11_ARATH COBRA-like protein 11 OS=Arabidopsis thaliana OX=3702 GN=COBL11 PE=2 SV=2	0	N/A	N/A
g34155	sp|Q9ZWJ9|ARR2_ARATH	44.904	677	96	2.26e-159	475	sp|Q9ZWJ9|ARR2_ARATH Two-component response regulator ARR2 OS=Arabidopsis thaliana OX=3702 GN=ARR2 PE=1 SV=1	0	N/A	N/A
g34155	sp|Q940D0|ARR1_ARATH	43.548	682	96	5.28e-154	462	sp|Q940D0|ARR1_ARATH Two-component response regulator ARR1 OS=Arabidopsis thaliana OX=3702 GN=ARR1 PE=1 SV=2	0	N/A	N/A
g34155	sp|Q8H7S7|ORR21_ORYSJ	57.692	312	50	9.56e-109	345	sp|Q8H7S7|ORR21_ORYSJ Two-component response regulator ORR21 OS=Oryza sativa subsp. japonica OX=39947 GN=RR21 PE=2 SV=1	0	N/A	N/A
g34155	sp|A2XE31|ORR21_ORYSI	57.692	312	50	9.66e-109	345	sp|A2XE31|ORR21_ORYSI Two-component response regulator ORR21 OS=Oryza sativa subsp. indica OX=39946 GN=RR21 PE=3 SV=1	0	N/A	N/A
g34155	sp|A2X1N2|ORR24_ORYSI	50.909	330	51	2.89e-98	316	sp|A2X1N2|ORR24_ORYSI Two-component response regulator ORR24 OS=Oryza sativa subsp. indica OX=39946 GN=RR24 PE=3 SV=1	0	N/A	N/A
g34156	sp|Q6NM26|DI196_ARATH	46.091	243	100	2.25e-61	195	sp|Q6NM26|DI196_ARATH Protein DEHYDRATION-INDUCED 19 homolog 6 OS=Arabidopsis thaliana OX=3702 GN=DI19-6 PE=1 SV=1	0	N/A	N/A
g34156	sp|Q84J70|DI193_ARATH	45.082	244	100	3.33e-60	192	sp|Q84J70|DI193_ARATH Protein DEHYDRATION-INDUCED 19 homolog 3 OS=Arabidopsis thaliana OX=3702 GN=DI19-3 PE=1 SV=1	0	N/A	N/A
g34156	sp|Q9FJ17|DI197_ARATH	46.444	239	99	5.87e-57	183	sp|Q9FJ17|DI197_ARATH Protein DEHYDRATION-INDUCED 19 homolog 7 OS=Arabidopsis thaliana OX=3702 GN=DI19-7 PE=1 SV=2	0	N/A	N/A
g34156	sp|Q39083|DI191_ARATH	42.259	239	99	1.70e-55	179	sp|Q39083|DI191_ARATH Protein DEHYDRATION-INDUCED 19 OS=Arabidopsis thaliana OX=3702 GN=DI19-1 PE=1 SV=2	0	N/A	N/A
g34156	sp|Q8VXU6|DI194_ARATH	50.935	214	87	8.15e-54	176	sp|Q8VXU6|DI194_ARATH Protein DEHYDRATION-INDUCED 19 homolog 4 OS=Arabidopsis thaliana OX=3702 GN=DI19-4 PE=1 SV=1	0	N/A	N/A
g34160	sp|Q9FFU6|B561A_ARATH	59.368	918	99	0.0	1100	sp|Q9FFU6|B561A_ARATH Cytochrome b561, DM13 and DOMON domain-containing protein At5g54830 OS=Arabidopsis thaliana OX=3702 GN=At5g54830 PE=2 SV=1	0	N/A	N/A
g34160	sp|Q9M363|B561I_ARATH	22.145	289	32	2.45e-16	85.9	sp|Q9M363|B561I_ARATH Cytochrome b561 and DOMON domain-containing protein At3g61750 OS=Arabidopsis thaliana OX=3702 GN=At3g61750 PE=3 SV=1	0	N/A	N/A
g34160	sp|Q9GPJ1|SKEL2_DROME	26.866	268	29	3.99e-16	87.4	sp|Q9GPJ1|SKEL2_DROME Protein Skeletor, isoforms D/E OS=Drosophila melanogaster OX=7227 GN=Skel PE=1 SV=3	0	N/A	N/A
g34160	sp|Q9VGY6|SKEL1_DROME	26.866	268	29	2.35e-15	84.3	sp|Q9VGY6|SKEL1_DROME Protein Skeletor, isoforms B/C OS=Drosophila melanogaster OX=7227 GN=Skel PE=1 SV=2	0	N/A	N/A
g34160	sp|Q0WRW8|B561K_ARATH	24.211	285	31	2.21e-10	67.0	sp|Q0WRW8|B561K_ARATH Cytochrome b561 and DOMON domain-containing protein At3g07570 OS=Arabidopsis thaliana OX=3702 GN=At3g07570 PE=2 SV=1	0	N/A	N/A
g34161	sp|A0A1B1J8Z2|CHIT5_LOTJA	51.884	345	87	9.90e-124	366	sp|A0A1B1J8Z2|CHIT5_LOTJA Class V chitinase CHIT5 OS=Lotus japonicus OX=34305 GN=CHIT5 PE=1 SV=2	0	N/A	N/A
g34161	sp|A0A072VEP0|CHT5A_MEDTR	48.563	348	87	2.61e-116	347	sp|A0A072VEP0|CHT5A_MEDTR Class V chitinase CHIT5a OS=Medicago truncatula OX=3880 GN=CHIT5A PE=1 SV=1	0	N/A	N/A
g34161	sp|A0A072UR65|CHT5B_MEDTR	42.609	345	86	7.36e-99	302	sp|A0A072UR65|CHT5B_MEDTR Class V chitinase CHIT5b OS=Medicago truncatula OX=3880 GN=CHIT5B PE=1 SV=1	0	N/A	N/A
g34161	sp|U5N4E3|NFH1_MEDTR	43.966	348	86	1.28e-91	283	sp|U5N4E3|NFH1_MEDTR Nod factor hydrolase protein 1 OS=Medicago truncatula OX=3880 GN=NFH1 PE=1 SV=2	0	N/A	N/A
g34161	sp|O81862|CHIC_ARATH	42.775	346	86	4.75e-90	279	sp|O81862|CHIC_ARATH Class V chitinase OS=Arabidopsis thaliana OX=3702 GN=ChiC PE=1 SV=1	0	N/A	N/A
g34162	sp|P30707|RL9_PEA	84.656	189	98	1.41e-117	334	sp|P30707|RL9_PEA Large ribosomal subunit protein uL6 OS=Pisum sativum OX=3888 GN=RPL9 PE=2 SV=1	0	N/A	N/A
g34162	sp|P49210|RL9_ORYSJ	81.347	193	100	2.01e-115	328	sp|P49210|RL9_ORYSJ Large ribosomal subunit protein uL6 OS=Oryza sativa subsp. japonica OX=39947 GN=RPL9 PE=2 SV=3	0	N/A	N/A
g34162	sp|P49209|RL91_ARATH	82.902	193	99	3.35e-115	328	sp|P49209|RL91_ARATH Large ribosomal subunit protein uL6z/uL6y OS=Arabidopsis thaliana OX=3702 GN=RPL9B PE=1 SV=3	0	N/A	N/A
g34162	sp|Q9SZX9|RL92_ARATH	80.311	193	99	1.31e-112	322	sp|Q9SZX9|RL92_ARATH Large ribosomal subunit protein uL6x OS=Arabidopsis thaliana OX=3702 GN=RPL9D PE=2 SV=1	0	N/A	N/A
g34162	sp|P51410|RL9_MOUSE	58.639	191	99	5.10e-77	231	sp|P51410|RL9_MOUSE Large ribosomal subunit protein uL6 OS=Mus musculus OX=10090 GN=Rpl9 PE=1 SV=2	0	N/A	N/A
g34163	sp|A0A1B1J8Z2|CHIT5_LOTJA	55.652	345	87	3.67e-132	387	sp|A0A1B1J8Z2|CHIT5_LOTJA Class V chitinase CHIT5 OS=Lotus japonicus OX=34305 GN=CHIT5 PE=1 SV=2	0	N/A	N/A
g34163	sp|A0A072VEP0|CHT5A_MEDTR	48.354	395	99	4.48e-125	369	sp|A0A072VEP0|CHT5A_MEDTR Class V chitinase CHIT5a OS=Medicago truncatula OX=3880 GN=CHIT5A PE=1 SV=1	0	N/A	N/A
g34163	sp|A0A072UR65|CHT5B_MEDTR	44.767	344	87	3.28e-101	308	sp|A0A072UR65|CHT5B_MEDTR Class V chitinase CHIT5b OS=Medicago truncatula OX=3880 GN=CHIT5B PE=1 SV=1	0	N/A	N/A
g34163	sp|U5N4E3|NFH1_MEDTR	45.977	348	87	2.91e-91	282	sp|U5N4E3|NFH1_MEDTR Nod factor hydrolase protein 1 OS=Medicago truncatula OX=3880 GN=NFH1 PE=1 SV=2	0	N/A	N/A
g34163	sp|O81862|CHIC_ARATH	39.542	349	87	1.10e-78	250	sp|O81862|CHIC_ARATH Class V chitinase OS=Arabidopsis thaliana OX=3702 GN=ChiC PE=1 SV=1	0	N/A	N/A
g34165	sp|Q0V7T5|Y1864_ARATH	53.636	440	97	2.61e-152	442	sp|Q0V7T5|Y1864_ARATH Probable receptor-like protein kinase At1g80640 OS=Arabidopsis thaliana OX=3702 GN=At1g80640 PE=2 SV=1	0	N/A	N/A
g34165	sp|Q9FE20|PBS1_ARATH	43.768	345	73	2.10e-84	269	sp|Q9FE20|PBS1_ARATH Serine/threonine-protein kinase PBS1 OS=Arabidopsis thaliana OX=3702 GN=PBS1 PE=1 SV=1	0	N/A	N/A
g34165	sp|Q9SIB6|PBL6_ARATH	44.373	311	69	6.93e-82	261	sp|Q9SIB6|PBL6_ARATH Probable serine/threonine-protein kinase PBL6 OS=Arabidopsis thaliana OX=3702 GN=PBL6 PE=2 SV=1	0	N/A	N/A
g34165	sp|Q0WRY5|PBL7_ARATH	46.667	285	63	1.14e-81	259	sp|Q0WRY5|PBL7_ARATH Probable serine/threonine-protein kinase PBL7 OS=Arabidopsis thaliana OX=3702 GN=PBL7 PE=1 SV=1	0	N/A	N/A
g34165	sp|Q8RWW0|ALE2_ARATH	47.143	280	62	1.19e-81	270	sp|Q8RWW0|ALE2_ARATH Receptor-like serine/threonine-protein kinase ALE2 OS=Arabidopsis thaliana OX=3702 GN=ALE2 PE=1 SV=1	0	N/A	N/A
g34240	sp|Q9LZG0|ADK2_ARATH	87.611	339	97	0.0	630	sp|Q9LZG0|ADK2_ARATH Adenosine kinase 2 OS=Arabidopsis thaliana OX=3702 GN=ADK2 PE=1 SV=1	0	N/A	N/A
g34240	sp|Q9SF85|ADK1_ARATH	85.882	340	98	0.0	619	sp|Q9SF85|ADK1_ARATH Adenosine kinase 1 OS=Arabidopsis thaliana OX=3702 GN=ADK1 PE=1 SV=1	0	N/A	N/A
g34240	sp|O49923|ADK_PHYPA	67.953	337	97	1.67e-173	488	sp|O49923|ADK_PHYPA Adenosine kinase OS=Physcomitrium patens OX=3218 GN=ADK PE=2 SV=1	0	N/A	N/A
g34240	sp|P55264|ADK_MOUSE	59.292	339	97	2.96e-151	432	sp|P55264|ADK_MOUSE Adenosine kinase OS=Mus musculus OX=10090 GN=Adk PE=1 SV=2	0	N/A	N/A
g34240	sp|Q64640|ADK_RAT	59.587	339	97	2.78e-150	430	sp|Q64640|ADK_RAT Adenosine kinase OS=Rattus norvegicus OX=10116 GN=Adk PE=1 SV=3	0	N/A	N/A
g34241	sp|Q38998|AKT1_ARATH	57.724	861	97	0.0	1020	sp|Q38998|AKT1_ARATH Potassium channel AKT1 OS=Arabidopsis thaliana OX=3702 GN=AKT1 PE=1 SV=2	0	N/A	N/A
g34241	sp|Q8GXE6|AKT6_ARATH	58.391	870	97	0.0	1006	sp|Q8GXE6|AKT6_ARATH Potassium channel AKT6 OS=Arabidopsis thaliana OX=3702 GN=AKT6 PE=1 SV=2	0	N/A	N/A
g34241	sp|P0C550|AKT1_ORYSI	55.275	872	97	0.0	981	sp|P0C550|AKT1_ORYSI Potassium channel AKT1 OS=Oryza sativa subsp. indica OX=39946 GN=AKT1 PE=2 SV=1	0	N/A	N/A
g34241	sp|Q0JKV1|AKT1_ORYSJ	55.161	872	97	0.0	980	sp|Q0JKV1|AKT1_ORYSJ Potassium channel AKT1 OS=Oryza sativa subsp. japonica OX=39947 GN=AKT1 PE=2 SV=1	0	N/A	N/A
g34241	sp|Q9SCX5|AKT5_ARATH	55.909	880	98	0.0	972	sp|Q9SCX5|AKT5_ARATH Probable potassium channel AKT5 OS=Arabidopsis thaliana OX=3702 GN=AKT5 PE=2 SV=2	0	N/A	N/A
g34348	sp|Q9SCZ4|FERON_ARATH	39.071	366	65	4.65e-62	233	sp|Q9SCZ4|FERON_ARATH Receptor-like protein kinase FERONIA OS=Arabidopsis thaliana OX=3702 GN=FER PE=1 SV=1	0	N/A	N/A
g34348	sp|Q9SCZ4|FERON_ARATH	33.108	296	65	3.13e-42	172	sp|Q9SCZ4|FERON_ARATH Receptor-like protein kinase FERONIA OS=Arabidopsis thaliana OX=3702 GN=FER PE=1 SV=1	0	N/A	N/A
g34348	sp|Q9SCZ4|FERON_ARATH	33.993	303	65	5.79e-41	167	sp|Q9SCZ4|FERON_ARATH Receptor-like protein kinase FERONIA OS=Arabidopsis thaliana OX=3702 GN=FER PE=1 SV=1	0	N/A	N/A
g34348	sp|Q3E8W4|ANX2_ARATH	38.719	359	67	1.33e-60	228	sp|Q3E8W4|ANX2_ARATH Receptor-like protein kinase ANXUR2 OS=Arabidopsis thaliana OX=3702 GN=ANX2 PE=1 SV=1	0	N/A	N/A
g34348	sp|Q3E8W4|ANX2_ARATH	36.452	310	67	4.67e-44	177	sp|Q3E8W4|ANX2_ARATH Receptor-like protein kinase ANXUR2 OS=Arabidopsis thaliana OX=3702 GN=ANX2 PE=1 SV=1	0	N/A	N/A
g34348	sp|Q3E8W4|ANX2_ARATH	33.333	309	67	1.77e-38	159	sp|Q3E8W4|ANX2_ARATH Receptor-like protein kinase ANXUR2 OS=Arabidopsis thaliana OX=3702 GN=ANX2 PE=1 SV=1	0	N/A	N/A
g34348	sp|Q9LK35|THE1_ARATH	39.130	391	66	1.36e-60	228	sp|Q9LK35|THE1_ARATH Receptor-like protein kinase THESEUS 1 OS=Arabidopsis thaliana OX=3702 GN=THE1 PE=1 SV=1	0	N/A	N/A
g34348	sp|Q9LK35|THE1_ARATH	34.169	319	66	2.48e-42	172	sp|Q9LK35|THE1_ARATH Receptor-like protein kinase THESEUS 1 OS=Arabidopsis thaliana OX=3702 GN=THE1 PE=1 SV=1	0	N/A	N/A
g34348	sp|Q9LK35|THE1_ARATH	35.410	305	66	3.42e-40	165	sp|Q9LK35|THE1_ARATH Receptor-like protein kinase THESEUS 1 OS=Arabidopsis thaliana OX=3702 GN=THE1 PE=1 SV=1	0	N/A	N/A
g34348	sp|O22187|Y2232_ARATH	42.188	320	64	1.03e-59	225	sp|O22187|Y2232_ARATH Probable receptor-like protein kinase At2g23200 OS=Arabidopsis thaliana OX=3702 GN=At2g23200 PE=3 SV=1	0	N/A	N/A
g34348	sp|O22187|Y2232_ARATH	34.576	295	64	5.17e-40	164	sp|O22187|Y2232_ARATH Probable receptor-like protein kinase At2g23200 OS=Arabidopsis thaliana OX=3702 GN=At2g23200 PE=3 SV=1	0	N/A	N/A
g34348	sp|O22187|Y2232_ARATH	33.119	311	64	1.57e-34	147	sp|O22187|Y2232_ARATH Probable receptor-like protein kinase At2g23200 OS=Arabidopsis thaliana OX=3702 GN=At2g23200 PE=3 SV=1	0	N/A	N/A
g34348	sp|Q9T020|Y4391_ARATH	43.478	322	65	5.74e-59	223	sp|Q9T020|Y4391_ARATH Probable receptor-like protein kinase At4g39110 OS=Arabidopsis thaliana OX=3702 GN=At4g39110 PE=3 SV=1	0	N/A	N/A
g34348	sp|Q9T020|Y4391_ARATH	32.787	305	65	1.42e-37	157	sp|Q9T020|Y4391_ARATH Probable receptor-like protein kinase At4g39110 OS=Arabidopsis thaliana OX=3702 GN=At4g39110 PE=3 SV=1	0	N/A	N/A
g34348	sp|Q9T020|Y4391_ARATH	34.333	300	65	6.00e-36	152	sp|Q9T020|Y4391_ARATH Probable receptor-like protein kinase At4g39110 OS=Arabidopsis thaliana OX=3702 GN=At4g39110 PE=3 SV=1	0	N/A	N/A
g34927	sp|Q8VYV9|APF1_ARATH	51.325	415	80	1.44e-146	433	sp|Q8VYV9|APF1_ARATH Aspartyl protease family protein 1 OS=Arabidopsis thaliana OX=3702 GN=APF1 PE=2 SV=1	0	N/A	N/A
g34927	sp|Q9LX20|ASPL1_ARATH	35.394	469	88	1.34e-82	269	sp|Q9LX20|ASPL1_ARATH Aspartic proteinase-like protein 1 OS=Arabidopsis thaliana OX=3702 GN=At5g10080 PE=2 SV=1	0	N/A	N/A
g34927	sp|Q9S9K4|ASP39_ARATH	27.913	369	67	5.66e-25	111	sp|Q9S9K4|ASP39_ARATH Aspartic proteinase 39 OS=Arabidopsis thaliana OX=3702 GN=A39 PE=1 SV=2	0	N/A	N/A
g34927	sp|Q4V3D2|ASP36_ARATH	26.619	417	76	6.41e-25	111	sp|Q4V3D2|ASP36_ARATH Aspartic proteinase 36 OS=Arabidopsis thaliana OX=3702 GN=A36 PE=1 SV=1	0	N/A	N/A
g34927	sp|Q9M9A8|APCB1_ARATH	25.575	391	69	4.29e-24	109	sp|Q9M9A8|APCB1_ARATH Aspartyl protease APCB1 OS=Arabidopsis thaliana OX=3702 GN=APCB1 PE=1 SV=1	0	N/A	N/A
g34929	sp|Q7XBH4|MYB4_ORYSJ	64.348	115	44	1.03e-47	162	sp|Q7XBH4|MYB4_ORYSJ Transcription factor MYB4 OS=Oryza sativa subsp. japonica OX=39947 GN=MYB4 PE=2 SV=2	0	N/A	N/A
g34929	sp|Q9M0J5|MYB41_ARATH	62.393	117	45	7.10e-47	160	sp|Q9M0J5|MYB41_ARATH Transcription factor MYB41 OS=Arabidopsis thaliana OX=3702 GN=MYB41 PE=1 SV=1	0	N/A	N/A
g34929	sp|Q6K1S6|MYB30_ORYSJ	67.619	105	40	1.88e-46	158	sp|Q6K1S6|MYB30_ORYSJ Transcription factor MYB30 OS=Oryza sativa subsp. japonica OX=39947 GN=MYB30 PE=1 SV=1	0	N/A	N/A
g34929	sp|Q9LTV4|MYB10_ARATH	65.455	110	42	1.93e-46	158	sp|Q9LTV4|MYB10_ARATH Transcription factor MYB10 OS=Arabidopsis thaliana OX=3702 GN=MYB10 PE=2 SV=1	0	N/A	N/A
g34929	sp|Q9LDR8|MY102_ARATH	61.739	115	44	2.02e-46	161	sp|Q9LDR8|MY102_ARATH Transcription factor MYB102 OS=Arabidopsis thaliana OX=3702 GN=MYB102 PE=2 SV=1	0	N/A	N/A
g34932	sp|Q43872|PER64_ARATH	65.705	312	97	7.29e-156	441	sp|Q43872|PER64_ARATH Peroxidase 64 OS=Arabidopsis thaliana OX=3702 GN=PER64 PE=1 SV=1	0	N/A	N/A
g34932	sp|Q9LT91|PER66_ARATH	54.698	298	93	1.25e-118	347	sp|Q9LT91|PER66_ARATH Peroxidase 66 OS=Arabidopsis thaliana OX=3702 GN=PER66 PE=2 SV=1	0	N/A	N/A
g34932	sp|O23044|PER3_ARATH	47.222	324	98	6.40e-94	284	sp|O23044|PER3_ARATH Peroxidase 3 OS=Arabidopsis thaliana OX=3702 GN=PER3 PE=2 SV=1	0	N/A	N/A
g34932	sp|P37834|PER1_ORYSJ	49.013	304	93	2.60e-93	283	sp|P37834|PER1_ORYSJ Peroxidase 1 OS=Oryza sativa subsp. japonica OX=39947 GN=PRX74 PE=2 SV=2	0	N/A	N/A
g34932	sp|Q9SZB9|PER47_ARATH	44.969	318	99	1.55e-92	281	sp|Q9SZB9|PER47_ARATH Peroxidase 47 OS=Arabidopsis thaliana OX=3702 GN=PER47 PE=2 SV=2	0	N/A	N/A
g34933	sp|Q9UJ78|ZMYM5_HUMAN	34.807	181	47	6.39e-20	95.1	sp|Q9UJ78|ZMYM5_HUMAN Zinc finger MYM-type protein 5 OS=Homo sapiens OX=9606 GN=ZMYM5 PE=1 SV=4	0	N/A	N/A
g34933	sp|Q5SVZ6|ZMYM1_HUMAN	29.536	237	61	2.66e-19	93.6	sp|Q5SVZ6|ZMYM1_HUMAN Zinc finger MYM-type protein 1 OS=Homo sapiens OX=9606 GN=ZMYM1 PE=1 SV=1	0	N/A	N/A
g34933	sp|Q4R3D6|ZMYM5_MACFA	34.426	183	48	3.42e-19	92.8	sp|Q4R3D6|ZMYM5_MACFA Zinc finger MYM-type protein 5 OS=Macaca fascicularis OX=9541 GN=ZMYM5 PE=2 SV=3	0	N/A	N/A
g34933	sp|A6QPH9|ZMYM5_BOVIN	35.359	181	47	4.82e-18	89.4	sp|A6QPH9|ZMYM5_BOVIN Zinc finger MYM-type protein 5 OS=Bos taurus OX=9913 GN=ZMYM5 PE=2 SV=2	0	N/A	N/A
g34933	sp|Q3U2E2|ZMYM5_MOUSE	38.168	131	34	3.87e-14	77.4	sp|Q3U2E2|ZMYM5_MOUSE Zinc finger MYM-type protein 5 OS=Mus musculus OX=10090 GN=Zmym5 PE=2 SV=2	0	N/A	N/A
g34935	sp|Q8I7P9|POL5_DROME	32.192	438	38	1.47e-60	228	sp|Q8I7P9|POL5_DROME Retrovirus-related Pol polyprotein from transposon opus OS=Drosophila melanogaster OX=7227 GN=pol PE=4 SV=1	0	N/A	N/A
g34935	sp|P04323|POL3_DROME	33.413	416	37	6.58e-58	220	sp|P04323|POL3_DROME Retrovirus-related Pol polyprotein from transposon 17.6 OS=Drosophila melanogaster OX=7227 GN=pol PE=4 SV=1	0	N/A	N/A
g34935	sp|P20825|POL2_DROME	32.692	416	37	7.59e-55	211	sp|P20825|POL2_DROME Retrovirus-related Pol polyprotein from transposon 297 OS=Drosophila melanogaster OX=7227 GN=pol PE=4 SV=1	0	N/A	N/A
g34935	sp|P10394|POL4_DROME	33.174	419	37	8.40e-53	205	sp|P10394|POL4_DROME Retrovirus-related Pol polyprotein from transposon 412 OS=Drosophila melanogaster OX=7227 GN=POL PE=4 SV=1	0	N/A	N/A
g34935	sp|P10401|POLY_DROME	33.800	429	37	9.73e-50	195	sp|P10401|POLY_DROME Retrovirus-related Pol polyprotein from transposon gypsy OS=Drosophila melanogaster OX=7227 GN=pol PE=4 SV=1	0	N/A	N/A
g34936	sp|P0CT40|TF29_SCHPO	32.362	927	57	3.24e-151	500	sp|P0CT40|TF29_SCHPO Transposon Tf2-9 polyprotein OS=Schizosaccharomyces pombe (strain 972 / ATCC 24843) OX=284812 GN=Tf2-9 PE=3 SV=1	0	N/A	N/A
g34936	sp|P0CT37|TF24_SCHPO	32.362	927	57	3.24e-151	500	sp|P0CT37|TF24_SCHPO Transposon Tf2-4 polyprotein OS=Schizosaccharomyces pombe (strain 972 / ATCC 24843) OX=284812 GN=Tf2-4 PE=3 SV=1	0	N/A	N/A
g34936	sp|P0CT35|TF22_SCHPO	32.362	927	57	3.24e-151	500	sp|P0CT35|TF22_SCHPO Transposon Tf2-2 polyprotein OS=Schizosaccharomyces pombe (strain 972 / ATCC 24843) OX=284812 GN=Tf2-2 PE=3 SV=1	0	N/A	N/A
g34936	sp|P0CT34|TF21_SCHPO	32.362	927	57	3.24e-151	500	sp|P0CT34|TF21_SCHPO Transposon Tf2-1 polyprotein OS=Schizosaccharomyces pombe (strain 972 / ATCC 24843) OX=284812 GN=Tf2-1 PE=3 SV=1	0	N/A	N/A
g34936	sp|P0CT39|TF26_SCHPO	32.362	927	57	3.51e-151	500	sp|P0CT39|TF26_SCHPO Transposon Tf2-6 polyprotein OS=Schizosaccharomyces pombe (strain 972 / ATCC 24843) OX=284812 GN=Tf2-6 PE=3 SV=1	0	N/A	N/A
g34937	sp|Q9SPN1|LLOS5_ARTAN	62.649	589	99	0.0	743	sp|Q9SPN1|LLOS5_ARTAN R-linalool synthase QH5, chloroplastic OS=Artemisia annua OX=35608 GN=QH5 PE=1 SV=1	0	N/A	N/A
g34937	sp|Q9SPN0|LLOS1_ARTAN	62.210	561	95	0.0	716	sp|Q9SPN0|LLOS1_ARTAN R-linalool synthase QH1, chloroplastic (Fragment) OS=Artemisia annua OX=35608 GN=QH1 PE=1 SV=1	0	N/A	N/A
g34937	sp|Q94G53|QH6_ARTAN	55.574	592	99	0.0	666	sp|Q94G53|QH6_ARTAN (-)-beta-pinene synthase, chloroplastic OS=Artemisia annua OX=35608 GN=QH6 PE=1 SV=1	0	N/A	N/A
g34937	sp|B9T536|TPS10_RICCO	52.015	546	92	0.0	586	sp|B9T536|TPS10_RICCO Terpene synthase 10 OS=Ricinus communis OX=3988 GN=TPS10 PE=2 SV=1	0	N/A	N/A
g34937	sp|Q6PWU2|ATESY_VITVI	50.169	590	98	0.0	579	sp|Q6PWU2|ATESY_VITVI (-)-alpha-terpineol synthase OS=Vitis vinifera OX=29760 PE=1 SV=1	0	N/A	N/A
g35027	sp|Q9SD34|C3H44_ARATH	43.550	783	51	0.0	621	sp|Q9SD34|C3H44_ARATH Zinc finger CCCH domain-containing protein 44 OS=Arabidopsis thaliana OX=3702 GN=At3g51120 PE=2 SV=3	0	N/A	N/A
g35027	sp|Q9SIV5|C3H19_ARATH	43.312	785	48	0.0	614	sp|Q9SIV5|C3H19_ARATH Zinc finger CCCH domain-containing protein 19 OS=Arabidopsis thaliana OX=3702 GN=NERD PE=1 SV=3	0	N/A	N/A
g35027	sp|O88491|NSD1_MOUSE	43.836	73	5	1.25e-12	77.0	sp|O88491|NSD1_MOUSE Histone-lysine N-methyltransferase, H3 lysine-36 specific OS=Mus musculus OX=10090 GN=Nsd1 PE=1 SV=1	0	N/A	N/A
g35027	sp|Q96L73|NSD1_HUMAN	45.205	73	5	1.34e-12	77.0	sp|Q96L73|NSD1_HUMAN Histone-lysine N-methyltransferase, H3 lysine-36 specific OS=Homo sapiens OX=9606 GN=NSD1 PE=1 SV=1	0	N/A	N/A
g35027	sp|O96028|NSD2_HUMAN	37.634	93	6	1.76e-12	76.6	sp|O96028|NSD2_HUMAN Histone-lysine N-methyltransferase NSD2 OS=Homo sapiens OX=9606 GN=NSD2 PE=1 SV=1	0	N/A	N/A
g35395	sp|Q6RYA0|SABP2_TOBAC	59.615	260	97	3.83e-114	331	sp|Q6RYA0|SABP2_TOBAC Salicylic acid-binding protein 2 OS=Nicotiana tabacum OX=4097 GN=SABP2 PE=1 SV=1	0	N/A	N/A
g35395	sp|Q8S8S9|MES1_ARATH	52.652	264	99	2.77e-100	296	sp|Q8S8S9|MES1_ARATH Methylesterase 1 OS=Arabidopsis thaliana OX=3702 GN=MES1 PE=1 SV=1	0	N/A	N/A
g35395	sp|Q9SE93|PNAE_RAUSE	50.763	262	98	7.26e-99	293	sp|Q9SE93|PNAE_RAUSE Polyneuridine aldehyde esterase OS=Rauvolfia serpentina OX=4060 GN=PNAE PE=1 SV=1	0	N/A	N/A
g35395	sp|P0DO80|NS1_STRNX	49.242	264	99	7.47e-94	280	sp|P0DO80|NS1_STRNX Norfluorocurarine synthase 1 OS=Strychnos nux-vomica OX=28545 GN=NS1 PE=1 SV=1	0	N/A	N/A
g35395	sp|P0DO89|NS1_STRYX	48.106	264	99	1.42e-91	274	sp|P0DO89|NS1_STRYX Norfluorocurarine synthase 1 OS=Strychnos sp. OX=2946199 GN=NS1 PE=1 SV=1	0	N/A	N/A
g35396	sp|Q6RYA0|SABP2_TOBAC	60.700	257	97	3.17e-119	344	sp|Q6RYA0|SABP2_TOBAC Salicylic acid-binding protein 2 OS=Nicotiana tabacum OX=4097 GN=SABP2 PE=1 SV=1	0	N/A	N/A
g35396	sp|Q8S8S9|MES1_ARATH	56.809	257	97	8.16e-103	302	sp|Q8S8S9|MES1_ARATH Methylesterase 1 OS=Arabidopsis thaliana OX=3702 GN=MES1 PE=1 SV=1	0	N/A	N/A
g35396	sp|Q9SE93|PNAE_RAUSE	49.807	259	98	3.65e-98	291	sp|Q9SE93|PNAE_RAUSE Polyneuridine aldehyde esterase OS=Rauvolfia serpentina OX=4060 GN=PNAE PE=1 SV=1	0	N/A	N/A
g35396	sp|P0DO80|NS1_STRNX	48.846	260	98	1.30e-96	287	sp|P0DO80|NS1_STRNX Norfluorocurarine synthase 1 OS=Strychnos nux-vomica OX=28545 GN=NS1 PE=1 SV=1	0	N/A	N/A
g35396	sp|P0DO89|NS1_STRYX	49.231	260	98	2.32e-96	286	sp|P0DO89|NS1_STRYX Norfluorocurarine synthase 1 OS=Strychnos sp. OX=2946199 GN=NS1 PE=1 SV=1	0	N/A	N/A
g35616	sp|Q9SMM8|DEKP1_ARATH	37.844	436	71	4.80e-60	209	sp|Q9SMM8|DEKP1_ARATH DEK domain-containing chromatin-associated protein 1 OS=Arabidopsis thaliana OX=3702 GN=DEK1 PE=1 SV=1	0	N/A	N/A
g35616	sp|F4K4Y5|DEKP4_ARATH	56.281	199	34	1.24e-58	212	sp|F4K4Y5|DEKP4_ARATH DEK domain-containing chromatin-associated protein 4 OS=Arabidopsis thaliana OX=3702 GN=DEK4 PE=1 SV=1	0	N/A	N/A
g35616	sp|Q9SUA1|DEKP3_ARATH	52.157	255	42	1.62e-55	203	sp|Q9SUA1|DEKP3_ARATH DEK domain-containing chromatin-associated protein 3 OS=Arabidopsis thaliana OX=3702 GN=DEK3 PE=1 SV=1	0	N/A	N/A
g35616	sp|Q84JB7|DEKP2_ARATH	36.867	415	67	1.11e-53	194	sp|Q84JB7|DEKP2_ARATH DEK domain-containing chromatin-associated protein 2 OS=Arabidopsis thaliana OX=3702 GN=DEK2 PE=1 SV=1	0	N/A	N/A
g35618	sp|Q9SMM8|DEKP1_ARATH	51.648	91	71	1.04e-15	75.1	sp|Q9SMM8|DEKP1_ARATH DEK domain-containing chromatin-associated protein 1 OS=Arabidopsis thaliana OX=3702 GN=DEK1 PE=1 SV=1	0	N/A	N/A
g35618	sp|F4K4Y5|DEKP4_ARATH	53.659	82	65	3.84e-14	70.5	sp|F4K4Y5|DEKP4_ARATH DEK domain-containing chromatin-associated protein 4 OS=Arabidopsis thaliana OX=3702 GN=DEK4 PE=1 SV=1	0	N/A	N/A
g35618	sp|Q84JB7|DEKP2_ARATH	47.619	84	65	3.44e-12	65.1	sp|Q84JB7|DEKP2_ARATH DEK domain-containing chromatin-associated protein 2 OS=Arabidopsis thaliana OX=3702 GN=DEK2 PE=1 SV=1	0	N/A	N/A
g35618	sp|Q9SUA1|DEKP3_ARATH	63.415	41	33	1.03e-07	52.4	sp|Q9SUA1|DEKP3_ARATH DEK domain-containing chromatin-associated protein 3 OS=Arabidopsis thaliana OX=3702 GN=DEK3 PE=1 SV=1	0	N/A	N/A
g35628	sp|Q9FM68|BAM4_ARATH	65.269	501	90	0.0	688	sp|Q9FM68|BAM4_ARATH Inactive beta-amylase 4, chloroplastic OS=Arabidopsis thaliana OX=3702 GN=BAM4 PE=2 SV=1	0	N/A	N/A
g35628	sp|Q9LIR6|BAM1_ARATH	43.243	444	80	7.15e-134	404	sp|Q9LIR6|BAM1_ARATH Beta-amylase 1, chloroplastic OS=Arabidopsis thaliana OX=3702 GN=BAM1 PE=1 SV=1	0	N/A	N/A
g35628	sp|Q10RZ1|BAMY2_ORYSJ	42.697	445	81	4.00e-131	396	sp|Q10RZ1|BAMY2_ORYSJ Beta-amylase 2, chloroplastic OS=Oryza sativa subsp. japonica OX=39947 GN=BAMY2 PE=1 SV=1	0	N/A	N/A
g35628	sp|O23553|BAM3_ARATH	38.386	508	91	6.06e-131	395	sp|O23553|BAM3_ARATH Beta-amylase 3, chloroplastic OS=Arabidopsis thaliana OX=3702 GN=BAM3 PE=1 SV=3	0	N/A	N/A
g35628	sp|Q9AV88|BAMY1_ORYSJ	42.922	438	80	5.27e-116	357	sp|Q9AV88|BAMY1_ORYSJ Beta-amylase 1, chloroplastic OS=Oryza sativa subsp. japonica OX=39947 GN=BAMY1 PE=1 SV=1	0	N/A	N/A
g35629	sp|Q9FM67|TI205_ARATH	70.681	191	90	3.20e-92	271	sp|Q9FM67|TI205_ARATH Protein TIC 20-v, chloroplastic OS=Arabidopsis thaliana OX=3702 GN=TIC20-V PE=2 SV=1	0	N/A	N/A
g35629	sp|O82251|TI202_ARATH	39.884	173	81	3.56e-41	141	sp|O82251|TI202_ARATH Protein TIC 20-II, chloroplastic OS=Arabidopsis thaliana OX=3702 GN=TIC20-II PE=2 SV=1	0	N/A	N/A
g35629	sp|P73387|YC60L_SYNY3	37.975	158	75	1.93e-29	110	sp|P73387|YC60L_SYNY3 Tic20 family protein OS=Synechocystis sp. (strain ATCC 27184 / PCC 6803 / Kazusa) OX=1111708 GN=sll1737 PE=3 SV=1	0	N/A	N/A
g35629	sp|P51360|YCF60_PORPU	25.424	177	80	1.53e-08	55.8	sp|P51360|YCF60_PORPU Tic20 family protein Ycf60 OS=Porphyra purpurea OX=2787 GN=ycf60 PE=3 SV=1	0	N/A	N/A
g35629	sp|Q6B923|YCF60_GRATL	25.882	170	75	1.74e-07	53.1	sp|Q6B923|YCF60_GRATL Tic20 family protein Ycf60 OS=Gracilaria tenuistipitata var. liui OX=285951 GN=ycf60 PE=3 SV=2	0	N/A	N/A
g35630	sp|Q9SU13|FLA2_ARATH	50.704	426	99	1.21e-140	410	sp|Q9SU13|FLA2_ARATH Fasciclin-like arabinogalactan protein 2 OS=Arabidopsis thaliana OX=3702 GN=FLA2 PE=2 SV=1	0	N/A	N/A
g35630	sp|Q9FM65|FLA1_ARATH	56.359	401	93	7.78e-137	401	sp|Q9FM65|FLA1_ARATH Fasciclin-like arabinogalactan protein 1 OS=Arabidopsis thaliana OX=3702 GN=FLA1 PE=1 SV=1	0	N/A	N/A
g35630	sp|Q9LZX4|FLA10_ARATH	44.712	416	96	1.41e-101	311	sp|Q9LZX4|FLA10_ARATH Fasciclin-like arabinogalactan protein 10 OS=Arabidopsis thaliana OX=3702 GN=FLA10 PE=2 SV=1	0	N/A	N/A
g35630	sp|O22126|FLA8_ARATH	43.458	428	99	4.51e-101	310	sp|O22126|FLA8_ARATH Fasciclin-like arabinogalactan protein 8 OS=Arabidopsis thaliana OX=3702 GN=FLA8 PE=2 SV=1	0	N/A	N/A
g35630	sp|Q9SNC3|FLA4_ARATH	31.412	347	76	9.70e-36	139	sp|Q9SNC3|FLA4_ARATH Fasciclin-like arabinogalactan protein 4 OS=Arabidopsis thaliana OX=3702 GN=FLA4 PE=1 SV=1	0	N/A	N/A
